/*******************************************************************************
 * Size: 16 px
 * Bpp: 2
 * Opts: --font output/tmp/NotoEmoji.ttf -r 0x2600-0x27BF,0x1F300-0x1FAFF --size 16 --bpp 2 --format lvgl --lv-include lvgl.h --lv-font-name operit_font_emoji_16 --lv-fallback lv_font_montserrat_14 --no-kerning --no-compress --output apps/esp32/lvgl_port/operit_font_emoji_16.c
 ******************************************************************************/

#ifdef LV_LVGL_H_INCLUDE_SIMPLE
#include "lvgl.h"
#else
#include "lvgl.h"
#endif

#ifndef OPERIT_FONT_EMOJI_16
#define OPERIT_FONT_EMOJI_16 1
#endif

#if OPERIT_FONT_EMOJI_16

/*-----------------
 *    BITMAPS
 *----------------*/

/*Store the image of the glyphs*/
static LV_ATTRIBUTE_LARGE_CONST const uint8_t glyph_bitmap[] = {
    /* U+2600 "☀" */
    0x0, 0x0, 0x20, 0x0, 0x0, 0x50, 0x28, 0x0,
    0x0, 0x2a, 0x14, 0x40, 0x0, 0x4, 0x3e, 0x60,
    0x50, 0x1, 0x64, 0x1f, 0x58, 0x0, 0x70, 0x0,
    0x88, 0x6, 0xb8, 0x0, 0xd, 0x2, 0x48, 0x0,
    0x3, 0x40, 0x1a, 0x0, 0x0, 0xa8, 0x0, 0xc0,
    0x0, 0x20, 0x80, 0x34, 0x0, 0xe, 0xa0, 0x22,
    0x0, 0xe, 0x0, 0x15, 0xb4, 0x19, 0x40, 0x1,
    0x46, 0xbd, 0x20, 0x0, 0x0, 0x48, 0x68, 0x0,
    0x0, 0x28, 0x1, 0x0, 0x0, 0x9, 0x0, 0x0,
    0x0,

    /* U+2601 "☁" */
    0x0, 0x0, 0x2a, 0x90, 0x0, 0x0, 0x6, 0x0,
    0x60, 0x0, 0x0, 0x20, 0x0, 0x50, 0x0, 0x1b,
    0x40, 0x0, 0x80, 0x1, 0x82, 0x40, 0x2, 0x0,
    0x8, 0x2, 0x0, 0x8, 0x1, 0x90, 0x0, 0x0,
    0x18, 0x14, 0x0, 0x0, 0x0, 0x8, 0x80, 0x0,
    0x0, 0x0, 0x22, 0x0, 0x0, 0x0, 0x0, 0x82,
    0x44, 0x0, 0x0, 0x9, 0x1, 0x59, 0x68, 0x2,
    0x80, 0x0, 0x1, 0xa, 0xa0, 0x0,

    /* U+2602 "☂" */
    0x0, 0x0, 0x10, 0x0, 0x0, 0x0, 0x17, 0x40,
    0x0, 0x0, 0x69, 0xe9, 0x90, 0x0, 0x24, 0x20,
    0x81, 0x80, 0x8, 0x5, 0x2, 0x2, 0x1, 0x40,
    0x80, 0x10, 0x8, 0x20, 0x14, 0x0, 0x40, 0x82,
    0x56, 0x57, 0x48, 0x58, 0x20, 0x78, 0x21, 0xe0,
    0x80, 0x0, 0x2, 0x0, 0x0, 0x0, 0x0, 0x20,
    0x0, 0x0, 0x0, 0x2, 0x0, 0x0, 0x0, 0x0,
    0x70, 0x0, 0x0, 0x0, 0x49, 0x0, 0x0, 0x0,
    0xa, 0x90, 0x0, 0x0, 0x0, 0x81, 0x0, 0x0,
    0x0, 0x1, 0x40, 0x0, 0x0,

    /* U+2603 "☃" */
    0x0, 0xa, 0x40, 0x0, 0x1, 0xfc, 0x0, 0x0,
    0x1f, 0xc1, 0x1, 0xb, 0xfd, 0x1, 0x4, 0x95,
    0x70, 0x1, 0x14, 0x0, 0x84, 0x2, 0x10, 0x48,
    0x0, 0x20, 0x0, 0x80, 0x0, 0x45, 0x8, 0x2,
    0x8c, 0x2, 0x9c, 0xb, 0x0, 0x7, 0x0, 0x80,
    0x0, 0x20, 0x8, 0x0, 0x2, 0x0, 0x80, 0x0,
    0x20, 0x2, 0x0, 0x6, 0x0, 0x9, 0x2, 0x80,
    0x0, 0x1a, 0x40, 0x0,

    /* U+2604 "☄" */
    0x0, 0x0, 0x0, 0x0, 0x0, 0x0, 0x0, 0x0,
    0x0, 0x0, 0x50, 0x0, 0x0, 0x1, 0x40, 0x0,
    0x0, 0x5, 0x0, 0x40, 0x0, 0x14, 0x92, 0x0,
    0x0, 0x52, 0x48, 0x0, 0x1, 0x49, 0x20, 0x20,
    0x5, 0x24, 0x80, 0x90, 0x14, 0x52, 0x10, 0x0,
    0x21, 0x94, 0x89, 0x0, 0x85, 0x72, 0x24, 0x0,
    0x88, 0x60, 0x90, 0x0, 0x52, 0x92, 0x40, 0x0,
    0x20, 0x9, 0x0, 0x0, 0xa, 0xa0, 0x0, 0x0,
    0x0, 0x0, 0x0, 0x0,

    /* U+260E "☎" */
    0x0, 0x5, 0xaa, 0x50, 0x0, 0x1, 0x94, 0x0,
    0x16, 0x40, 0x8, 0x2, 0x82, 0x80, 0x20, 0x20,
    0x1, 0x6b, 0x10, 0x8, 0x50, 0x8, 0x56, 0x20,
    0x1, 0xe9, 0xa0, 0x14, 0xa, 0x6b, 0x80, 0xc2,
    0xaa, 0x53, 0x2, 0x2a, 0xc6, 0xaa, 0x52, 0xa8,
    0x0, 0x48, 0x42, 0x21, 0x40, 0x1, 0xd, 0xa7,
    0x60, 0x40, 0x2, 0x8, 0x83, 0x20, 0x80, 0x2,
    0xf, 0xff, 0xf0, 0x80, 0x3, 0x0, 0x0, 0x0,
    0xc0, 0x3, 0xaa, 0xaa, 0xaa, 0xc0, 0x2, 0x0,
    0x0, 0x0, 0x80, 0x2, 0x0, 0x0, 0x0, 0x80,
    0x1, 0xaa, 0xaa, 0xaa, 0x40,

    /* U+2611 "☑" */
    0x6a, 0xaa, 0xaa, 0xa9, 0x20, 0x0, 0x0, 0x0,
    0x88, 0x0, 0x0, 0x0, 0x22, 0x0, 0x0, 0x3,
    0x88, 0x80, 0x0, 0x3, 0xe2, 0x20, 0x0, 0x3,
    0xf0, 0x88, 0x20, 0x2, 0xf0, 0x22, 0x2d, 0x1,
    0xf0, 0x8, 0x87, 0xc1, 0xf4, 0x2, 0x20, 0xf0,
    0xf8, 0x0, 0x88, 0x2d, 0xfc, 0x0, 0x22, 0x7,
    0xfc, 0x0, 0x8, 0x80, 0xfc, 0x0, 0x2, 0x20,
    0x2d, 0x0, 0x0, 0x88, 0x0, 0x0, 0x0, 0x22,
    0x0, 0x0, 0x0, 0x8, 0x6a, 0xaa, 0xaa, 0xa9,
    0x0,

    /* U+2614 "☔" */
    0x0, 0x0, 0x0, 0x0, 0x0, 0x70, 0x2, 0x0,
    0xa0, 0x1, 0x1a, 0xfa, 0x41, 0x0, 0x9, 0x14,
    0x86, 0x40, 0x2, 0x2, 0x1, 0x9, 0x0, 0x80,
    0x83, 0x20, 0x20, 0x20, 0xc8, 0x11, 0x68, 0x82,
    0x5, 0x41, 0x8, 0x8, 0x3a, 0xaa, 0x7a, 0xea,
    0xd0, 0x3, 0x2, 0xc, 0x0, 0x0, 0x0, 0x20,
    0x0, 0x0, 0x0, 0x2, 0x0, 0x0, 0x0, 0x0,
    0x30, 0x0, 0x0, 0x0, 0x49, 0x0, 0x0, 0x0,
    0xa, 0x90, 0x0, 0x0, 0x0, 0x81, 0x0, 0x0,
    0x0, 0x1, 0x40, 0x0, 0x0,

    /* U+2615 "☕" */
    0x0, 0x0, 0x4, 0x0, 0x0, 0x0, 0x1a, 0x0,
    0x0, 0x1, 0x92, 0x0, 0x0, 0x5, 0x18, 0x0,
    0x0, 0x8, 0x80, 0x0, 0x0, 0x6f, 0xe9, 0x0,
    0x2, 0x40, 0x1, 0x80, 0x3, 0x6f, 0xf9, 0xe4,
    0x2, 0x7f, 0xfd, 0x86, 0x2, 0x0, 0x0, 0x86,
    0x2, 0x10, 0x0, 0xf8, 0x3, 0x50, 0x1, 0xc0,
    0x18, 0x80, 0x2, 0x20, 0x20, 0x60, 0x9, 0x48,
    0x20, 0xa, 0xa0, 0x14, 0xa, 0x40, 0x1, 0x90,
    0x0, 0x5a, 0xa4, 0x0,

    /* U+2618 "☘" */
    0x0, 0x1, 0x0, 0x0, 0x0, 0x6, 0x2a, 0x90,
    0x0, 0x2, 0x0, 0x5, 0x0, 0x0, 0x80, 0x0,
    0x40, 0x1a, 0xa0, 0x0, 0x50, 0x8, 0xa, 0x0,
    0x39, 0x2, 0x0, 0x80, 0x60, 0x60, 0x80, 0x4,
    0x80, 0x8, 0x50, 0x0, 0x0, 0x2, 0x20, 0x0,
    0x90, 0x1, 0x44, 0x1, 0xa6, 0x0, 0x20, 0xaa,
    0x8, 0x60, 0x4, 0x0, 0x2, 0x6, 0xa8, 0x0,
    0x0, 0x40, 0x0, 0x0, 0x0, 0x8, 0x0, 0x0,
    0x0, 0x1, 0x40, 0x0, 0x0, 0x0, 0x0, 0x0,
    0x0,

    /* U+261D "☝" */
    0x0, 0x0, 0x28, 0x0, 0x0, 0x82, 0x0, 0x0,
    0x82, 0x0, 0x0, 0x82, 0x0, 0x0, 0x82, 0x0,
    0x6, 0xc2, 0x1, 0xa8, 0xc2, 0x2b, 0x8, 0x82,
    0x22, 0x8, 0x82, 0x21, 0xae, 0xaa, 0x36, 0xc0,
    0x7, 0x20, 0x6a, 0x2, 0x20, 0x2, 0xc2, 0x14,
    0x2, 0x2, 0x8, 0x0, 0x8, 0x2, 0x40, 0x64,
    0x0, 0x6a, 0x40,

    /* U+2620 "☠" */
    0x8, 0x0, 0x0, 0x24, 0xc, 0x80, 0x0, 0x15,
    0x48, 0x20, 0x19, 0x8, 0x16, 0x93, 0x90, 0x2d,
    0x29, 0x6, 0xc0, 0x1, 0xe0, 0x0, 0x80, 0x0,
    0x24, 0x0, 0x20, 0x0, 0x2, 0x0, 0x8, 0x40,
    0x10, 0x80, 0x2, 0x3c, 0x2d, 0x20, 0x0, 0x8e,
    0x7, 0x48, 0x0, 0x20, 0x18, 0x1, 0x0, 0xd,
    0x0, 0x3, 0x40, 0x9, 0xd0, 0x3, 0x24, 0x24,
    0x2a, 0x1a, 0xa1, 0x98, 0x20, 0xae, 0x48, 0x14,
    0x88, 0x0, 0x1, 0x54, 0x8, 0x0, 0x0, 0x24,
    0x0,

    /* U+2622 "☢" */
    0x0, 0x6, 0x90, 0x0, 0x0, 0x24, 0x1, 0x80,
    0x0, 0x60, 0x0, 0x9, 0x0, 0x22, 0x0, 0x8,
    0x90, 0x22, 0xe0, 0x7, 0xc8, 0x15, 0xfd, 0x3,
    0xf8, 0x48, 0xff, 0xc2, 0xff, 0x22, 0x3f, 0xf0,
    0x7f, 0xd8, 0x8a, 0xa2, 0xca, 0xa2, 0x20, 0x0,
    0x10, 0x0, 0x88, 0x0, 0x28, 0x0, 0x21, 0x40,
    0x1f, 0x80, 0x4, 0x20, 0xf, 0xf4, 0x8, 0x2,
    0xb, 0xff, 0x5, 0x0, 0x61, 0xbf, 0x49, 0x0,
    0x2, 0x40, 0x19, 0x0, 0x0, 0x6, 0xa0, 0x0,
    0x0,

    /* U+2623 "☣" */
    0x0, 0x6, 0x90, 0x0, 0x0, 0x24, 0x1, 0x80,
    0x0, 0x60, 0x0, 0x9, 0x0, 0x20, 0x0, 0x4,
    0x90, 0x20, 0x40, 0x1, 0x8, 0x14, 0x14, 0x50,
    0x80, 0x48, 0x3, 0x41, 0xc0, 0x22, 0x2, 0xfa,
    0xf8, 0x8, 0x86, 0x5c, 0x35, 0x92, 0x20, 0x4,
    0x51, 0x0, 0x88, 0x0, 0x5d, 0x40, 0x21, 0x40,
    0x7, 0x0, 0x4, 0x20, 0x1, 0xc0, 0x8, 0x2,
    0x0, 0x44, 0x5, 0x0, 0x60, 0x0, 0x9, 0x0,
    0x2, 0x40, 0x19, 0x0, 0x0, 0x6, 0xa0, 0x0,
    0x0,

    /* U+2626 "☦" */
    0x15, 0x55, 0x55, 0x54, 0x3f, 0xff, 0xff, 0xff,
    0xcf, 0xff, 0xff, 0xff, 0xf7, 0xff, 0xf9, 0xff,
    0xfd, 0xff, 0xe4, 0x17, 0xff, 0x7f, 0xff, 0x9f,
    0xff, 0xdf, 0xea, 0x92, 0xab, 0xf7, 0xfa, 0xa4,
    0xaa, 0xfd, 0xff, 0xfe, 0x7f, 0xff, 0x7f, 0xfe,
    0x9f, 0xff, 0xdf, 0xff, 0x47, 0xff, 0xf7, 0xff,
    0xf8, 0x7f, 0xfd, 0xff, 0xfe, 0x6b, 0xff, 0x7f,
    0xff, 0x9f, 0xff, 0xdf, 0xff, 0xff, 0xff, 0xf7,
    0xff, 0xff, 0xff, 0xfc, 0x6a, 0xaa, 0xaa, 0xa9,
    0x0,

    /* U+262A "☪" */
    0x7f, 0xff, 0xff, 0xfe, 0x3f, 0xff, 0xff, 0xff,
    0xdf, 0xff, 0x41, 0xbf, 0xf7, 0xfd, 0x6, 0x97,
    0xfd, 0xfd, 0xf, 0xff, 0xbf, 0x7f, 0xf, 0xff,
    0xff, 0xdf, 0x4b, 0xff, 0xff, 0xf7, 0xc3, 0xff,
    0xf9, 0xfd, 0xf0, 0xff, 0xfc, 0x2f, 0x7c, 0x3f,
    0xff, 0xf, 0xdf, 0x4b, 0xff, 0xff, 0xf7, 0xe0,
    0xff, 0xff, 0xfd, 0xfd, 0x1f, 0xff, 0xff, 0x7f,
    0xd0, 0xbe, 0x7f, 0xdf, 0xff, 0x41, 0xbf, 0xf7,
    0xff, 0xff, 0xff, 0xfd, 0x7f, 0xff, 0xff, 0xfe,
    0x0,

    /* U+262E "☮" */
    0x7f, 0xff, 0xff, 0xfe, 0x3f, 0xff, 0xff, 0xff,
    0xcf, 0xff, 0x96, 0xff, 0xf3, 0xfe, 0x6a, 0x9b,
    0xfc, 0xfe, 0xbe, 0xfe, 0xbf, 0x3f, 0x7f, 0xbf,
    0xdf, 0xcf, 0xbf, 0xef, 0xfd, 0xf3, 0xdf, 0xfb,
    0xff, 0x7c, 0xf7, 0xfc, 0x7f, 0xdf, 0x3d, 0xfd,
    0x57, 0xf7, 0xcf, 0xbd, 0xee, 0x7d, 0xf3, 0xf5,
    0xbb, 0xe5, 0xfc, 0xfe, 0x7e, 0xfd, 0xbf, 0x3f,
    0xe7, 0xad, 0xbf, 0xcf, 0xff, 0x96, 0xff, 0xf3,
    0xff, 0xff, 0xff, 0xfc, 0x7f, 0xff, 0xff, 0xfe,
    0x0,

    /* U+262F "☯" */
    0x6a, 0xaa, 0xaa, 0xa9, 0x3f, 0xff, 0xff, 0xff,
    0xcf, 0xff, 0x95, 0xbf, 0xf7, 0xfe, 0x7f, 0xe7,
    0xfd, 0xfd, 0xbf, 0xff, 0x7f, 0x7e, 0xbf, 0x9f,
    0x77, 0xdf, 0x7f, 0xe7, 0xc9, 0xf7, 0xdf, 0xff,
    0xe0, 0xad, 0xf7, 0xff, 0x90, 0x2b, 0x7d, 0xfd,
    0x0, 0xa, 0xdf, 0x7f, 0x18, 0x9, 0xf7, 0xeb,
    0xc1, 0x3, 0x7d, 0xfd, 0xf8, 0x7, 0x7f, 0x7f,
    0xdb, 0xfe, 0x7f, 0xdf, 0xfe, 0x55, 0xbf, 0xf7,
    0xff, 0xff, 0xff, 0xfd, 0xbf, 0xff, 0xff, 0xfe,
    0x0,

    /* U+2638 "☸" */
    0x6a, 0xaa, 0xaa, 0xa9, 0x3f, 0xff, 0xff, 0xff,
    0xcf, 0xff, 0xff, 0xff, 0xf3, 0xff, 0xe0, 0x7f,
    0xfc, 0xff, 0x5b, 0xb5, 0xbf, 0x3f, 0xd7, 0xee,
    0x2f, 0xcf, 0xde, 0x66, 0x77, 0xf3, 0xf7, 0xdb,
    0x3e, 0xfc, 0xf0, 0x7, 0xd0, 0xf, 0x3f, 0x7d,
    0xf3, 0xef, 0xcf, 0xde, 0x56, 0xb7, 0xf3, 0xfd,
    0x7e, 0xe6, 0xfc, 0xff, 0x5b, 0xb5, 0xbf, 0x3f,
    0xfd, 0x7, 0xff, 0xcf, 0xff, 0xff, 0xff, 0xf3,
    0xff, 0xff, 0xff, 0xfc, 0x6a, 0xaa, 0xaa, 0xa9,
    0x0,

    /* U+2639 "☹" */
    0x0, 0x6, 0x90, 0x0, 0x0, 0x24, 0x1, 0x80,
    0x0, 0x60, 0x0, 0x9, 0x0, 0x60, 0x0, 0x0,
    0x50, 0x20, 0x0, 0x0, 0x8, 0x14, 0x4, 0x1,
    0x0, 0x48, 0xb, 0x0, 0xf0, 0x22, 0x1, 0xc0,
    0x28, 0x8, 0x80, 0x0, 0x0, 0x2, 0x20, 0x0,
    0x0, 0x0, 0x88, 0x0, 0xaa, 0x0, 0x21, 0x42,
    0x80, 0x18, 0x4, 0x20, 0x40, 0x1, 0x8, 0x6,
    0x0, 0x0, 0x5, 0x0, 0x60, 0x0, 0x5, 0x0,
    0x2, 0x40, 0x19, 0x0, 0x0, 0x6, 0xa0, 0x0,
    0x0,

    /* U+263A "☺" */
    0x0, 0x6, 0x90, 0x0, 0x0, 0x24, 0x1, 0x80,
    0x0, 0x60, 0x0, 0x9, 0x0, 0x60, 0x0, 0x0,
    0x50, 0x21, 0xa0, 0xa, 0x48, 0x14, 0x0, 0x0,
    0x0, 0x48, 0x0, 0x0, 0x0, 0x22, 0x2, 0x90,
    0x69, 0x8, 0x80, 0x0, 0x0, 0x2, 0x20, 0x54,
    0x0, 0x54, 0x88, 0x0, 0x0, 0x0, 0x21, 0x40,
    0x40, 0x10, 0x4, 0x20, 0xa, 0xa0, 0x8, 0x6,
    0x0, 0x0, 0x5, 0x0, 0x60, 0x0, 0x5, 0x0,
    0x2, 0x40, 0x19, 0x0, 0x0, 0x6, 0xa0, 0x0,
    0x0,

    /* U+2640 "♀" */
    0x1, 0xa8, 0x0, 0x3f, 0xfd, 0x3, 0xe0, 0xbd,
    0x2e, 0x0, 0x7c, 0xf0, 0x0, 0xf3, 0xc0, 0x2,
    0xcf, 0x0, 0xf, 0x2e, 0x0, 0x7c, 0x3e, 0x7,
    0xd0, 0x7f, 0xfd, 0x0, 0x2f, 0x80, 0x0, 0x3c,
    0x0, 0x1, 0xf5, 0x0, 0x2f, 0xfc, 0x0, 0x6f,
    0xa0, 0x0, 0x3c, 0x0, 0x0, 0xa0, 0x0,

    /* U+2642 "♂" */
    0x0, 0x0, 0xb, 0xff, 0x0, 0x0, 0x3, 0xff,
    0xc0, 0x0, 0x0, 0xb, 0xf0, 0x0, 0x0, 0x7,
    0xfc, 0x0, 0x0, 0x7, 0xdf, 0x0, 0x2a, 0x87,
    0xd3, 0xc0, 0xbf, 0xff, 0xd0, 0x0, 0xbd, 0xb,
    0xe0, 0x0, 0x3c, 0x0, 0x3c, 0x0, 0x2d, 0x0,
    0xb, 0x40, 0xf, 0x0, 0x1, 0xe0, 0x3, 0xc0,
    0x0, 0x78, 0x0, 0xb4, 0x0, 0x2d, 0x0, 0xf,
    0x0, 0xf, 0x0, 0x2, 0xf4, 0x2f, 0x40, 0x0,
    0x2f, 0xff, 0x40, 0x0, 0x0, 0xa9, 0x0, 0x0,
    0x0,

    /* U+2648 "♈" */
    0x0, 0x6, 0x90, 0x0, 0x0, 0x2f, 0xff, 0xd0,
    0x0, 0x7f, 0xff, 0xfd, 0x0, 0x3f, 0xff, 0xff,
    0xd0, 0x3f, 0xff, 0xff, 0xfc, 0x1f, 0x80, 0xf4,
    0x1f, 0x8b, 0xcf, 0x6c, 0xf6, 0xf3, 0xff, 0xf1,
    0xbf, 0xfc, 0xff, 0xfc, 0x6f, 0xff, 0x3f, 0xff,
    0xf, 0xff, 0xcb, 0xff, 0xd3, 0xff, 0xf1, 0xff,
    0xf4, 0xff, 0xf8, 0x3f, 0xfe, 0x7f, 0xfc, 0x3,
    0xff, 0xff, 0xfd, 0x0, 0x7f, 0xff, 0xfe, 0x0,
    0x3, 0xff, 0xfd, 0x0, 0x0, 0x6, 0xa4, 0x0,
    0x0,

    /* U+2649 "♉" */
    0x0, 0x1b, 0xe4, 0x0, 0x0, 0x7f, 0xff, 0xd0,
    0x0, 0x7f, 0xff, 0xfe, 0x0, 0x7f, 0xff, 0xff,
    0xe0, 0x3f, 0x3f, 0xfd, 0xbc, 0x1f, 0xe3, 0xfd,
    0x7f, 0x8b, 0xfe, 0x0, 0x7f, 0xf3, 0xff, 0x5b,
    0x4f, 0xfc, 0xff, 0x8f, 0xf9, 0xff, 0x7f, 0xdb,
    0xff, 0x3f, 0xcb, 0xf6, 0xff, 0xcf, 0xf1, 0xfe,
    0x7f, 0xe7, 0xf8, 0x3f, 0xcb, 0xe3, 0xfc, 0x3,
    0xfd, 0x3, 0xfd, 0x0, 0x7f, 0xff, 0xfe, 0x0,
    0x2, 0xff, 0xfd, 0x0, 0x0, 0x6, 0xa4, 0x0,
    0x0,

    /* U+264A "♊" */
    0x0, 0x6, 0x90, 0x0, 0x0, 0x2f, 0xff, 0xd0,
    0x0, 0x3f, 0xff, 0xfe, 0x0, 0x3f, 0xff, 0xff,
    0xe0, 0x3f, 0x2b, 0xf9, 0x7d, 0x1f, 0xf4, 0x0,
    0xbf, 0xcb, 0xfe, 0x7f, 0x3f, 0xf3, 0xff, 0x9f,
    0xcf, 0xfd, 0xff, 0xe7, 0xf3, 0xff, 0x7f, 0xf9,
    0xfc, 0xff, 0xdb, 0xfe, 0x7f, 0x3f, 0xf1, 0xff,
    0x40, 0x4b, 0xfc, 0x3f, 0x2b, 0xf9, 0x7d, 0x3,
    0xff, 0xff, 0xfe, 0x0, 0x3f, 0xff, 0xfe, 0x0,
    0x2, 0xff, 0xfd, 0x0, 0x0, 0x6, 0x90, 0x0,
    0x0,

    /* U+264B "♋" */
    0x0, 0x1b, 0xe4, 0x0, 0x0, 0x7f, 0xff, 0xd0,
    0x0, 0x7f, 0xff, 0xfe, 0x0, 0x7f, 0x95, 0xbf,
    0xe0, 0x3e, 0x1, 0x41, 0xfc, 0x1e, 0x14, 0xff,
    0x7f, 0x8b, 0x2f, 0x9f, 0xff, 0xf3, 0xcf, 0xf3,
    0x81, 0xfc, 0xf6, 0xf9, 0xcf, 0x5f, 0x3f, 0x14,
    0xdb, 0xf3, 0xcb, 0xfa, 0xf6, 0xfc, 0xf1, 0xff,
    0xff, 0x3d, 0x38, 0x3f, 0x4a, 0xd0, 0x3c, 0x7,
    0xfd, 0x55, 0xfe, 0x0, 0x7f, 0xff, 0xfe, 0x0,
    0x7, 0xff, 0xfd, 0x0, 0x0, 0x1b, 0xe4, 0x0,
    0x0,

    /* U+264C "♌" */
    0x0, 0x6, 0x90, 0x0, 0x0, 0x2f, 0xff, 0xd0,
    0x0, 0x7f, 0xff, 0xfe, 0x0, 0x3f, 0xf9, 0x1f,
    0xd0, 0x3f, 0xf8, 0xf5, 0xfc, 0x1f, 0xfc, 0xff,
    0x3f, 0x8b, 0xe0, 0x3f, 0xdb, 0xf3, 0xe3, 0xdb,
    0xf3, 0xfc, 0xf6, 0xfc, 0xf2, 0xff, 0x7d, 0x7e,
    0x79, 0xff, 0xcb, 0xc5, 0x3c, 0xff, 0xf1, 0xfe,
    0xbf, 0x7f, 0xf8, 0x3f, 0xff, 0xcf, 0xfc, 0x3,
    0xff, 0xf8, 0x2e, 0x0, 0x7f, 0xff, 0xfe, 0x0,
    0x3, 0xff, 0xfd, 0x0, 0x0, 0x6, 0xa4, 0x0,
    0x0,

    /* U+264D "♍" */
    0x0, 0x1b, 0xe4, 0x0, 0x0, 0x7f, 0xff, 0xd0,
    0x0, 0x7f, 0xff, 0xfe, 0x0, 0x7e, 0x6d, 0x7f,
    0xe0, 0x3e, 0x20, 0x57, 0xfc, 0x1f, 0x6e, 0x7c,
    0xb, 0x8b, 0xdb, 0x9f, 0x3c, 0xf3, 0xf6, 0xe7,
    0xcf, 0x3c, 0xfd, 0xb9, 0xf3, 0x9f, 0x7f, 0x6e,
    0x7c, 0xcf, 0xcb, 0xdb, 0x9f, 0xb, 0xf1, 0xf6,
    0xe7, 0x8b, 0xf8, 0x3f, 0xff, 0x44, 0xfc, 0x3,
    0xff, 0xef, 0x9d, 0x0, 0x7f, 0xff, 0xfe, 0x0,
    0x2, 0xff, 0xfd, 0x0, 0x0, 0x6, 0xa4, 0x0,
    0x0,

    /* U+264E "♎" */
    0x0, 0x1b, 0xe4, 0x0, 0x0, 0x7f, 0xff, 0xd0,
    0x0, 0x7f, 0xff, 0xfe, 0x0, 0x7f, 0xe4, 0x7f,
    0xe0, 0x3f, 0xd7, 0xd3, 0xfc, 0x1f, 0xf3, 0xfe,
    0x7f, 0x8b, 0xfa, 0xff, 0xcf, 0xf3, 0xfe, 0x7f,
    0xe7, 0xfc, 0xff, 0xcf, 0xf2, 0xff, 0x7f, 0x81,
    0xf8, 0x1f, 0xcb, 0xff, 0xff, 0xff, 0xf1, 0xf9,
    0x55, 0x55, 0xf8, 0x3e, 0x55, 0x55, 0x7c, 0x7,
    0xff, 0xff, 0xfe, 0x0, 0x7f, 0xff, 0xfe, 0x0,
    0x7, 0xff, 0xfe, 0x0, 0x0, 0x1b, 0xe4, 0x0,
    0x0,

    /* U+264F "♏" */
    0x0, 0x6, 0x90, 0x0, 0x0, 0x2f, 0xff, 0xc0,
    0x0, 0x3f, 0xff, 0xfd, 0x0, 0x3f, 0xff, 0xff,
    0xd0, 0x3f, 0x1, 0xb, 0xfc, 0x1f, 0x9e, 0x3c,
    0xff, 0x8b, 0xdb, 0x9f, 0x3f, 0xf3, 0xf6, 0xe7,
    0xcf, 0xfc, 0xfd, 0xb9, 0xf3, 0xff, 0x7f, 0x6e,
    0x7c, 0xf7, 0xcb, 0xdb, 0x9f, 0x38, 0xf1, 0xf6,
    0xe7, 0xd9, 0x78, 0x3f, 0xff, 0xfd, 0x7c, 0x3,
    0xff, 0xff, 0xfe, 0x0, 0x7f, 0xff, 0xfe, 0x0,
    0x2, 0xff, 0xfd, 0x0, 0x0, 0x6, 0xa4, 0x0,
    0x0,

    /* U+2650 "♐" */
    0x0, 0x1b, 0xe4, 0x0, 0x0, 0x7f, 0xff, 0xd0,
    0x0, 0x7f, 0xff, 0xfe, 0x0, 0x7f, 0xff, 0xff,
    0xe0, 0x3f, 0xff, 0x55, 0xbc, 0x1f, 0xff, 0xd5,
    0x2f, 0x8b, 0xff, 0xff, 0xb, 0xf3, 0xff, 0xbf,
    0x2a, 0xfc, 0xff, 0xd7, 0x2e, 0xbf, 0x7f, 0xfd,
    0x2f, 0xff, 0xcb, 0xff, 0x7, 0xff, 0xf1, 0xff,
    0x2d, 0x7f, 0xf8, 0x3f, 0x2f, 0xff, 0xfc, 0x7,
    0xff, 0xff, 0xfe, 0x0, 0x7f, 0xff, 0xfe, 0x0,
    0x7, 0xff, 0xfe, 0x0, 0x0, 0x1b, 0xe4, 0x0,
    0x0,

    /* U+2651 "♑" */
    0x0, 0x6, 0x90, 0x0, 0x0, 0x2f, 0xff, 0xd0,
    0x0, 0x3f, 0xff, 0xfd, 0x0, 0x3f, 0xff, 0xff,
    0xd0, 0x3e, 0x44, 0xff, 0xfc, 0x1f, 0xcb, 0x6f,
    0xff, 0x8b, 0xf3, 0xeb, 0xff, 0xf3, 0xfd, 0xfa,
    0xff, 0xfc, 0xff, 0x7e, 0xb4, 0x3f, 0x7f, 0xdf,
    0x99, 0xf3, 0xcb, 0xf7, 0xf1, 0xbc, 0xf1, 0xfe,
    0xfd, 0x19, 0x78, 0x3f, 0xff, 0xc5, 0xbc, 0x3,
    0xfe, 0xb, 0xfd, 0x0, 0x3f, 0xff, 0xfd, 0x0,
    0x2, 0xff, 0xfc, 0x0, 0x0, 0x5, 0x90, 0x0,
    0x0,

    /* U+2652 "♒" */
    0x0, 0x6, 0x90, 0x0, 0x0, 0x2f, 0xff, 0xd0,
    0x0, 0x7f, 0xff, 0xfe, 0x0, 0x3f, 0xff, 0xff,
    0xd0, 0x3e, 0x7e, 0x7e, 0x7c, 0x1f, 0x1b, 0x1b,
    0x1b, 0x8b, 0x6c, 0x6c, 0x6c, 0xf3, 0xdf, 0x4f,
    0x4f, 0x7c, 0xff, 0xff, 0xff, 0xff, 0x7f, 0x4f,
    0x4f, 0x4f, 0xcb, 0xc6, 0xc6, 0xc6, 0xf1, 0xdb,
    0x1b, 0x1b, 0x38, 0x37, 0xe7, 0xe7, 0xec, 0x3,
    0xff, 0xff, 0xfe, 0x0, 0x7f, 0xff, 0xfe, 0x0,
    0x3, 0xff, 0xfd, 0x0, 0x0, 0x6, 0xa4, 0x0,
    0x0,

    /* U+2653 "♓" */
    0x0, 0x6, 0x90, 0x0, 0x0, 0x2f, 0xff, 0x80,
    0x0, 0x7f, 0xff, 0xfd, 0x0, 0x3f, 0xff, 0xff,
    0xd0, 0x3f, 0x3f, 0xfc, 0xbc, 0x1f, 0xe7, 0xfe,
    0x7f, 0x4b, 0xfc, 0xff, 0x7f, 0xf3, 0xff, 0x6f,
    0xdf, 0xfc, 0xfc, 0x0, 0x0, 0x3f, 0x3f, 0xf6,
    0xfd, 0xff, 0xcb, 0xfc, 0xff, 0x7f, 0xf1, 0xfe,
    0x7f, 0xe7, 0xf8, 0x3f, 0x3f, 0xfc, 0xbc, 0x3,
    0xff, 0xff, 0xfd, 0x0, 0x7f, 0xff, 0xfe, 0x0,
    0x3, 0xff, 0xfd, 0x0, 0x0, 0x6, 0xa4, 0x0,
    0x0,

    /* U+265F "♟" */
    0x0, 0x60, 0x0, 0xf, 0xf4, 0x0, 0x77, 0xe0,
    0x1, 0xff, 0x80, 0x3, 0xfd, 0x0, 0x2b, 0xec,
    0x0, 0x7a, 0xe0, 0x0, 0xbf, 0x0, 0x2, 0xfc,
    0x0, 0xf, 0xf4, 0x0, 0xaa, 0xa0, 0xb, 0xeb,
    0xf0, 0x6b, 0xff, 0xa1, 0xe5, 0x57, 0x8f, 0xff,
    0xff, 0x2e, 0x5f, 0xfc, 0x1b, 0xfe, 0x40,

    /* U+2660 "♠" */
    0x0, 0x0, 0x40, 0x0, 0x0, 0x3, 0xd0, 0x0,
    0x0, 0xf, 0xf4, 0x0, 0x0, 0x3f, 0xfd, 0x0,
    0x0, 0xff, 0xff, 0x40, 0x3, 0xff, 0xff, 0xd0,
    0xb, 0xff, 0xff, 0xf0, 0x1f, 0xff, 0xff, 0xf8,
    0x3f, 0xff, 0xff, 0xfc, 0x3f, 0xff, 0xff, 0xfd,
    0x3f, 0xff, 0xff, 0xfd, 0x3f, 0xff, 0xff, 0xfc,
    0xf, 0xfb, 0xef, 0xf4, 0x0, 0x7, 0xe0, 0x0,
    0x0, 0x2f, 0xf8, 0x0, 0x0, 0xff, 0xff, 0x40,
    0x0, 0xaa, 0xaa, 0x40,

    /* U+2663 "♣" */
    0x0, 0x2, 0x90, 0x0, 0x0, 0x2f, 0xfc, 0x0,
    0x0, 0x7f, 0xfe, 0x0, 0x0, 0xbf, 0xff, 0x0,
    0x0, 0xbf, 0xff, 0x0, 0x0, 0x7f, 0xfe, 0x0,
    0x7, 0xff, 0xff, 0xe0, 0x3f, 0xff, 0xff, 0xfc,
    0x7f, 0xff, 0xff, 0xfe, 0xbf, 0xff, 0xff, 0xff,
    0xbf, 0xff, 0xff, 0xff, 0x3f, 0xff, 0xff, 0xfe,
    0x1f, 0xff, 0xff, 0xf8, 0x1, 0x5b, 0xf5, 0x40,
    0x0, 0x7f, 0xfe, 0x0, 0x2, 0xff, 0xff, 0xc0,
    0x1, 0xaa, 0xaa, 0x80,

    /* U+2665 "♥" */
    0x1, 0xa4, 0x0, 0x64, 0x0, 0xff, 0xe0, 0x7f,
    0xf4, 0x3f, 0xff, 0x9f, 0xff, 0xc7, 0xff, 0xff,
    0xff, 0xfe, 0xbf, 0xff, 0xff, 0xff, 0xfb, 0xff,
    0xff, 0xff, 0xff, 0x7f, 0xff, 0xff, 0xff, 0xe3,
    0xff, 0xff, 0xff, 0xfd, 0x2f, 0xff, 0xff, 0xff,
    0xc0, 0xff, 0xff, 0xff, 0xf4, 0x7, 0xff, 0xff,
    0xfe, 0x0, 0x2f, 0xff, 0xff, 0xc0, 0x0, 0xbf,
    0xff, 0xf0, 0x0, 0x2, 0xff, 0xfc, 0x0, 0x0,
    0x7, 0xfe, 0x0, 0x0, 0x0, 0x1f, 0x80, 0x0,
    0x0, 0x0, 0x10, 0x0, 0x0,

    /* U+2666 "♦" */
    0x0, 0x0, 0x0, 0x0, 0xf, 0x40, 0x0, 0xb,
    0xf0, 0x0, 0x7, 0xfe, 0x0, 0x3, 0xff, 0xd0,
    0x3, 0xff, 0xfc, 0x2, 0xff, 0xff, 0xc1, 0xff,
    0xff, 0xf8, 0xff, 0xff, 0xff, 0x2f, 0xff, 0xff,
    0xc3, 0xff, 0xff, 0xc0, 0x3f, 0xff, 0xd0, 0x7,
    0xff, 0xf0, 0x0, 0xbf, 0xf0, 0x0, 0xf, 0xf4,
    0x0, 0x1, 0xf8, 0x0, 0x0, 0x18, 0x0, 0x0,

    /* U+2668 "♨" */
    0x0, 0x0, 0x20, 0x0, 0x0, 0x1, 0xf, 0x1,
    0x0, 0x0, 0xb2, 0xf0, 0xb0, 0x0, 0x1f, 0x3f,
    0x1f, 0x0, 0x2, 0xf3, 0xf2, 0xf0, 0x0, 0x1f,
    0x7f, 0x6f, 0x0, 0x1, 0xfa, 0xf9, 0xf4, 0x0,
    0xf, 0x9f, 0x8f, 0x80, 0x0, 0xf8, 0xf8, 0xf4,
    0x0, 0xcf, 0x4f, 0xf, 0x24, 0x3c, 0xd1, 0xc0,
    0xd2, 0xc3, 0xc0, 0x0, 0x0, 0x3d, 0x3f, 0x0,
    0x0, 0xb, 0xd2, 0xfe, 0x0, 0x7, 0xfc, 0xf,
    0xff, 0xff, 0xff, 0x40, 0x1f, 0xff, 0xff, 0x80,
    0x0, 0x6, 0xa9, 0x40, 0x0,

    /* U+267B "♻" */
    0x0, 0x6, 0xaa, 0x0, 0x0, 0x2, 0x8, 0x9,
    0x80, 0x0, 0x10, 0xe0, 0x64, 0x0, 0x8, 0x15,
    0x41, 0x0, 0x0, 0x82, 0x38, 0x20, 0x0, 0x1,
    0x91, 0x6a, 0x0, 0x5, 0x80, 0x0, 0x6, 0x47,
    0x45, 0x0, 0x2, 0x48, 0x14, 0x20, 0x0, 0x20,
    0x22, 0x3, 0x0, 0x1, 0x42, 0x20, 0xa0, 0x0,
    0xc8, 0x21, 0x14, 0x0, 0x2e, 0xfd, 0xb, 0xab,
    0x8, 0x0, 0x80, 0xb0, 0x21, 0x40, 0x20, 0x3,
    0x2, 0x8, 0x58, 0x0, 0xa, 0xa0, 0x2c, 0x0,
    0x0, 0x0, 0x0, 0x80, 0x0,

    /* U+267E "♾" */
    0x2a, 0xaa, 0xaa, 0xa9, 0x3f, 0xff, 0xff, 0xff,
    0xcf, 0xff, 0xff, 0xff, 0xf3, 0xff, 0xff, 0xff,
    0xfc, 0xff, 0xff, 0xff, 0xff, 0x3f, 0xff, 0xff,
    0xff, 0xcf, 0xd1, 0xbf, 0x47, 0xf3, 0xdb, 0xda,
    0x7e, 0x7c, 0xf3, 0xfd, 0x3f, 0xdf, 0x3c, 0xff,
    0xf, 0xf3, 0xcf, 0x5e, 0x3c, 0xb5, 0xf3, 0xf9,
    0x7f, 0xd5, 0xfc, 0xff, 0xff, 0xff, 0xff, 0x3f,
    0xff, 0xff, 0xff, 0xcf, 0xff, 0xff, 0xff, 0xf3,
    0xff, 0xff, 0xff, 0xfc, 0x7f, 0xff, 0xff, 0xfe,
    0x0,

    /* U+267F "♿" */
    0x7f, 0xff, 0xff, 0xfe, 0x3f, 0xff, 0xff, 0xff,
    0xdf, 0xff, 0xff, 0xcb, 0xf7, 0xff, 0xc1, 0xd0,
    0xfd, 0xff, 0xc0, 0x9, 0xbf, 0x7f, 0xe7, 0x80,
    0xff, 0xdf, 0xff, 0xc0, 0xbf, 0xf7, 0xff, 0x40,
    0x6b, 0xfd, 0xff, 0x8a, 0x0, 0x7f, 0x7f, 0x5f,
    0xe2, 0x1f, 0xdf, 0xcb, 0xfc, 0x47, 0xf7, 0xf2,
    0xff, 0x11, 0xfd, 0xfd, 0x3f, 0xcc, 0xbf, 0x7f,
    0xc0, 0x1f, 0xff, 0xdf, 0xfe, 0x5f, 0xff, 0xf7,
    0xff, 0xff, 0xff, 0xfd, 0x7f, 0xff, 0xff, 0xff,
    0x0,

    /* U+2692 "⚒" */
    0x0, 0x20, 0x2, 0x40, 0x0, 0x18, 0x80, 0x96,
    0x0, 0xf, 0x2, 0x19, 0x9, 0x1, 0xc0, 0x20,
    0x18, 0x20, 0x20, 0x8, 0x2, 0x0, 0x88, 0x2,
    0xc0, 0x30, 0x85, 0x80, 0xd2, 0x8, 0xe2, 0x22,
    0x62, 0xe, 0x8, 0xa, 0x4, 0x9, 0x82, 0x0,
    0x60, 0x0, 0x30, 0xd0, 0x0, 0x0, 0x8, 0x22,
    0x0, 0x0, 0x2, 0xb, 0x8, 0x0, 0x0, 0x82,
    0x58, 0x20, 0x0, 0x20, 0x50, 0x50, 0x80, 0x8,
    0x14, 0x1, 0x42, 0x0, 0x92, 0x0, 0x9, 0x60,
    0x1, 0x80, 0x0, 0x14, 0x0,

    /* U+2693 "⚓" */
    0x0, 0x2, 0x90, 0x0, 0x0, 0x9, 0x60, 0x0,
    0x0, 0x6, 0x88, 0x0, 0x0, 0x9, 0x54, 0x0,
    0x0, 0x2, 0x90, 0x0, 0x0, 0x2, 0x80, 0x0,
    0x0, 0x29, 0x69, 0x0, 0x0, 0x29, 0x69, 0x0,
    0x20, 0x1, 0x40, 0x5, 0x98, 0x1, 0x50, 0x16,
    0x86, 0x5, 0x50, 0x22, 0x43, 0x4, 0x10, 0x82,
    0x31, 0x84, 0x21, 0x8d, 0x8, 0x28, 0x29, 0x20,
    0x2, 0x0, 0x0, 0x90, 0x0, 0x90, 0x6, 0x40,
    0x0, 0x6, 0xa4, 0x0,

    /* U+2694 "⚔" */
    0x20, 0x0, 0x0, 0x2, 0x1e, 0x80, 0x0, 0xa,
    0xc2, 0x98, 0x0, 0x19, 0x60, 0x98, 0x80, 0x19,
    0x64, 0x8, 0x88, 0x19, 0x58, 0x0, 0x88, 0x99,
    0x58, 0x0, 0x8, 0xa9, 0x58, 0x0, 0x0, 0xa9,
    0x58, 0x0, 0x0, 0x19, 0x5c, 0x0, 0x4, 0x19,
    0x5c, 0x81, 0x1, 0xa9, 0x5c, 0x8a, 0x90, 0x26,
    0x58, 0x8a, 0x50, 0xb, 0x68, 0xa, 0x74, 0x7,
    0xe5, 0x2, 0x7b, 0xb, 0xa2, 0x81, 0x92, 0xb6,
    0xa0, 0x10, 0x0, 0x35, 0x20, 0x0, 0x0, 0x5,
    0x0,

    /* U+2695 "⚕" */
    0x0, 0x9, 0x0, 0x6, 0x47, 0xc0, 0xb, 0xf4,
    0xf0, 0x3, 0xd4, 0x10, 0x0, 0xbe, 0xae, 0x94,
    0x6, 0xff, 0xff, 0xc0, 0x0, 0x40, 0xb0, 0x2f,
    0xff, 0xf8, 0x1e, 0x5e, 0x50, 0x3, 0xff, 0x90,
    0x0, 0x1a, 0xff, 0xc0, 0x0, 0x10, 0xb4, 0x3,
    0xff, 0xfc, 0x1, 0xe2, 0x40, 0x0, 0x2f, 0xf4,
    0x0, 0x0, 0x3a, 0xc0, 0x0, 0x4, 0x0, 0x0,

    /* U+2696 "⚖" */
    0x0, 0x0, 0x50, 0x0, 0x0, 0x0, 0xe, 0x0,
    0x0, 0x6, 0x1, 0xf4, 0xa, 0x0, 0x8e, 0xb0,
    0xeb, 0x60, 0xf, 0xdb, 0xe, 0x6f, 0x0, 0xb9,
    0xf, 0x5, 0xf0, 0xa, 0x80, 0xa0, 0x1a, 0x1,
    0x68, 0xa, 0x2, 0x58, 0x22, 0x50, 0xa0, 0x24,
    0x82, 0x22, 0xa, 0x5, 0x48, 0x12, 0x20, 0xa0,
    0x84, 0x16, 0xbb, 0xf, 0xe, 0xfa, 0x65, 0x71,
    0xa8, 0xd5, 0xa2, 0xa9, 0x20, 0x82, 0xa8, 0x0,
    0x9, 0x6, 0x0, 0x0, 0x2, 0x0, 0x8, 0x0,
    0x0, 0xa, 0xaa, 0x0, 0x0,

    /* U+2697 "⚗" */
    0x0, 0x1a, 0x50, 0x0, 0x0, 0x9, 0x1, 0xa0,
    0x0, 0x2, 0x0, 0x0, 0x64, 0x0, 0x80, 0x0,
    0x0, 0x64, 0x8, 0x0, 0x0, 0x0, 0x51, 0x5a,
    0xfe, 0x81, 0x2, 0x11, 0x0, 0x0, 0x6a, 0x82,
    0xbf, 0xff, 0xfa, 0x0, 0x19, 0x5, 0x41, 0x90,
    0x0, 0x73, 0xff, 0x30, 0x0, 0x2, 0x9a, 0x9a,
    0x0, 0x0, 0x4e, 0xaa, 0xc4, 0x0, 0x9, 0x48,
    0x45, 0x80, 0x0, 0x60, 0x94, 0x24, 0x0, 0x25,
    0x9, 0x41, 0x60, 0x2, 0x80, 0x20, 0xa, 0x0,
    0x14, 0x0, 0x0, 0x50, 0x0,

    /* U+2699 "⚙" */
    0x0, 0x2, 0x90, 0x0, 0x0, 0x1, 0x48, 0x0,
    0x0, 0x64, 0x42, 0xa, 0x0, 0x61, 0xa0, 0x68,
    0x60, 0x8, 0x1, 0x50, 0x20, 0x0, 0x86, 0x6,
    0x14, 0x0, 0x11, 0x19, 0x21, 0x3, 0xa2, 0x20,
    0x48, 0x6c, 0x80, 0x88, 0x9, 0x2, 0x39, 0x22,
    0x5, 0x86, 0xc0, 0x51, 0x29, 0x12, 0x0, 0x8,
    0x60, 0x61, 0x40, 0x8, 0x1, 0x90, 0x20, 0x6,
    0x1a, 0x6, 0x86, 0x0, 0x64, 0x42, 0xa, 0x0,
    0x0, 0x14, 0x80, 0x0, 0x0, 0x2, 0xa0, 0x0,
    0x0,

    /* U+269B "⚛" */
    0x6f, 0xff, 0xff, 0xfe, 0x3f, 0xff, 0xff, 0xff,
    0xdf, 0xff, 0xd7, 0xff, 0xf7, 0xff, 0xdf, 0x7f,
    0xfd, 0xfe, 0x57, 0xe5, 0x7f, 0x7e, 0xb9, 0x15,
    0xf7, 0xdf, 0xae, 0x19, 0x3d, 0xf7, 0xf7, 0x2f,
    0xca, 0xbd, 0xfe, 0x1d, 0x31, 0x7f, 0x7f, 0x63,
    0xfc, 0x9b, 0xdf, 0xae, 0x29, 0x7d, 0xf7, 0xeb,
    0x90, 0x5f, 0x7d, 0xfe, 0x57, 0xd5, 0x7f, 0x7f,
    0xfd, 0xf7, 0xff, 0xdf, 0xff, 0xd7, 0xff, 0xf7,
    0xff, 0xff, 0xff, 0xfd, 0x6f, 0xff, 0xff, 0xfe,
    0x0,

    /* U+269C "⚜" */
    0x0, 0x0, 0x0, 0x0, 0x0, 0x2, 0x80, 0x0,
    0x0, 0x8, 0x20, 0x0, 0x0, 0x4, 0x14, 0x0,
    0x0, 0x20, 0x8, 0x0, 0x0, 0x20, 0x8, 0x0,
    0x6, 0x60, 0x9, 0x90, 0x20, 0x70, 0xd, 0x8,
    0x40, 0x8, 0x20, 0x2, 0x85, 0x58, 0x25, 0x62,
    0x58, 0xba, 0xbe, 0x25, 0x18, 0x7f, 0xbd, 0x24,
    0x2, 0x98, 0x26, 0x80, 0x2, 0xc, 0x30, 0x80,
    0x0, 0x94, 0x26, 0x0, 0x0, 0x2, 0x40, 0x0,
    0x0, 0x0, 0x40, 0x0,

    /* U+26A0 "⚠" */
    0x0, 0x1, 0x40, 0x0, 0x0, 0x5, 0x50, 0x0,
    0x0, 0x8, 0x20, 0x0, 0x0, 0x14, 0x14, 0x0,
    0x0, 0x20, 0x8, 0x0, 0x0, 0x52, 0xc5, 0x0,
    0x0, 0x82, 0xc2, 0x0, 0x1, 0x42, 0xc1, 0x40,
    0x2, 0x2, 0xc0, 0x80, 0x1, 0x1, 0x80, 0x50,
    0x8, 0x1, 0x80, 0x20, 0x4, 0x1, 0x80, 0x14,
    0x20, 0x0, 0x0, 0x8, 0x20, 0x1, 0x80, 0x5,
    0x80, 0x0, 0x0, 0x2, 0x80, 0x0, 0x0, 0x2,
    0x6a, 0xaa, 0xaa, 0xa9,

    /* U+26A1 "⚡" */
    0x0, 0x0, 0x1, 0x0, 0x0, 0x0, 0xb0, 0x0,
    0x0, 0x26, 0x0, 0x0, 0x8, 0x80, 0x0, 0x6,
    0x14, 0x0, 0x2, 0x42, 0x0, 0x0, 0x80, 0x40,
    0x0, 0x60, 0xa, 0xa9, 0x14, 0x0, 0x0, 0x83,
    0xaa, 0x80, 0x60, 0x0, 0x14, 0x14, 0x0, 0x2,
    0x9, 0x0, 0x0, 0x82, 0x0, 0x0, 0x4, 0x80,
    0x0, 0x2, 0x60, 0x0, 0x0, 0x74, 0x0, 0x0,
    0x0, 0x0, 0x0, 0x0,

    /* U+26A7 "⚧" */
    0x15, 0x0, 0x0, 0x55, 0x1f, 0xd0, 0x0, 0x3f,
    0xc7, 0xd2, 0x0, 0x3, 0xf1, 0xef, 0xd0, 0x3,
    0xdc, 0x63, 0xe1, 0x53, 0xc2, 0x2, 0xef, 0xff,
    0xc0, 0x0, 0x3, 0xc1, 0xe0, 0x0, 0x1, 0xc0,
    0x1c, 0x0, 0x0, 0x70, 0x7, 0x0, 0x0, 0xd,
    0x2, 0xc0, 0x0, 0x2, 0xd2, 0xd0, 0x0, 0x0,
    0x2f, 0xd0, 0x0, 0x0, 0x1, 0xc0, 0x0, 0x0,
    0x0, 0x70, 0x0, 0x0, 0x0, 0xff, 0xc0, 0x0,
    0x0, 0x1b, 0x40, 0x0, 0x0, 0x1, 0xc0, 0x0,
    0x0,

    /* U+26AA "⚪" */
    0x0, 0x6, 0x90, 0x0, 0x0, 0x24, 0x1, 0x80,
    0x0, 0x60, 0x50, 0x9, 0x0, 0x21, 0x90, 0x0,
    0x90, 0x21, 0x40, 0x0, 0x8, 0x14, 0x80, 0x0,
    0x0, 0x48, 0x80, 0x0, 0x0, 0x22, 0x20, 0x0,
    0x0, 0x8, 0x80, 0x0, 0x0, 0x2, 0x20, 0x0,
    0x0, 0x0, 0x88, 0x0, 0x0, 0x0, 0x21, 0x40,
    0x0, 0x0, 0x4, 0x20, 0x0, 0x0, 0x8, 0x2,
    0x0, 0x0, 0x5, 0x0, 0x60, 0x0, 0x9, 0x0,
    0x2, 0x40, 0x19, 0x0, 0x0, 0x6, 0xa0, 0x0,
    0x0,

    /* U+26AB "⚫" */
    0x0, 0x6, 0x90, 0x0, 0x0, 0x2c, 0x23, 0x90,
    0x0, 0x61, 0x4, 0x46, 0x0, 0x3d, 0xd7, 0x75,
    0xd0, 0x21, 0x10, 0x44, 0x18, 0x1e, 0xdd, 0x77,
    0x5e, 0xc8, 0x11, 0x4, 0x41, 0x22, 0x4, 0x41,
    0x10, 0x44, 0xdb, 0x75, 0xdd, 0x77, 0x60, 0x44,
    0x11, 0x4, 0x48, 0x11, 0x4, 0x41, 0x21, 0xed,
    0xd7, 0x75, 0xec, 0x21, 0x10, 0x44, 0x18, 0x3,
    0xdd, 0x77, 0x5e, 0x0, 0x61, 0x4, 0x46, 0x0,
    0x2, 0xc2, 0x39, 0x0, 0x0, 0x6, 0xa4, 0x0,
    0x0,

    /* U+26B0 "⚰" */
    0x1, 0x90, 0x0, 0x0, 0x9, 0x1a, 0x40, 0x0,
    0x60, 0x0, 0x60, 0x0, 0xc0, 0x0, 0x8, 0x0,
    0xa0, 0x0, 0x2, 0x0, 0xa0, 0x0, 0x1, 0x40,
    0x94, 0x0, 0x0, 0x90, 0x5c, 0x0, 0x0, 0x20,
    0x29, 0x90, 0x0, 0x8, 0x28, 0x19, 0x0, 0x2,
    0xc, 0x91, 0x90, 0xb, 0xd, 0x14, 0x19, 0x22,
    0x0, 0xa0, 0x50, 0xc2, 0x0, 0xa, 0x4, 0x82,
    0x0, 0x0, 0xa0, 0x88, 0x0, 0x0, 0xa, 0xe0,
    0x0, 0x0, 0x0, 0x40,

    /* U+26B1 "⚱" */
    0x1, 0xa4, 0x0, 0x20, 0x5, 0x0, 0xaa, 0xb0,
    0x3, 0x0, 0xc0, 0x25, 0xa9, 0x81, 0x0, 0x0,
    0x8e, 0x40, 0x17, 0x35, 0x55, 0x4c, 0x9a, 0xaa,
    0x62, 0x0, 0x0, 0x84, 0x0, 0x2, 0x14, 0x0,
    0x8, 0x20, 0x0, 0x50, 0xc0, 0x3, 0x1, 0xaa,
    0xa8, 0x2, 0x40, 0x80, 0x1, 0xa4, 0x0,

    /* U+26BD "⚽" */
    0x0, 0x6, 0xa0, 0x0, 0x0, 0x38, 0xb, 0xd0,
    0x0, 0x78, 0x0, 0xca, 0x0, 0x7f, 0x0, 0x60,
    0x50, 0x3e, 0x2b, 0xfc, 0x8, 0x1e, 0x1, 0xff,
    0x80, 0xca, 0x0, 0x3f, 0xfe, 0xb2, 0x80, 0xf,
    0xfc, 0x2c, 0xa0, 0xa, 0xfd, 0x3, 0x6a, 0x8,
    0x3, 0x0, 0xca, 0xfc, 0x0, 0x40, 0x31, 0xff,
    0x0, 0x14, 0x28, 0x3f, 0xc0, 0xb, 0xf8, 0x7,
    0xea, 0xb, 0xfa, 0x0, 0x60, 0x1f, 0xfe, 0x0,
    0x2, 0x40, 0xfd, 0x0, 0x0, 0x6, 0xa4, 0x0,
    0x0,

    /* U+26BE "⚾" */
    0x0, 0xa, 0x90, 0x0, 0x0, 0x26, 0x81, 0x80,
    0x0, 0x60, 0x2c, 0x9, 0x0, 0x20, 0x5, 0xa0,
    0x90, 0x20, 0x0, 0x38, 0x8, 0x15, 0x0, 0x0,
    0xf0, 0x4a, 0xfa, 0x0, 0x29, 0x63, 0x12, 0xc0,
    0x0, 0xf8, 0x80, 0xe, 0x0, 0x3, 0x20, 0x1,
    0x80, 0x0, 0x88, 0x0, 0x3c, 0x0, 0x21, 0x40,
    0x6, 0x0, 0x4, 0x20, 0x0, 0xd0, 0x8, 0x2,
    0x0, 0x30, 0x5, 0x0, 0x60, 0xd, 0x9, 0x0,
    0x2, 0x43, 0x18, 0x0, 0x0, 0x6, 0x90, 0x0,
    0x0,

    /* U+26C4 "⛄" */
    0x0, 0xa, 0x40, 0x0, 0x1, 0xfd, 0x0, 0x0,
    0x1f, 0xc0, 0x0, 0xb, 0xfe, 0x0, 0x0, 0xd5,
    0x70, 0x0, 0x14, 0x0, 0x80, 0x2, 0x10, 0x48,
    0x0, 0x20, 0x0, 0x80, 0x1, 0x45, 0x8, 0x2,
    0x88, 0x1, 0x9c, 0xb, 0x0, 0x7, 0x0, 0x80,
    0x0, 0x20, 0x8, 0x0, 0x2, 0x0, 0x80, 0x0,
    0x20, 0x2, 0x0, 0x5, 0x0, 0x18, 0x2, 0x40,
    0x0, 0x1a, 0x40, 0x0,

    /* U+26C5 "⛅" */
    0x0, 0x0, 0x50, 0x0, 0x0, 0x0, 0x80, 0xa0,
    0x0, 0x0, 0x0, 0xa6, 0x20, 0x0, 0x0, 0x0,
    0x8f, 0xb6, 0xb0, 0x0, 0x0, 0xa4, 0x1c, 0xa0,
    0x0, 0x2a, 0xc0, 0xa, 0x5a, 0x0, 0x18, 0x80,
    0x10, 0x0, 0x80, 0x2, 0xc1, 0xa0, 0x0, 0x50,
    0x1, 0xc9, 0x24, 0x0, 0x20, 0x2, 0x34, 0x8,
    0x0, 0x20, 0x9, 0xf0, 0x0, 0x0, 0x28, 0x7,
    0x40, 0x0, 0x0, 0x5, 0x2, 0x0, 0x0, 0x0,
    0x2, 0x2, 0x0, 0x0, 0x0, 0x5, 0x0, 0xaa,
    0xaa, 0xaa, 0xa4,

    /* U+26C8 "⛈" */
    0x0, 0x0, 0x1a, 0x40, 0x0, 0x0, 0x9, 0x2,
    0x0, 0x0, 0x2, 0x0, 0x8, 0x0, 0x1, 0xb0,
    0x0, 0x10, 0x0, 0x90, 0x80, 0x2, 0x0, 0x14,
    0x2, 0x0, 0x20, 0xa, 0x0, 0x0, 0x1, 0x82,
    0x0, 0x0, 0x0, 0x2, 0x20, 0x0, 0x0, 0x0,
    0x21, 0x95, 0x55, 0x55, 0x58, 0x0, 0x56, 0x59,
    0x54, 0x0, 0x14, 0x20, 0xa4, 0x50, 0x3, 0x83,
    0x52, 0xe, 0x0, 0x20, 0x16, 0x50, 0x80, 0x0,
    0x14, 0x38, 0x0, 0x0, 0x3, 0x42, 0x0, 0x0,
    0x0, 0x20, 0x0, 0x0, 0x0,

    /* U+26CE "⛎" */
    0x0, 0x6, 0x90, 0x0, 0x0, 0x2f, 0xff, 0xc0,
    0x0, 0x7f, 0xff, 0xfd, 0x0, 0x3f, 0xff, 0xff,
    0xd0, 0x3f, 0x9f, 0xfa, 0xfc, 0x1f, 0xe7, 0xfe,
    0xbf, 0x4b, 0xf9, 0xbf, 0xaa, 0xf3, 0xf4, 0x10,
    0x51, 0xfc, 0xfd, 0x9f, 0xe6, 0xff, 0x3f, 0xe7,
    0xfe, 0xbf, 0xcb, 0xf9, 0xff, 0xaf, 0xf1, 0xff,
    0x3f, 0xdb, 0xf4, 0x3f, 0xd7, 0xd7, 0xfc, 0x7,
    0xfe, 0x7, 0xfd, 0x0, 0x7f, 0xff, 0xfd, 0x0,
    0x3, 0xff, 0xfd, 0x0, 0x0, 0x6, 0xa0, 0x0,
    0x0,

    /* U+26CF "⛏" */
    0x0, 0x0, 0x5a, 0x0, 0x0, 0xa, 0x69, 0x0,
    0x0, 0xe0, 0x80, 0x0, 0x3, 0x46, 0x0, 0x0,
    0x9, 0x8, 0x0, 0x0, 0x4, 0x42, 0x0, 0x0,
    0x22, 0x63, 0x80, 0x0, 0x25, 0x1c, 0x50, 0x0,
    0x58, 0x6, 0x14, 0x0, 0xa0, 0x1, 0x45, 0x0,
    0x90, 0x0, 0x82, 0x40, 0x40, 0x0, 0x20, 0x90,
    0x0, 0x0, 0x8, 0x24, 0x0, 0x0, 0x2, 0x8,
    0x0, 0x0, 0x1, 0x42, 0x0, 0x0, 0x0, 0x56,
    0x0, 0x0, 0x0, 0x14,

    /* U+26D1 "⛑" */
    0x0, 0x1e, 0xa8, 0x0, 0x0, 0x3e, 0x3, 0xd0,
    0x0, 0x37, 0x40, 0xe9, 0x0, 0x20, 0x80, 0x14,
    0x80, 0x14, 0x1, 0x80, 0x8, 0x8, 0x1, 0xb4,
    0x2, 0x2, 0x0, 0xff, 0x0, 0x52, 0x80, 0x7,
    0x0, 0xc, 0x85, 0x0, 0x40, 0x1, 0x18, 0x64,
    0x0, 0x1, 0x41, 0xaa, 0xaa, 0xaa, 0x80, 0x20,
    0x0, 0x0, 0x10, 0x8, 0x0, 0x0, 0x20, 0x0,
    0x80, 0x0, 0x18, 0x0, 0x18, 0x0, 0x18, 0x0,
    0x0, 0xbf, 0xe0, 0x0, 0x0, 0x1, 0x40, 0x0,
    0x0,

    /* U+26D3 "⛓" */
    0x0, 0x0, 0x0, 0x4, 0x45, 0x2, 0x20, 0x4e,
    0x90, 0x72, 0x81, 0x8a, 0xb, 0x31, 0x1c, 0xc0,
    0x96, 0x10, 0xcc, 0x9, 0x11, 0x28, 0xa0, 0xa7,
    0x14, 0xe9, 0x6, 0x28, 0x44, 0x50, 0x33, 0x4,
    0x95, 0x3, 0x34, 0x5c, 0xa0, 0xa2, 0x42, 0xcd,
    0xa, 0xa1, 0xc, 0x80, 0x91, 0x22, 0x89, 0xa,
    0xb1, 0x4c, 0xa0, 0xa2, 0x44, 0x95, 0x3, 0x30,
    0x44, 0x50, 0x11, 0x0,

    /* U+26D4 "⛔" */
    0x0, 0xa, 0xa4, 0x0, 0x0, 0x3f, 0xff, 0xd0,
    0x0, 0x7f, 0xff, 0xfe, 0x0, 0x7f, 0xff, 0xff,
    0xe0, 0x3f, 0xff, 0xff, 0xfd, 0x1f, 0xff, 0xff,
    0xff, 0xcf, 0xff, 0xff, 0xff, 0xf3, 0xe0, 0x0,
    0x0, 0x7c, 0xf4, 0x0, 0x0, 0xf, 0x3f, 0xaa,
    0xaa, 0xab, 0xcb, 0xff, 0xff, 0xff, 0xf0, 0xff,
    0xff, 0xff, 0xf4, 0x2f, 0xff, 0xff, 0xfc, 0x2,
    0xff, 0xff, 0xfc, 0x0, 0x2f, 0xff, 0xfc, 0x0,
    0x0, 0xbf, 0xe4, 0x0, 0x0, 0x0, 0x0, 0x0,
    0x0,

    /* U+26E9 "⛩" */
    0x14, 0x0, 0x0, 0x0, 0x4, 0x3f, 0xa4, 0x0,
    0x16, 0xfd, 0x20, 0x6b, 0xff, 0xf9, 0x48, 0x8,
    0x0, 0x0, 0x0, 0x20, 0x1, 0xae, 0xa6, 0xbb,
    0x40, 0x0, 0x48, 0x24, 0x16, 0x0, 0x2, 0x87,
    0xa6, 0xa1, 0xd0, 0x5, 0x0, 0x0, 0x0, 0x20,
    0x6, 0x8a, 0xaa, 0xa2, 0xa0, 0x0, 0x48, 0x0,
    0x16, 0x0, 0x0, 0x48, 0x0, 0x16, 0x0, 0x0,
    0x48, 0x0, 0x16, 0x0, 0x0, 0x48, 0x0, 0x16,
    0x0, 0x0, 0x48, 0x0, 0x16, 0x0, 0x0, 0x9c,
    0x0, 0x2b, 0x0, 0x0, 0xfc, 0x0, 0x3f, 0x0,
    0x0, 0x68, 0x0, 0x1a, 0x0,

    /* U+26EA "⛪" */
    0x0, 0x1, 0x0, 0x0, 0x0, 0x70, 0x0, 0x0,
    0x7, 0x0, 0x0, 0x0, 0x94, 0x0, 0x0, 0x20,
    0x80, 0x0, 0x7, 0xab, 0x0, 0x0, 0x20, 0x10,
    0x0, 0x2, 0x1, 0x0, 0x0, 0x7b, 0x30, 0x0,
    0x16, 0x62, 0x80, 0x5, 0x20, 0x12, 0x1, 0x42,
    0x1, 0x8, 0x35, 0x2a, 0x55, 0x92, 0x52, 0x95,
    0x58, 0x2f, 0x2e, 0x5f, 0x82, 0x12, 0xf5, 0x18,
    0x2a, 0xbf, 0xfa, 0x80,

    /* U+26F0 "⛰" */
    0x0, 0x0, 0x0, 0x0, 0x0, 0x0, 0x0, 0x1c,
    0x0, 0x0, 0x0, 0x0, 0x2f, 0x0, 0x0, 0x0,
    0x0, 0xcf, 0x40, 0x0, 0x0, 0x3, 0xcb, 0x80,
    0x0, 0x0, 0x6, 0xc3, 0x20, 0x0, 0x0, 0x8,
    0xc3, 0x38, 0x0, 0x0, 0x8, 0xc3, 0x29, 0x0,
    0x0, 0x22, 0x8f, 0xe7, 0x0, 0x0, 0x13, 0x5f,
    0x43, 0x80, 0x1, 0xd2, 0xfc, 0x7, 0xd0, 0x5,
    0x7a, 0xf0, 0xbf, 0xfc, 0x8, 0x7f, 0xc3, 0xff,
    0xbc, 0x20, 0xb4, 0x6f, 0x7e, 0x7e, 0x3f, 0xff,
    0xfe, 0x3e, 0xbd, 0x6, 0xff, 0xff, 0xff, 0x90,
    0x0, 0x0, 0x4, 0x0, 0x0,

    /* U+26F1 "⛱" */
    0x0, 0x0, 0x4, 0x0, 0x0, 0x0, 0x6a, 0xb0,
    0x0, 0x0, 0x19, 0x7, 0xf4, 0x0, 0x2, 0x40,
    0xbf, 0x58, 0x0, 0x14, 0x7, 0xff, 0x8, 0x0,
    0x80, 0x3f, 0xfc, 0x8, 0x2, 0xa2, 0xff, 0xf4,
    0x20, 0x0, 0x2f, 0xbf, 0xd0, 0x10, 0x0, 0x0,
    0x8b, 0x0, 0x80, 0x0, 0x2, 0xe, 0xa6, 0x0,
    0x0, 0x14, 0x0, 0x14, 0x0, 0x5a, 0xd0, 0x0,
    0x0, 0xa5, 0x3, 0x5a, 0xaa, 0xa2, 0x2, 0x48,
    0x0, 0x0, 0x88, 0x6, 0xe5, 0x0, 0x2, 0x20,
    0x0, 0x0, 0x0, 0x8, 0x6a, 0xaa, 0xaa, 0xaa,
    0xa0,

    /* U+26F2 "⛲" */
    0x0, 0x54, 0x50, 0x0, 0x5, 0x64, 0x40, 0x2,
    0x44, 0x64, 0x0, 0x24, 0xe1, 0x50, 0x2, 0x8f,
    0x55, 0x0, 0x5a, 0xf6, 0x20, 0x9, 0x15, 0x22,
    0x0, 0x22, 0xa8, 0x50, 0x1, 0x7f, 0xe4, 0x0,
    0x14, 0xf5, 0x40, 0x6, 0x6f, 0xa6, 0x46, 0x0,
    0xf4, 0x6, 0x82, 0xa, 0x41, 0x3b, 0x90, 0x0,
    0x6e, 0x3f, 0xff, 0xff, 0xc0, 0xbf, 0xff, 0xe0,
    0x0, 0x6a, 0x90, 0x0,

    /* U+26F3 "⛳" */
    0x0, 0x0, 0x40, 0x0, 0x0, 0x0, 0xe8, 0x0,
    0x0, 0x0, 0x81, 0xa8, 0x0, 0x0, 0x80, 0x20,
    0x0, 0x0, 0x86, 0x40, 0x0, 0x0, 0xe0, 0x0,
    0x0, 0x0, 0xc0, 0x0, 0x0, 0x0, 0x80, 0x0,
    0x6, 0xaa, 0xd0, 0x0, 0x60, 0x0, 0x86, 0x80,
    0x80, 0x0, 0xc0, 0x24, 0x24, 0x1, 0x80, 0x5,
    0x6, 0x0, 0x0, 0x2, 0x0, 0x80, 0x0, 0x2,
    0x0, 0x50, 0x0, 0x6, 0x0, 0x18, 0x0, 0x64,
    0x0, 0x1, 0xa9, 0x40,

    /* U+26F4 "⛴" */
    0x0, 0x6, 0xa4, 0x0, 0x0, 0x0, 0x14, 0xdb,
    0x0, 0x0, 0x1, 0xae, 0x8, 0x0, 0x0, 0x8,
    0x64, 0x16, 0x90, 0x0, 0xa0, 0x85, 0x50, 0x80,
    0x2, 0x12, 0x0, 0x2, 0x0, 0x32, 0x8c, 0x55,
    0x2, 0x0, 0x89, 0x20, 0x0, 0x8, 0x5, 0x7c,
    0x41, 0x54, 0x22, 0x7b, 0xff, 0xaa, 0x50, 0x8e,
    0xef, 0xfd, 0x88, 0xa7, 0x60, 0x0, 0x5, 0x6a,
    0xad, 0x80, 0x0, 0x0, 0x0, 0x12, 0x0, 0x0,
    0x0, 0x0, 0x41, 0x0, 0x0, 0x0, 0x1, 0x9,
    0x0, 0x0, 0x0, 0x8, 0x6, 0xaa, 0xaa, 0xaa,
    0x80,

    /* U+26F5 "⛵" */
    0x0, 0x0, 0x80, 0x0, 0x0, 0x7, 0x0, 0x0,
    0x0, 0x7e, 0x0, 0x0, 0x5, 0xa8, 0x0, 0x0,
    0x62, 0x94, 0x0, 0x2, 0xa, 0x20, 0x0, 0x20,
    0x28, 0x40, 0x1, 0x40, 0xa0, 0x80, 0x8, 0x2,
    0x42, 0x0, 0x50, 0xd, 0x5, 0x2, 0x0, 0x34,
    0x8, 0x8, 0x6a, 0xfa, 0xb0, 0x24, 0x1, 0x40,
    0x1, 0x47, 0xe9, 0x50, 0x9, 0xbf, 0xff, 0xd4,
    0x14, 0x0, 0x0, 0x59, 0x1a, 0xaa, 0xaa, 0xa0,

    /* U+26F7 "⛷" */
    0x9, 0x0, 0x0, 0x0, 0x1f, 0xf0, 0x0, 0x0,
    0xf, 0xfd, 0x0, 0x0, 0x3, 0xff, 0xff, 0xd0,
    0xb4, 0xbf, 0xff, 0xff, 0xa8, 0xb, 0xff, 0xfe,
    0x90, 0x0, 0x7, 0xfb, 0xc0, 0x0, 0x1, 0xff,
    0x40, 0x0, 0xf, 0xff, 0x80, 0x1, 0xb, 0xf0,
    0xf0, 0x5, 0x80, 0x0, 0x1f, 0x5, 0x40, 0x0,
    0x3, 0xe5, 0x0, 0x0, 0x7, 0xe4, 0x0, 0x0,
    0x1, 0x94, 0x0, 0x0, 0x1, 0x50, 0x0, 0x0,
    0x15, 0x40, 0x0, 0x0, 0x5, 0x0, 0x0, 0x0,
    0x0,

    /* U+26F8 "⛸" */
    0x0, 0x0, 0x90, 0x0, 0x0, 0x1, 0xa1, 0x40,
    0x0, 0x0, 0x80, 0x8, 0x0, 0x0, 0x20, 0xe,
    0xc0, 0x0, 0x2, 0x0, 0xc, 0x0, 0x0, 0x10,
    0xb, 0xc0, 0x0, 0x4, 0x0, 0xd, 0x0, 0x0,
    0x80, 0x3, 0xe0, 0x0, 0x8, 0x0, 0x3, 0xc0,
    0x0, 0x80, 0x0, 0x63, 0x40, 0xe, 0x40, 0x0,
    0xd9, 0x0, 0x86, 0xa4, 0x0, 0x18, 0x8, 0x10,
    0x6a, 0xaa, 0xa0, 0x7a, 0x15, 0x0, 0x9, 0x3,
    0x40, 0x16, 0xea, 0xc2, 0xfd, 0x55, 0x1d, 0xc,
    0x1, 0xaa, 0xff, 0xff, 0xc0,

    /* U+26F9 "⛹" */
    0x0, 0x1, 0x90, 0x0, 0x0, 0x7, 0xf4, 0x0,
    0x0, 0xf, 0xfc, 0x0, 0x0, 0xf, 0xf8, 0x0,
    0x0, 0x3, 0xf9, 0x0, 0x0, 0xb, 0xff, 0xe0,
    0x0, 0x2f, 0xff, 0xbd, 0x1, 0xff, 0xff, 0xf,
    0xf, 0xe3, 0xff, 0x1, 0x5, 0x2, 0xff, 0x40,
    0x0, 0x2, 0xff, 0x40, 0x2a, 0x3, 0xff, 0x40,
    0x6a, 0x87, 0xef, 0x9c, 0xa6, 0x87, 0xcb, 0xfd,
    0x2a, 0x4b, 0x81, 0x94, 0x4, 0xf, 0x80, 0x0,
    0x0, 0x6, 0x0, 0x0,

    /* U+26FA "⛺" */
    0x0, 0x0, 0x0, 0x0, 0x0, 0x0, 0x26, 0xaa,
    0xa0, 0x0, 0x0, 0x20, 0x0, 0x8c, 0x0, 0x0,
    0x40, 0x0, 0x89, 0x0, 0x0, 0x80, 0x2, 0x2,
    0x0, 0x1, 0x40, 0x2, 0x12, 0x0, 0x2, 0x0,
    0x4, 0x30, 0x80, 0x4, 0x0, 0x8, 0x54, 0x80,
    0x8, 0x0, 0x10, 0xc8, 0x60, 0x34, 0x0, 0x22,
    0xc8, 0x20, 0x30, 0x0, 0x43, 0x87, 0x19, 0x38,
    0x1, 0x8b, 0x87, 0x8b, 0x2, 0x93, 0x4f, 0xeb,
    0xff, 0x0, 0x1b, 0xbf, 0x0, 0x40, 0x0, 0x0,
    0x0, 0x0, 0x0,

    /* U+26FD "⛽" */
    0x1, 0xaa, 0x40, 0x1, 0x6, 0x0, 0x8, 0x1,
    0x42, 0x2a, 0xa8, 0x81, 0x40, 0x8d, 0x57, 0x31,
    0x50, 0x13, 0xa9, 0xcd, 0x4c, 0x4, 0x85, 0x23,
    0x5a, 0x1, 0x25, 0x54, 0xd5, 0x80, 0x45, 0x55,
    0x21, 0xc0, 0x10, 0x14, 0xc, 0x20, 0x4, 0x20,
    0x83, 0x48, 0x1, 0x22, 0x44, 0xa6, 0x0, 0x48,
    0xe1, 0x23, 0x80, 0x10, 0x82, 0x8, 0xb0, 0x4,
    0x5, 0x2, 0x21, 0x3, 0xaa, 0xaa, 0xc8, 0x82,
    0x0, 0x0, 0x15, 0x80, 0x6a, 0xaa, 0xa8, 0x0,
    0x0,

    /* U+2702 "✂" */
    0x6, 0x40, 0x1, 0x90, 0x20, 0x60, 0x9, 0x8,
    0x46, 0x54, 0x14, 0x92, 0x88, 0x88, 0x22, 0x22,
    0x48, 0x88, 0x22, 0x21, 0x22, 0xa, 0xa0, 0x88,
    0xa, 0x99, 0xa6, 0xa0, 0x0, 0x28, 0x38, 0x0,
    0x0, 0xc, 0x20, 0x0, 0x0, 0x16, 0x4, 0x0,
    0x0, 0x22, 0x48, 0x0, 0x0, 0x12, 0x84, 0x0,
    0x0, 0x85, 0x22, 0x0, 0x0, 0x88, 0x22, 0x0,
    0x1, 0x20, 0x9, 0x40, 0x2, 0x90, 0x6, 0x40,
    0x0, 0x40, 0x1, 0x0,

    /* U+2705 "✅" */
    0x15, 0x55, 0x55, 0x54, 0x3f, 0xff, 0xff, 0xff,
    0xcf, 0xff, 0xff, 0xff, 0xf7, 0xff, 0xff, 0xfc,
    0x7d, 0xff, 0xff, 0xfc, 0x1f, 0x7f, 0xff, 0xfd,
    0xf, 0xdf, 0xef, 0xfd, 0xf, 0xf7, 0xd1, 0xfe,
    0xb, 0xfd, 0xf8, 0x3f, 0x7, 0xff, 0x7f, 0xb,
    0x7, 0xff, 0xdf, 0xd1, 0x3, 0xff, 0xf7, 0xf8,
    0x3, 0xff, 0xfd, 0xff, 0x2, 0xff, 0xff, 0x7f,
    0xe2, 0xff, 0xff, 0xdf, 0xff, 0xff, 0xff, 0xf7,
    0xff, 0xff, 0xff, 0xfc, 0x15, 0x55, 0x55, 0x55,
    0x0,

    /* U+2708 "✈" */
    0x0, 0x0, 0x0, 0x5, 0xa, 0x40, 0x28, 0x3d,
    0x56, 0x6, 0xae, 0x24, 0x60, 0x38, 0x7, 0xf0,
    0xc, 0x0, 0xd0, 0x20, 0x8, 0x0, 0x3, 0x20,
    0x19, 0x0, 0x0, 0x30, 0x1e, 0x0, 0x0, 0x24,
    0xa, 0xf8, 0x0, 0x14, 0x9, 0x3c, 0x0, 0x8,
    0xf, 0x8, 0xb, 0xac, 0x8, 0xa1, 0x40, 0xbd,
    0x18, 0x5, 0x20, 0x7, 0x34, 0x1, 0x88, 0x2,
    0xbd, 0x0, 0x15, 0x40, 0x97, 0x80, 0x6, 0x20,
    0x0, 0xf0, 0x0, 0x64, 0x0, 0x0, 0x0, 0x0,
    0x0,

    /* U+2709 "✉" */
    0x6a, 0xaa, 0xaa, 0xaa, 0xaa, 0x40, 0x0, 0x0,
    0xa, 0x89, 0x0, 0x0, 0x6, 0x28, 0x18, 0x0,
    0x1, 0x82, 0x80, 0x60, 0x0, 0x90, 0x28, 0x2,
    0x80, 0x28, 0x2, 0x80, 0x82, 0x8, 0x20, 0x28,
    0x14, 0xa, 0x0, 0x82, 0x82, 0x0, 0x0, 0x8,
    0x28, 0x80, 0x0, 0x0, 0x22, 0x94, 0x0, 0x0,
    0x0, 0xaa, 0x0, 0x0, 0x0, 0x6, 0x6a, 0xaa,
    0xaa, 0xaa, 0xa0,

    /* U+270A "✊" */
    0x0, 0x0, 0x60, 0x0, 0x0, 0x6a, 0x4a, 0x60,
    0x2a, 0x82, 0x8, 0x8, 0x81, 0x82, 0x8, 0x8,
    0x80, 0x82, 0x8, 0x8, 0x80, 0x87, 0x6a, 0xc,
    0x80, 0xd4, 0x0, 0x6c, 0xa1, 0xb0, 0x0, 0x1,
    0x59, 0xa, 0xa4, 0x2, 0x40, 0x0, 0x6, 0x2,
    0x50, 0x0, 0x1, 0x1, 0x20, 0x0, 0x0, 0x4,
    0x20, 0x0, 0x0, 0x8, 0x8, 0x0, 0x0, 0x20,
    0x2, 0x0, 0x0, 0x90, 0x0, 0x90, 0x6, 0x0,
    0x0, 0x6, 0x90, 0x0,

    /* U+270B "✋" */
    0x0, 0x18, 0x0, 0x0, 0x2, 0x20, 0x0, 0x2,
    0xa3, 0x90, 0x1, 0xa2, 0x22, 0x0, 0x22, 0x22,
    0x20, 0x1, 0x22, 0x22, 0x0, 0x22, 0x22, 0x20,
    0x2, 0x22, 0x22, 0x29, 0x20, 0x0, 0x28, 0x22,
    0x0, 0x7, 0x8, 0x20, 0x2, 0x42, 0x2, 0x0,
    0x50, 0x10, 0x20, 0x8, 0x8, 0x2, 0x0, 0x0,
    0x80, 0x20, 0x0, 0x20, 0x0, 0x90, 0x9, 0x0,
    0x1, 0xa9, 0x0, 0x0,

    /* U+270C "✌" */
    0x0, 0x10, 0x0, 0x0, 0x98, 0x29, 0x0, 0x88,
    0x12, 0x0, 0x85, 0x42, 0x0, 0x82, 0x82, 0x0,
    0x42, 0x81, 0x0, 0xf6, 0x85, 0x2b, 0x48, 0x4,
    0x21, 0x48, 0x8, 0x21, 0xae, 0xac, 0x36, 0xc0,
    0x6, 0x20, 0x6a, 0x2, 0x20, 0x1, 0xd2, 0x14,
    0x2, 0x2, 0x8, 0x0, 0x8, 0x2, 0x40, 0x64,
    0x0, 0x6a, 0x40,

    /* U+270D "✍" */
    0x0, 0x0, 0x0, 0x0, 0x0, 0x0, 0xb4, 0x0,
    0x0, 0x0, 0xf0, 0x0, 0x0, 0x3, 0xd0, 0x0,
    0x0, 0x7, 0x80, 0x0, 0x0, 0x1f, 0x0, 0x0,
    0x2, 0xbe, 0x90, 0x0, 0x18, 0x7c, 0x19, 0x0,
    0x20, 0xf0, 0x1, 0x90, 0x22, 0xfa, 0x80, 0x19,
    0x13, 0xc0, 0x0, 0x2, 0x5f, 0x0, 0x0, 0x2,
    0x3c, 0x2a, 0x40, 0x2, 0x3f, 0x9d, 0xd0, 0x2,
    0x74, 0xa5, 0x1a, 0xa8, 0x90, 0x0, 0x0, 0x0,
    0x0, 0x0, 0x0, 0x0,

    /* U+270F "✏" */
    0x1, 0x80, 0x0, 0x0, 0x0, 0x9a, 0x40, 0x0,
    0x0, 0x26, 0xb, 0x0, 0x0, 0x2, 0x80, 0x88,
    0x0, 0x0, 0x30, 0x20, 0xd0, 0x0, 0x0, 0x98,
    0x25, 0x40, 0x0, 0x9, 0x9, 0x85, 0x0, 0x0,
    0x26, 0x82, 0x14, 0x0, 0x0, 0x62, 0x8, 0x50,
    0x0, 0x0, 0x88, 0x21, 0x40, 0x0, 0x2, 0x20,
    0x85, 0x0, 0x0, 0x8, 0x82, 0xb0, 0x0, 0x0,
    0x22, 0x5, 0x40, 0x0, 0x0, 0x8e, 0x8, 0x0,
    0x0, 0x3, 0x80, 0xc0, 0x0, 0x0, 0x6, 0xad,
    0x0, 0x0, 0x0, 0x1, 0x80,

    /* U+2712 "✒" */
    0x0, 0x20, 0x0, 0x0, 0x0, 0x62, 0x0, 0x0,
    0x0, 0x90, 0x20, 0x0, 0x0, 0x50, 0x6, 0x0,
    0x0, 0x60, 0x0, 0xa0, 0x0, 0x20, 0x0, 0x7c,
    0x0, 0x8, 0x0, 0x7e, 0x80, 0x0, 0x90, 0x7d,
    0x9, 0x0, 0x9, 0x3c, 0x0, 0x60, 0x0, 0x7d,
    0x0, 0x8, 0x0, 0x6, 0x0, 0x1, 0x40, 0x0,
    0x20, 0x3c, 0x20, 0x0, 0x2, 0xb, 0x48, 0x0,
    0x0, 0x50, 0x15, 0x40, 0x0, 0x6, 0x91, 0x60,
    0x0, 0x0, 0x6, 0xac, 0x0, 0x0, 0x0, 0xb,
    0x0,

    /* U+2714 "✔" */
    0x0, 0x0, 0x0, 0x2, 0x0, 0x0, 0x0, 0x0,
    0xfc, 0x0, 0x0, 0x0, 0x3f, 0xd0, 0x0, 0x0,
    0xf, 0xfc, 0x0, 0x0, 0x2, 0xff, 0x0, 0x50,
    0x0, 0x7f, 0xc0, 0x3f, 0x40, 0x1f, 0xf4, 0x3,
    0xf8, 0x3, 0xfe, 0x0, 0x2f, 0xc0, 0xff, 0xc0,
    0x1, 0xfd, 0x2f, 0xf0, 0x0, 0xf, 0xe7, 0xfc,
    0x0, 0x0, 0xbf, 0xff, 0x40, 0x0, 0x7, 0xff,
    0xe0, 0x0, 0x0, 0x3f, 0xf8, 0x0, 0x0, 0x2,
    0xff, 0x0, 0x0, 0x0, 0x1f, 0xc0, 0x0, 0x0,
    0x0, 0x60, 0x0, 0x0, 0x0,

    /* U+2716 "✖" */
    0x0, 0x0, 0x0, 0x0, 0x7, 0x0, 0x0, 0xa0,
    0x1f, 0xc0, 0x2, 0xf8, 0x3f, 0xf0, 0xb, 0xfd,
    0x2f, 0xfc, 0x2f, 0xfc, 0xb, 0xff, 0xbf, 0xf0,
    0x2, 0xff, 0xff, 0xc0, 0x0, 0xbf, 0xff, 0x0,
    0x0, 0x3f, 0xfc, 0x0, 0x0, 0xbf, 0xff, 0x0,
    0x2, 0xff, 0xff, 0xc0, 0x7, 0xff, 0xbf, 0xf0,
    0x1f, 0xfc, 0x2f, 0xf8, 0x3f, 0xf0, 0xb, 0xfd,
    0x1f, 0xc0, 0x2, 0xf8, 0x7, 0x0, 0x0, 0xa0,
    0x0, 0x0, 0x0, 0x0,

    /* U+271D "✝" */
    0x6a, 0xaa, 0xaa, 0xa9, 0x3f, 0xff, 0xff, 0xff,
    0xcf, 0xff, 0xff, 0xff, 0xf3, 0xff, 0xfa, 0xff,
    0xfc, 0xff, 0xfe, 0xbf, 0xff, 0x3f, 0xff, 0x9f,
    0xff, 0xcf, 0xfc, 0x0, 0x3f, 0xf3, 0xff, 0xfa,
    0xff, 0xfc, 0xff, 0xfe, 0xbf, 0xff, 0x3f, 0xff,
    0xaf, 0xff, 0xcf, 0xff, 0xeb, 0xff, 0xf3, 0xff,
    0xfa, 0xff, 0xfc, 0xff, 0xfe, 0xbf, 0xff, 0x3f,
    0xff, 0xaf, 0xff, 0xcf, 0xff, 0xff, 0xff, 0xf3,
    0xff, 0xff, 0xff, 0xfc, 0x6a, 0xaa, 0xaa, 0xa9,
    0x0,

    /* U+2721 "✡" */
    0x7f, 0xff, 0xff, 0xfe, 0x3f, 0xff, 0xff, 0xff,
    0xdf, 0xff, 0xfb, 0xff, 0xf7, 0xff, 0xf5, 0xff,
    0xfd, 0xff, 0xfd, 0xdf, 0xff, 0x7f, 0x54, 0x51,
    0x5b, 0xdf, 0xde, 0xbf, 0x77, 0xf7, 0xfd, 0x7f,
    0xe6, 0xfd, 0xff, 0x6f, 0xfc, 0xff, 0x7f, 0xd7,
    0xfe, 0x6f, 0xdf, 0xde, 0xbf, 0x77, 0xf7, 0xf1,
    0x45, 0x15, 0xbd, 0xff, 0xfe, 0xdf, 0xff, 0x7f,
    0xff, 0x5f, 0xff, 0xdf, 0xff, 0xfb, 0xff, 0xf7,
    0xff, 0xff, 0xff, 0xfd, 0x7f, 0xff, 0xff, 0xfe,
    0x0,

    /* U+2728 "✨" */
    0x0, 0x10, 0x0, 0x0, 0x0, 0x0, 0x30, 0x0,
    0xa0, 0x0, 0x0, 0x28, 0x0, 0xa0, 0x0, 0x2,
    0x86, 0x40, 0xa0, 0x0, 0x1, 0x86, 0x0, 0xa0,
    0x0, 0x0, 0x24, 0x1, 0x54, 0x0, 0x0, 0x30,
    0x2, 0x8, 0x0, 0x0, 0x0, 0x18, 0x2, 0x40,
    0x0, 0x87, 0x90, 0x0, 0x6d, 0x0, 0xc1, 0xa4,
    0x1, 0xa4, 0x1, 0x90, 0x6, 0x9, 0x0, 0x6,
    0x20, 0x1, 0x4, 0x0, 0x38, 0xb, 0x0, 0xa0,
    0x0, 0x5, 0x24, 0x0, 0xa0, 0x0, 0x2, 0x50,
    0x0, 0xa0, 0x0, 0x1, 0xc0, 0x0, 0xa0, 0x0,
    0x0, 0xc0, 0x0, 0x50, 0x0,

    /* U+2733 "✳" */
    0x0, 0x1, 0x80, 0x0, 0x0, 0x5, 0x50, 0x0,
    0x2, 0x4, 0x10, 0x90, 0x8, 0x85, 0x12, 0x20,
    0x8, 0x25, 0x58, 0x20, 0x2, 0xd, 0x70, 0x80,
    0x0, 0x82, 0x52, 0x0, 0x6a, 0xb4, 0xe, 0xa9,
    0x80, 0x0, 0x0, 0x2, 0x6a, 0xb4, 0x1e, 0xaa,
    0x0, 0x91, 0x42, 0x0, 0x2, 0xd, 0x70, 0x80,
    0x8, 0x25, 0x58, 0x20, 0x8, 0x85, 0x12, 0x20,
    0x6, 0x4, 0x10, 0x90, 0x0, 0x5, 0x50, 0x0,
    0x0, 0x2, 0x80, 0x0,

    /* U+2734 "✴" */
    0x0, 0x0, 0x0, 0x0, 0x0, 0x0, 0x10, 0x0,
    0x1, 0x80, 0x18, 0x1, 0x80, 0x39, 0xa, 0x6,
    0xc0, 0x2, 0x66, 0x69, 0x20, 0x0, 0x82, 0x4c,
    0x20, 0x0, 0x8, 0x82, 0x14, 0x0, 0x7, 0x90,
    0x1e, 0x40, 0x3d, 0x0, 0x0, 0x2d, 0x0, 0xb8,
    0x1, 0xe4, 0x0, 0x8, 0x82, 0x14, 0x0, 0x8,
    0x24, 0xc2, 0x0, 0x2, 0x26, 0x29, 0x50, 0x3,
    0x90, 0xa0, 0x6c, 0x1, 0x80, 0x18, 0x1, 0x80,
    0x0, 0x1, 0x0, 0x0, 0x0, 0x0, 0x0, 0x0,
    0x0,

    /* U+2744 "❄" */
    0x0, 0x0, 0x40, 0x0, 0x0, 0x2, 0x50, 0x0,
    0x0, 0x1a, 0x68, 0x0, 0x2, 0x48, 0x14, 0x80,
    0x2a, 0x82, 0x62, 0x79, 0x20, 0x92, 0x42, 0x8,
    0x28, 0x1a, 0x68, 0x1c, 0x2a, 0x90, 0x6, 0xa8,
    0x0, 0x15, 0xcc, 0x0, 0x2a, 0x90, 0x6, 0xa8,
    0x28, 0x1a, 0x68, 0x1c, 0x20, 0x92, 0x42, 0x8,
    0x2a, 0x82, 0x52, 0x79, 0x3, 0x88, 0x15, 0xd0,
    0x0, 0x1a, 0x68, 0x0, 0x0, 0x6, 0x50, 0x0,
    0x0, 0x0, 0x40, 0x0,

    /* U+2747 "❇" */
    0x0, 0x1, 0x80, 0x0, 0x0, 0x1, 0x48, 0x0,
    0x0, 0x0, 0x82, 0x0, 0x0, 0x2c, 0x10, 0x82,
    0xc0, 0x7, 0x85, 0x21, 0xe0, 0x0, 0x38, 0x94,
    0xd0, 0x0, 0x2, 0x28, 0x90, 0x1, 0xaa, 0x40,
    0x1a, 0xa4, 0x80, 0x1a, 0xd8, 0x2, 0x25, 0x68,
    0x52, 0x95, 0x81, 0x41, 0x18, 0x41, 0x40, 0x2,
    0x89, 0x5c, 0x0, 0x3, 0xc1, 0x22, 0xd0, 0x2,
    0xc1, 0x8, 0x3c, 0x0, 0x0, 0x82, 0x1, 0x0,
    0x0, 0x14, 0x80, 0x0, 0x0, 0x1, 0x80, 0x0,
    0x0,

    /* U+274C "❌" */
    0x0, 0x0, 0x0, 0x0, 0x1f, 0x0, 0x0, 0xf,
    0x8b, 0xf0, 0x0, 0xf, 0xf0, 0xff, 0x40, 0xf,
    0xf4, 0xf, 0xf4, 0xf, 0xf4, 0x0, 0xff, 0x4f,
    0xf4, 0x0, 0xf, 0xff, 0xf4, 0x0, 0x0, 0xff,
    0xf4, 0x0, 0x0, 0xf, 0xf8, 0x0, 0x0, 0xf,
    0xff, 0x40, 0x0, 0xf, 0xff, 0xf4, 0x0, 0xf,
    0xf4, 0xff, 0x40, 0xf, 0xf4, 0xf, 0xf4, 0xf,
    0xf4, 0x0, 0xff, 0x4b, 0xf4, 0x0, 0xf, 0xf1,
    0xf4, 0x0, 0x0, 0xfc, 0x0, 0x0, 0x0, 0x0,
    0x0,

    /* U+274E "❎" */
    0x15, 0x55, 0x55, 0x54, 0x3f, 0xff, 0xff, 0xff,
    0xcf, 0xff, 0xff, 0xff, 0xf3, 0xd2, 0xff, 0xfc,
    0x3c, 0xf4, 0x2f, 0xfc, 0xf, 0x3f, 0x42, 0xfc,
    0xf, 0xcf, 0xf4, 0x2c, 0xf, 0xf3, 0xff, 0x40,
    0xf, 0xfc, 0xff, 0xf4, 0xf, 0xff, 0x3f, 0xfc,
    0x2, 0xff, 0xcf, 0xfc, 0x4, 0x2f, 0xf3, 0xfc,
    0xf, 0x42, 0xfc, 0xfc, 0xf, 0xf4, 0x2f, 0x3d,
    0xf, 0xff, 0x43, 0xcf, 0xdf, 0xff, 0xfa, 0xf3,
    0xff, 0xff, 0xff, 0xfc, 0x7f, 0xff, 0xff, 0xfe,
    0x0,

    /* U+2753 "❓" */
    0x2, 0xb9, 0x1, 0xff, 0xf8, 0x3f, 0x4b, 0xd7,
    0xc0, 0x3e, 0x10, 0x2, 0xe0, 0x0, 0x3e, 0x0,
    0xb, 0xc0, 0x2, 0xf4, 0x0, 0x7d, 0x0, 0xf,
    0x40, 0x0, 0xf0, 0x0, 0x0, 0x0, 0x0, 0x0,
    0x0, 0xe, 0x0, 0x2, 0xf8, 0x0, 0x2f, 0x80,
    0x0, 0x90, 0x0,

    /* U+2754 "❔" */
    0x1, 0xa4, 0x0, 0x90, 0x28, 0x21, 0xa8, 0x54,
    0x50, 0x22, 0x68, 0x2, 0x20, 0x0, 0x22, 0x0,
    0x8, 0x50, 0x2, 0x48, 0x0, 0x52, 0x0, 0x8,
    0x80, 0x1, 0x54, 0x0, 0xa, 0x0, 0x0, 0x0,
    0x0, 0x1a, 0x0, 0x2, 0x8, 0x0, 0x20, 0x80,
    0x0, 0x90, 0x0,

    /* U+2755 "❕" */
    0x29, 0x14, 0x85, 0x21, 0x48, 0x12, 0x4, 0x81,
    0x20, 0x88, 0x22, 0x8, 0x83, 0xa0, 0x0, 0x0,
    0xa, 0x48, 0x22, 0x8, 0x18, 0x0,

    /* U+2757 "❗" */
    0x3d, 0x3e, 0x3d, 0x3d, 0x3d, 0x3d, 0x3d, 0x3d,
    0x3d, 0x3d, 0x3d, 0x0, 0x0, 0x2d, 0xbf, 0x7f,
    0x18,

    /* U+2763 "❣" */
    0x6, 0x80, 0x29, 0x2, 0x42, 0x58, 0x18, 0x50,
    0x9, 0x0, 0x58, 0x0, 0x0, 0x2, 0x80, 0x0,
    0x0, 0x25, 0x0, 0x0, 0x5, 0x20, 0x0, 0x0,
    0x80, 0x80, 0x0, 0x20, 0x5, 0x0, 0x5, 0x0,
    0x14, 0x1, 0x40, 0x0, 0x60, 0x90, 0x0, 0x1,
    0xa4, 0x0, 0x0, 0x0, 0x0, 0x0, 0x0, 0xa0,
    0x0, 0x0, 0x20, 0x80, 0x0, 0x2, 0x4, 0x0,
    0x0, 0x9, 0x0, 0x0,

    /* U+2764 "❤" */
    0x1, 0xe4, 0x0, 0x78, 0x0, 0xd8, 0xe0, 0x72,
    0x34, 0x28, 0x88, 0x96, 0x22, 0x55, 0x88, 0x83,
    0x22, 0x22, 0x88, 0x88, 0x22, 0x22, 0x28, 0x88,
    0x82, 0x22, 0x22, 0x48, 0x88, 0x22, 0x22, 0x22,
    0x88, 0x82, 0x22, 0x21, 0x28, 0x88, 0x22, 0x22,
    0x80, 0xc8, 0x82, 0x22, 0x34, 0x5, 0x88, 0x22,
    0x22, 0x0, 0x2c, 0x82, 0x22, 0x80, 0x0, 0xd8,
    0x22, 0x30, 0x0, 0x2, 0xc2, 0x28, 0x0, 0x0,
    0x9, 0x23, 0x0, 0x0, 0x0, 0x1b, 0x80, 0x0,
    0x0, 0x0, 0x10, 0x0, 0x0,

    /* U+2795 "➕" */
    0x0, 0x0, 0x0, 0x0, 0x0, 0xb, 0xf0, 0x0,
    0x0, 0xb, 0xf0, 0x0, 0x0, 0xb, 0xf0, 0x0,
    0x0, 0xb, 0xf0, 0x0, 0x0, 0xb, 0xf0, 0x0,
    0x15, 0x5b, 0xf5, 0x54, 0x3f, 0xff, 0xff, 0xfe,
    0x3f, 0xff, 0xff, 0xfe, 0x3f, 0xff, 0xff, 0xfe,
    0x15, 0x5b, 0xf5, 0x54, 0x0, 0xb, 0xf0, 0x0,
    0x0, 0xb, 0xf0, 0x0, 0x0, 0xb, 0xf0, 0x0,
    0x0, 0xb, 0xf0, 0x0, 0x0, 0xb, 0xf0, 0x0,
    0x0, 0x1, 0x50, 0x0,

    /* U+2796 "➖" */
    0x0, 0x0, 0x0, 0x0, 0x3f, 0xff, 0xff, 0xfe,
    0x3f, 0xff, 0xff, 0xfe, 0x3f, 0xff, 0xff, 0xfe,
    0x2a, 0xaa, 0xaa, 0xa9,

    /* U+2797 "➗" */
    0x0, 0x1, 0x80, 0x0, 0x0, 0xb, 0xf0, 0x0,
    0x0, 0xf, 0xf8, 0x0, 0x0, 0xf, 0xf4, 0x0,
    0x0, 0x7, 0xe0, 0x0, 0x0, 0x0, 0x0, 0x0,
    0x0, 0x0, 0x0, 0x0, 0x3f, 0xff, 0xff, 0xfe,
    0x3f, 0xff, 0xff, 0xfe, 0x3f, 0xff, 0xff, 0xfe,
    0x2a, 0xaa, 0xaa, 0xa9, 0x0, 0x0, 0x0, 0x0,
    0x0, 0x3, 0xe0, 0x0, 0x0, 0xf, 0xf4, 0x0,
    0x0, 0xf, 0xf8, 0x0, 0x0, 0xb, 0xf4, 0x0,
    0x0, 0x1, 0x90, 0x0,

    /* U+27A1 "➡" */
    0x15, 0x55, 0x55, 0x54, 0x3f, 0xff, 0xff, 0xff,
    0xcf, 0xff, 0xff, 0xff, 0xf7, 0xff, 0xff, 0xff,
    0xfd, 0xff, 0xff, 0xff, 0xff, 0x7f, 0xff, 0xff,
    0xff, 0xdf, 0xff, 0xff, 0x2f, 0xf7, 0xff, 0xff,
    0xc2, 0xfd, 0xfc, 0x0, 0x0, 0x2f, 0x7f, 0x55,
    0x54, 0xf, 0xdf, 0xff, 0xff, 0xf, 0xf7, 0xff,
    0xff, 0xdf, 0xfd, 0xff, 0xff, 0xff, 0xff, 0x7f,
    0xff, 0xff, 0xff, 0xdf, 0xff, 0xff, 0xff, 0xf7,
    0xff, 0xff, 0xff, 0xfd, 0x7f, 0xff, 0xff, 0xfe,
    0x0,

    /* U+27B0 "➰" */
    0x0, 0x0, 0x0, 0x0, 0x3f, 0xfe, 0xbf, 0xfd,
    0x3f, 0xff, 0xff, 0xfd, 0x0, 0x3f, 0xfc, 0x0,
    0x0, 0xbc, 0x2f, 0x0, 0x0, 0xf0, 0xf, 0x40,
    0x1, 0xf0, 0xb, 0x80, 0x1, 0xf0, 0x7, 0x80,
    0x1, 0xf0, 0xb, 0x80, 0x0, 0xf8, 0x1f, 0x40,
    0x0, 0x7f, 0xfe, 0x0, 0x0, 0x1f, 0xf8, 0x0,
    0x0, 0x0, 0x0, 0x0,

    /* U+27BF "➿" */
    0x0, 0x0, 0x0, 0x0, 0x3, 0xe4, 0x7f, 0xfe,
    0x1b, 0xcb, 0xff, 0xea, 0xbf, 0xfe, 0x2, 0xfe,
    0x0, 0x7f, 0xc0, 0x1f, 0x2e, 0x3, 0xcb, 0x80,
    0xf0, 0x3c, 0x2c, 0xb, 0x3, 0x80, 0x74, 0xe0,
    0x1d, 0x1d, 0x1, 0xd3, 0x80, 0x38, 0x78, 0x7,
    0x4e, 0x0, 0xe0, 0xf0, 0x3c, 0x3c, 0xb, 0x42,
    0xfb, 0xe0, 0x7e, 0xfc, 0x1, 0xfe, 0x0, 0x7f,
    0x80, 0x0, 0x0, 0x0, 0x0, 0x0,

    /* U+1F300 "🌀" */
    0x0, 0x0, 0x0, 0x0, 0x0, 0x1b, 0xff, 0x40,
    0x0, 0xff, 0xff, 0xf0, 0x7, 0xf4, 0x0, 0xbc,
    0xf, 0x82, 0xfd, 0x1e, 0x2f, 0xf, 0xff, 0xc1,
    0x3c, 0x2f, 0x47, 0xf0, 0x7c, 0x3c, 0x0, 0xf4,
    0x7c, 0x3c, 0xb4, 0x78, 0x7c, 0x3c, 0x3c, 0x7c,
    0x3c, 0x3e, 0x7c, 0x7c, 0x3e, 0x1f, 0xf4, 0xb8,
    0x1f, 0x42, 0x91, 0xf4, 0xb, 0xe0, 0xb, 0xe0,
    0x2, 0xff, 0xff, 0x80, 0x0, 0x7f, 0xfd, 0x0,
    0x0, 0x0, 0x40, 0x0,

    /* U+1F301 "🌁" */
    0x6a, 0xaa, 0xaa, 0xa9, 0x20, 0x0, 0x0, 0x0,
    0x88, 0x0, 0x1, 0xa0, 0x22, 0x0, 0x0, 0xfd,
    0x8, 0x80, 0x0, 0x9b, 0x22, 0x20, 0x0, 0xc6,
    0x93, 0x88, 0x0, 0xa3, 0xf6, 0x72, 0x1, 0xcb,
    0x48, 0xbc, 0x8a, 0x17, 0x56, 0x17, 0x36, 0xe,
    0x56, 0xdf, 0xce, 0xf9, 0x95, 0x70, 0x22, 0x7,
    0xaf, 0x70, 0x8, 0x80, 0x6, 0xe0, 0x2, 0x20,
    0xa, 0x0, 0x0, 0x88, 0x6, 0x0, 0x0, 0x22,
    0x2, 0x0, 0x0, 0x8, 0x6a, 0xaa, 0xaa, 0xa9,
    0x0,

    /* U+1F302 "🌂" */
    0x19, 0x0, 0x0, 0x0, 0x14, 0x50, 0x8, 0x0,
    0x8, 0x95, 0x3a, 0x0, 0x2, 0x2a, 0x96, 0x20,
    0x0, 0x24, 0x2c, 0x48, 0x0, 0x0, 0xaa, 0x8,
    0x80, 0x0, 0x2c, 0x21, 0x60, 0x0, 0x28, 0x82,
    0x21, 0x0, 0x0, 0x85, 0x21, 0x80, 0x0, 0x9,
    0x62, 0x94, 0x0, 0x0, 0x62, 0x66, 0x0, 0x0,
    0x2, 0x55, 0x10, 0x0, 0x0, 0x18, 0x8, 0x0,
    0x0, 0x0, 0x80, 0x40, 0x0, 0x0, 0x6, 0x20,
    0x0, 0x0, 0x0, 0x2c, 0x0, 0x0, 0x0, 0x1,
    0x40,

    /* U+1F303 "🌃" */
    0x5, 0x55, 0x55, 0x55, 0x47, 0xfa, 0xab, 0xff,
    0xfe, 0x7f, 0xbf, 0xbf, 0xff, 0xe4, 0x3a, 0x9b,
    0xff, 0xde, 0x43, 0xaa, 0xdf, 0xfc, 0xe4, 0x3b,
    0x76, 0xfd, 0x7e, 0x43, 0xa7, 0x6f, 0xff, 0xe4,
    0x3b, 0x7f, 0xf5, 0xfa, 0x41, 0x66, 0x9d, 0xa5,
    0x26, 0xaa, 0xbe, 0xba, 0x92, 0x7f, 0xea, 0xd3,
    0xf9, 0x26, 0xaa, 0x99, 0x2a, 0x86, 0x6a, 0xab,
    0xe7, 0xfd, 0x66, 0xaa, 0x7f, 0xff, 0xfe, 0x7f,
    0xff, 0xff, 0xff, 0xe7, 0xff, 0xff, 0xff, 0xfe,
    0x2f, 0xff, 0xff, 0xff, 0xd0,

    /* U+1F304 "🌄" */
    0x7a, 0xef, 0xbe, 0xea, 0x3c, 0x31, 0xcd, 0x31,
    0xcb, 0x89, 0x33, 0x28, 0xf6, 0x34, 0xcc, 0xcc,
    0xb5, 0xc3, 0x22, 0x22, 0x31, 0x7c, 0x55, 0x89,
    0x24, 0xd9, 0xc8, 0x51, 0x54, 0xe6, 0x18, 0x50,
    0x8, 0x85, 0x89, 0x41, 0x40, 0x81, 0x68, 0x92,
    0x45, 0x1a, 0x5c, 0xb, 0x80, 0xa4, 0x36, 0x51,
    0x20, 0x24, 0x9, 0xf0, 0x52, 0x21, 0x3, 0x7c,
    0x8, 0x32, 0x0, 0xdf, 0x1, 0x82, 0x40, 0x37,
    0xc0, 0x3, 0x80, 0xd, 0x6a, 0xaa, 0xaa, 0xaa,
    0x0,

    /* U+1F305 "🌅" */
    0x6f, 0xbe, 0xee, 0xb9, 0x31, 0xca, 0x73, 0x6c,
    0xcf, 0x39, 0xcc, 0xcc, 0x36, 0xe7, 0x33, 0x66,
    0x3d, 0x8d, 0x99, 0xe7, 0x39, 0x74, 0xdd, 0x6d,
    0x68, 0xdf, 0x8d, 0x69, 0x69, 0xf7, 0x1d, 0x90,
    0x66, 0xd5, 0xf9, 0x50, 0x2, 0x5b, 0x61, 0xa0,
    0x0, 0x99, 0x9e, 0xaa, 0xaa, 0xba, 0xb6, 0x10,
    0x55, 0x54, 0x45, 0x80, 0x0, 0x0, 0x11, 0x60,
    0x52, 0xbc, 0x0, 0x58, 0x0, 0x0, 0x0, 0x16,
    0x0, 0x0, 0x0, 0x4, 0x6a, 0xaa, 0xaa, 0xaa,
    0x0,

    /* U+1F306 "🌆" */
    0x0, 0x0, 0x0, 0x0, 0x0, 0x5, 0x54, 0x0,
    0x0, 0x0, 0x40, 0x44, 0x0, 0x5, 0x85, 0x2c,
    0x0, 0x0, 0x44, 0x57, 0xd1, 0x0, 0x4, 0x44,
    0x76, 0x0, 0x0, 0x44, 0x56, 0x60, 0x0, 0x4,
    0x44, 0xbf, 0x4, 0x2, 0x59, 0x46, 0xe2, 0x95,
    0xa6, 0xab, 0x6e, 0xbb, 0x42, 0x7f, 0xf6, 0xff,
    0xf8, 0x26, 0xab, 0x5a, 0xab, 0x2, 0x6a, 0xb6,
    0xeb, 0xfa, 0xa6, 0xab, 0x7e, 0xbf, 0xfe, 0x7a,
    0xbf, 0xff, 0xff, 0xe7, 0xff, 0xff, 0xff, 0xfe,
    0x3f, 0xff, 0xff, 0xff, 0xd0,

    /* U+1F307 "🌇" */
    0x0, 0x55, 0x40, 0x0, 0x0, 0x4, 0x4, 0x0,
    0x0, 0x58, 0x52, 0xc0, 0x0, 0x4, 0x45, 0x7d,
    0x0, 0x0, 0x44, 0x47, 0x60, 0x55, 0x4, 0x45,
    0x66, 0x4, 0x10, 0x44, 0x4b, 0xf2, 0x41, 0x64,
    0x44, 0x6e, 0x51, 0x6a, 0xaa, 0xb6, 0xa4, 0x4d,
    0x67, 0xff, 0x6f, 0x40, 0xd6, 0x6a, 0xb6, 0xa4,
    0x4, 0x66, 0xab, 0x6a, 0x40, 0xfe, 0x6a, 0xbb,
    0xf4, 0xf, 0xe6, 0xab, 0xff, 0x40, 0xfe, 0x7f,
    0xff, 0xf4, 0xf, 0xe1, 0x55, 0x55, 0x0, 0x54,

    /* U+1F308 "🌈" */
    0x0, 0x0, 0x0, 0x1, 0x90, 0x0, 0x0, 0xa,
    0x40, 0x0, 0x0, 0xa, 0x0, 0x0, 0x0, 0x2,
    0x0, 0xa9, 0x0, 0x1, 0x80, 0x90, 0x0, 0x0,
    0x20, 0xa0, 0x29, 0x0, 0x8, 0x24, 0x24, 0x0,
    0x2, 0x5, 0x18, 0x5, 0x0, 0x20, 0x85, 0xa,
    0x40, 0x1e, 0xb0, 0x86, 0x0, 0x6, 0x1, 0xa0,
    0x80, 0x0, 0x80, 0xf, 0x60, 0x0, 0x8, 0x2,
    0xa, 0x0, 0x2, 0x80, 0x10, 0x34, 0x0, 0x80,
    0x0, 0x0, 0x50, 0x4, 0x0, 0x0, 0x2, 0x0,
    0x1a, 0xaa, 0xaa, 0x80, 0x0,

    /* U+1F309 "🌉" */
    0x6a, 0xaa, 0xaa, 0xaa, 0x20, 0x0, 0x0, 0x0,
    0x58, 0x0, 0x11, 0x5, 0x16, 0x0, 0x1f, 0xc0,
    0x5, 0x82, 0x16, 0xe8, 0x1, 0x60, 0x24, 0xdc,
    0xc0, 0x58, 0x25, 0xbb, 0x55, 0x17, 0xa1, 0xd8,
    0xac, 0xa9, 0xc6, 0x97, 0xb6, 0xa2, 0x67, 0x95,
    0x89, 0x5e, 0x5e, 0xeb, 0xb7, 0xbb, 0x76, 0x22,
    0x40, 0x8, 0x85, 0xd5, 0x5b, 0xf5, 0x56, 0x70,
    0x6, 0xed, 0x40, 0x5f, 0xbf, 0xff, 0xff, 0xb6,
    0x0, 0xe, 0xc0, 0x5, 0x6a, 0xab, 0xba, 0xaa,
    0x0,

    /* U+1F30A "🌊" */
    0x0, 0x1, 0x69, 0x0, 0x0, 0x2, 0x90, 0xa,
    0x0, 0x1, 0x80, 0x0, 0x8, 0x0, 0x60, 0x0,
    0x1a, 0x40, 0x8, 0xa, 0xd0, 0x20, 0x2, 0x0,
    0xb, 0xc0, 0x80, 0x20, 0x16, 0xe2, 0x48, 0x1,
    0x6, 0xbc, 0x6, 0x40, 0x40, 0x0, 0xd0, 0x0,
    0x8, 0x0, 0xe, 0x0, 0x0, 0x81, 0xff, 0xf4,
    0x0, 0x4, 0x3f, 0xff, 0xc0, 0x0, 0x17, 0xff,
    0xff, 0x40, 0x2, 0xbf, 0xff, 0xfe, 0x0, 0x2f,
    0xff, 0xff, 0xfe, 0x40, 0x90, 0x6f, 0xff, 0xfd,
    0x0, 0x0, 0x6, 0xb9, 0x0,

    /* U+1F30B "🌋" */
    0x0, 0x8, 0x5, 0x0, 0x0, 0x6, 0x24, 0x0,
    0x0, 0x64, 0x7, 0x80, 0x0, 0x99, 0x18, 0x80,
    0x4, 0x2, 0x30, 0x0, 0x8, 0xa6, 0x1a, 0xd5,
    0x2, 0x4, 0x0, 0x10, 0x0, 0xe, 0x68, 0x0,
    0x2, 0x3c, 0x5e, 0x10, 0x0, 0xff, 0xff, 0x40,
    0x2, 0xdd, 0x99, 0xc0, 0x2, 0x18, 0x3, 0x50,
    0x8, 0x30, 0x2, 0x60, 0x14, 0x0, 0x0, 0x8,
    0x30, 0x0, 0x0, 0x5, 0xa, 0x40, 0x0, 0x64,
    0x0, 0x5a, 0xa9, 0x0,

    /* U+1F30C "🌌" */
    0x6a, 0xaa, 0xaa, 0xa9, 0x3f, 0xa4, 0x2f, 0xf8,
    0xcd, 0x1a, 0xfa, 0xf6, 0xb2, 0xff, 0xfc, 0x3a,
    0xec, 0xfe, 0xfb, 0xac, 0xc7, 0x3e, 0xff, 0xfd,
    0x8b, 0xce, 0x1d, 0x7d, 0x5b, 0xb3, 0xdb, 0xad,
    0x73, 0xfc, 0xfe, 0x51, 0xb3, 0x4f, 0x34, 0x67,
    0xf2, 0xd7, 0xc9, 0xf9, 0x42, 0xff, 0xf3, 0xd0,
    0x5f, 0xff, 0xfc, 0x8b, 0xfb, 0xff, 0xcb, 0x3f,
    0xff, 0xc7, 0xf7, 0xcf, 0xff, 0xf7, 0xff, 0xf3,
    0xff, 0xff, 0xff, 0xfc, 0x7f, 0xff, 0xff, 0xfe,
    0x0,

    /* U+1F30D "🌍" */
    0x0, 0xa, 0xa4, 0x0, 0x0, 0x25, 0xa1, 0x90,
    0x0, 0x7f, 0x50, 0x6, 0x0, 0x7f, 0x0, 0x0,
    0x60, 0x3f, 0x54, 0x48, 0x8, 0x1f, 0x87, 0xe0,
    0x0, 0x8b, 0xc0, 0x0, 0x14, 0x33, 0xd0, 0x0,
    0x42, 0xcc, 0xf0, 0x0, 0x5, 0xff, 0x7d, 0x0,
    0x0, 0x7f, 0xcb, 0xe8, 0x0, 0x3f, 0xf1, 0xff,
    0x80, 0x2f, 0xf8, 0x3f, 0xf0, 0xa, 0xfc, 0x3,
    0xfc, 0x2, 0xfd, 0x0, 0x7f, 0xc2, 0xfe, 0x0,
    0x2, 0xff, 0xfd, 0x0, 0x0, 0x6, 0x90, 0x0,
    0x0,

    /* U+1F30E "🌎" */
    0x0, 0x6, 0x90, 0x0, 0x0, 0x28, 0xb, 0xd0,
    0x0, 0x60, 0x1, 0xfe, 0x0, 0x20, 0x1, 0xff,
    0xd0, 0x30, 0x1, 0xff, 0xfc, 0x1d, 0x19, 0xff,
    0xff, 0x8b, 0xca, 0xaf, 0xff, 0xf3, 0xf8, 0x7e,
    0xff, 0xfc, 0xff, 0xdb, 0xaf, 0xff, 0x7f, 0xfe,
    0x0, 0x7f, 0xcb, 0xff, 0xc0, 0x6, 0xf1, 0xff,
    0xf0, 0x0, 0x78, 0x3f, 0xfd, 0x0, 0x3c, 0x7,
    0xff, 0xc0, 0x1e, 0x0, 0x7f, 0xf0, 0x1e, 0x0,
    0x3, 0xfc, 0x2d, 0x0, 0x0, 0xa, 0xa4, 0x0,
    0x0,

    /* U+1F30F "🌏" */
    0x0, 0xa, 0xa4, 0x0, 0x0, 0x24, 0x1, 0xd0,
    0x0, 0x60, 0x1, 0x7e, 0x0, 0x20, 0x10, 0xbf,
    0xd0, 0x20, 0x0, 0x1f, 0xfc, 0x14, 0x0, 0x1e,
    0xff, 0x88, 0x0, 0x19, 0xff, 0xf3, 0x40, 0xb,
    0xff, 0xfc, 0xee, 0x1e, 0xff, 0xff, 0x3f, 0xd9,
    0x6e, 0xff, 0xcb, 0xf5, 0x69, 0x6f, 0xf1, 0xff,
    0xa4, 0x2b, 0xf8, 0x3f, 0xfc, 0x0, 0xfc, 0x7,
    0xff, 0x0, 0x3e, 0x0, 0x7f, 0xea, 0x2a, 0x0,
    0x7, 0xff, 0xfe, 0x0, 0x0, 0x1b, 0xe4, 0x0,
    0x0,

    /* U+1F310 "🌐" */
    0x0, 0x6, 0x90, 0x0, 0x0, 0x2b, 0x7a, 0x80,
    0x0, 0x62, 0x8, 0x95, 0x0, 0x22, 0x2, 0x8,
    0x50, 0x3a, 0xea, 0xea, 0xec, 0x14, 0x80, 0x20,
    0x20, 0x48, 0x20, 0x8, 0x1, 0x22, 0x8, 0x2,
    0x0, 0x88, 0xeb, 0xaa, 0xea, 0xbb, 0x20, 0x80,
    0x20, 0x8, 0x88, 0x20, 0x8, 0x1, 0x21, 0x48,
    0x2, 0x1, 0x4, 0x3a, 0xea, 0xea, 0xec, 0x2,
    0x20, 0x20, 0x45, 0x0, 0x62, 0x8, 0x55, 0x0,
    0x2, 0xb6, 0xa9, 0x0, 0x0, 0x6, 0xa0, 0x0,
    0x0,

    /* U+1F311 "🌑" */
    0x0, 0x1, 0x50, 0x0, 0x0, 0x1f, 0xff, 0x80,
    0x0, 0x3f, 0xff, 0xfd, 0x0, 0x3f, 0xff, 0xff,
    0xd0, 0x2f, 0xff, 0xff, 0xfc, 0xf, 0xff, 0xff,
    0xff, 0x4b, 0xff, 0xff, 0xff, 0xf2, 0xff, 0xff,
    0xff, 0xfc, 0xff, 0xff, 0xff, 0xff, 0x3f, 0xff,
    0xff, 0xff, 0xcb, 0xff, 0xff, 0xff, 0xf1, 0xff,
    0xff, 0xff, 0xf8, 0x3f, 0xff, 0xff, 0xfc, 0x7,
    0xff, 0xff, 0xfe, 0x0, 0x7f, 0xff, 0xfe, 0x0,
    0x7, 0xff, 0xfe, 0x0, 0x0, 0x1b, 0xe4, 0x0,
    0x0,

    /* U+1F312 "🌒" */
    0x0, 0x6, 0xe0, 0x0, 0x0, 0xff, 0xf6, 0x0,
    0x7, 0xff, 0xf8, 0x90, 0xf, 0xff, 0xfd, 0x24,
    0x3f, 0xff, 0xff, 0x8, 0x7f, 0xff, 0xff, 0x5,
    0xff, 0xff, 0xff, 0x42, 0xff, 0xff, 0xff, 0x82,
    0xff, 0xff, 0xff, 0x82, 0xff, 0xff, 0xff, 0x82,
    0xff, 0xff, 0xff, 0x42, 0x7f, 0xff, 0xff, 0x1,
    0x3f, 0xff, 0xff, 0x8, 0xf, 0xff, 0xfd, 0x14,
    0x7, 0xff, 0xf8, 0x90, 0x0, 0xff, 0xf6, 0x40,
    0x0, 0xb, 0xe0, 0x0,

    /* U+1F313 "🌓" */
    0x0, 0x6, 0x90, 0x0, 0x0, 0xff, 0x46, 0x0,
    0x7, 0xff, 0x40, 0x90, 0xf, 0xff, 0x40, 0x24,
    0x3f, 0xff, 0x80, 0x8, 0x7f, 0xff, 0x80, 0x5,
    0xbf, 0xff, 0x80, 0x2, 0xff, 0xff, 0x80, 0x2,
    0xff, 0xff, 0x80, 0x2, 0xff, 0xff, 0x80, 0x2,
    0xbf, 0xff, 0x80, 0x2, 0x7f, 0xff, 0x80, 0x5,
    0x3f, 0xff, 0x80, 0x8, 0xf, 0xff, 0x40, 0x24,
    0x7, 0xff, 0x40, 0x90, 0x0, 0xff, 0x46, 0x0,
    0x0, 0x6, 0x90, 0x0,

    /* U+1F314 "🌔" */
    0x0, 0x6, 0x90, 0x0, 0x0, 0xfc, 0x6, 0x0,
    0x7, 0xe0, 0x0, 0x90, 0xf, 0xc0, 0x0, 0x24,
    0x3f, 0x40, 0x0, 0x8, 0x7f, 0x0, 0x0, 0x5,
    0xff, 0x0, 0x0, 0x2, 0xfe, 0x0, 0x0, 0x2,
    0xfe, 0x0, 0x0, 0x2, 0xfe, 0x0, 0x0, 0x2,
    0xff, 0x0, 0x0, 0x2, 0x7f, 0x0, 0x0, 0x5,
    0x3f, 0x40, 0x0, 0x8, 0xf, 0xc0, 0x0, 0x24,
    0x7, 0xe0, 0x0, 0x90, 0x0, 0xfc, 0x6, 0x0,
    0x0, 0x6, 0x90, 0x0,

    /* U+1F315 "🌕" */
    0x0, 0x6, 0x90, 0x0, 0x0, 0xa0, 0x6, 0x0,
    0x6, 0x0, 0x0, 0x90, 0x8, 0x0, 0x0, 0x24,
    0x20, 0x0, 0x0, 0x8, 0x50, 0x0, 0x0, 0x5,
    0x80, 0x0, 0x0, 0x2, 0x80, 0x0, 0x0, 0x2,
    0x80, 0x0, 0x0, 0x2, 0x80, 0x0, 0x0, 0x2,
    0x80, 0x0, 0x0, 0x2, 0x50, 0x0, 0x0, 0x5,
    0x20, 0x0, 0x0, 0x8, 0x8, 0x0, 0x0, 0x14,
    0x6, 0x0, 0x0, 0x90, 0x0, 0x90, 0x6, 0x40,
    0x0, 0x6, 0xa0, 0x0,

    /* U+1F316 "🌖" */
    0x0, 0x6, 0xa0, 0x0, 0x0, 0x28, 0xb, 0xd0,
    0x0, 0x60, 0x0, 0x7e, 0x0, 0x20, 0x0, 0xb,
    0xe0, 0x20, 0x0, 0x0, 0xfc, 0x14, 0x0, 0x0,
    0x3f, 0xc8, 0x0, 0x0, 0xb, 0xf2, 0x0, 0x0,
    0x1, 0xfc, 0x80, 0x0, 0x0, 0x7f, 0x20, 0x0,
    0x0, 0x1f, 0xc8, 0x0, 0x0, 0xb, 0xf1, 0x40,
    0x0, 0x3, 0xfc, 0x20, 0x0, 0x0, 0xfc, 0x2,
    0x0, 0x0, 0xbe, 0x0, 0x60, 0x0, 0x7e, 0x0,
    0x2, 0x80, 0xbd, 0x0, 0x0, 0x6, 0xa4, 0x0,
    0x0,

    /* U+1F317 "🌗" */
    0x0, 0x6, 0xa0, 0x0, 0x0, 0x28, 0x3f, 0xd0,
    0x0, 0x60, 0xf, 0xfe, 0x0, 0x20, 0x3, 0xff,
    0xe0, 0x20, 0x0, 0xff, 0xfc, 0x14, 0x0, 0x7f,
    0xff, 0x88, 0x0, 0x1f, 0xff, 0xf2, 0x0, 0x7,
    0xff, 0xfc, 0x80, 0x1, 0xff, 0xff, 0x20, 0x0,
    0x7f, 0xff, 0xc8, 0x0, 0x1f, 0xff, 0xf1, 0x40,
    0x7, 0xff, 0xf8, 0x20, 0x0, 0xff, 0xfc, 0x2,
    0x0, 0x3f, 0xfe, 0x0, 0x60, 0xf, 0xfe, 0x0,
    0x2, 0x83, 0xfd, 0x0, 0x0, 0x6, 0xa4, 0x0,
    0x0,

    /* U+1F318 "🌘" */
    0x0, 0x6, 0x90, 0x0, 0x0, 0x2a, 0xff, 0xd0,
    0x0, 0x61, 0xff, 0xfe, 0x0, 0x20, 0xff, 0xff,
    0xd0, 0x20, 0xbf, 0xff, 0xfc, 0x14, 0x3f, 0xff,
    0xff, 0x88, 0xf, 0xff, 0xff, 0xf2, 0x7, 0xff,
    0xff, 0xfc, 0x81, 0xff, 0xff, 0xff, 0x20, 0x7f,
    0xff, 0xff, 0xc8, 0xf, 0xff, 0xff, 0xf1, 0x43,
    0xff, 0xff, 0xf8, 0x20, 0xbf, 0xff, 0xfc, 0x2,
    0xf, 0xff, 0xfd, 0x0, 0x61, 0xff, 0xfe, 0x0,
    0x2, 0xaf, 0xfd, 0x0, 0x0, 0x6, 0xa4, 0x0,
    0x0,

    /* U+1F319 "🌙" */
    0x0, 0x0, 0x0, 0x40, 0x0, 0x0, 0x0, 0x2,
    0x40, 0x0, 0x0, 0x0, 0x26, 0x0, 0x0, 0x0,
    0x2, 0x14, 0x0, 0x0, 0x0, 0x20, 0x80, 0x0,
    0x0, 0x2, 0x4, 0x0, 0x0, 0x0, 0x20, 0x10,
    0x0, 0x0, 0x2, 0x2, 0x0, 0x0, 0x0, 0x50,
    0x10, 0x0, 0x0, 0x8, 0x5, 0x0, 0x0, 0x2,
    0x0, 0x82, 0x40, 0x1, 0x80, 0x8, 0x2a, 0xaa,
    0x90, 0x2, 0x0, 0x80, 0x0, 0x0, 0x50, 0x2,
    0x40, 0x0, 0x14, 0x0, 0xa, 0x40, 0x19, 0x0,
    0x0, 0x6, 0xa4, 0x0, 0x0,

    /* U+1F31A "🌚" */
    0x0, 0x6, 0x90, 0x0, 0x0, 0xa0, 0x6, 0x0,
    0x6, 0x0, 0x0, 0x90, 0x8, 0x0, 0x0, 0x24,
    0x20, 0x0, 0x0, 0x8, 0x50, 0x0, 0x0, 0x5,
    0x80, 0x74, 0x4b, 0x2, 0x80, 0x68, 0x97, 0x2,
    0x80, 0x0, 0x80, 0x2, 0x80, 0x1, 0x80, 0x2,
    0x80, 0x4, 0x10, 0x2, 0x50, 0x2, 0x90, 0x1,
    0x20, 0x0, 0x80, 0x8, 0x8, 0x0, 0x0, 0x14,
    0x6, 0x0, 0x0, 0x90, 0x0, 0x90, 0x6, 0x40,
    0x0, 0x6, 0xa0, 0x0,

    /* U+1F31B "🌛" */
    0x0, 0x0, 0x64, 0x0, 0x0, 0x0, 0x86, 0x40,
    0x0, 0x0, 0x20, 0x50, 0x0, 0x0, 0x10, 0x24,
    0x0, 0x0, 0x8, 0x8, 0x0, 0x0, 0x8, 0x5,
    0x0, 0x0, 0x8, 0x2, 0x0, 0x0, 0x21, 0x82,
    0x0, 0x1, 0x82, 0x42, 0x0, 0x2, 0x0, 0x2,
    0x0, 0x1, 0x40, 0x2, 0x0, 0x7, 0x60, 0x2,
    0x3a, 0xa4, 0x40, 0x8, 0x14, 0x0, 0x0, 0x14,
    0x9, 0x0, 0x0, 0x60, 0x1, 0x90, 0x6, 0x40,
    0x0, 0x16, 0xa4, 0x0,

    /* U+1F31C "🌜" */
    0x0, 0xa, 0x0, 0x0, 0x0, 0x92, 0x0, 0x0,
    0x2, 0x5, 0x0, 0x0, 0x8, 0x8, 0x0, 0x0,
    0x10, 0x4, 0x0, 0x0, 0x20, 0x14, 0x0, 0x0,
    0x50, 0x8, 0x0, 0x0, 0x40, 0x48, 0x0, 0x0,
    0x82, 0xc2, 0x80, 0x0, 0x80, 0x0, 0x10, 0x0,
    0x50, 0x0, 0xc0, 0x0, 0x20, 0x5, 0xb0, 0x0,
    0x20, 0x1, 0xa, 0xaa, 0x8, 0x0, 0x0, 0x8,
    0x6, 0x0, 0x0, 0x20, 0x0, 0x90, 0x6, 0x80,
    0x0, 0x6, 0xa4, 0x0,

    /* U+1F31D "🌝" */
    0x0, 0x6, 0x90, 0x0, 0x0, 0xa0, 0x6, 0x0,
    0x6, 0x0, 0x0, 0x90, 0x8, 0x0, 0x0, 0x24,
    0x20, 0x0, 0x0, 0x8, 0x50, 0x0, 0x0, 0x5,
    0x80, 0xb4, 0x8e, 0x2, 0x80, 0xd4, 0x8d, 0x2,
    0x80, 0x0, 0x40, 0x2, 0x80, 0x0, 0x80, 0x2,
    0x80, 0x4, 0x10, 0x2, 0x50, 0x2, 0x90, 0x5,
    0x20, 0x0, 0x50, 0x8, 0x8, 0x0, 0x0, 0x14,
    0x6, 0x0, 0x0, 0x90, 0x0, 0x90, 0x6, 0x40,
    0x0, 0x6, 0xa0, 0x0,

    /* U+1F31E "🌞" */
    0x0, 0x0, 0x0, 0x0, 0x0, 0x0, 0x60, 0xd0,
    0x0, 0x0, 0xb, 0xbe, 0x0, 0x0, 0x2e, 0x95,
    0x6b, 0x80, 0x1, 0xe0, 0x0, 0xb4, 0x0, 0x8,
    0x0, 0x2, 0x0, 0x2f, 0x4, 0x41, 0xf, 0x80,
    0xb0, 0x95, 0x20, 0xf0, 0x2, 0x0, 0x20, 0x8,
    0x0, 0xb0, 0x4, 0x0, 0xf0, 0x2f, 0x1, 0xa4,
    0xf, 0x80, 0x8, 0x0, 0x2, 0x0, 0x1, 0xe0,
    0x0, 0xb4, 0x0, 0x2e, 0x95, 0x6b, 0x80, 0x0,
    0xb, 0xbe, 0x0, 0x0, 0x0, 0x60, 0xd0, 0x0,
    0x0, 0x0, 0x0, 0x0, 0x0,

    /* U+1F31F "🌟" */
    0x0, 0x1, 0x40, 0x0, 0x0, 0x2, 0x80, 0x0,
    0x2, 0x45, 0x20, 0xc0, 0x2, 0x88, 0x21, 0x80,
    0x0, 0x14, 0x8, 0x0, 0x2a, 0x90, 0x6, 0xa9,
    0x50, 0x0, 0x0, 0x2, 0x14, 0x0, 0x0, 0x8,
    0x5, 0x0, 0x0, 0x60, 0x1, 0x40, 0x0, 0x80,
    0x79, 0x40, 0x0, 0x5e, 0x11, 0x0, 0x0, 0x85,
    0x2, 0x2, 0x80, 0x80, 0x2, 0x28, 0x18, 0x80,
    0x2, 0x80, 0x42, 0x80, 0x0, 0x1, 0xc0, 0x0,
    0x0, 0x1, 0x40, 0x0,

    /* U+1F320 "🌠" */
    0x7f, 0xff, 0xff, 0xfd, 0x3f, 0xff, 0x7f, 0xe5,
    0xcf, 0xbf, 0xef, 0x40, 0x33, 0xfd, 0xfd, 0x0,
    0x2c, 0xff, 0x7c, 0x0, 0x1f, 0x3f, 0xfc, 0x19,
    0xf, 0xcf, 0xde, 0x7b, 0x8b, 0xf3, 0xf0, 0xa0,
    0xd7, 0xec, 0xfc, 0x0, 0x33, 0xf3, 0x3f, 0x0,
    0x1f, 0xff, 0xcf, 0x80, 0x3, 0xff, 0xf3, 0x40,
    0x0, 0x3f, 0xfc, 0xd0, 0x0, 0x7, 0xf7, 0x3f,
    0xd0, 0xbf, 0xff, 0xcf, 0xfc, 0x7f, 0xff, 0xf3,
    0xff, 0x3e, 0xff, 0xfc, 0x6a, 0xaa, 0xaa, 0xa9,
    0x0,

    /* U+1F321 "🌡" */
    0x2, 0x40, 0x8, 0x20, 0xe, 0x20, 0x14, 0x20,
    0x1e, 0x20, 0x14, 0x20, 0x1e, 0x20, 0x16, 0x60,
    0x17, 0x60, 0x17, 0x60, 0x13, 0x54, 0x17, 0xc8,
    0x8f, 0xe2, 0x8f, 0xe2, 0x57, 0x85, 0x24, 0x18,
    0x6, 0x90,

    /* U+1F324 "🌤" */
    0x0, 0x0, 0x80, 0x0, 0x0, 0x9, 0x5, 0x40,
    0x0, 0x0, 0x26, 0x21, 0x15, 0x0, 0x0, 0x87,
    0x9a, 0x42, 0x0, 0x1, 0xa0, 0x30, 0x2, 0x1,
    0xae, 0x6, 0xc0, 0x1, 0x9, 0x10, 0x50, 0x80,
    0x8, 0x6, 0x82, 0x1, 0x0, 0x24, 0x3, 0x90,
    0x0, 0x0, 0x20, 0x27, 0x0, 0x0, 0x0, 0x51,
    0x4d, 0x0, 0x0, 0x2, 0xa, 0x9e, 0xba, 0xea,
    0x90, 0x0, 0x22, 0x26, 0x0, 0x0, 0x0, 0x94,
    0x24, 0x0, 0x0, 0x1, 0x80, 0x0, 0x0, 0x0,

    /* U+1F325 "🌥" */
    0x0, 0x0, 0x0, 0x0, 0x0, 0x0, 0x60, 0x0,
    0x0, 0x2, 0x9a, 0x0, 0x0, 0x0, 0x27, 0xbe,
    0x80, 0x0, 0x1b, 0x80, 0xba, 0x80, 0x1, 0xa0,
    0xd, 0x2, 0x40, 0x3, 0x2, 0x0, 0x8, 0x0,
    0x5e, 0xb0, 0x0, 0x20, 0xe, 0xc0, 0x80, 0x2,
    0x0, 0x10, 0x2, 0x0, 0x20, 0xa, 0x0, 0x0,
    0x1, 0x82, 0x0, 0x0, 0x0, 0x2, 0x20, 0x0,
    0x0, 0x0, 0x21, 0xaa, 0xaa, 0xaa, 0xa8,

    /* U+1F326 "🌦" */
    0x0, 0x8, 0x0, 0x0, 0x32, 0x80, 0x0, 0x2,
    0xfe, 0x90, 0x0, 0x74, 0x79, 0x0, 0x36, 0x2,
    0xd0, 0x0, 0xb0, 0x90, 0x90, 0xa, 0xb4, 0x2,
    0x0, 0xf4, 0x90, 0x10, 0x7, 0x0, 0x1, 0x82,
    0x40, 0x0, 0x2, 0x20, 0x0, 0x0, 0x21, 0xaa,
    0xaa, 0xa8, 0x0, 0x0, 0x0, 0x0, 0x18, 0x0,
    0x80, 0x3, 0x86, 0x2c, 0x0, 0x0, 0xe1, 0x40,
    0x0, 0x8, 0x0, 0x0,

    /* U+1F327 "🌧" */
    0x0, 0x0, 0x1a, 0x40, 0x0, 0x0, 0x9, 0x6,
    0x0, 0x0, 0x2, 0x0, 0x8, 0x0, 0x1, 0xb0,
    0x0, 0x10, 0x0, 0x91, 0x80, 0x2, 0x0, 0x14,
    0x5, 0x0, 0x20, 0xa, 0x0, 0x0, 0x1, 0x82,
    0x0, 0x0, 0x0, 0x2, 0x20, 0x0, 0x0, 0x0,
    0x21, 0xaa, 0xaa, 0xaa, 0xa8, 0x0, 0x0, 0x0,
    0x0, 0x0, 0x18, 0x3, 0x0, 0x60, 0x3, 0x80,
    0x70, 0xe, 0x0, 0x20, 0x1, 0x0, 0x80, 0x0,
    0x8, 0x2, 0x0, 0x0, 0x1, 0xc0, 0x70, 0x0,
    0x0, 0x8, 0x2, 0x0, 0x0,

    /* U+1F328 "🌨" */
    0x0, 0x0, 0x1a, 0x40, 0x0, 0x0, 0x9, 0x6,
    0x0, 0x0, 0x2, 0x0, 0x8, 0x0, 0x1, 0xa0,
    0x0, 0x10, 0x0, 0x81, 0x80, 0x2, 0x0, 0x14,
    0x5, 0x0, 0x20, 0xa, 0x0, 0x0, 0x1, 0x82,
    0x0, 0x0, 0x0, 0x2, 0x20, 0x0, 0x0, 0x0,
    0x21, 0xaa, 0xaa, 0xaa, 0xa8, 0x0, 0x0, 0x0,
    0x0, 0x0, 0x24, 0x6, 0x0, 0x60, 0x7, 0x80,
    0xb4, 0xb, 0x40, 0x0, 0x1, 0x0, 0x50, 0x0,
    0x9, 0x0, 0xd0, 0x0, 0x1, 0xe0, 0xe, 0x0,
    0x0, 0x5, 0x0, 0x0, 0x0,

    /* U+1F329 "🌩" */
    0x0, 0x0, 0xaa, 0x40, 0x0, 0x0, 0x80, 0x14,
    0x0, 0x0, 0xc0, 0x2, 0x0, 0x2, 0xa4, 0x0,
    0x20, 0x2, 0x2, 0x40, 0x8, 0x2, 0x40, 0x10,
    0x3, 0x46, 0x40, 0x0, 0x0, 0x16, 0x0, 0x0,
    0x0, 0x2, 0x80, 0x0, 0x0, 0x1, 0x46, 0xaa,
    0xee, 0xaa, 0x40, 0x0, 0x83, 0x80, 0x0, 0x0,
    0x20, 0x14, 0x0, 0x0, 0xa, 0xc8, 0x0, 0x0,
    0x0, 0x28, 0x0, 0x0, 0x0, 0xc, 0x0, 0x0,
    0x0, 0x0, 0x0, 0x0,

    /* U+1F32A "🌪" */
    0x1, 0x40, 0x0, 0x0, 0x4, 0x1a, 0xaa, 0x40,
    0x7, 0xe0, 0x54, 0xa0, 0x1a, 0x42, 0x4a, 0x24,
    0x22, 0x80, 0xa, 0x18, 0x14, 0x6a, 0xa4, 0x30,
    0x8, 0x0, 0x1, 0xb0, 0x5, 0x0, 0x59, 0x51,
    0x42, 0x80, 0x0, 0x81, 0x20, 0xda, 0x91, 0x84,
    0x4, 0x28, 0x14, 0x80, 0x0, 0x2, 0xa8, 0x80,
    0x0, 0x0, 0x20, 0x80, 0x0, 0x0, 0x22, 0x0,
    0x0, 0x0, 0x52, 0x0, 0x0, 0x1, 0xee, 0x0,
    0x0, 0x1a, 0xaa, 0x80,

    /* U+1F32B "🌫" */
    0x15, 0x55, 0x55, 0x54, 0x25, 0x5d, 0x55, 0x55,
    0x88, 0x0, 0xaa, 0xea, 0x56, 0x0, 0x2a, 0x80,
    0x9, 0x80, 0x90, 0x0, 0x1, 0x70, 0x80, 0x0,
    0x0, 0x5e, 0x90, 0x0, 0x0, 0x16, 0x1a, 0xaa,
    0x0, 0x5, 0x80, 0x0, 0x24, 0x1, 0x60, 0x0,
    0x2, 0xa9, 0x58, 0x0, 0x0, 0x0, 0x36, 0x0,
    0x0, 0x1, 0xad, 0x80, 0x0, 0xa, 0x1, 0x60,
    0x0, 0x68, 0x0, 0x58, 0x2, 0x90, 0x0, 0x16,
    0x2, 0x0, 0x0, 0x4, 0x6b, 0xaa, 0xaa, 0xa9,
    0x0,

    /* U+1F32C "🌬" */
    0x0, 0x5, 0x0, 0x0, 0x0, 0x2a, 0xa5, 0x80,
    0x0, 0x0, 0x20, 0x2a, 0x50, 0x0, 0x0, 0x20,
    0x35, 0x90, 0x0, 0x0, 0x20, 0x3a, 0x80, 0x0,
    0x0, 0x20, 0x80, 0x80, 0x2, 0x68, 0x22, 0x0,
    0x80, 0x5, 0x95, 0x22, 0x1a, 0x20, 0x1d, 0x62,
    0x22, 0x5, 0x24, 0xaa, 0x62, 0x22, 0x0, 0x98,
    0x7b, 0xc8, 0x25, 0x0, 0x84, 0x24, 0xa0, 0x28,
    0x0, 0x60, 0x26, 0x20, 0x30, 0x0, 0x20, 0x24,
    0x90, 0x20, 0x0, 0x60, 0x6, 0x0, 0x22, 0xaa,
    0x40, 0x0, 0x0, 0x38, 0x0, 0x0, 0x0, 0x0,
    0x10, 0x0, 0x0, 0x0, 0x0,

    /* U+1F32D "🌭" */
    0xb, 0x80, 0x0, 0x0, 0x0, 0x7b, 0xe8, 0x0,
    0x0, 0x3, 0xf6, 0x18, 0x0, 0x0, 0x16, 0xf7,
    0x18, 0x0, 0x0, 0x81, 0xde, 0x18, 0x0, 0x2,
    0x3, 0xee, 0x9, 0x0, 0x8, 0x3, 0x9a, 0x6,
    0x40, 0x14, 0x3, 0xe7, 0x40, 0x90, 0x20, 0x3,
    0xeb, 0xe4, 0x80, 0x50, 0x2, 0xe5, 0x7f, 0xc0,
    0x80, 0x0, 0xbf, 0x7f, 0x0, 0x80, 0x0, 0xf,
    0xfc, 0x0, 0x90, 0x0, 0xf, 0xd0, 0x0, 0x64,
    0x0, 0x20, 0x0, 0x0, 0x1a, 0xaa, 0x0, 0x0,
    0x0, 0x0, 0x0, 0x0,

    /* U+1F32E "🌮" */
    0x0, 0x6, 0xaa, 0x0, 0x0, 0x1, 0x80, 0x43,
    0xa9, 0x0, 0x24, 0xb, 0xe0, 0x6, 0x2, 0xb,
    0xcf, 0x0, 0x4, 0x14, 0xb6, 0xf0, 0x0, 0x8,
    0x83, 0xcb, 0x40, 0x0, 0x21, 0x3a, 0xfc, 0x0,
    0x1, 0x62, 0xc7, 0xe0, 0x0, 0x8, 0x8a, 0x2f,
    0x0, 0x1, 0x82, 0x2d, 0xf8, 0x0, 0x64, 0x8,
    0xff, 0xc0, 0x9, 0x0, 0x22, 0x4f, 0x12, 0x40,
    0x0, 0x8a, 0xb0, 0x20, 0x0, 0x1, 0xaf, 0x86,
    0x0, 0x0, 0x1, 0xfe, 0x40, 0x0, 0x0, 0x0,
    0x0, 0x0, 0x0, 0x0,

    /* U+1F32F "🌯" */
    0x1, 0xa9, 0x0, 0x0, 0x9, 0x1, 0x40, 0x0,
    0x20, 0xbe, 0xc0, 0x0, 0x42, 0xff, 0xe0, 0x0,
    0x8b, 0x5f, 0xc8, 0x0, 0x8f, 0xbd, 0xc5, 0x0,
    0x8d, 0x9f, 0xc2, 0x0, 0x1b, 0xff, 0xc2, 0x80,
    0x1f, 0xff, 0xd2, 0x20, 0x6, 0x0, 0x1c, 0x14,
    0x1, 0x80, 0x74, 0x9, 0x0, 0x2f, 0x48, 0x2,
    0x0, 0xf, 0x42, 0x2, 0x0, 0x3, 0xc2, 0x42,
    0x0, 0x0, 0xf0, 0x85, 0x0, 0x0, 0x3c, 0x34,
    0x0, 0x0, 0xa, 0x80,

    /* U+1F330 "🌰" */
    0x0, 0x0, 0x0, 0x0, 0x0, 0x0, 0xa, 0x40,
    0x0, 0x0, 0x6, 0x6, 0x0, 0x0, 0x3, 0xd0,
    0x7d, 0x0, 0x1, 0xff, 0xff, 0xf8, 0x0, 0xbd,
    0xff, 0xff, 0xe0, 0x1f, 0x7f, 0xff, 0xf7, 0x83,
    0xeb, 0xff, 0xfb, 0xac, 0x7d, 0xff, 0xff, 0x7d,
    0xeb, 0xdf, 0xff, 0xfb, 0xde, 0xbd, 0xff, 0xff,
    0xbd, 0xe7, 0xdf, 0xff, 0xf7, 0xde, 0x3d, 0xff,
    0xff, 0x7d, 0xc1, 0xff, 0xff, 0xff, 0x78, 0x7,
    0x80, 0x0, 0x2e, 0x0, 0xa, 0x0, 0x6, 0x40,
    0x0, 0x6, 0xa9, 0x0, 0x0,

    /* U+1F331 "🌱" */
    0x0, 0x0, 0x0, 0x6, 0xa0, 0x0, 0x0, 0xa,
    0x2, 0x0, 0x0, 0x2, 0x4, 0x21, 0xa5, 0xa0,
    0x82, 0x1, 0x90, 0x50, 0xa0, 0x80, 0x82, 0x1,
    0x91, 0x10, 0x8, 0x14, 0x0, 0x0, 0x2, 0x0,
    0x90, 0x0, 0x2, 0x80, 0x1, 0x90, 0x57, 0x90,
    0x0, 0x1, 0x66, 0x10, 0x0, 0x0, 0x0, 0x22,
    0x0, 0x0, 0x0, 0x2, 0x20, 0x0, 0x0, 0x0,
    0x22, 0x0, 0x0, 0x0, 0x2, 0x20, 0x0, 0x0,
    0x0, 0x12, 0x0, 0x0, 0x0, 0x8, 0x20, 0x0,
    0x0, 0x0, 0x28, 0x0, 0x0,

    /* U+1F332 "🌲" */
    0x0, 0x0, 0x80, 0x0, 0x0, 0x2, 0x20, 0x0,
    0x0, 0x8, 0x14, 0x0, 0x0, 0x14, 0x5, 0x0,
    0x0, 0x90, 0x51, 0x40, 0x0, 0x95, 0x16, 0x80,
    0x0, 0x72, 0x26, 0x40, 0x2, 0x40, 0x84, 0xa0,
    0x8, 0x10, 0x0, 0x8, 0x6, 0xe8, 0x2a, 0xa4,
    0x2, 0x2, 0x90, 0x50, 0x18, 0x0, 0x0, 0x18,
    0x20, 0x4, 0x0, 0x2, 0xa, 0x40, 0x10, 0xa8,
    0x0, 0xa7, 0xea, 0x40, 0x0, 0x2, 0xd0, 0x0,
    0x0, 0x1, 0x90, 0x0,

    /* U+1F333 "🌳" */
    0x0, 0x1a, 0x90, 0x0, 0x2, 0x40, 0x60, 0x0,
    0x20, 0x0, 0x20, 0x6, 0x80, 0x0, 0x20, 0x62,
    0x0, 0x0, 0x22, 0x0, 0x0, 0x0, 0x58, 0x0,
    0x0, 0x10, 0xa0, 0x10, 0x2, 0x6, 0x60, 0x7f,
    0xf5, 0xb4, 0xff, 0xba, 0xff, 0xc1, 0xfe, 0x1b,
    0xf8, 0x1, 0xfe, 0x26, 0x0, 0x0, 0x8, 0x20,
    0x0, 0x0, 0x22, 0x0, 0x0, 0x0, 0x88, 0x0,
    0x0, 0x2, 0x20, 0x0, 0x0, 0x6, 0x40, 0x0,

    /* U+1F334 "🌴" */
    0x0, 0x6, 0x40, 0x0, 0x1, 0x54, 0x0, 0x0,
    0x21, 0xa6, 0x80, 0x66, 0x14, 0x18, 0x24, 0x50,
    0xa, 0x8, 0x0, 0x40, 0xe4, 0xaa, 0x6, 0x40,
    0x90, 0x90, 0xb8, 0x2, 0x14, 0x3, 0xba, 0x22,
    0x18, 0x7b, 0x6, 0x26, 0x48, 0x60, 0x2, 0x49,
    0x49, 0x80, 0x0, 0xa0, 0xac, 0x0, 0x0, 0x4,
    0x80, 0x0, 0x1, 0xac, 0x0, 0x0, 0x20, 0x80,
    0x0, 0x0, 0xa4, 0x0,

    /* U+1F335 "🌵" */
    0x0, 0x0, 0x40, 0x0, 0x0, 0x3, 0xe0, 0x0,
    0x0, 0xa, 0x5c, 0x0, 0x0, 0x29, 0x48, 0x0,
    0x3, 0x5, 0x48, 0xf0, 0xa, 0x8a, 0x8a, 0x5c,
    0x35, 0x89, 0x4a, 0x18, 0x16, 0x89, 0x46, 0x18,
    0x16, 0x89, 0x5a, 0x5c, 0x26, 0x8d, 0x85, 0x54,
    0x9, 0x69, 0x55, 0x70, 0xe, 0x96, 0x5e, 0x50,
    0x1, 0x96, 0x5c, 0x0, 0x0, 0x1d, 0x58, 0x0,
    0x0, 0xd, 0x58, 0x0, 0x0, 0x7, 0xa0, 0x0,
    0x0, 0x2, 0x90, 0x0,

    /* U+1F336 "🌶" */
    0x0, 0x0, 0x0, 0x18, 0x0, 0x0, 0x0, 0x0,
    0x60, 0x0, 0x0, 0x0, 0x6, 0x0, 0x0, 0x0,
    0x0, 0xe0, 0x0, 0x0, 0xb, 0xfe, 0x0, 0x0,
    0x0, 0xaf, 0xf8, 0x0, 0x0, 0x10, 0xb, 0xd0,
    0x0, 0x2, 0x0, 0xb, 0x0, 0x0, 0x22, 0x0,
    0x80, 0x0, 0x5, 0x20, 0x8, 0x64, 0x0, 0x85,
    0x0, 0x88, 0x80, 0x24, 0x0, 0x20, 0x42, 0xa8,
    0x0, 0x6, 0x2, 0x0, 0x0, 0x1, 0x80, 0x14,
    0x0, 0x0, 0xa0, 0x0, 0x64, 0x1, 0xa0, 0x0,
    0x0, 0x6a, 0x90, 0x0, 0x0,

    /* U+1F337 "🌷" */
    0x0, 0x11, 0x40, 0xa, 0xca, 0x20, 0x4, 0x98,
    0x20, 0x10, 0x38, 0x4, 0x20, 0x8, 0x8, 0x20,
    0x8, 0x8, 0x10, 0x5, 0x8, 0x4, 0x0, 0x8,
    0x8, 0x0, 0x14, 0x2, 0x0, 0x60, 0xa8, 0xae,
    0x5a, 0x82, 0x88, 0x92, 0x20, 0x3e, 0x8, 0x8,
    0x1c, 0x8, 0x2, 0x60, 0x20, 0x0, 0xc1, 0x80,
    0x0, 0x29, 0x0,

    /* U+1F338 "🌸" */
    0x0, 0x0, 0x0, 0x0, 0x0, 0x0, 0xaa, 0x90,
    0x0, 0x0, 0x14, 0x51, 0x40, 0x0, 0x2, 0x0,
    0x8, 0x0, 0xa, 0xb0, 0x0, 0xea, 0x2, 0x0,
    0x0, 0x0, 0x8, 0x20, 0x1, 0x4, 0x0, 0x89,
    0x0, 0x3a, 0xc0, 0x6, 0x80, 0x3, 0xac, 0x0,
    0x12, 0x0, 0xaf, 0x90, 0x8, 0x9, 0x0, 0xa0,
    0x6, 0x0, 0x10, 0x0, 0x0, 0x40, 0x8, 0x0,
    0x0, 0x2, 0x0, 0x80, 0x0, 0x0, 0x20, 0x2,
    0x90, 0x50, 0x68, 0x0, 0x15, 0x1a, 0x45, 0x40,
    0x0, 0x29, 0x6, 0x80, 0x0,

    /* U+1F339 "🌹" */
    0x0, 0x14, 0x0, 0x7, 0x51, 0xe8, 0x1a, 0x1e,
    0x49, 0x28, 0xbc, 0xa, 0x26, 0x1e, 0x62, 0x15,
    0x82, 0x5, 0x8, 0x28, 0x8, 0x8, 0x6, 0x8,
    0x8, 0x1, 0x48, 0x8, 0x0, 0x88, 0x3, 0x0,
    0xb0, 0x2, 0xff, 0xd0, 0x3, 0xff, 0xc0, 0x3,
    0x7a, 0xd0, 0x2, 0x1a, 0x60, 0x0, 0xa, 0x40,
    0x0, 0x9, 0x0,

    /* U+1F33A "🌺" */
    0x2, 0x94, 0xaa, 0x40, 0x0, 0x26, 0xe0, 0x6,
    0x0, 0x3, 0xfc, 0x0, 0x18, 0x0, 0x22, 0x81,
    0x10, 0x80, 0x9, 0xae, 0x2e, 0x8, 0x0, 0x80,
    0x35, 0x80, 0x60, 0x19, 0x1, 0xc0, 0x1, 0x42,
    0x6, 0x4c, 0x38, 0x8, 0x20, 0x2c, 0x3, 0x80,
    0x24, 0x1, 0x45, 0x4, 0x2, 0x80, 0x0, 0xf4,
    0x0, 0x82, 0x0, 0x14, 0x40, 0x30, 0x9, 0xb0,
    0x0, 0xff, 0x40, 0x7f, 0x0, 0xf, 0x78, 0xe,
    0xb4, 0x0, 0xff, 0x80, 0xff, 0xe0, 0x66, 0xac,
    0x1a, 0x50, 0xa0, 0x0, 0x0,

    /* U+1F33B "🌻" */
    0x0, 0x1, 0x0, 0x0, 0x14, 0x95, 0x40, 0x2,
    0x60, 0x98, 0x0, 0xa0, 0xa4, 0xa4, 0x20, 0x60,
    0x60, 0x80, 0x88, 0xf5, 0x14, 0x21, 0x6f, 0xc4,
    0x82, 0x6, 0xfc, 0x48, 0x8, 0x8a, 0x21, 0x41,
    0x6, 0x9, 0x8, 0xa, 0x5, 0xa, 0x40, 0x26,
    0x9, 0x80, 0x0, 0xb, 0x0, 0x0, 0x2a, 0x7a,
    0x40, 0x2, 0x4f, 0x8, 0x0, 0x6, 0xda, 0x0,
    0x0, 0x4, 0x0, 0x0,

    /* U+1F33C "🌼" */
    0x0, 0x1, 0x6, 0x0, 0x0, 0x6, 0x89, 0x8a,
    0x0, 0x0, 0x80, 0x20, 0x8, 0x0, 0x68, 0x10,
    0x20, 0xa0, 0x14, 0x42, 0x1, 0x10, 0x81, 0x40,
    0x1b, 0xc0, 0x8, 0x21, 0x43, 0x57, 0x14, 0x22,
    0x1, 0xd5, 0x19, 0x5, 0xd, 0x1c, 0x50, 0xc1,
    0x82, 0x2, 0xc4, 0x19, 0x5, 0x21, 0x43, 0x47,
    0x4, 0x21, 0x40, 0x1b, 0xc0, 0x8, 0x14, 0x2,
    0x11, 0x0, 0x80, 0x6c, 0x10, 0x21, 0xe4, 0x0,
    0x80, 0x20, 0x8, 0x0, 0x6, 0x89, 0x4a, 0x40,
    0x0, 0x6, 0x6, 0x0, 0x0,

    /* U+1F33D "🌽" */
    0x0, 0x4, 0x0, 0x10, 0x0, 0x1d, 0xa9, 0xa6,
    0x0, 0x0, 0x97, 0x80, 0x80, 0x0, 0x52, 0x44,
    0x20, 0x0, 0x22, 0x42, 0x8, 0x0, 0x22, 0xb,
    0x8, 0x0, 0x21, 0x83, 0x8b, 0xe0, 0x21, 0x47,
    0x28, 0x60, 0x8, 0x82, 0xe0, 0x74, 0x8, 0x82,
    0xe0, 0x1, 0x42, 0x20, 0xd0, 0xa, 0xc0, 0x88,
    0x80, 0x8, 0x0, 0x22, 0x80, 0x18, 0x0, 0x8,
    0x0, 0x24, 0x0, 0x8, 0x10, 0x60, 0x0, 0x2,
    0x26, 0x50, 0x0, 0x0, 0x14, 0x0, 0x0, 0x0,
    0x0,

    /* U+1F33E "🌾" */
    0x0, 0x0, 0x5, 0x0, 0x0, 0x0, 0x2, 0xb0,
    0x0, 0x0, 0x0, 0x16, 0x0, 0x10, 0x18, 0x1,
    0x64, 0x99, 0x9c, 0x96, 0x8, 0x9a, 0x99, 0x80,
    0x85, 0x15, 0xfa, 0x41, 0x0, 0x8a, 0x26, 0x44,
    0x0, 0x1, 0x4c, 0xb0, 0xaa, 0x0, 0x2, 0x33,
    0x9b, 0xbf, 0x0, 0x8, 0x5f, 0x46, 0xb4, 0x0,
    0x8, 0xb9, 0xa0, 0x98, 0x0, 0x21, 0xf4, 0x20,
    0x0, 0x0, 0x23, 0x5a, 0x20, 0x0, 0x0, 0x80,
    0x82, 0x80, 0x0, 0x0, 0x82, 0x0, 0x0, 0x0,
    0x1, 0x88, 0x0, 0x0, 0x0, 0x0, 0x90, 0x0,
    0x0,

    /* U+1F33F "🌿" */
    0x0, 0x0, 0x0, 0x6, 0x90, 0x0, 0x28, 0x2,
    0x42, 0x0, 0x5, 0x20, 0x84, 0x11, 0x0, 0x92,
    0x11, 0x8, 0x5a, 0x9, 0x22, 0x1, 0x48, 0x8,
    0x52, 0x20, 0x90, 0x84, 0x22, 0x17, 0x90, 0x5,
    0x41, 0x5d, 0x8a, 0xa0, 0x22, 0x8, 0xa6, 0x54,
    0x81, 0x80, 0x8f, 0xc0, 0x18, 0x6, 0x48, 0xc6,
    0xa9, 0x0, 0x6, 0x54, 0x2a, 0x0, 0x0, 0xa,
    0x24, 0x6, 0x0, 0x0, 0xfc, 0x14, 0x8, 0x0,
    0x18, 0x60, 0x2, 0x0, 0x6, 0x0, 0xaa, 0x80,
    0x2, 0x0, 0x0, 0x0, 0x0,

    /* U+1F340 "🍀" */
    0x1, 0x80, 0x60, 0x0, 0x22, 0x24, 0x80, 0x28,
    0x9, 0x2, 0x84, 0x0, 0x80, 0x1, 0x80, 0x8,
    0x0, 0x22, 0x0, 0x40, 0x8, 0xe, 0x90, 0xab,
    0x2, 0x40, 0x0, 0x18, 0x80, 0x4, 0x0, 0x24,
    0x0, 0xc0, 0x1, 0x24, 0xe, 0x1, 0x80, 0x82,
    0xa4, 0x20, 0x6, 0x88, 0x68, 0x0, 0x0, 0x40,
    0x0, 0x0, 0x2, 0x0, 0x0, 0x0, 0x20, 0x0,
    0x0, 0x0, 0x40, 0x0,

    /* U+1F341 "🍁" */
    0x0, 0x0, 0x40, 0x0, 0x0, 0x6, 0xa0, 0x0,
    0x0, 0x8, 0x24, 0x0, 0x0, 0x34, 0x4d, 0x0,
    0x0, 0x20, 0x45, 0x0, 0x29, 0x60, 0x45, 0x5a,
    0x22, 0xb0, 0x4a, 0x91, 0x20, 0x0, 0x44, 0x8,
    0x25, 0x80, 0x41, 0x8c, 0x24, 0x20, 0x49, 0xc,
    0xd, 0x9, 0xa0, 0x30, 0x34, 0x6b, 0xe9, 0xc,
    0xa, 0x41, 0xc1, 0x64, 0x0, 0x6a, 0xad, 0x0,
    0x0, 0x0, 0x40, 0x0, 0x0, 0x0, 0x80, 0x0,
    0x0, 0x0, 0x0, 0x0,

    /* U+1F342 "🍂" */
    0x0, 0x0, 0x0, 0x0, 0x0, 0x0, 0x0, 0x80,
    0x0, 0x0, 0x0, 0x5, 0x5, 0xa4, 0x0, 0xa,
    0xb4, 0xe, 0x94, 0x0, 0x80, 0x54, 0x23, 0x60,
    0x5, 0xc, 0x20, 0x90, 0x50, 0x62, 0xb4, 0x10,
    0x6a, 0x42, 0x1, 0x60, 0x80, 0x0, 0x8, 0x2c,
    0x12, 0xc, 0x0, 0x56, 0xb0, 0x4, 0xba, 0x0,
    0x86, 0x42, 0x88, 0xd5, 0x8, 0x60, 0x24, 0x26,
    0x88, 0x81, 0x19, 0x80, 0x82, 0x21, 0xaa, 0x44,
    0x1, 0x80, 0x80, 0x0, 0x0, 0x2, 0x2, 0x0,
    0x0, 0x0, 0x2, 0x48, 0x0, 0x0, 0x0, 0x0,
    0xa0,

    /* U+1F343 "🍃" */
    0x0, 0x10, 0x0, 0x1, 0x80, 0x0, 0x2, 0x0,
    0x0, 0x1, 0x0, 0x0, 0x2, 0x6a, 0x90, 0x2,
    0xc0, 0x18, 0x2, 0x28, 0x8, 0x2, 0x1, 0xa4,
    0x1, 0x0, 0x0, 0x0, 0x0, 0x4, 0x0, 0xa5,
    0xa5, 0x2, 0x0, 0x5, 0x8, 0x6, 0x8, 0x8,
    0x64, 0x8, 0x2f, 0x40, 0x20, 0x2, 0x40, 0x90,
    0x0, 0x69, 0x0,

    /* U+1F344 "🍄" */
    0x0, 0x6, 0xa4, 0x0, 0x0, 0xf8, 0x1f, 0x80,
    0x6, 0x30, 0xe, 0xb0, 0xd, 0xb8, 0x2c, 0x1c,
    0x2e, 0xff, 0xfc, 0xd, 0x34, 0x3e, 0x5e, 0xf,
    0x30, 0x3c, 0x7, 0xff, 0x30, 0x38, 0x3, 0xd7,
    0x39, 0xfc, 0x7, 0xfe, 0xf, 0xff, 0x6f, 0xf8,
    0x1, 0xff, 0xff, 0x80, 0x0, 0x10, 0x2, 0x0,
    0x0, 0x50, 0x2, 0x0, 0x0, 0x80, 0x2, 0x0,
    0x0, 0x80, 0x2, 0x0, 0x0, 0x60, 0x6, 0x0,
    0x0, 0x6, 0xa4, 0x0,

    /* U+1F345 "🍅" */
    0x0, 0x0, 0x10, 0x0, 0x0, 0x0, 0x6, 0x0,
    0x0, 0x0, 0x14, 0x96, 0x0, 0x0, 0x6, 0xff,
    0xe9, 0x0, 0x2, 0x47, 0xfe, 0x9, 0x0, 0x83,
    0xff, 0xe8, 0x24, 0x20, 0x0, 0x78, 0x0, 0x81,
    0x10, 0x1, 0x80, 0x1, 0x82, 0x0, 0x0, 0x0,
    0x28, 0x20, 0x0, 0x0, 0x2, 0x82, 0x0, 0x0,
    0x0, 0x21, 0x14, 0x0, 0x0, 0x1, 0x20, 0x0,
    0x0, 0x0, 0x80, 0x80, 0x0, 0x0, 0x24, 0x2,
    0x0, 0x0, 0x9, 0x0, 0xa, 0x40, 0x1a, 0x0,
    0x0, 0x6, 0xa9, 0x0, 0x0,

    /* U+1F346 "🍆" */
    0x0, 0x0, 0x0, 0x0, 0x1, 0xc0, 0x0, 0x0,
    0x0, 0xf, 0x80, 0x0, 0x0, 0x1, 0xff, 0xe0,
    0x0, 0x0, 0x3f, 0xfe, 0x0, 0x0, 0x3, 0xfc,
    0x20, 0x0, 0x0, 0x3d, 0x80, 0x90, 0x0, 0x3,
    0x80, 0x1, 0x80, 0x0, 0x8, 0x0, 0x2, 0x80,
    0x0, 0x20, 0x0, 0x1, 0x90, 0x2, 0x0, 0x0,
    0x1, 0x80, 0x8, 0x0, 0x0, 0x5, 0x0, 0x20,
    0x0, 0x0, 0x20, 0x0, 0x90, 0x0, 0x2, 0x0,
    0x1, 0x80, 0x0, 0x80, 0x0, 0x2, 0x80, 0x24,
    0x0, 0x0, 0x1, 0xa4, 0x0,

    /* U+1F347 "🍇" */
    0x7, 0x0, 0x0, 0x0, 0x30, 0x0, 0x0, 0x1,
    0x40, 0x0, 0x0, 0x6, 0x0, 0x69, 0x0, 0xe,
    0x5b, 0x8, 0x0, 0x33, 0x41, 0x10, 0x0, 0xec,
    0xa, 0xc0, 0x8, 0x3c, 0x70, 0x80, 0x20, 0x3f,
    0xc1, 0x42, 0xd3, 0x83, 0xe, 0x8, 0x7d, 0xa,
    0xc2, 0x20, 0xf9, 0x90, 0x48, 0x2b, 0x3, 0x7,
    0xe0, 0x8, 0xf, 0xb0, 0x80, 0xa, 0xa0, 0x81,
    0x40, 0x0, 0x83, 0x48, 0x0, 0x0, 0xa1, 0x40,

    /* U+1F348 "🍈" */
    0x0, 0x0, 0x18, 0x0, 0x3, 0xff, 0x90, 0x0,
    0x0, 0xb0, 0x0, 0x0, 0xba, 0xef, 0x0, 0xf,
    0x6, 0xb, 0x0, 0xe2, 0x4, 0xc7, 0x3, 0x14,
    0x51, 0x8d, 0x30, 0xc0, 0x83, 0x4c, 0xc7, 0x7,
    0x6, 0x33, 0x18, 0x1c, 0xc, 0xcc, 0x50, 0x30,
    0x33, 0x32, 0x40, 0xc0, 0xc8, 0x66, 0x3, 0x3,
    0x50, 0x94, 0xc, 0xe, 0x0, 0xf0, 0x30, 0x30,
    0x0, 0xe0, 0xda, 0x0, 0x0, 0x1b, 0x40, 0x0,

    /* U+1F349 "🍉" */
    0x2, 0x80, 0x0, 0x0, 0x0, 0x9e, 0x80, 0x0,
    0x0, 0x9, 0x2, 0x80, 0x0, 0x2, 0x60, 0x2,
    0x90, 0x0, 0x32, 0x20, 0x1, 0x90, 0x3, 0x10,
    0x0, 0x1, 0xa0, 0x31, 0x4, 0x1, 0x6, 0xc3,
    0x20, 0x1, 0x10, 0x9d, 0x32, 0x0, 0x0, 0x23,
    0x52, 0x98, 0x0, 0x18, 0xb9, 0xc, 0x64, 0x19,
    0x3b, 0xc0, 0xb4, 0x54, 0x2f, 0x78, 0x3, 0xf9,
    0x7a, 0xdb, 0x0, 0xb, 0xae, 0xb7, 0x80, 0x0,
    0x6, 0xee, 0x40, 0x0,

    /* U+1F34A "🍊" */
    0x0, 0x0, 0x6, 0x40, 0x0, 0x0, 0x5f, 0xf0,
    0x0, 0x0, 0x1f, 0xe0, 0x0, 0x0, 0x6f, 0xa4,
    0x0, 0x2, 0x81, 0xc1, 0x90, 0x2, 0x0, 0xf4,
    0x6, 0x2, 0x8, 0x0, 0x0, 0x62, 0x8, 0x0,
    0x1, 0x8, 0x81, 0x0, 0x0, 0x1, 0x61, 0x0,
    0x0, 0x8, 0x18, 0x0, 0x0, 0x0, 0x6, 0x0,
    0x0, 0x0, 0x5, 0x50, 0x0, 0x0, 0x82, 0x8,
    0x0, 0x0, 0x1, 0x40, 0x80, 0x1, 0x1, 0x80,
    0xa, 0x40, 0x6, 0x40, 0x0, 0x16, 0xa4, 0x0,
    0x0,

    /* U+1F34B "🍋" */
    0x0, 0x0, 0x0, 0x0, 0x0, 0x80, 0x0, 0x0,
    0x0, 0xd, 0x5a, 0xa5, 0x0, 0x0, 0x3c, 0x0,
    0x1a, 0x0, 0x3, 0xc0, 0x0, 0x8, 0x0, 0xf0,
    0x2, 0x90, 0x20, 0x2f, 0x0, 0x0, 0x41, 0x3,
    0xf0, 0x0, 0x0, 0x8, 0x3f, 0x0, 0x0, 0x0,
    0x87, 0xf0, 0x0, 0x0, 0x8, 0x3f, 0x0, 0x0,
    0x0, 0x43, 0xfc, 0x0, 0x0, 0x5, 0xf, 0x50,
    0x0, 0x0, 0x20, 0x51, 0x40, 0x0, 0x2, 0x0,
    0x6, 0x40, 0x0, 0x80, 0x0, 0x6, 0xaa, 0x90,

    /* U+1F34C "🍌" */
    0x0, 0x28, 0x0, 0x0, 0x1, 0x8, 0x0, 0x0,
    0x8, 0x8, 0x0, 0x0, 0x20, 0x20, 0x0, 0x0,
    0x40, 0x50, 0x0, 0x1, 0x40, 0x80, 0x0, 0x1,
    0x2, 0x0, 0x0, 0x8, 0xe, 0x40, 0x19, 0xb0,
    0xbf, 0x80, 0x82, 0xfb, 0x4b, 0x4, 0x22, 0x72,
    0xd, 0x20, 0x55, 0xc, 0x3c, 0x88, 0x88, 0x34,
    0x92, 0x98, 0x82, 0x21, 0x45, 0xa8, 0x24, 0x62,
    0xf, 0x42, 0x40, 0x10, 0xa, 0x90, 0x0, 0x0,

    /* U+1F34D "🍍" */
    0x1, 0x1, 0x0, 0x39, 0xd0, 0x3b, 0xfe, 0xd0,
    0xff, 0xf8, 0x2f, 0xff, 0x91, 0xff, 0xf8, 0x2f,
    0xff, 0x80, 0xff, 0xf0, 0x19, 0x55, 0x82, 0x10,
    0x44, 0x10, 0x0, 0x24, 0x41, 0x12, 0x50, 0x50,
    0x21, 0x0, 0x42, 0x21, 0x0, 0x80, 0x90, 0x24,
    0x1, 0xa4, 0x0,

    /* U+1F34E "🍎" */
    0x0, 0x0, 0x6, 0x40, 0x0, 0x0, 0x3f, 0x0,
    0x0, 0x1, 0xbe, 0x0, 0x0, 0x1, 0xf4, 0x0,
    0x2, 0xf9, 0x5b, 0x80, 0xf, 0xff, 0xff, 0xf4,
    0x2f, 0xff, 0xff, 0xfc, 0x3f, 0xff, 0xff, 0xfd,
    0x7f, 0xff, 0xff, 0xfe, 0x7f, 0xff, 0xff, 0xfe,
    0x7f, 0xff, 0xff, 0xfe, 0x3f, 0xff, 0xff, 0xfe,
    0x3f, 0xff, 0xff, 0xfc, 0x1f, 0xff, 0xff, 0xf8,
    0xb, 0xff, 0xff, 0xf0, 0x2, 0xff, 0xff, 0xc0,
    0x0, 0x68, 0x19, 0x0,

    /* U+1F34F "🍏" */
    0x0, 0x0, 0x5, 0x0, 0x0, 0x0, 0x7e, 0x0,
    0x0, 0x1, 0xfc, 0x0, 0x0, 0x3, 0xe0, 0x0,
    0x2, 0xa6, 0x2a, 0x40, 0x8, 0x3, 0x40, 0x60,
    0x20, 0x7, 0x50, 0x14, 0x50, 0x1, 0x0, 0x8,
    0x80, 0x0, 0x0, 0x8, 0x80, 0x0, 0x0, 0x8,
    0x80, 0x0, 0x0, 0x8, 0x40, 0x0, 0x0, 0x8,
    0x20, 0x0, 0x0, 0x8, 0x20, 0x0, 0x0, 0x20,
    0x8, 0x0, 0x0, 0x60, 0x2, 0x2, 0x41, 0x80,
    0x0, 0x64, 0x68, 0x0,

    /* U+1F350 "🍐" */
    0x0, 0x0, 0x0, 0x0, 0x38, 0x0, 0x0, 0x28,
    0x0, 0x0, 0x7e, 0x0, 0x0, 0x85, 0x40, 0x2,
    0x0, 0x80, 0x2, 0x0, 0x50, 0x8, 0x0, 0x20,
    0x14, 0x0, 0x8, 0x20, 0x0, 0x15, 0x80, 0x0,
    0x2, 0x80, 0x0, 0x2, 0x88, 0x0, 0x2, 0x42,
    0x40, 0x2, 0x20, 0x50, 0x8, 0x9, 0x0, 0x60,
    0x0, 0x6a, 0x40,

    /* U+1F351 "🍑" */
    0x0, 0x64, 0x0, 0x64, 0x0, 0x2f, 0xf4, 0xbf,
    0xd0, 0x0, 0xff, 0xff, 0xfc, 0x0, 0x20, 0x3,
    0x0, 0x20, 0x8, 0x0, 0x8, 0x0, 0x82, 0x0,
    0x0, 0x80, 0x5, 0x20, 0x0, 0x1, 0x0, 0x22,
    0x0, 0x0, 0x20, 0x2, 0x20, 0x0, 0x2, 0x0,
    0x22, 0x0, 0x0, 0x20, 0x2, 0x20, 0x0, 0x2,
    0x0, 0x50, 0x80, 0x0, 0x20, 0x8, 0x5, 0x0,
    0x5, 0x2, 0x0, 0x24, 0x0, 0x80, 0x90, 0x0,
    0x60, 0x0, 0x24, 0x0, 0x0, 0xa0, 0x68, 0x0,
    0x0, 0x0, 0x64, 0x0, 0x0,

    /* U+1F352 "🍒" */
    0x0, 0x6a, 0x50, 0x1, 0x90, 0xa, 0x6, 0x40,
    0x2, 0x2, 0xf4, 0x1a, 0x0, 0x27, 0xe4, 0x0,
    0x2, 0xa, 0x0, 0x0, 0x50, 0x20, 0x0, 0x8,
    0x2, 0x0, 0x2, 0x0, 0x90, 0x2, 0xe4, 0x9e,
    0x42, 0x21, 0xc7, 0x22, 0x1e, 0x14, 0x42, 0x80,
    0x2, 0x0, 0xa0, 0x0, 0x80, 0x18, 0x0, 0xa0,
    0x20, 0x90, 0x66, 0xa0, 0x6, 0x80, 0x0, 0x0,

    /* U+1F353 "🍓" */
    0x4, 0x0, 0x0, 0x0, 0xc, 0x1, 0x50, 0x0,
    0xc, 0x3f, 0xf8, 0x0, 0xb, 0xff, 0x82, 0x80,
    0x7, 0xff, 0xd1, 0x60, 0xf, 0xff, 0xf0, 0x10,
    0x1f, 0xff, 0x0, 0x8, 0x3f, 0xff, 0x10, 0x8,
    0x3f, 0xeb, 0x0, 0x88, 0x33, 0xc0, 0x0, 0x8,
    0x10, 0x41, 0x0, 0x8, 0x4, 0x40, 0x4, 0x48,
    0x8, 0x4, 0x0, 0x4, 0x2, 0x4, 0x0, 0x4,
    0x0, 0xa0, 0x4, 0x8, 0x0, 0x6, 0x90, 0x14,
    0x0, 0x0, 0x6, 0x80,

    /* U+1F354 "🍔" */
    0x0, 0x16, 0xa4, 0x0, 0x1, 0x90, 0x6, 0x80,
    0x9, 0x0, 0x10, 0x20, 0x10, 0x40, 0x1, 0x8,
    0x20, 0x4, 0x0, 0x8, 0x20, 0x0, 0x0, 0x8,
    0x20, 0x0, 0x0, 0xe, 0x99, 0x0, 0x0, 0x66,
    0x60, 0x6a, 0xa9, 0x4, 0x3d, 0x0, 0x0, 0x7c,
    0x67, 0xff, 0xff, 0xcc, 0x3e, 0x16, 0x94, 0xbc,
    0x3f, 0xe0, 0x7, 0xfc, 0x22, 0xfe, 0x7f, 0x88,
    0x8, 0x16, 0xd4, 0x20, 0x2, 0x90, 0x1, 0x80,
    0x0, 0x1a, 0xa4, 0x0,

    /* U+1F355 "🍕" */
    0x0, 0x0, 0x69, 0x0, 0x2, 0x90, 0x8, 0x1,
    0x80, 0x0, 0x40, 0x90, 0x6, 0xac, 0x14, 0x9,
    0xa, 0x82, 0x2, 0x41, 0xfc, 0x41, 0x80, 0xe,
    0x88, 0x22, 0x86, 0x8, 0x4a, 0xbc, 0xf5, 0xc2,
    0xd7, 0x41, 0x2d, 0x1, 0x99, 0x80, 0xa0, 0x6,
    0x78, 0x22, 0x0, 0xa, 0x3, 0x60, 0x0, 0x32,
    0x82, 0x0, 0x2, 0x32, 0xa0, 0x0, 0x22, 0xa2,
    0x0, 0x0, 0x80, 0x90,

    /* U+1F356 "🍖" */
    0xa, 0x0, 0x0, 0x0, 0x25, 0x40, 0x0, 0x0,
    0x80, 0x81, 0x40, 0x0, 0x60, 0xbf, 0xf0, 0x0,
    0xa, 0xff, 0xf8, 0x0, 0x7, 0xff, 0xfd, 0x0,
    0xb, 0xff, 0xff, 0xd0, 0xf, 0xff, 0xd0, 0x74,
    0xf, 0xfe, 0x29, 0xd8, 0xf, 0xfc, 0xfe, 0xe8,
    0x7, 0xf3, 0xff, 0xe8, 0x0, 0xf2, 0xb1, 0x88,
    0x0, 0x63, 0xf4, 0x78, 0x0, 0x23, 0xfc, 0x4,
    0x0, 0x14, 0x52, 0x18, 0x0, 0x2, 0xab, 0x20,
    0x0, 0x0, 0x1, 0x80,

    /* U+1F357 "🍗" */
    0x5, 0x0, 0x0, 0x0, 0x9, 0x40, 0x0, 0x0,
    0x20, 0x80, 0x0, 0x0, 0x80, 0x40, 0x0, 0x0,
    0x20, 0x30, 0x0, 0x0, 0x6, 0xfc, 0x0, 0x0,
    0x0, 0xff, 0x90, 0x0, 0x0, 0x3f, 0xfe, 0x0,
    0x0, 0x2e, 0xff, 0xe0, 0x0, 0x1e, 0xff, 0xfc,
    0x0, 0xf, 0xff, 0xfd, 0x0, 0xf, 0xff, 0xff,
    0x0, 0xb, 0x7f, 0xff, 0x0, 0x7, 0xff, 0xff,
    0x0, 0x2, 0xf7, 0xfe, 0x0, 0x0, 0xbf, 0xf8,
    0x0, 0x0, 0x6, 0x90,

    /* U+1F358 "🍘" */
    0x0, 0x1a, 0xa9, 0x0, 0x1, 0x90, 0x1, 0x80,
    0x6, 0x1, 0x0, 0x20, 0x8, 0x10, 0x10, 0x8,
    0x20, 0x0, 0x0, 0x2, 0x20, 0x0, 0x1, 0x42,
    0x20, 0xff, 0xff, 0xc2, 0x20, 0xe7, 0xff, 0xc2,
    0x20, 0xdf, 0xff, 0xc2, 0x20, 0xdf, 0xff, 0xc2,
    0x20, 0xdf, 0xff, 0xc2, 0x14, 0xef, 0xff, 0xc8,
    0x8, 0xff, 0xff, 0xe4, 0x2, 0xff, 0xff, 0xe0,
    0x0, 0x7f, 0xff, 0x40, 0x0, 0x1, 0x54, 0x0,

    /* U+1F359 "🍙" */
    0x0, 0x2, 0xa8, 0x0, 0x0, 0x1, 0x80, 0x24,
    0x0, 0x0, 0x60, 0x80, 0x90, 0x0, 0x18, 0x80,
    0x1, 0x40, 0x2, 0x0, 0x1, 0x8, 0x0, 0x85,
    0x0, 0x0, 0x20, 0x10, 0x0, 0x0, 0x0, 0x82,
    0x3, 0xff, 0xfc, 0x88, 0x50, 0x37, 0xff, 0xc0,
    0x54, 0x43, 0x7f, 0xfc, 0x52, 0x80, 0x37, 0xff,
    0xc0, 0x25, 0x3, 0x7f, 0xfc, 0x1, 0x20, 0x3b,
    0xff, 0xc0, 0x80, 0x93, 0xff, 0xfc, 0x20, 0x1,
    0xbf, 0xff, 0xe4, 0x0, 0x0, 0x0, 0x0, 0x0,

    /* U+1F35A "🍚" */
    0x0, 0x1, 0x40, 0x0, 0x0, 0x1a, 0x5a, 0x80,
    0x0, 0x20, 0x0, 0x6, 0x0, 0x20, 0x0, 0x10,
    0x50, 0x20, 0x0, 0x40, 0x8, 0x8, 0x0, 0x0,
    0x20, 0x88, 0x0, 0x1, 0x0, 0x26, 0xa9, 0x0,
    0x1, 0xaa, 0x80, 0x5a, 0xa9, 0x0, 0xa0, 0x0,
    0x0, 0x0, 0x28, 0x0, 0x0, 0x0, 0x14, 0x40,
    0x0, 0x0, 0x8, 0x24, 0x0, 0x0, 0x8, 0x1,
    0x90, 0x0, 0x18, 0x0, 0x7, 0xff, 0xf0, 0x0,
    0x0, 0xff, 0xf4, 0x0, 0x0, 0xa, 0xa4, 0x0,
    0x0,

    /* U+1F35B "🍛" */
    0x0, 0x0, 0x0, 0x0, 0x0, 0x0, 0x69, 0xa0,
    0x0, 0x0, 0xa, 0x0, 0x20, 0x0, 0x0, 0x50,
    0x0, 0x20, 0x0, 0x2, 0x0, 0x4, 0x38, 0x0,
    0x30, 0x0, 0x1, 0x89, 0x2, 0x80, 0x0, 0x42,
    0x85, 0x22, 0x40, 0x0, 0xf, 0xc8, 0x8f, 0x80,
    0x1, 0xe5, 0x46, 0x3f, 0xff, 0xff, 0x9a, 0x28,
    0xdd, 0x33, 0xf2, 0xf4, 0x60, 0xd7, 0xe7, 0x4f,
    0x88, 0x20, 0xaf, 0x8b, 0xf4, 0x60, 0x34, 0x1a,
    0xa9, 0xe, 0x0, 0x3e, 0x40, 0x7, 0xe0, 0x0,
    0x1f, 0xff, 0xfc, 0x0, 0x0, 0x0, 0x54, 0x0,
    0x0,

    /* U+1F35C "🍜" */
    0x0, 0x0, 0x0, 0x15, 0x0, 0xf, 0xea, 0xa5,
    0x40, 0x0, 0x69, 0x0, 0x0, 0x0, 0x7, 0xea,
    0xaa, 0x90, 0x0, 0x18, 0x0, 0x4, 0x0, 0x4,
    0x80, 0xb, 0xd0, 0x1, 0xee, 0xaf, 0xff, 0x2,
    0x98, 0x60, 0x3f, 0xfc, 0x41, 0xbf, 0xff, 0xff,
    0xe7, 0xfe, 0xae, 0x52, 0xfe, 0x17, 0xff, 0xdf,
    0xbd, 0x52, 0x0, 0x15, 0x40, 0x8, 0xe, 0x50,
    0x0, 0x5b, 0x40, 0x65, 0x6a, 0xa5, 0x90, 0x0,
    0xa4, 0x1, 0xa0, 0x0, 0x2, 0xff, 0xf4, 0x0,
    0x0, 0x6, 0xa9, 0x0, 0x0,

    /* U+1F35D "🍝" */
    0x0, 0x0, 0x0, 0x4, 0x0, 0x0, 0x0, 0x69,
    0x0, 0x0, 0x9, 0xa0, 0x0, 0x0, 0x1b, 0x70,
    0x0, 0x0, 0xa, 0x94, 0x0, 0x0, 0x0, 0x18,
    0x0, 0x0, 0x0, 0x66, 0x0, 0x0, 0xb, 0xfd,
    0xfe, 0x0, 0xf, 0xff, 0x7f, 0xf4, 0xe, 0x9f,
    0x7f, 0xf7, 0x49, 0x6d, 0xf7, 0xfe, 0xa2, 0x1a,
    0xd6, 0x95, 0x68, 0x89, 0x9b, 0xb5, 0xb6, 0x14,
    0x56, 0x6a, 0x74, 0x81, 0x41, 0x6a, 0xa5, 0x80,
    0x1a, 0x5, 0x6, 0x40, 0x0, 0x1a, 0xa4, 0x0,
    0x0,

    /* U+1F35E "🍞" */
    0x0, 0x1, 0x50, 0x0, 0x0, 0x2f, 0xff, 0xe0,
    0x0, 0xbf, 0xff, 0xff, 0x40, 0xff, 0xff, 0xff,
    0xf4, 0x90, 0x7f, 0xff, 0xff, 0x20, 0x0, 0xff,
    0xff, 0xc8, 0x0, 0xb, 0xff, 0xf0, 0x80, 0x0,
    0xff, 0xfc, 0x20, 0x0, 0x1f, 0xfc, 0x8, 0x0,
    0xb, 0xff, 0x2, 0x0, 0xb, 0xff, 0xc0, 0x80,
    0x3, 0xff, 0xf0, 0x20, 0x0, 0xff, 0xf8, 0x6,
    0x0, 0x3f, 0xf8, 0x0, 0x24, 0xf, 0xf4, 0x0,
    0x1, 0x93, 0xe0, 0x0, 0x0, 0x6, 0xd0, 0x0,
    0x0,

    /* U+1F35F "🍟" */
    0x0, 0x25, 0x0, 0x0, 0x29, 0x2a, 0x50, 0x1,
    0x62, 0x52, 0x95, 0x92, 0x16, 0x31, 0x16, 0xaa,
    0xab, 0x41, 0x32, 0x89, 0xa4, 0x7, 0x14, 0xc9,
    0x40, 0xa2, 0x58, 0x98, 0xf, 0xa5, 0x5f, 0x40,
    0x7f, 0x7b, 0xf0, 0x3, 0xff, 0xf7, 0x0, 0x3f,
    0xff, 0x70, 0x3, 0xff, 0xf6, 0x0, 0x2f, 0xff,
    0x90, 0x1, 0xff, 0xf8, 0x0, 0x1f, 0xf9, 0xc0,
    0x0, 0x7f, 0xe4, 0x0,

    /* U+1F360 "🍠" */
    0x0, 0x0, 0x0, 0x1, 0x0, 0x0, 0x0, 0x6e,
    0x0, 0x0, 0x2f, 0xff, 0x0, 0x2, 0xff, 0xff,
    0x0, 0xf, 0xfa, 0xff, 0x0, 0x20, 0x2f, 0xee,
    0x0, 0x80, 0xb, 0xfd, 0x0, 0x80, 0x3, 0xbc,
    0x0, 0x80, 0x2, 0xf8, 0x0, 0x80, 0x2, 0xf0,
    0x0, 0xa4, 0x2, 0xc0, 0xa, 0x46, 0x43, 0x40,
    0x20, 0x0, 0x78, 0x0, 0x20, 0x0, 0x20, 0x0,
    0x38, 0x0, 0xa0, 0x0, 0xf, 0xff, 0xc0, 0x0,
    0x1, 0xa9, 0x0, 0x0,

    /* U+1F361 "🍡" */
    0x0, 0x0, 0x0, 0x0, 0x2, 0xaa, 0x40, 0x0,
    0x0, 0xc, 0x5, 0x0, 0x0, 0x1, 0x40, 0x20,
    0x0, 0x0, 0x21, 0x7, 0x90, 0x0, 0x1, 0x40,
    0xd1, 0x80, 0x0, 0x6, 0xb0, 0x8, 0x0, 0x0,
    0x2, 0x40, 0x80, 0x0, 0x0, 0x20, 0xf, 0xe0,
    0x0, 0x1, 0x43, 0xff, 0x80, 0x0, 0x6, 0xbf,
    0xfc, 0x0, 0x0, 0x3, 0xbf, 0xc0, 0x0, 0x0,
    0x3f, 0xf4, 0x0, 0x0, 0x1, 0xff, 0xc0, 0x0,
    0x0, 0x1, 0xb, 0x0, 0x0, 0x0, 0x0, 0x2c,
    0x0, 0x0, 0x0, 0x0, 0x40,

    /* U+1F362 "🍢" */
    0x6e, 0xa4, 0x0, 0x0, 0x21, 0x11, 0x80, 0x0,
    0xe, 0xee, 0xc0, 0x0, 0x2, 0x22, 0x80, 0x0,
    0x0, 0xdd, 0xd4, 0x0, 0x0, 0x22, 0xbf, 0xe0,
    0x0, 0x8, 0xda, 0xfd, 0xa, 0x1, 0x83, 0xbf,
    0x49, 0xa0, 0x0, 0xaf, 0xd9, 0x4d, 0x0, 0xb,
    0xfc, 0x45, 0x40, 0x0, 0x8, 0x45, 0x40, 0x0,
    0x18, 0x45, 0x40, 0x0, 0x8, 0x6, 0xc0, 0x0,
    0x5, 0x41, 0x6c, 0x0, 0x0, 0x81, 0x42, 0xc0,
    0x0, 0xa, 0x40, 0x2c, 0x0, 0x0, 0x0, 0x0,
    0x0,

    /* U+1F363 "🍣" */
    0x0, 0x1b, 0x90, 0x0, 0x1, 0xa8, 0x2f, 0x40,
    0x6, 0x20, 0x90, 0x60, 0x8, 0x82, 0x2, 0xac,
    0xb, 0xda, 0x48, 0x5, 0x3, 0x10, 0x24, 0x2b,
    0x3, 0xa9, 0x6, 0x82, 0x3b, 0xff, 0xe0, 0x92,
    0xf7, 0xff, 0xfe, 0x2c, 0xb9, 0x7f, 0xff, 0xe0,
    0x57, 0xff, 0xff, 0xe0, 0x14, 0x6f, 0xff, 0xf0,
    0x24, 0x7, 0xff, 0xa0, 0x6, 0x0, 0x64, 0x20,
    0x0, 0x90, 0x0, 0x90, 0x0, 0xa, 0x2, 0x40,
    0x0, 0x0, 0x64, 0x0,

    /* U+1F364 "🍤" */
    0x0, 0x0, 0xa, 0xa4, 0x0, 0x0, 0x0, 0x60,
    0x6, 0x0, 0x0, 0x0, 0x80, 0x1, 0x80, 0x6,
    0x50, 0x40, 0x0, 0x20, 0x1f, 0xf6, 0x0, 0x2,
    0x24, 0x3d, 0xe4, 0x40, 0x0, 0x8, 0x3b, 0xa4,
    0x80, 0x0, 0x9, 0x2e, 0xf0, 0x64, 0x0, 0x42,
    0xb, 0xf0, 0x6, 0x80, 0x81, 0x2, 0xfc, 0x0,
    0x40, 0x2, 0x1, 0xff, 0x52, 0xc0, 0x9, 0x0,
    0xff, 0x44, 0x0, 0x8, 0x0, 0x7f, 0x40, 0x0,
    0x28, 0x0, 0x2f, 0x0, 0x40, 0x80, 0x0, 0x9,
    0x4, 0x1, 0x80, 0x0, 0x2, 0x80, 0x19, 0x0,
    0x0, 0x0, 0x16, 0x50, 0x0,

    /* U+1F365 "🍥" */
    0x0, 0x2, 0x80, 0x0, 0x0, 0x2a, 0xa, 0x80,
    0x0, 0x20, 0x0, 0x8, 0x0, 0x14, 0x0, 0x1,
    0x80, 0x24, 0x19, 0x0, 0x8, 0x8, 0x14, 0x19,
    0x2, 0x2, 0x8, 0x20, 0x60, 0x82, 0x4, 0x20,
    0x5, 0x8, 0x82, 0x8, 0x0, 0x82, 0x20, 0x41,
    0x48, 0x20, 0x82, 0x8, 0x18, 0x20, 0x80, 0x81,
    0x40, 0x14, 0x20, 0x24, 0xa, 0xa4, 0x18, 0x1,
    0x80, 0x0, 0x14, 0x0, 0x24, 0x0, 0x18, 0x0,
    0x1, 0x64, 0x94, 0x0, 0x0, 0x1, 0x80, 0x0,
    0x0,

    /* U+1F366 "🍦" */
    0x1, 0x90, 0x0, 0x19, 0x80, 0x0, 0x85, 0x0,
    0x20, 0x20, 0x9, 0x6, 0x1, 0x9a, 0x48, 0x20,
    0x0, 0x82, 0x40, 0x2c, 0x81, 0xa4, 0x25, 0x0,
    0x5, 0x3a, 0xaa, 0xc1, 0x0, 0x4, 0x8, 0x52,
    0x0, 0x8a, 0x20, 0x8, 0xa2, 0x0, 0x40, 0x20,
    0x1, 0xa4, 0x0,

    /* U+1F367 "🍧" */
    0x0, 0x2f, 0x90, 0x0, 0x0, 0xbe, 0xff, 0x3,
    0xc0, 0xf7, 0xff, 0xf7, 0xc0, 0x7f, 0xbf, 0xff,
    0x80, 0x3e, 0xab, 0xff, 0xc0, 0xe, 0xff, 0xff,
    0x74, 0x2, 0x6a, 0xba, 0x1, 0x0, 0x80, 0x0,
    0x0, 0x40, 0x30, 0x0, 0x0, 0xd0, 0xa, 0x40,
    0x0, 0xa8, 0x2, 0x1a, 0xaa, 0x45, 0x0, 0xa0,
    0x0, 0x7, 0x0, 0xe, 0xaa, 0xaa, 0x40, 0x2,
    0x0, 0x0, 0x80, 0x0, 0x50, 0x0, 0x20, 0x0,
    0xa, 0x0, 0x60, 0x0, 0x0, 0x1a, 0x90, 0x0,
    0x0,

    /* U+1F368 "🍨" */
    0x0, 0x2a, 0x0, 0x0, 0x60, 0x20, 0x0, 0x20,
    0x1, 0x0, 0x8, 0x0, 0x80, 0xb, 0x40, 0x30,
    0x8, 0xa, 0xa, 0x8, 0x0, 0x78, 0x23, 0x0,
    0x10, 0xc, 0xe0, 0x4, 0x7, 0x26, 0x42, 0x1a,
    0x42, 0x16, 0xa4, 0x40, 0x28, 0x1, 0x80, 0x0,
    0x7d, 0x0, 0x0, 0x6f, 0x90, 0x0, 0x52, 0x82,
    0x0, 0x18, 0x1, 0x80, 0x0, 0x69, 0x0, 0x0,

    /* U+1F369 "🍩" */
    0x0, 0x0, 0x54, 0x0, 0x0, 0x1, 0xbf, 0xff,
    0x80, 0x0, 0x2f, 0xfd, 0xff, 0xd0, 0x3, 0xfa,
    0xff, 0xf7, 0xe0, 0x2f, 0xfd, 0x1, 0xfd, 0xd0,
    0xef, 0x96, 0xa5, 0xff, 0x83, 0x7b, 0xe0, 0x2f,
    0xff, 0xf, 0xff, 0xff, 0xfe, 0xfc, 0x3f, 0xff,
    0x7e, 0xfb, 0xf0, 0xaf, 0x7f, 0xfb, 0xfd, 0x82,
    0x1a, 0xff, 0xfa, 0x95, 0x2, 0x0, 0x6e, 0x0,
    0x20, 0x6, 0x0, 0x0, 0x2, 0x0, 0x2, 0x90,
    0x1, 0xa0, 0x0, 0x0, 0x6a, 0x94, 0x0, 0x0,

    /* U+1F36A "🍪" */
    0x0, 0x1, 0x0, 0x0, 0x0, 0x29, 0x5f, 0x80,
    0x0, 0x3e, 0x3, 0xc9, 0x0, 0x27, 0x80, 0x0,
    0xa0, 0x1e, 0x2, 0xd4, 0x2d, 0x8, 0x0, 0x3c,
    0xb, 0x88, 0xe, 0x2, 0x20, 0x16, 0x1, 0x40,
    0x8, 0xe2, 0x85, 0x1, 0x80, 0x10, 0xa0, 0x6,
    0x0, 0x40, 0x69, 0x3, 0xd0, 0xf0, 0x25, 0xd0,
    0x24, 0x2c, 0x1c, 0x2e, 0x0, 0x40, 0x1d, 0x2,
    0xf0, 0x19, 0x6d, 0x0, 0x1f, 0xeb, 0xfd, 0x0,
    0x0, 0xbf, 0xd0, 0x0, 0x0, 0x0, 0x0, 0x0,
    0x0,

    /* U+1F36B "🍫" */
    0x0, 0x10, 0x0, 0x0, 0x0, 0x2f, 0x0, 0x0,
    0x0, 0x2f, 0xf0, 0x0, 0x0, 0x2e, 0x7f, 0x0,
    0x0, 0x2f, 0xff, 0xf4, 0x0, 0x2f, 0x7e, 0x7e,
    0x80, 0xb, 0xbf, 0xfd, 0x10, 0x0, 0xbe, 0xbd,
    0xb, 0x0, 0xb, 0xbc, 0x18, 0x20, 0x0, 0xbe,
    0x8, 0x2, 0x0, 0x9, 0x1a, 0x0, 0x20, 0x0,
    0xf4, 0x0, 0x8, 0x0, 0x9, 0x0, 0x8, 0x0,
    0x0, 0x90, 0x8, 0x0, 0x0, 0x9, 0x8, 0x0,
    0x0, 0x0, 0x98, 0x0, 0x0, 0x0, 0x4, 0x0,
    0x0,

    /* U+1F36C "🍬" */
    0x0, 0x40, 0x0, 0x0, 0x0, 0x19, 0x0, 0x0,
    0x0, 0x9, 0x14, 0x0, 0x0, 0x1, 0x4, 0x80,
    0x0, 0x0, 0x21, 0x9, 0xb4, 0x0, 0x6, 0x40,
    0xd5, 0x70, 0x0, 0x6, 0xb8, 0x42, 0x80, 0x0,
    0x2, 0x8, 0x58, 0x0, 0x0, 0x21, 0x48, 0x40,
    0x0, 0x2, 0x20, 0x88, 0x0, 0x0, 0x1c, 0x20,
    0xea, 0x0, 0x0, 0x98, 0x74, 0xa, 0x0, 0x0,
    0xa6, 0x4, 0x50, 0x0, 0x0, 0x21, 0x8, 0x0,
    0x0, 0x0, 0x82, 0x40, 0x0, 0x0, 0x2, 0x80,
    0x0, 0x0, 0x0, 0x10, 0x0,

    /* U+1F36D "🍭" */
    0x0, 0x69, 0x0, 0x0, 0x1, 0x90, 0x28, 0x0,
    0x1, 0x42, 0x90, 0x80, 0x0, 0x86, 0x6, 0x18,
    0x0, 0x81, 0x0, 0x53, 0x0, 0x22, 0xa, 0x48,
    0xd0, 0x8, 0x88, 0x62, 0x34, 0x2, 0x22, 0x34,
    0x8d, 0x0, 0x84, 0x50, 0x8b, 0x0, 0x14, 0x86,
    0x4a, 0x80, 0x2, 0xa, 0xa8, 0xd0, 0x0, 0x24,
    0x0, 0xbd, 0x0, 0x1, 0xaa, 0x82, 0xd0, 0x0,
    0x0, 0x0, 0x2d, 0x0, 0x0, 0x0, 0x3, 0xd0,
    0x0, 0x0, 0x0, 0x3c, 0x0, 0x0, 0x0, 0x1,
    0x0,

    /* U+1F36E "🍮" */
    0x0, 0x0, 0x0, 0x0, 0x0, 0x0, 0x7f, 0xfe,
    0x0, 0x0, 0xb, 0xff, 0xf7, 0x0, 0x0, 0x3f,
    0xff, 0xed, 0x0, 0x1, 0xff, 0xfe, 0x78, 0x0,
    0x1d, 0x7f, 0xfe, 0x38, 0x2, 0x20, 0x0, 0x0,
    0x88, 0x14, 0x84, 0x0, 0x2, 0x4, 0x82, 0x10,
    0x0, 0x4, 0x22, 0x4, 0x80, 0x0, 0x4, 0x88,
    0x20, 0x0, 0x0, 0x82, 0x20, 0x24, 0x0, 0x19,
    0x8, 0x20, 0x1a, 0xaa, 0x40, 0x50, 0x50, 0x0,
    0x0, 0x6, 0x0, 0x64, 0x0, 0x1, 0x90, 0x0,
    0x1a, 0xaa, 0xa4, 0x0, 0x0, 0x0, 0x0, 0x0,
    0x0,

    /* U+1F36F "🍯" */
    0x0, 0x0, 0x8, 0x0, 0x0, 0x8, 0x80, 0x0,
    0x2, 0x20, 0x1a, 0xaf, 0x60, 0x3e, 0x47, 0x7c,
    0xe, 0x6, 0x7f, 0x3, 0x8f, 0xff, 0xd2, 0xf3,
    0xff, 0xfc, 0xf8, 0xff, 0xff, 0x3e, 0x3f, 0xff,
    0xcf, 0xcf, 0xff, 0xf2, 0xaf, 0xff, 0xa8, 0x34,
    0x0, 0x1c, 0xf, 0xff, 0xff, 0x0, 0x95, 0x56,
    0x0, 0x25, 0x5, 0x80, 0x1, 0xbe, 0x40, 0x0,

    /* U+1F370 "🍰" */
    0x0, 0x0, 0x40, 0x0, 0x0, 0x7, 0xe0, 0x0,
    0x0, 0xe, 0xfd, 0x0, 0x0, 0x1f, 0xba, 0x80,
    0x0, 0x3f, 0xfc, 0x18, 0x0, 0x87, 0xe2, 0x85,
    0x2, 0x0, 0x0, 0x7c, 0x8, 0x0, 0x1a, 0x88,
    0x14, 0x5a, 0x90, 0x48, 0x39, 0x41, 0xa9, 0xc8,
    0x3a, 0xa4, 0x6, 0xc8, 0x20, 0x1a, 0xe4, 0x88,
    0x3a, 0x5f, 0x8f, 0xc5, 0x22, 0xe5, 0xad, 0x85,
    0x3f, 0xf4, 0x1, 0xe4, 0x20, 0x16, 0xa4, 0x0,
    0x2a, 0x50, 0x0, 0x0,

    /* U+1F371 "🍱" */
    0x6a, 0xaa, 0xaa, 0xaa, 0x94, 0x55, 0x4b, 0x85,
    0x51, 0x4a, 0xad, 0x56, 0x49, 0x18, 0x80, 0x9a,
    0xa5, 0xe2, 0x88, 0x9, 0xbd, 0x6a, 0x28, 0x8c,
    0x99, 0x96, 0xa2, 0x88, 0x48, 0xa5, 0x6a, 0x28,
    0x80, 0x9a, 0x9e, 0xb2, 0x8c, 0xa, 0x56, 0xeb,
    0x28, 0xff, 0x9b, 0xda, 0xb2, 0xea, 0xaa, 0xaa,
    0xaa, 0xb8, 0x0, 0x0, 0x0, 0x2, 0x80, 0x0,
    0x0, 0x0, 0x24, 0x0, 0x0, 0x0, 0x1, 0x2a,
    0xaa, 0xaa, 0xaa, 0x80,

    /* U+1F372 "🍲" */
    0x0, 0x0, 0x0, 0x40, 0x0, 0x0, 0x0, 0x2,
    0x90, 0x0, 0x0, 0x0, 0x28, 0x20, 0x0, 0x0,
    0x0, 0x81, 0x80, 0x0, 0x0, 0x1, 0xdf, 0x50,
    0x0, 0x0, 0x64, 0x70, 0x1a, 0x0, 0x2a, 0xa,
    0x95, 0xa4, 0xa8, 0x40, 0x50, 0x55, 0x2, 0x2,
    0x80, 0x9e, 0xff, 0xf8, 0x42, 0x24, 0x7d, 0x77,
    0x7f, 0x18, 0x8, 0xb, 0xff, 0xf4, 0x20, 0x1,
    0x0, 0x0, 0x0, 0x50, 0x2, 0x0, 0x0, 0x0,
    0x80, 0x2, 0x0, 0x0, 0x0, 0x80, 0x0, 0x80,
    0x0, 0x1, 0x40, 0x0, 0x64, 0x0, 0x19, 0x0,
    0x0, 0x5, 0xaa, 0x50, 0x0,

    /* U+1F373 "🍳" */
    0x0, 0x6a, 0x40, 0x0, 0x3f, 0xff, 0x0, 0xf,
    0xf1, 0xfc, 0x3, 0xfc, 0x3, 0xe0, 0x7f, 0x45,
    0x1f, 0xb, 0xf2, 0xb0, 0xf4, 0xbc, 0x2f, 0xf,
    0x47, 0xc0, 0x90, 0xf4, 0x3c, 0x0, 0x1f, 0x2,
    0xe0, 0x3, 0xe0, 0xf, 0xff, 0xfc, 0x0, 0x2f,
    0xff, 0xc0, 0x0, 0x15, 0x1e, 0x0, 0x0, 0x0,
    0xb4, 0x0, 0x0, 0x3, 0x80, 0x0, 0x0, 0x1e,
    0x0, 0x0, 0x0, 0x40,

    /* U+1F374 "🍴" */
    0x0, 0x0, 0x0, 0x1, 0x85, 0x40, 0xe1, 0x60,
    0x38, 0x98, 0xe, 0x25, 0x7, 0x8b, 0xc1, 0xe1,
    0xf0, 0x78, 0x34, 0xe, 0x8, 0x1, 0xc2, 0x0,
    0x30, 0xd0, 0x1c, 0x34, 0x7, 0xe, 0x2, 0xc3,
    0x80, 0xb0, 0xf0, 0x3c, 0x38, 0xb, 0x0,

    /* U+1F375 "🍵" */
    0x0, 0x4, 0x0, 0x0, 0xa0, 0x0, 0x62, 0x0,
    0x20, 0x60, 0x5, 0x24, 0x0, 0xbe, 0x90, 0x25,
    0x41, 0x98, 0x1a, 0x42, 0xbf, 0xff, 0xe8, 0x6f,
    0x92, 0x80, 0x0, 0x24, 0x80, 0x2, 0x44, 0x0,
    0x25, 0x10, 0x1, 0x20, 0x0, 0x80, 0xff, 0xf0,
    0x1, 0xa4, 0x0,

    /* U+1F376 "🍶" */
    0x0, 0x7, 0xe4, 0x0, 0x1f, 0xfc, 0x0, 0x4,
    0x8, 0x0, 0x8, 0x8, 0x0, 0x1, 0x20, 0x0,
    0x2, 0x20, 0x0, 0x8, 0x14, 0x0, 0x8, 0x8,
    0x0, 0x20, 0x4, 0x0, 0x20, 0x2, 0x0, 0x50,
    0x2, 0x1a, 0xd0, 0x2, 0xaf, 0xf0, 0x6, 0x80,
    0x20, 0x12, 0x50, 0xb0, 0x22, 0x2f, 0xa4, 0x8,
    0xa, 0x6, 0x90,

    /* U+1F377 "🍷" */
    0x6, 0x90, 0xa, 0x7, 0x2, 0x69, 0x51, 0x40,
    0x8, 0x80, 0x2, 0x20, 0x0, 0x89, 0x2, 0xe2,
    0x7b, 0xf8, 0x5f, 0xf6, 0x9, 0x56, 0x0, 0x6d,
    0x0, 0x3, 0x0, 0x0, 0xc0, 0x1, 0xf8, 0x3,
    0x54, 0x90, 0xc0, 0x24, 0x6, 0x90, 0x0,

    /* U+1F378 "🍸" */
    0x0, 0x0, 0x0, 0x1, 0xaa, 0xaa, 0xac, 0xd1,
    0x6a, 0x97, 0x77, 0xe4, 0x1, 0xff, 0x9, 0x5a,
    0xb6, 0x40, 0x20, 0x7c, 0x50, 0x0, 0x8b, 0x94,
    0x0, 0x2, 0x65, 0x0, 0x0, 0x18, 0x80, 0x0,
    0x0, 0xa0, 0x0, 0x0, 0x7, 0x0, 0x0, 0x0,
    0x70, 0x0, 0x0, 0x7, 0x0, 0x0, 0x0, 0xa0,
    0x0, 0x0, 0xa0, 0xa4, 0x0, 0x24, 0x0, 0x80,
    0x0, 0x6a, 0x90, 0x0,

    /* U+1F379 "🍹" */
    0x40, 0x0, 0x2, 0xd4, 0x0, 0x3, 0x68, 0x1a,
    0x1b, 0xe0, 0x80, 0x6f, 0xff, 0x0, 0xa0, 0x25,
    0x0, 0x80, 0x88, 0x2, 0xff, 0xa0, 0x16, 0xff,
    0x80, 0x57, 0xfd, 0x1, 0x7b, 0xe8, 0x2, 0x6e,
    0x60, 0x2, 0xb9, 0x0, 0x1, 0xc0, 0x0, 0xf,
    0x80, 0x1, 0x95, 0xc0, 0x1, 0xa9, 0x0,

    /* U+1F37A "🍺" */
    0x0, 0x28, 0x0, 0x0, 0x18, 0x14, 0x0, 0x9,
    0x0, 0x50, 0x1, 0x40, 0x1, 0x80, 0x20, 0x0,
    0x8, 0x3, 0x81, 0x5b, 0x40, 0x26, 0xbf, 0xce,
    0x2, 0x3f, 0xec, 0xc8, 0x23, 0xfb, 0xc6, 0x12,
    0x3b, 0x7c, 0x61, 0x23, 0x7e, 0xcd, 0x52, 0x37,
    0xec, 0x98, 0x23, 0x7f, 0xcd, 0x2, 0x37, 0xfc,
    0x80, 0x21, 0xbe, 0x8, 0x2, 0x80, 0x6, 0x40,
    0x1, 0xaa, 0x40, 0x0,

    /* U+1F37B "🍻" */
    0x0, 0x0, 0x0, 0x0, 0x0, 0x0, 0x9, 0x5,
    0x0, 0x0, 0x1, 0x51, 0x96, 0x80, 0x0, 0x1,
    0x70, 0x2, 0x0, 0x1, 0xa5, 0xc0, 0x1d, 0x40,
    0x8, 0x0, 0xab, 0xe4, 0x80, 0x7a, 0x80, 0x3f,
    0x79, 0x5, 0xc1, 0x46, 0xfc, 0x85, 0x57, 0x7c,
    0xdf, 0xf6, 0x1a, 0x46, 0xf3, 0x6f, 0xe7, 0x59,
    0x5f, 0xde, 0x3f, 0xcd, 0x27, 0x3f, 0xd9, 0xbf,
    0x14, 0x2c, 0xff, 0x29, 0xe4, 0x20, 0x21, 0xbc,
    0x60, 0x2, 0x42, 0x40, 0x5, 0x80, 0xa0, 0x3,
    0xfe, 0x44, 0xa4, 0x0, 0x0, 0x6a, 0x40, 0x0,
    0x0,

    /* U+1F37C "🍼" */
    0x0, 0x0, 0x0, 0x5, 0x0, 0x0, 0x0, 0x29,
    0x80, 0x0, 0x2, 0xe0, 0x60, 0x0, 0x2, 0xac,
    0x20, 0x0, 0xa, 0xda, 0x88, 0x0, 0x9, 0x1d,
    0xae, 0x0, 0x9, 0x12, 0xde, 0x40, 0x9, 0x20,
    0x2d, 0xc0, 0x18, 0x0, 0x1, 0xd0, 0x14, 0x0,
    0x0, 0x20, 0x8, 0x0, 0x0, 0x14, 0x2, 0x0,
    0x0, 0x24, 0x0, 0x80, 0x0, 0x24, 0x0, 0x8,
    0x0, 0x14, 0x0, 0x0, 0x80, 0x8, 0x0, 0x0,
    0x9, 0x8, 0x0, 0x0, 0x0, 0x64, 0x0, 0x0,
    0x0,

    /* U+1F37D "🍽" */
    0x0, 0x0, 0x0, 0x0, 0x0, 0x0, 0x0, 0x0,
    0x0, 0xc, 0x15, 0x0, 0x0, 0x0, 0x1c, 0x25,
    0x0, 0x6a, 0x0, 0x2c, 0x2a, 0x2, 0x40, 0x60,
    0x3c, 0x1a, 0x8, 0x4, 0x8, 0x3c, 0x3e, 0x20,
    0x96, 0x5, 0x3c, 0x3e, 0x22, 0x0, 0x2, 0x3c,
    0xc, 0x12, 0x0, 0x2, 0x2c, 0xc, 0x12, 0x0,
    0x2, 0xc, 0xc, 0x21, 0x0, 0x2, 0xc, 0x1c,
    0x20, 0x0, 0x5, 0xc, 0x1c, 0x8, 0x0, 0x8,
    0xc, 0x2c, 0x2, 0x40, 0xa0, 0xd, 0x2c, 0x0,
    0x69, 0x0, 0x1d, 0x2c, 0x0, 0x0, 0x0, 0x1d,
    0x1c, 0x0, 0x0, 0x0, 0x1d,

    /* U+1F37E "🍾" */
    0x4, 0x40, 0x0, 0x0, 0x3c, 0x4, 0x0, 0x0,
    0x2c, 0x60, 0x0, 0x0, 0x1, 0x50, 0x0, 0x0,
    0x41, 0x20, 0x0, 0x0, 0x5, 0xb8, 0x0, 0x0,
    0x0, 0x3e, 0x0, 0x0, 0x0, 0x8, 0x50, 0x0,
    0x0, 0x4, 0xd, 0x0, 0x0, 0x2, 0xb, 0x80,
    0x0, 0x2, 0xff, 0x50, 0x0, 0x0, 0xfd, 0x14,
    0x0, 0x0, 0xb8, 0x5, 0x0, 0x0, 0x3d, 0x3,
    0x0, 0x0, 0xf, 0x4a, 0x0, 0x0, 0x3, 0xe8,
    0x0, 0x0, 0x0, 0x90,

    /* U+1F37F "🍿" */
    0x0, 0x1a, 0x90, 0x0, 0x6, 0x12, 0x0, 0xb,
    0x66, 0x6c, 0x2, 0x48, 0xa2, 0xb8, 0xf1, 0x9a,
    0xb2, 0xdf, 0xac, 0x93, 0x9e, 0xb5, 0xf5, 0xf8,
    0xd7, 0x8f, 0xf, 0x4c, 0x38, 0xf4, 0xf5, 0xc3,
    0xcf, 0x5f, 0x28, 0x2c, 0xb5, 0xf2, 0x41, 0xdb,
    0x5f, 0x30, 0xd, 0x75, 0xf3, 0x0, 0xe7, 0x5e,
    0x60, 0xb, 0x7a, 0xe9, 0x0, 0x1b, 0xae, 0x0,
    0x0, 0xa, 0x0, 0x0,

    /* U+1F380 "🎀" */
    0x1a, 0x0, 0x0, 0x6, 0x42, 0x6, 0x40, 0xa,
    0x5, 0x40, 0x7, 0xab, 0x0, 0x28, 0x0, 0x20,
    0x10, 0x2, 0x80, 0x2, 0x2, 0x0, 0x28, 0x0,
    0x20, 0x20, 0x2, 0x46, 0xab, 0x7, 0xaa, 0x22,
    0x1, 0xaf, 0xa8, 0x1, 0x1a, 0xe0, 0x94, 0x3a,
    0x80, 0x14, 0x4, 0x80, 0x80, 0x2, 0x2, 0x4,
    0x5, 0x0, 0x80, 0x20, 0x20, 0x20, 0x9, 0x5,
    0x2, 0x9, 0x41, 0x98, 0x80, 0x15, 0x54, 0x0,
    0x64, 0x0, 0xa0, 0x0, 0x3, 0x0, 0x9, 0x0,
    0x0, 0x0, 0x0, 0x0, 0x0,

    /* U+1F381 "🎁" */
    0x1, 0x40, 0x1, 0x40, 0x9, 0x60, 0x19, 0x60,
    0x8, 0xe, 0xb0, 0x20, 0x8, 0x8, 0x20, 0x20,
    0x78, 0x1c, 0x34, 0x2c, 0xac, 0x2f, 0xf8, 0x39,
    0x83, 0xf4, 0x2f, 0xc1, 0xa2, 0x26, 0xe8, 0x8d,
    0x2b, 0x22, 0x9, 0xec, 0x12, 0x76, 0x1d, 0x88,
    0x12, 0x27, 0x88, 0x88, 0x12, 0x22, 0x8, 0x88,
    0x12, 0x22, 0x8, 0x88, 0x2b, 0x22, 0x8, 0xe8,
    0x2, 0xa2, 0xe, 0x80, 0x0, 0x2b, 0x64, 0x0,
    0x0, 0x2, 0x40, 0x0,

    /* U+1F382 "🎂" */
    0x0, 0x0, 0x0, 0x0, 0x4, 0x2, 0x0, 0x0,
    0xd2, 0x30, 0x0, 0x0, 0x61, 0x0, 0x0, 0xc1,
    0x30, 0x0, 0xe, 0xb7, 0x0, 0x6, 0xd7, 0x39,
    0x2, 0x8, 0x62, 0x8, 0x53, 0x0, 0x8, 0x58,
    0x78, 0x61, 0xd2, 0x82, 0xb, 0x4, 0x29, 0x0,
    0x50, 0x6, 0xb0, 0x50, 0x50, 0xe7, 0xef, 0xf,
    0xbd, 0x3f, 0xff, 0xff, 0xc0, 0xbf, 0xff, 0xe0,
    0x0, 0x55, 0x50, 0x0,

    /* U+1F383 "🎃" */
    0x0, 0x9, 0x0, 0x0, 0x0, 0x8, 0x60, 0x0,
    0x0, 0x0, 0x98, 0x0, 0x0, 0x2, 0xbc, 0xe9,
    0x0, 0xa, 0x6b, 0xfa, 0x64, 0x9, 0x62, 0x5,
    0x22, 0x6, 0x21, 0x0, 0x82, 0x22, 0x10, 0x0,
    0x4, 0x85, 0x88, 0xf0, 0x7, 0x45, 0x62, 0x18,
    0x62, 0x92, 0x2c, 0x80, 0x14, 0x0, 0x8b, 0x22,
    0xa6, 0x76, 0x15, 0x98, 0xff, 0xff, 0x56, 0xd,
    0x12, 0x89, 0x49, 0x80, 0xe0, 0x40, 0x43, 0x80,
    0xe, 0x70, 0xa7, 0x40, 0x0, 0x1a, 0xb4, 0x0,
    0x0,

    /* U+1F384 "🎄" */
    0x0, 0x0, 0x80, 0x0, 0x0, 0x2, 0x60, 0x0,
    0x0, 0x2, 0x60, 0x0, 0x0, 0x7, 0x74, 0x0,
    0x0, 0x28, 0x9a, 0x0, 0x0, 0x80, 0x50, 0x80,
    0x0, 0xbe, 0x2f, 0x40, 0x0, 0xb5, 0x97, 0x80,
    0xa, 0x41, 0x80, 0x64, 0x8, 0x14, 0x86, 0x8,
    0x3, 0xfd, 0x27, 0xe0, 0xa, 0x11, 0x80, 0x28,
    0x20, 0x5, 0x7, 0x6, 0x1a, 0xa, 0x1, 0x69,
    0x0, 0xab, 0xfa, 0x80, 0x0, 0x2, 0xd0, 0x0,
    0x0, 0x1, 0x90, 0x0,

    /* U+1F385 "🎅" */
    0x0, 0x5, 0x0, 0x0, 0x1f, 0xff, 0x0, 0x7,
    0xff, 0xfc, 0x0, 0xff, 0xff, 0xf0, 0x24, 0x0,
    0x1f, 0x44, 0x0, 0x0, 0x38, 0xaa, 0xaa, 0xab,
    0x83, 0x0, 0x0, 0x38, 0x20, 0xc0, 0xc7, 0x92,
    0x0, 0x0, 0x42, 0x20, 0x40, 0x47, 0x92, 0x1,
    0x90, 0x20, 0x20, 0x0, 0x2, 0x2, 0x0, 0x0,
    0x20, 0x14, 0x0, 0x2, 0x0, 0x90, 0x1, 0x90,
    0x0, 0x6a, 0x90, 0x0,

    /* U+1F386 "🎆" */
    0x2a, 0xaa, 0xaa, 0xa9, 0x3f, 0xfe, 0xfb, 0xef,
    0xcf, 0xf6, 0xab, 0xae, 0xb3, 0xff, 0xba, 0xa6,
    0xfc, 0xff, 0x6b, 0xbb, 0xaf, 0x3e, 0x6b, 0xbb,
    0x6b, 0xc9, 0x7d, 0x6a, 0xba, 0xf3, 0xef, 0xae,
    0xbe, 0xbc, 0xeb, 0xab, 0xb6, 0x9f, 0x3d, 0xb6,
    0xa9, 0xba, 0xcd, 0xaf, 0x9a, 0xbe, 0x73, 0xea,
    0xff, 0x9a, 0x6c, 0xef, 0xb7, 0xfe, 0x7b, 0x3a,
    0xbe, 0xbe, 0x6f, 0xcf, 0xee, 0xbe, 0xfe, 0xf3,
    0xff, 0xff, 0xff, 0xbc, 0x6a, 0xaa, 0xaa, 0xa9,
    0x0,

    /* U+1F387 "🎇" */
    0x2a, 0xaa, 0xaa, 0xa9, 0x3f, 0xf6, 0xda, 0xff,
    0xdf, 0xe8, 0xa2, 0xd6, 0xbb, 0xff, 0x6d, 0xb4,
    0x7e, 0xfb, 0xb7, 0x7d, 0xff, 0xb5, 0xfa, 0xde,
    0xef, 0xed, 0x5e, 0xa7, 0xae, 0xbb, 0xee, 0x95,
    0x6e, 0x46, 0xe4, 0xa4, 0x6, 0xfb, 0xbe, 0xb9,
    0x1, 0xa9, 0xaf, 0xd6, 0xa1, 0xaf, 0x6b, 0xef,
    0xec, 0xee, 0xfe, 0xfa, 0xaf, 0x3a, 0xef, 0xbe,
    0x1b, 0xcf, 0xbb, 0xef, 0x9b, 0xf3, 0xf5, 0xbb,
    0xfe, 0xfc, 0xf9, 0x7d, 0x6a, 0xaa, 0x2a, 0xaa,
    0x0,

    /* U+1F388 "🎈" */
    0x1, 0xa4, 0x0, 0x24, 0x18, 0x2, 0x2, 0x8,
    0x20, 0x0, 0x14, 0x80, 0x2, 0x22, 0x0, 0x8,
    0x88, 0x0, 0x2, 0x20, 0x0, 0x8, 0x50, 0x0,
    0x20, 0x80, 0x0, 0x40, 0x80, 0x8, 0x0, 0x90,
    0x50, 0x0, 0x7e, 0x0, 0x0, 0x98, 0x0, 0x0,
    0xc0, 0x0, 0x2, 0x28, 0x0, 0x5, 0x0,

    /* U+1F389 "🎉" */
    0x0, 0x0, 0x0, 0x0, 0x0, 0xa, 0x0, 0x44,
    0x4, 0x20, 0x4, 0x4, 0x0, 0x22, 0x40, 0x2,
    0x0, 0x2c, 0x86, 0x42, 0x2, 0xe, 0x88, 0x68,
    0x0, 0x6d, 0x8, 0x0, 0x1, 0x89, 0x88, 0x10,
    0x3, 0x8, 0xf0, 0x2, 0x3, 0x11, 0x20, 0x48,
    0x9, 0x40, 0x8, 0x14, 0xc, 0x82, 0xae, 0x20,
    0x16, 0x24, 0x15, 0x90, 0x31, 0x87, 0xd0, 0x2,
    0x58, 0x7c, 0x0, 0x80, 0x87, 0x80, 0x0, 0x2,
    0x64, 0x0, 0x0, 0x0,

    /* U+1F38A "🎊" */
    0x2, 0x90, 0x1, 0x90, 0x18, 0xc, 0x18, 0x98,
    0x20, 0xb, 0x34, 0x2, 0x50, 0xbe, 0x3f, 0x42,
    0x13, 0xf8, 0x8f, 0xd2, 0x2b, 0xd4, 0x6, 0xf6,
    0x1e, 0x3, 0x8, 0x68, 0x2, 0x22, 0x4a, 0x0,
    0x8, 0x23, 0x3, 0x4, 0x14, 0x56, 0x13, 0xc0,
    0x8, 0x88, 0x2, 0x30, 0x24, 0xc5, 0x6, 0x8,
    0x2, 0x52, 0x1, 0x48, 0x82, 0x0, 0x80, 0x80,
    0xc, 0x0, 0x80, 0x50, 0x30, 0x11, 0x10, 0x20,
    0x0, 0x0, 0x0, 0x0,

    /* U+1F38B "🎋" */
    0x0, 0xa, 0x0, 0x0, 0x0, 0x0, 0xf0, 0x0,
    0x60, 0x0, 0xf, 0x0, 0xbd, 0x0, 0x0, 0xf0,
    0x3f, 0x80, 0x0, 0xf, 0xb, 0xe0, 0x0, 0x0,
    0x0, 0xe4, 0x0, 0x0, 0xf, 0x20, 0x40, 0x0,
    0x0, 0xf7, 0xbf, 0x90, 0x29, 0xf, 0x91, 0xbf,
    0x80, 0xb8, 0xf6, 0xa0, 0x0, 0x1, 0xcf, 0x60,
    0x80, 0x0, 0x14, 0x50, 0x45, 0x0, 0xb, 0xf,
    0x8, 0x20, 0x1, 0x40, 0xf0, 0x29, 0x0, 0x0,
    0xf, 0x0, 0x0, 0x0, 0x0, 0xf0, 0x0, 0x0,
    0x0, 0xa, 0x0, 0x0, 0x0,

    /* U+1F38C "🎌" */
    0x0, 0x1, 0x0, 0x40, 0x0, 0x0, 0x6b, 0x40,
    0xea, 0x0, 0x2, 0x40, 0xc1, 0x40, 0x90, 0x28,
    0x60, 0x83, 0x6, 0x18, 0x20, 0xf8, 0x52, 0xf,
    0x88, 0x14, 0xf4, 0x39, 0xf, 0x48, 0x8, 0x6,
    0xbe, 0x90, 0x14, 0x8, 0x24, 0x2c, 0x8, 0x20,
    0x5, 0x80, 0x2c, 0x2, 0x60, 0x1, 0x0, 0x38,
    0x0, 0x10, 0x0, 0x0, 0x26, 0x0, 0x0, 0x0,
    0x0, 0x93, 0x0, 0x0, 0x0, 0x0, 0xc2, 0x0,
    0x0, 0x0, 0x1, 0x80, 0x80, 0x0, 0x0, 0x2,
    0x0, 0xc0, 0x0, 0x0, 0x3, 0x0, 0x90, 0x0,
    0x0, 0x1, 0x0, 0x10, 0x0,

    /* U+1F38D "🎍" */
    0x0, 0x40, 0x0, 0x8, 0x80, 0x0, 0x33, 0x40,
    0x0, 0x98, 0x40, 0x2, 0xb3, 0x0, 0x5, 0xe8,
    0x0, 0x27, 0x20, 0x1, 0xa8, 0xd0, 0x3e, 0x23,
    0xc1, 0xf8, 0x8f, 0xcb, 0xea, 0x7e, 0xf, 0xff,
    0xf8, 0xf, 0xff, 0x40, 0x36, 0x99, 0x3, 0xc0,
    0x1e, 0xf, 0xff, 0xf8, 0x6, 0xa9, 0x0,

    /* U+1F38E "🎎" */
    0x0, 0x50, 0x0, 0x50, 0x0, 0x3, 0xd0, 0x3,
    0xc0, 0x0, 0xbf, 0xf0, 0x15, 0x80, 0x1, 0xff,
    0xc2, 0xeb, 0x80, 0x9, 0x3, 0x1c, 0x3, 0x40,
    0x35, 0x1d, 0xb4, 0x5e, 0x0, 0x51, 0x21, 0xc5,
    0x34, 0x0, 0x96, 0x2, 0x82, 0x80, 0x2, 0xfd,
    0x3, 0xfc, 0x0, 0x2c, 0xfc, 0x20, 0xc, 0x0,
    0xfb, 0xf9, 0xc0, 0x34, 0x7, 0x8e, 0xff, 0xd7,
    0xf0, 0x3f, 0xd3, 0xfe, 0xa6, 0xe3, 0xf5, 0x6b,
    0xc8, 0x20, 0x8b, 0xff, 0xff, 0xff, 0xff, 0xc,
    0xa2, 0x52, 0x89, 0x70, 0x2b, 0xef, 0x4f, 0xbf,
    0xc0,

    /* U+1F38F "🎏" */
    0x20, 0x0, 0x15, 0x56, 0x2, 0x60, 0x19, 0x45,
    0x42, 0x7, 0x42, 0x54, 0x11, 0x20, 0x8, 0x38,
    0x54, 0x55, 0x60, 0x21, 0xd9, 0x44, 0x44, 0x80,
    0x59, 0x88, 0x20, 0x19, 0x3, 0xfe, 0x27, 0xe9,
    0x40, 0x2, 0x2e, 0x95, 0x55, 0x60, 0x8, 0x2,
    0x90, 0x44, 0x50, 0x30, 0x21, 0x85, 0x52, 0x0,
    0xc3, 0x89, 0x44, 0x4a, 0x2, 0x28, 0x94, 0x44,
    0x48, 0x9, 0x98, 0x86, 0x5, 0x80, 0x3f, 0xe3,
    0xbd, 0x50, 0x0, 0x62, 0xe4, 0x0, 0x0, 0x0,
    0x80, 0x0, 0x0, 0x0, 0x1, 0x0, 0x0, 0x0,
    0x0,

    /* U+1F390 "🎐" */
    0x0, 0x1, 0x0, 0x0, 0x0, 0x2a, 0x40, 0x0,
    0x9, 0x6, 0x0, 0x2, 0x60, 0x8, 0x0, 0x58,
    0x1e, 0x50, 0x8, 0x1, 0xe2, 0x0, 0x82, 0x40,
    0x20, 0x5, 0x38, 0x5, 0x0, 0x24, 0x1, 0x40,
    0x0, 0x5b, 0x40, 0x0, 0x2, 0xb9, 0x0, 0x0,
    0x10, 0x50, 0x0, 0x18, 0x48, 0x0, 0x19, 0x11,
    0x80, 0x8, 0x2, 0x90, 0x3, 0xa5, 0x80, 0x0,
    0x0, 0x10, 0x0, 0x0,

    /* U+1F391 "🎑" */
    0x15, 0x55, 0x55, 0x54, 0x3f, 0xff, 0xff, 0xfe,
    0xce, 0xfe, 0x0, 0x7f, 0x77, 0xe9, 0x0, 0x2,
    0xfd, 0xf6, 0x1, 0x0, 0x3b, 0x77, 0x46, 0x90,
    0x7, 0xde, 0x57, 0x90, 0x0, 0xa6, 0x83, 0x90,
    0x14, 0x3d, 0x9a, 0xe8, 0x4, 0x4f, 0x76, 0xc0,
    0xa, 0xab, 0xde, 0x50, 0x9, 0x63, 0xf7, 0x9d,
    0x4, 0x52, 0x2d, 0x99, 0xe2, 0xaa, 0xab, 0x61,
    0xef, 0xea, 0xab, 0xdc, 0x6d, 0xfc, 0x52, 0xf7,
    0xf, 0xdf, 0x3e, 0x7c, 0x5a, 0xaa, 0xaa, 0xa9,
    0x0,

    /* U+1F392 "🎒" */
    0x0, 0xa, 0x1, 0x0, 0x2, 0xfc, 0x9b, 0xf8,
    0x0, 0xff, 0xaf, 0xff, 0x40, 0x3e, 0x91, 0xf7,
    0xf0, 0x2d, 0x2, 0x4c, 0x7d, 0x8, 0x0, 0x15,
    0x4f, 0x85, 0xf, 0x42, 0x22, 0xe2, 0x2, 0x80,
    0x48, 0x7c, 0x80, 0x0, 0x9, 0x1f, 0x20, 0x55,
    0x42, 0x13, 0x88, 0x95, 0x78, 0x86, 0xf2, 0xa5,
    0x62, 0x22, 0x98, 0x94, 0x8, 0x88, 0xbf, 0x22,
    0x1, 0x62, 0x3d, 0x88, 0x1a, 0xa0, 0xa8, 0x0,
    0x90, 0x0, 0x74, 0x0, 0x5, 0xaa, 0x90, 0x0,
    0x0,

    /* U+1F393 "🎓" */
    0x0, 0x0, 0x4, 0x0, 0x0, 0x0, 0x0, 0xa6,
    0x0, 0x0, 0x0, 0x6, 0x0, 0xa0, 0x0, 0x0,
    0x64, 0x0, 0x9, 0x0, 0x2, 0x40, 0x24, 0x1,
    0x90, 0x28, 0x0, 0xb4, 0x0, 0x18, 0x60, 0x6,
    0x0, 0x0, 0xa, 0x29, 0x24, 0x0, 0x0, 0x69,
    0x6, 0xe0, 0x0, 0x1, 0x90, 0x0, 0xe4, 0x0,
    0x1b, 0x0, 0x0, 0xd6, 0x41, 0xa2, 0x0, 0x0,
    0xd0, 0x96, 0x42, 0x0, 0x0, 0xf8, 0x14, 0x18,
    0x0, 0x0, 0xe2, 0xaa, 0x90, 0x0, 0x1, 0xf0,
    0x0, 0x0, 0x0, 0x2, 0xf0, 0x0, 0x0, 0x0,
    0x0, 0x40, 0x0, 0x0, 0x0,

    /* U+1F396 "🎖" */
    0x1a, 0xfe, 0x80, 0x87, 0xf0, 0x82, 0x1f, 0xc2,
    0x8, 0x7f, 0x8, 0x21, 0xfc, 0x20, 0x57, 0xf2,
    0x0, 0x6f, 0xe0, 0x0, 0x7f, 0x0, 0x0, 0xb0,
    0x0, 0x5, 0x60, 0x6, 0x91, 0x6a, 0x19, 0x40,
    0x5c, 0x24, 0x30, 0x80, 0x20, 0x8, 0x0, 0x90,
    0x60, 0x2, 0xa9, 0x90, 0xd, 0x6, 0x40,

    /* U+1F397 "🎗" */
    0x0, 0x1a, 0x40, 0x0, 0xb, 0xe, 0x0, 0x2,
    0x20, 0x88, 0x0, 0x53, 0xac, 0x50, 0x8, 0x30,
    0xc2, 0x0, 0x82, 0x8, 0x20, 0x4, 0x15, 0x41,
    0x0, 0x10, 0xa0, 0x80, 0x2, 0x7, 0x8, 0x0,
    0x14, 0x16, 0x0, 0x0, 0xc0, 0x70, 0x0, 0x1a,
    0x1, 0x80, 0x9, 0x8, 0x2, 0x2, 0x0, 0xe0,
    0x8, 0x20, 0x20, 0x80, 0x80, 0x98, 0x2, 0x60,
    0x1, 0x0, 0x4, 0x0,

    /* U+1F399 "🎙" */
    0x1, 0xa4, 0x0, 0xb8, 0xa8, 0x6, 0x8, 0x48,
    0x20, 0x3c, 0x30, 0x82, 0x50, 0x53, 0x41, 0xe1,
    0xc8, 0x16, 0x2, 0x1c, 0xf, 0xc, 0x20, 0x84,
    0x4, 0xd0, 0xb8, 0x72, 0x4, 0x80, 0x87, 0x2,
    0x22, 0x8, 0x2b, 0xe0, 0xf, 0xff, 0x80, 0xd,
    0xfe, 0x0, 0x2f, 0xf0, 0x0, 0xf, 0x40,

    /* U+1F39A "🎚" */
    0xa, 0xaa, 0xa4, 0x20, 0x0, 0x2, 0x20, 0x8,
    0x2, 0x22, 0x89, 0xa2, 0x20, 0x1d, 0x2, 0x22,
    0xff, 0xe2, 0x20, 0x8, 0x2, 0x22, 0x89, 0xa2,
    0x20, 0x8, 0x2, 0x22, 0x89, 0xa2, 0x20, 0x8,
    0x2, 0x22, 0x89, 0xa2, 0x20, 0x8, 0x2, 0x22,
    0x88, 0xa2, 0x20, 0x8, 0x2, 0x20, 0x0, 0x2,
    0xa, 0xaa, 0xa8,

    /* U+1F39B "🎛" */
    0x6a, 0xaa, 0xaa, 0xa9, 0x20, 0x0, 0x0, 0x0,
    0x88, 0x15, 0x0, 0x54, 0x22, 0x16, 0x60, 0x5a,
    0x88, 0x87, 0xd5, 0x1a, 0xd6, 0x21, 0xfd, 0x47,
    0xf5, 0x88, 0x5a, 0x81, 0x6a, 0x22, 0x5, 0x40,
    0x15, 0x8, 0x80, 0x0, 0x0, 0x2, 0x20, 0x54,
    0x1, 0x50, 0x88, 0x5a, 0x81, 0x66, 0x22, 0x1f,
    0x94, 0x7d, 0x58, 0x87, 0xf5, 0x1f, 0xd6, 0x21,
    0x6a, 0x5, 0xa8, 0x88, 0x15, 0x0, 0x54, 0x22,
    0x0, 0x0, 0x0, 0x8, 0x6a, 0xaa, 0xaa, 0xa9,
    0x0,

    /* U+1F39E "🎞" */
    0x0, 0x0, 0x0, 0x0, 0xbf, 0xff, 0xff, 0xfe,
    0xae, 0xef, 0xff, 0xfa, 0x88, 0x0, 0x0, 0x22,
    0x88, 0x0, 0x0, 0x22, 0x88, 0x0, 0x0, 0x22,
    0x88, 0x0, 0x0, 0x22, 0x88, 0x0, 0x0, 0x22,
    0x88, 0x0, 0x0, 0x22, 0x88, 0x0, 0x0, 0x22,
    0xae, 0xef, 0xff, 0xfa, 0xbf, 0xff, 0xff, 0xfe,
    0x0, 0x0, 0x0, 0x0,

    /* U+1F39F "🎟" */
    0x2a, 0xaa, 0xaa, 0xaa, 0x88, 0x0, 0x0, 0x0,
    0x3, 0x82, 0xaa, 0xaa, 0xa9, 0x2c, 0x22, 0x0,
    0x8, 0x23, 0xc2, 0xa3, 0xfc, 0x92, 0x38, 0x2a,
    0x0, 0x9, 0x22, 0xc2, 0xa0, 0xf4, 0x92, 0x3c,
    0x22, 0x0, 0x8, 0x23, 0x82, 0xaa, 0xaa, 0xa9,
    0x28, 0x0, 0x0, 0x0, 0x3, 0x3a, 0xaa, 0xaa,
    0xaa, 0x80,

    /* U+1F3A0 "🎠" */
    0x0, 0x2, 0x80, 0x0, 0x4, 0x0, 0xb0, 0x0,
    0x5, 0xf8, 0x38, 0x0, 0x2, 0xa7, 0x8b, 0x0,
    0x0, 0x94, 0x73, 0x80, 0x0, 0x21, 0x4d, 0xb0,
    0x0, 0x8, 0xb1, 0x78, 0x0, 0x2, 0xa8, 0x3f,
    0xf5, 0x40, 0x2, 0x3f, 0xfc, 0xb8, 0x0, 0xf6,
    0xfa, 0xe, 0x0, 0x30, 0x91, 0x87, 0x90, 0x7c,
    0x26, 0x91, 0x7c, 0x32, 0xa7, 0xed, 0x10, 0x1a,
    0x0, 0xa0, 0xf6, 0x6, 0x80, 0x3c, 0xf, 0x60,
    0xc0, 0xb, 0x0, 0xe8, 0x0, 0x1, 0x80, 0x5,
    0x0,

    /* U+1F3A1 "🎡" */
    0x0, 0x2, 0x80, 0x0, 0x0, 0xb, 0xf4, 0x0,
    0x7, 0xe7, 0xe3, 0xe0, 0xb, 0xe6, 0x27, 0xf0,
    0xf, 0xce, 0xfe, 0xf0, 0x8, 0x60, 0x82, 0x44,
    0x8, 0xd2, 0xa3, 0x88, 0x3e, 0x69, 0x1a, 0x7d,
    0x7e, 0x92, 0x22, 0xbe, 0x2c, 0x73, 0xe3, 0x6d,
    0x5, 0x4a, 0xe8, 0x60, 0x3, 0xfe, 0xef, 0xf0,
    0x3, 0xf6, 0x2b, 0xe0, 0x2, 0xf7, 0xb7, 0xe0,
    0x0, 0x48, 0x9, 0x40, 0x2, 0xf9, 0x5a, 0xd0,
    0x2, 0xaa, 0xaa, 0x90,

    /* U+1F3A2 "🎢" */
    0x0, 0x0, 0x0, 0x0, 0x40, 0x0, 0x0, 0x3,
    0x1d, 0x0, 0x0, 0x21, 0xad, 0x60, 0x0, 0x3,
    0xe6, 0xda, 0x0, 0x8, 0x97, 0xaf, 0x60, 0x0,
    0xba, 0xb4, 0x36, 0x0, 0x19, 0xf8, 0x2e, 0xc0,
    0x2, 0x59, 0xac, 0x88, 0x0, 0x3e, 0xe, 0x45,
    0x80, 0x0, 0x83, 0x60, 0x58, 0x0, 0x34, 0x8a,
    0x5, 0x80, 0x8, 0xf0, 0xa0, 0x58, 0x1, 0x4a,
    0xa, 0x5, 0x80, 0x32, 0x20, 0xa0, 0x58, 0xa,
    0xf1, 0xa, 0x5, 0x81, 0xa, 0x50, 0xa0, 0x58,
    0x2a, 0x58, 0xa, 0x6, 0x40,

    /* U+1F3A3 "🎣" */
    0x0, 0x0, 0x5, 0x50, 0x0, 0x0, 0x15, 0x56,
    0x0, 0x0, 0xe, 0x42, 0x10, 0x0, 0x4, 0x0,
    0x14, 0x0, 0x2, 0x0, 0x5, 0x0, 0x0, 0x40,
    0x1, 0x40, 0x0, 0x20, 0x0, 0x50, 0x6, 0xb4,
    0x0, 0x14, 0x19, 0xb, 0x0, 0x11, 0x8, 0x0,
    0x80, 0x1f, 0x2, 0x8, 0x20, 0x18, 0x80, 0x22,
    0x20, 0x2f, 0x10, 0x18, 0x24, 0xaf, 0xa0, 0x24,
    0xa0, 0x13, 0xc8, 0x2, 0xa0, 0x0, 0xc5, 0x0,
    0x14, 0x0, 0x22, 0x0, 0x0, 0x0, 0x2, 0x0,
    0x0,

    /* U+1F3A4 "🎤" */
    0x0, 0x0, 0x1, 0x90, 0x0, 0x0, 0x6, 0x6,
    0x0, 0x0, 0x2, 0x80, 0x20, 0x0, 0x1, 0x18,
    0x8, 0x0, 0x0, 0xc1, 0x82, 0x0, 0x0, 0xb4,
    0x18, 0x80, 0x0, 0x6f, 0x40, 0xc0, 0x0, 0x20,
    0xfe, 0x80, 0x0, 0x22, 0x4f, 0x0, 0x0, 0x20,
    0x6, 0x0, 0x0, 0x20, 0x9, 0x0, 0x0, 0x20,
    0x9, 0x0, 0x0, 0x20, 0x9, 0x0, 0x0, 0x20,
    0x8, 0x0, 0x0, 0x8, 0x8, 0x0, 0x0, 0x0,
    0x88, 0x0, 0x0, 0x0, 0x4, 0x0, 0x0, 0x0,
    0x0,

    /* U+1F3A5 "🎥" */
    0x0, 0x14, 0x0, 0x0, 0x0, 0xa5, 0x60, 0x0,
    0x0, 0x95, 0x62, 0x0, 0x0, 0x25, 0xa6, 0x56,
    0x90, 0x15, 0x82, 0x4d, 0x56, 0x5, 0x60, 0xd3,
    0x81, 0x80, 0x96, 0x89, 0xe0, 0xa0, 0x25, 0x54,
    0xa2, 0x88, 0x15, 0x9b, 0xd7, 0xa8, 0x23, 0x4e,
    0x55, 0x6e, 0x8, 0xa6, 0x0, 0x0, 0xea, 0x26,
    0xc0, 0x0, 0x32, 0x89, 0x71, 0xbf, 0xcd, 0xa2,
    0x5c, 0x6f, 0xf2, 0x8, 0xab, 0x0, 0x0, 0x82,
    0x34, 0x80, 0x0, 0x20, 0x6c, 0xa, 0xaa, 0xa0,
    0x0,

    /* U+1F3A6 "🎦" */
    0x7f, 0xff, 0xff, 0xfe, 0x3f, 0xff, 0xff, 0xff,
    0xcf, 0xff, 0x9b, 0xff, 0xf3, 0xff, 0x40, 0x7f,
    0xfc, 0xff, 0xc0, 0xc, 0x3f, 0x3f, 0xf4, 0x2,
    0xb, 0xcf, 0xff, 0x3, 0xc3, 0xf3, 0xff, 0xff,
    0xff, 0xfc, 0xfe, 0xf4, 0x0, 0x3f, 0x3f, 0x1c,
    0x0, 0xf, 0xcf, 0xc0, 0x0, 0x3, 0xf3, 0xf0,
    0x0, 0x0, 0xfc, 0xfc, 0x30, 0x0, 0x3f, 0x3f,
    0xbc, 0x0, 0xf, 0xcf, 0xff, 0xff, 0xff, 0xf3,
    0xff, 0xff, 0xff, 0xfc, 0x6a, 0xaa, 0xaa, 0xa9,
    0x0,

    /* U+1F3A7 "🎧" */
    0x0, 0x1a, 0x90, 0x0, 0xa, 0x0, 0x64, 0x0,
    0x80, 0x64, 0x18, 0x8, 0x24, 0xa, 0x8, 0x52,
    0x0, 0x2, 0x22, 0x14, 0x0, 0x8, 0x18, 0x80,
    0x0, 0x4, 0xa2, 0x0, 0x0, 0x22, 0xb0, 0x0,
    0x0, 0x74, 0x6b, 0x0, 0xbd, 0x83, 0xce, 0x3,
    0x9f, 0xe, 0x2c, 0x2d, 0x4c, 0xa4, 0xb0, 0xf6,
    0x33, 0x95, 0xc3, 0xc8, 0xd7, 0x23, 0xf, 0x23,
    0x6, 0x8c, 0x36, 0x60, 0x2, 0xd0, 0x2d, 0x0,

    /* U+1F3A8 "🎨" */
    0x0, 0x5a, 0x40, 0x0, 0x0, 0x64, 0x2, 0x90,
    0x0, 0x18, 0x0, 0x1, 0x80, 0x2, 0x14, 0x17,
    0x2, 0x0, 0x51, 0xe0, 0xa0, 0x48, 0x8, 0x9,
    0x0, 0x1b, 0x20, 0x80, 0x0, 0x1, 0x50, 0x84,
    0x4, 0x0, 0x98, 0x4, 0x12, 0xd0, 0x8, 0x20,
    0x22, 0x1e, 0x0, 0x29, 0x2, 0x14, 0x0, 0x1,
    0x0, 0x20, 0x80, 0x64, 0x9a, 0x9, 0x2, 0xb,
    0xc5, 0xa, 0x40, 0x8, 0x28, 0x9, 0x0, 0x0,
    0x20, 0x0, 0x20, 0x0, 0x0, 0xa4, 0x6, 0x0,
    0x0, 0x0, 0x6a, 0x40, 0x0,

    /* U+1F3A9 "🎩" */
    0x0, 0x16, 0xaa, 0x50, 0x0, 0xa, 0x40, 0x0,
    0x64, 0x0, 0x34, 0x0, 0x0, 0x60, 0x0, 0x9a,
    0xaa, 0xa4, 0x80, 0x2, 0x0, 0x0, 0x1, 0x0,
    0x4, 0x40, 0x0, 0x14, 0x0, 0x12, 0x0, 0x0,
    0x40, 0x0, 0x58, 0x0, 0x2, 0x0, 0x0, 0x60,
    0x0, 0x8, 0x0, 0x1, 0x0, 0x0, 0x20, 0x6,
    0xae, 0xaa, 0xaa, 0xea, 0x20, 0xbf, 0xff, 0xff,
    0x42, 0x80, 0xbf, 0xff, 0xe8, 0xa, 0x0, 0x0,
    0x0, 0x0, 0x52, 0x40, 0x0, 0x0, 0x9, 0x1,
    0xa4, 0x0, 0x6, 0x80, 0x0, 0x16, 0xaa, 0x40,
    0x0,

    /* U+1F3AA "🎪" */
    0x0, 0x0, 0x90, 0x0, 0x0, 0x0, 0xf8, 0x0,
    0x0, 0x0, 0x40, 0x0, 0x0, 0x2, 0xc0, 0x0,
    0x0, 0xb, 0xf0, 0x0, 0x0, 0x2f, 0xf9, 0x0,
    0x2, 0xa6, 0x59, 0x80, 0x18, 0x95, 0x32, 0x68,
    0x23, 0xc, 0x34, 0xc8, 0x2b, 0x1c, 0x28, 0xac,
    0xb, 0xbf, 0xfe, 0xe4, 0x14, 0x3b, 0xf9, 0x8,
    0x20, 0x8b, 0xf2, 0x8, 0x22, 0xf, 0xf0, 0x84,
    0x52, 0x4f, 0xf0, 0x82, 0x24, 0xae, 0xae, 0x19,
    0x2, 0xa0, 0x7, 0x90,

    /* U+1F3AB "🎫" */
    0xaa, 0xaa, 0xaa, 0xaa, 0xa2, 0x0, 0x0, 0x0,
    0x0, 0x48, 0x0, 0x0, 0x34, 0x1, 0x22, 0xff,
    0xd0, 0x1, 0x44, 0x80, 0x0, 0x3, 0x4f, 0x92,
    0x1a, 0x97, 0x0, 0x29, 0x48, 0x6a, 0x40, 0x34,
    0x51, 0x21, 0x11, 0x40, 0x1, 0x44, 0x89, 0xca,
    0x43, 0x4f, 0x52, 0x0, 0x0, 0x0, 0x0, 0x4a,
    0xaa, 0xaa, 0xaa, 0xab, 0x0,

    /* U+1F3AC "🎬" */
    0x0, 0x0, 0x0, 0x18, 0x0, 0x5, 0xba, 0xd5,
    0x6a, 0xdb, 0x8, 0x39, 0xa4, 0x65, 0xeb, 0x50,
    0xaf, 0xb9, 0x0, 0x0, 0xab, 0x79, 0xeb, 0x6e,
    0x98, 0x62, 0x4c, 0x62, 0x7f, 0xff, 0xff, 0xfd,
    0x3f, 0xff, 0xff, 0xfc, 0x3d, 0x55, 0x55, 0x6c,
    0x3f, 0xff, 0xff, 0xfc, 0x3f, 0xff, 0xff, 0xfc,
    0x3d, 0x55, 0x55, 0x6c, 0x3f, 0xef, 0xf7, 0xfc,
    0x3f, 0xef, 0xf7, 0xfc, 0x3f, 0xff, 0xff, 0xfc,
    0x2a, 0xaa, 0xaa, 0xa8,

    /* U+1F3AD "🎭" */
    0x0, 0x1a, 0x90, 0x0, 0x0, 0x0, 0x90, 0x18,
    0x0, 0x0, 0x1, 0x40, 0x2, 0x0, 0x0, 0x2,
    0x0, 0x0, 0x80, 0x0, 0xf, 0x74, 0x0, 0x80,
    0x0, 0x2d, 0x0, 0xa1, 0xea, 0x40, 0x25, 0x0,
    0x2, 0x0, 0x80, 0x29, 0xc0, 0x2, 0x0, 0x30,
    0xc, 0xba, 0xe5, 0x4, 0x3c, 0x2, 0x2f, 0x48,
    0xc6, 0x16, 0xf, 0x0, 0x22, 0x80, 0xa, 0x28,
    0x96, 0xa0, 0x1a, 0xc, 0x0, 0x4, 0x30, 0x79,
    0x88, 0x0, 0x0, 0xf4, 0x80, 0x4, 0x0, 0x7,
    0xc8, 0x0, 0x20, 0x0, 0x5, 0x2, 0x40, 0x50,
    0x0, 0x0, 0x0, 0x1a, 0x40,

    /* U+1F3AE "🎮" */
    0x0, 0x90, 0x0, 0x60, 0x0, 0x3f, 0xaa, 0xaf,
    0xc0, 0x6, 0x0, 0x0, 0x9, 0x0, 0x81, 0x0,
    0x6, 0x20, 0x20, 0xf0, 0x1, 0x48, 0x82, 0x5,
    0x0, 0x5, 0x8, 0x20, 0x6, 0xa9, 0x0, 0x85,
    0x0, 0x65, 0x90, 0x5, 0x40, 0x0, 0x0, 0x0,
    0x18, 0x82, 0xaa, 0xa8, 0x42, 0x88, 0x50, 0x0,
    0x58, 0x24, 0x8, 0x0, 0x2, 0x1, 0x2a, 0x0,
    0x0, 0xa, 0x80,

    /* U+1F3AF "🎯" */
    0x0, 0x6, 0xa4, 0x0, 0x0, 0x6, 0x40, 0x64,
    0x0, 0x2, 0x46, 0x90, 0x60, 0x0, 0x82, 0x40,
    0x90, 0xf4, 0x10, 0x80, 0x1, 0xaf, 0xd2, 0x20,
    0xaa, 0x4b, 0xfc, 0x55, 0x20, 0x9, 0xff, 0xc4,
    0x84, 0x19, 0xb2, 0x18, 0x88, 0x83, 0xf2, 0x20,
    0x84, 0x84, 0x1d, 0x22, 0x8, 0x55, 0x20, 0x5,
    0x21, 0x42, 0x20, 0xaa, 0x45, 0x20, 0x10, 0x80,
    0x1, 0x81, 0x0, 0x82, 0x40, 0xa0, 0x80, 0x2,
    0x6, 0x90, 0x20, 0x0, 0x6, 0x40, 0x64, 0x0,
    0x0, 0x6, 0xa4, 0x0, 0x0,

    /* U+1F3B0 "🎰" */
    0x0, 0x1, 0x80, 0x0, 0x0, 0x0, 0x7e, 0x0,
    0x0, 0x0, 0x69, 0x6a, 0x0, 0x0, 0x20, 0xae,
    0x9, 0x0, 0x8, 0xe0, 0x8b, 0x20, 0x2, 0x26,
    0x8, 0x98, 0x80, 0x22, 0x9, 0xa0, 0x58, 0x2,
    0xaa, 0xff, 0xab, 0x40, 0x28, 0x4, 0x10, 0x25,
    0xd2, 0x9d, 0x6e, 0x76, 0x4c, 0x28, 0x84, 0x92,
    0x24, 0x82, 0x84, 0x45, 0x12, 0x58, 0x29, 0x5d,
    0x75, 0x66, 0x41, 0x0, 0x0, 0x0, 0x50, 0xea,
    0xaa, 0xaa, 0xab, 0x8, 0x0, 0x0, 0x0, 0x20,
    0x6a, 0xaa, 0xaa, 0xaa, 0x0,

    /* U+1F3B1 "🎱" */
    0x0, 0x1a, 0xa4, 0x0, 0x0, 0x3f, 0xff, 0xd0,
    0x0, 0x7d, 0x5f, 0xfe, 0x0, 0x78, 0x60, 0xff,
    0xe0, 0x3c, 0x27, 0x1f, 0xfc, 0x1f, 0xb, 0x7,
    0xff, 0x8b, 0xc5, 0x91, 0xff, 0xf3, 0xf0, 0xa0,
    0xff, 0xfc, 0xff, 0x0, 0xbf, 0xff, 0x7f, 0xff,
    0xff, 0xff, 0xcb, 0xff, 0xff, 0xfd, 0xb1, 0xff,
    0xff, 0xfe, 0x78, 0x3f, 0xff, 0xfe, 0x7c, 0x7,
    0xff, 0xf9, 0x7e, 0x0, 0x7f, 0xd6, 0xfe, 0x0,
    0x7, 0xff, 0xfd, 0x0, 0x0, 0x1a, 0xe4, 0x0,
    0x0,

    /* U+1F3B2 "🎲" */
    0x0, 0x1, 0x80, 0x0, 0x0, 0x28, 0x18, 0x0,
    0x2, 0x80, 0x1, 0x90, 0x24, 0x7, 0xd0, 0x18,
    0x70, 0x7, 0xe0, 0xd, 0x8a, 0x1, 0x40, 0x62,
    0x80, 0x90, 0x6, 0x2, 0x8e, 0x19, 0x24, 0x72,
    0x85, 0x2, 0xc0, 0x52, 0x80, 0x1, 0x40, 0x42,
    0x80, 0x1, 0x43, 0x82, 0x80, 0x1, 0x41, 0x2,
    0x50, 0x21, 0x48, 0x5, 0x18, 0x29, 0x6c, 0x28,
    0x2, 0x41, 0x41, 0x80, 0x0, 0x66, 0x89, 0x0,
    0x0, 0x6, 0x90, 0x0,

    /* U+1F3B3 "🎳" */
    0x0, 0xa0, 0x90, 0xa0, 0x2, 0x16, 0x22, 0x14,
    0x2, 0xa, 0x6, 0x4, 0x2, 0x6, 0x16, 0x14,
    0x3, 0xb2, 0x72, 0xf0, 0x2, 0x72, 0x61, 0xb0,
    0x2, 0x62, 0xb2, 0x64, 0x2, 0x6, 0xa, 0x8,
    0x7, 0xfe, 0xd, 0x8, 0xf, 0xff, 0x45, 0x2,
    0x3d, 0xff, 0xc2, 0x2, 0x3d, 0xef, 0xd2, 0x2,
    0x3f, 0xdf, 0xd2, 0x1, 0x39, 0xff, 0xd5, 0x4,
    0x2f, 0xff, 0xcd, 0x8, 0xb, 0xff, 0x4a, 0xa0,
    0x1, 0xa4, 0x50, 0x0,

    /* U+1F3B4 "🎴" */
    0x6a, 0xaa, 0xa9, 0x80, 0x0, 0x2, 0x81, 0xa0,
    0x2, 0x86, 0x9, 0x2, 0x88, 0x2, 0x2, 0x88,
    0x2, 0x2, 0x88, 0x2, 0x2, 0x86, 0x8, 0x2,
    0x80, 0x90, 0x2, 0x80, 0x0, 0x2, 0x81, 0xbf,
    0xe6, 0x9f, 0xff, 0xff, 0xff, 0xff, 0xff, 0xff,
    0xff, 0xff, 0xff, 0xff, 0xff, 0xff, 0xff, 0xff,
    0x7f, 0xff, 0xfe,

    /* U+1F3B5 "🎵" */
    0x0, 0x0, 0x0, 0x10, 0x0, 0x6b, 0xff, 0x3,
    0xff, 0xff, 0xf0, 0x3f, 0xff, 0xff, 0x3, 0xff,
    0xa5, 0x70, 0x34, 0x0, 0x7, 0x3, 0x40, 0x0,
    0x70, 0x34, 0x0, 0x7, 0x3, 0x40, 0x0, 0x70,
    0x34, 0x0, 0x7, 0x3, 0x40, 0x0, 0x70, 0x34,
    0x0, 0x1f, 0x7, 0x40, 0xf, 0xf7, 0xf4, 0x1,
    0xff, 0xff, 0x0, 0xf, 0xdf, 0xf0, 0x0, 0x64,
    0x78, 0x0, 0x0, 0x0,

    /* U+1F3B6 "🎶" */
    0x2, 0x0, 0x0, 0x0, 0x0, 0xe, 0x0, 0x0,
    0x10, 0x0, 0x3f, 0x0, 0x0, 0x70, 0x0, 0xc9,
    0x0, 0x1, 0xf4, 0x3, 0x4, 0x40, 0x7, 0x20,
    0xc, 0x3, 0x40, 0xc, 0x40, 0x70, 0xf, 0x80,
    0x30, 0xf, 0xc0, 0x33, 0x0, 0xc0, 0xbf, 0x0,
    0xc4, 0x3f, 0x3, 0xfc, 0x3, 0x3, 0xfc, 0xb,
    0x80, 0x1c, 0xf, 0xe0, 0x0, 0xb, 0xf0, 0x3f,
    0x0, 0x0, 0xbf, 0x80, 0x0, 0x0, 0x2, 0xfd,
    0x0, 0x0, 0x0, 0x7, 0xd0, 0x0, 0x0, 0x0,

    /* U+1F3B7 "🎷" */
    0x0, 0x0, 0x0, 0x90, 0x0, 0x0, 0x0, 0x21,
    0x80, 0x0, 0x0, 0x1, 0x8, 0x0, 0x0, 0x0,
    0xda, 0x78, 0x1, 0x50, 0x18, 0x87, 0xd2, 0x55,
    0x93, 0x94, 0x0, 0x8f, 0xf2, 0x52, 0x0, 0x5,
    0x69, 0x2f, 0x10, 0x0, 0x20, 0x6, 0x88, 0x0,
    0x1, 0x10, 0xbc, 0x80, 0x0, 0x22, 0xc, 0x10,
    0x0, 0x2, 0x20, 0x42, 0x0, 0x0, 0x22, 0x0,
    0x10, 0x0, 0x2, 0x20, 0x8, 0x0, 0x0, 0x4,
    0x1, 0x40, 0x0, 0x0, 0x90, 0x60, 0x0, 0x0,
    0x1, 0xa4, 0x0, 0x0, 0x0,

    /* U+1F3B8 "🎸" */
    0x0, 0x0, 0x0, 0x0, 0x0, 0x0, 0x0, 0x1,
    0xa9, 0x0, 0x0, 0x0, 0x60, 0x50, 0x0, 0x0,
    0x8, 0x20, 0x0, 0x1, 0x42, 0x28, 0x0, 0x0,
    0xb0, 0x88, 0x0, 0x0, 0x1e, 0x21, 0x0, 0x0,
    0x2, 0xfc, 0x50, 0x0, 0x0, 0x7b, 0x64, 0x0,
    0x0, 0x2d, 0x1f, 0x0, 0x0, 0x1f, 0x85, 0x1f,
    0x0, 0x3, 0xfd, 0x47, 0xd0, 0x0, 0x3d, 0x35,
    0xd0, 0x0, 0x1, 0xf6, 0x9c, 0x0, 0x0, 0xb,
    0xff, 0x80, 0x0, 0x0, 0x2f, 0xf0, 0x0, 0x0,
    0x0, 0x28, 0x0, 0x0, 0x0,

    /* U+1F3B9 "🎹" */
    0x6a, 0xaa, 0xaa, 0xaa, 0xff, 0xff, 0xff, 0xff,
    0x95, 0x55, 0x55, 0x57, 0x83, 0xd2, 0xd2, 0xd2,
    0x82, 0xc2, 0xd2, 0xd2, 0x82, 0xc2, 0xd2, 0xd2,
    0x82, 0xc2, 0xd2, 0xd2, 0x82, 0xc2, 0xd2, 0xd2,
    0x82, 0xc2, 0xd2, 0xd2, 0x82, 0xc2, 0xd2, 0xd2,
    0x82, 0xc2, 0xc2, 0xd2, 0x80, 0x80, 0x80, 0x82,
    0x80, 0x80, 0x80, 0x82, 0x80, 0x80, 0x80, 0x82,
    0x80, 0x80, 0x80, 0x82, 0x80, 0x80, 0x80, 0x82,
    0x66, 0x96, 0xa6, 0x95,

    /* U+1F3BA "🎺" */
    0x0, 0x0, 0x0, 0x1, 0x0, 0x0, 0x0, 0x0,
    0x3c, 0x0, 0x0, 0x0, 0x9, 0xd0, 0x0, 0x0,
    0x12, 0x60, 0x0, 0x0, 0x3, 0xca, 0x0, 0x0,
    0x3, 0xae, 0x88, 0x0, 0x1, 0x9e, 0xa8, 0x80,
    0x0, 0xf, 0x72, 0xd4, 0x0, 0x1, 0x78, 0xe7,
    0x3, 0xaa, 0x82, 0xab, 0x80, 0x38, 0x0, 0x6b,
    0x98, 0x2, 0xe0, 0x28, 0x2c, 0x0, 0xf, 0x82,
    0x24, 0x0, 0x0, 0x7d, 0x20, 0x0, 0x0, 0x1,
    0xf2, 0x0, 0x0, 0x0, 0x7, 0xe0, 0x0, 0x0,
    0x0, 0xd, 0x0, 0x0, 0x0,

    /* U+1F3BB "🎻" */
    0x0, 0x0, 0x0, 0x1, 0x40, 0x0, 0x0, 0x1,
    0x88, 0x0, 0x0, 0x0, 0x66, 0x80, 0x0, 0x0,
    0x5, 0xa0, 0x0, 0x0, 0x2, 0x28, 0x0, 0x0,
    0x19, 0x88, 0x8, 0x0, 0x9, 0x72, 0x1, 0x50,
    0x2, 0x14, 0xa0, 0x18, 0x1, 0xa0, 0xa2, 0x6,
    0x1, 0x95, 0x40, 0x51, 0x50, 0x3c, 0x2, 0x18,
    0x58, 0x3, 0xc6, 0x58, 0x6, 0x0, 0x37, 0xc4,
    0x81, 0x50, 0x3, 0xf0, 0x8, 0x58, 0x0, 0xe,
    0x1, 0x46, 0x0, 0x0, 0xa, 0x91, 0x90, 0x0,
    0x0, 0x0, 0x4, 0x0, 0x0,

    /* U+1F3BC "🎼" */
    0x0, 0x0, 0x60, 0x0, 0x0, 0x0, 0x23, 0x0,
    0x0, 0x0, 0x14, 0xc0, 0x3, 0xfa, 0xad, 0x7a,
    0xa8, 0xfc, 0x0, 0xb0, 0x0, 0x3f, 0xaa, 0xbe,
    0xaa, 0x8f, 0xc0, 0x3c, 0x0, 0x3, 0xf0, 0x32,
    0x40, 0x0, 0xfe, 0xb8, 0xfe, 0xaa, 0x3f, 0x8,
    0x9d, 0x80, 0xf, 0xeb, 0x13, 0x3a, 0xa3, 0xf0,
    0x60, 0x98, 0x0, 0xfc, 0x9, 0x2c, 0x0, 0x1a,
    0xaa, 0xff, 0xaa, 0x80, 0x0, 0x60, 0x80, 0x0,
    0x0, 0x28, 0x80, 0x0, 0x0, 0x2, 0x80, 0x0,
    0x0,

    /* U+1F3BD "🎽" */
    0x6, 0x80, 0x29, 0x0, 0xa7, 0xfe, 0x90, 0x5,
    0x7f, 0xc9, 0x40, 0x48, 0x52, 0x24, 0x14, 0x15,
    0x4b, 0x82, 0x0, 0x2, 0xfc, 0x20, 0x0, 0xbf,
    0xc2, 0x0, 0x3f, 0xe4, 0x20, 0x1f, 0xf4, 0x82,
    0xf, 0xfd, 0x8, 0x27, 0xfe, 0x0, 0x83, 0xff,
    0x40, 0x8, 0x3f, 0xc0, 0x0, 0x83, 0xd0, 0x0,
    0x8, 0x30, 0x0, 0x0, 0x82, 0x0, 0x0, 0x8,
    0x5, 0xaa, 0xa5, 0x40,

    /* U+1F3BE "🎾" */
    0x5, 0x0, 0x0, 0x0, 0x34, 0xc0, 0x1b, 0xe4,
    0x85, 0x60, 0xb6, 0x8d, 0x89, 0x22, 0xce, 0x36,
    0x70, 0xd6, 0x31, 0xcf, 0x2a, 0x8a, 0x9a, 0x6b,
    0x0, 0xe, 0x8e, 0x36, 0x0, 0x1e, 0x31, 0xcd,
    0x0, 0x1d, 0xce, 0x38, 0x0, 0x2b, 0xaa, 0xa0,
    0x0, 0x22, 0xfa, 0x40, 0x0, 0xaa, 0x50, 0x0,
    0x2, 0xe0, 0x0, 0x0, 0x8, 0x80, 0x0, 0x0,
    0x62, 0x0, 0x0, 0x0, 0x58, 0x0, 0x0, 0x0,
    0x14, 0x0, 0x0, 0x0,

    /* U+1F3BF "🎿" */
    0x0, 0x0, 0x0, 0xb4, 0x0, 0x0, 0x1, 0xfd,
    0x80, 0x0, 0x0, 0x2d, 0x1c, 0x0, 0x0, 0x1,
    0xe4, 0x40, 0x0, 0x0, 0xe, 0xb1, 0x0, 0x0,
    0x0, 0xdb, 0x20, 0x0, 0x0, 0xd, 0x12, 0x0,
    0x0, 0x1e, 0x99, 0xa0, 0x0, 0x9, 0x5c, 0x25,
    0x86, 0x47, 0x52, 0x10, 0x78, 0x46, 0xff, 0xaf,
    0xef, 0xe2, 0x40, 0x0, 0x0, 0x2, 0x6, 0xaa,
    0xaa, 0xaa, 0xa0,

    /* U+1F3C0 "🏀" */
    0x0, 0xa, 0x90, 0x0, 0x0, 0x2d, 0x1, 0x80,
    0x0, 0x62, 0x0, 0xa9, 0x0, 0x22, 0x1, 0x80,
    0x90, 0x34, 0x82, 0x40, 0x8, 0x16, 0x92, 0x40,
    0x0, 0x48, 0x31, 0x40, 0x0, 0x22, 0x23, 0x82,
    0xaa, 0xac, 0xe0, 0xea, 0x0, 0x2, 0x30, 0x43,
    0x40, 0x0, 0x88, 0x22, 0x18, 0x0, 0x21, 0x54,
    0x80, 0x90, 0x4, 0x28, 0x14, 0x6, 0x48, 0x3,
    0x2, 0x0, 0x1e, 0x0, 0x60, 0x80, 0x9, 0x0,
    0x2, 0x48, 0x19, 0x0, 0x0, 0x6, 0xa0, 0x0,
    0x0,

    /* U+1F3C1 "🏁" */
    0x0, 0x0, 0x0, 0x0, 0x11, 0xfe, 0x0, 0x1c,
    0xe, 0x3f, 0x2f, 0xaf, 0x42, 0x14, 0x26, 0xc5,
    0x20, 0x7e, 0x5f, 0xb, 0x6c, 0x1d, 0x7d, 0x2a,
    0x5f, 0x2, 0x14, 0x6b, 0x85, 0x10, 0xfc, 0x1e,
    0xf, 0x1c, 0x3d, 0xfc, 0x26, 0x6f, 0xc, 0x3f,
    0xaf, 0x4f, 0x42, 0x60, 0x1, 0xb9, 0x0, 0xa0,
    0x0, 0x0, 0x0, 0x14, 0x0, 0x0, 0x0, 0x5,
    0x0, 0x0, 0x0, 0x0, 0x80, 0x0, 0x0, 0x0,
    0x20, 0x0, 0x0, 0x0, 0x4, 0x0, 0x0, 0x0,
    0x0,

    /* U+1F3C2 "🏂" */
    0x1, 0xe0, 0x0, 0x0, 0x1f, 0xe0, 0x0, 0x0,
    0x40, 0xc0, 0x0, 0x1, 0x13, 0x0, 0x0, 0x7,
    0xfc, 0x0, 0x0, 0xbf, 0xff, 0xf4, 0x3, 0xff,
    0xd9, 0x94, 0xc, 0xff, 0x40, 0x80, 0xb2, 0xff,
    0x89, 0x1, 0x47, 0xdf, 0x40, 0x0, 0xb, 0xf,
    0xa0, 0x0, 0x1d, 0xbc, 0x20, 0x0, 0xb8, 0x61,
    0x40, 0x2b, 0xc1, 0xa4, 0x82, 0x1, 0x90, 0x14,
    0x8, 0x18, 0x5, 0x0, 0x1a, 0x40, 0x0, 0x0,

    /* U+1F3C3 "🏃" */
    0x0, 0x10, 0x0, 0x0, 0x0, 0x7f, 0x40, 0x0,
    0x0, 0x3f, 0xf0, 0x0, 0x0, 0xf, 0xfc, 0x0,
    0x0, 0x1, 0xff, 0xff, 0xc0, 0x0, 0x2f, 0xff,
    0xf8, 0xb, 0xf, 0xff, 0xf, 0x2, 0xff, 0xff,
    0xc0, 0x0, 0x2f, 0xaf, 0xf8, 0x0, 0x0, 0x2,
    0xff, 0x40, 0x0, 0x0, 0x7f, 0xf6, 0xf0, 0x0,
    0xf, 0xff, 0xfc, 0x0, 0x3, 0xd2, 0xe0, 0x0,
    0x0, 0xf4, 0x0, 0x0, 0x0, 0x3d, 0x0, 0x0,
    0x0, 0x2f, 0x0, 0x0, 0x0, 0x7, 0x40, 0x0,
    0x0,

    /* U+1F3C4 "🏄" */
    0x0, 0xb, 0x40, 0x0, 0x20, 0x3f, 0xc0, 0x0,
    0x78, 0x3f, 0xd1, 0x0, 0x3e, 0x7f, 0xdf, 0x0,
    0xf, 0xff, 0xfd, 0x0, 0x2, 0xff, 0xd0, 0x0,
    0x1, 0xff, 0x0, 0x0, 0x1, 0xff, 0x4, 0x40,
    0x1, 0xff, 0x81, 0x60, 0x0, 0xfd, 0xe4, 0x18,
    0x0, 0x3f, 0xfa, 0x88, 0x0, 0x7d, 0xe0, 0x11,
    0x2, 0x5c, 0x50, 0x88, 0x18, 0x1c, 0x2, 0x54,
    0x20, 0x0, 0x24, 0x80, 0x20, 0x6, 0x40, 0x0,
    0x6, 0x90, 0x0, 0x0,

    /* U+1F3C5 "🏅" */
    0xaa, 0x86, 0xa1, 0x41, 0x7f, 0x82, 0x3, 0xfc,
    0x5, 0xf, 0xe0, 0x8, 0xf, 0x0, 0x2e, 0xbd,
    0x0, 0x80, 0x8, 0x0, 0xbf, 0x80, 0x1, 0xed,
    0x0, 0x24, 0x2, 0x1, 0x3, 0x1, 0x8, 0x7f,
    0x48, 0x20, 0xfc, 0x20, 0x83, 0xb0, 0x81, 0x40,
    0x5, 0x1, 0x80, 0x90, 0x0, 0xa8, 0x0,

    /* U+1F3C6 "🏆" */
    0x0, 0x1, 0xa5, 0x0, 0x0, 0x52, 0x80, 0x19,
    0x50, 0x25, 0xc6, 0xaa, 0x3c, 0x92, 0xc, 0x0,
    0x2, 0x42, 0x20, 0x80, 0x0, 0x20, 0x22, 0x48,
    0x80, 0x2, 0x9, 0x9, 0x58, 0x0, 0x22, 0x40,
    0x1a, 0x10, 0x7, 0x80, 0x0, 0x34, 0x0, 0xe0,
    0x0, 0x12, 0x55, 0x6c, 0x80, 0x0, 0x90, 0xcc,
    0x24, 0x0, 0x0, 0x4, 0x80, 0x0, 0x0, 0x2,
    0x5, 0x0, 0x0, 0x0, 0xff, 0xf8, 0x0, 0x0,
    0x1f, 0x47, 0x80, 0x0, 0x7, 0xff, 0xfe, 0x0,
    0x0, 0x2a, 0xaa, 0x90, 0x0,

    /* U+1F3C7 "🏇" */
    0x0, 0x1, 0x40, 0x0, 0x0, 0x1, 0x44, 0x0,
    0x0, 0x0, 0x1f, 0xd0, 0x0, 0x0, 0x4, 0x2f,
    0xe0, 0x0, 0x7, 0x74, 0xff, 0x84, 0x0, 0xfa,
    0xfc, 0xfc, 0xd0, 0x24, 0x9f, 0xfe, 0x7, 0xc5,
    0x9d, 0x2f, 0xea, 0x9e, 0x6f, 0xc0, 0x30, 0x12,
    0xa0, 0x4, 0x3, 0x41, 0x18, 0x0, 0x20, 0x7f,
    0x42, 0x0, 0x7, 0x8, 0x1c, 0x20, 0x1, 0xe8,
    0xe9, 0x9a, 0x0, 0xb, 0x90, 0x1e, 0xc0, 0x0,
    0x2d, 0x41, 0xf0, 0x0, 0x0, 0x6b, 0x4c, 0x0,
    0x0, 0x0, 0x50, 0x40, 0x0,

    /* U+1F3C8 "🏈" */
    0x0, 0x0, 0x6e, 0x90, 0x0, 0x6, 0xaf, 0x6d,
    0x0, 0x24, 0x5b, 0xe2, 0x0, 0x86, 0xb8, 0xb6,
    0x2, 0x1d, 0x34, 0x2f, 0x8, 0x71, 0xe0, 0xf,
    0x14, 0xca, 0x80, 0x3, 0x22, 0x6a, 0x0, 0x2,
    0x23, 0x68, 0x0, 0x5, 0x73, 0xe0, 0x0, 0x8,
    0xfe, 0x0, 0x0, 0x8, 0x9f, 0x40, 0x0, 0x20,
    0x97, 0xd0, 0x0, 0x90, 0xa0, 0xf4, 0x2, 0x40,
    0xa0, 0x3c, 0x9, 0x0, 0x30, 0x1f, 0x90, 0x0,
    0x6, 0xa8, 0x0, 0x0,

    /* U+1F3C9 "🏉" */
    0x0, 0x0, 0x1a, 0x40, 0x0, 0x2, 0x90, 0x28,
    0x0, 0x18, 0x65, 0xa9, 0x0, 0x96, 0x6e, 0x2,
    0x2, 0x18, 0xd2, 0x2, 0x5, 0x67, 0x18, 0x2,
    0x8, 0xa8, 0x60, 0x2, 0x22, 0x68, 0x80, 0x2,
    0x22, 0xe2, 0x0, 0x1, 0x43, 0x48, 0x0, 0x8,
    0x82, 0x60, 0x0, 0x8, 0x88, 0x0, 0x0, 0x20,
    0x88, 0x0, 0x0, 0x80, 0xa0, 0x0, 0x2, 0x40,
    0x30, 0x0, 0x8, 0x0, 0x18, 0x1, 0x90, 0x0,
    0x1, 0xa5, 0x0, 0x0,

    /* U+1F3CA "🏊" */
    0x0, 0x0, 0x0, 0x6, 0x40, 0x0, 0x0, 0xf,
    0xfe, 0x0, 0x0, 0x3, 0xff, 0xe0, 0x0, 0x0,
    0xfe, 0x0, 0x0, 0x0, 0x1f, 0x80, 0x0, 0xa,
    0x82, 0xf0, 0x0, 0x3, 0xff, 0x3f, 0x0, 0x0,
    0xbe, 0x7b, 0xf4, 0x0, 0xf, 0xcb, 0xff, 0xd0,
    0x0, 0xe3, 0xff, 0xff, 0x40, 0x5, 0x7f, 0xff,
    0xfc, 0x0, 0x1f, 0xff, 0xff, 0xf0, 0x20, 0xaa,
    0xff, 0x9b, 0x80, 0xa0, 0x2, 0x40, 0x0, 0x0,
    0x0, 0x0, 0x0, 0x0, 0x46, 0xa4, 0x1a, 0xa4,
    0x6, 0x40, 0x69, 0x0, 0x0,

    /* U+1F3CB "🏋" */
    0x5, 0x0, 0x0, 0x1, 0x0, 0xa8, 0x0, 0x0,
    0xd, 0x87, 0xfb, 0x55, 0x5b, 0x7f, 0xa, 0x9c,
    0x3d, 0x1c, 0xd8, 0x5, 0x36, 0xfc, 0xb1, 0x0,
    0x0, 0xe7, 0xf3, 0x80, 0x0, 0x0, 0xef, 0xbc,
    0x0, 0x0, 0x1, 0xff, 0xc0, 0x0, 0x0, 0x2,
    0xfc, 0x0, 0x0, 0x0, 0x7, 0xf0, 0x0, 0x0,
    0x0, 0x2f, 0xd0, 0x0, 0x0, 0x0, 0xff, 0x40,
    0x0, 0x0, 0x3, 0xee, 0x0, 0x0, 0x0, 0xd,
    0x38, 0x0, 0x0, 0x0, 0x30, 0xa0, 0x0, 0x0,
    0x0, 0xc2, 0xc0, 0x0, 0x0, 0x6, 0x2, 0x0,
    0x0,

    /* U+1F3CC "🏌" */
    0x0, 0x6, 0x40, 0x0, 0x1, 0xfd, 0x0, 0x14,
    0x3f, 0xe0, 0x3, 0xfb, 0xfe, 0x0, 0x3a, 0xef,
    0xc0, 0x3, 0xff, 0xf8, 0x0, 0x6, 0xff, 0xd4,
    0x0, 0xb, 0xf8, 0xc, 0x0, 0xff, 0x40, 0x90,
    0xf, 0xf4, 0x0, 0x0, 0xff, 0x40, 0x0, 0xf,
    0xf4, 0x0, 0x0, 0xfb, 0x40, 0x0, 0xf, 0x3c,
    0x0, 0x0, 0xb2, 0xf8, 0x0, 0xb, 0x47, 0xc0,
    0x0, 0x70, 0x4, 0x0,

    /* U+1F3CD "🏍" */
    0x0, 0x2a, 0x0, 0x0, 0x0, 0x0, 0x88, 0x0,
    0x0, 0x0, 0xf, 0xb6, 0x90, 0x0, 0x0, 0x1c,
    0x9e, 0x9a, 0x1, 0xb8, 0x29, 0xfc, 0x7, 0x8a,
    0x74, 0x24, 0x5a, 0xbf, 0xea, 0xa4, 0x29, 0x0,
    0x7f, 0xfd, 0x0, 0x1f, 0x80, 0x2b, 0xde, 0x90,
    0x3d, 0xd0, 0xc7, 0xfe, 0xfa, 0xa5, 0x70, 0xaf,
    0xfe, 0x4e, 0x9a, 0x34, 0x0, 0xf9, 0xac, 0x70,
    0xaa, 0xaa, 0xfe, 0x28, 0x2f, 0x80, 0x0, 0x7,
    0xe0, 0x0, 0x0, 0x0, 0x0, 0x0,

    /* U+1F3CE "🏎" */
    0x0, 0x0, 0x0, 0x0, 0x6c, 0x0, 0x0, 0x0,
    0x70, 0x88, 0x0, 0x0, 0x0, 0x99, 0x88, 0x0,
    0x0, 0x10, 0x82, 0x88, 0x0, 0x6a, 0xf6, 0x82,
    0x44, 0x7, 0x49, 0x0, 0x18, 0xb4, 0x17, 0x63,
    0x0, 0x22, 0x70, 0x3f, 0x17, 0xff, 0xf5, 0x20,
    0x2a, 0xe8, 0xaa, 0xae, 0x80,

    /* U+1F3CF "🏏" */
    0x0, 0x0, 0x0, 0x0, 0x40, 0x0, 0x0, 0x0,
    0x26, 0x0, 0x0, 0x0, 0xb, 0xd0, 0xa0, 0x0,
    0x2, 0xe4, 0x20, 0xc0, 0x0, 0xad, 0x1, 0x29,
    0x1, 0xaf, 0x40, 0x38, 0x40, 0x62, 0xa0, 0x1,
    0xa4, 0x18, 0x92, 0x0, 0x0, 0x6, 0x10, 0x80,
    0x0, 0x1, 0x80, 0x20, 0x0, 0x0, 0x60, 0x8,
    0x0, 0x0, 0x18, 0x2, 0x0, 0x0, 0x6, 0x0,
    0x80, 0x0, 0x0, 0x80, 0x20, 0x0, 0x0, 0x4,
    0x8, 0x0, 0x0, 0x0, 0x52, 0x0, 0x0, 0x0,
    0x1, 0x80, 0x0, 0x0, 0x0,

    /* U+1F3D0 "🏐" */
    0x0, 0x7, 0x90, 0x0, 0x0, 0x2b, 0x4b, 0xc0,
    0x0, 0x62, 0x8, 0x9, 0x0, 0x62, 0x8, 0x2,
    0xe0, 0x3a, 0xc8, 0x2, 0xd8, 0x14, 0x7, 0xab,
    0x8, 0x48, 0x0, 0x0, 0x81, 0x23, 0x90, 0x0,
    0x14, 0x18, 0x86, 0x94, 0x2, 0xa, 0x20, 0x1,
    0xaa, 0xc2, 0x8e, 0x0, 0x0, 0x20, 0xa1, 0xaa,
    0x40, 0x14, 0x64, 0x20, 0x16, 0xac, 0x2c, 0x7,
    0x40, 0x2, 0xd, 0x0, 0x7a, 0xaa, 0x8b, 0x0,
    0x2, 0x40, 0x3d, 0x0, 0x0, 0x6, 0xa0, 0x0,
    0x0,

    /* U+1F3D1 "🏑" */
    0x0, 0x0, 0x0, 0x8, 0x0, 0x0, 0x0, 0x16,
    0x0, 0x0, 0x0, 0x26, 0x0, 0x0, 0x0, 0x94,
    0x0, 0x0, 0x2, 0x20, 0x0, 0x0, 0xd, 0x80,
    0x0, 0x0, 0x1b, 0x40, 0x0, 0x0, 0x7a, 0x0,
    0x0, 0x0, 0xfc, 0x0, 0x0, 0x3, 0xf0, 0x0,
    0x0, 0xf, 0xd0, 0x0, 0x28, 0x27, 0xc2, 0x90,
    0x82, 0x76, 0x8, 0x14, 0x83, 0x4d, 0x10, 0x8,
    0x80, 0x14, 0x0, 0x8, 0x20, 0x60, 0x8, 0x14,
    0xa, 0x40, 0x2, 0x90,

    /* U+1F3D2 "🏒" */
    0x0, 0x0, 0x0, 0x0, 0x80, 0x0, 0x0, 0x0,
    0x2f, 0x0, 0x0, 0x0, 0x3, 0xd0, 0x0, 0x0,
    0x0, 0x94, 0x0, 0x0, 0x0, 0x26, 0x0, 0x0,
    0x0, 0x6, 0x80, 0x0, 0x0, 0x0, 0x94, 0x0,
    0x0, 0x0, 0x22, 0x0, 0x0, 0x0, 0x5, 0x80,
    0x0, 0x0, 0x0, 0xb4, 0x0, 0x0, 0x0, 0x22,
    0x0, 0x0, 0x0, 0xb, 0xc0, 0x0, 0x4, 0x2,
    0x54, 0x14, 0x2, 0x55, 0x42, 0x1f, 0xf4, 0x20,
    0x1, 0x82, 0xbe, 0x80, 0xaa, 0x90, 0x20, 0x8,
    0x0, 0x0, 0x0, 0x69, 0x0,

    /* U+1F3D3 "🏓" */
    0x0, 0x66, 0xf4, 0x0, 0x8, 0x2f, 0xfc, 0x0,
    0x20, 0x3f, 0xfc, 0x0, 0x80, 0xff, 0xfc, 0x3,
    0xdf, 0xff, 0xf0, 0x2f, 0xff, 0xff, 0xc0, 0xff,
    0xff, 0xff, 0x3, 0xff, 0xff, 0xfc, 0x7, 0xff,
    0xff, 0xe0, 0x9, 0xff, 0xff, 0x0, 0x20, 0xff,
    0xf4, 0x1, 0x40, 0xbf, 0x80, 0x8, 0x1a, 0xe0,
    0x0, 0x81, 0x40, 0x0, 0x8, 0x8, 0x0, 0x0,
    0x18, 0x80, 0x0, 0x0, 0x8, 0x0, 0x0, 0x0,

    /* U+1F3D4 "🏔" */
    0x0, 0x0, 0x0, 0x0, 0x0, 0x0, 0x0, 0x19,
    0x0, 0x0, 0x0, 0x0, 0x22, 0x0, 0x0, 0x0,
    0x0, 0x80, 0x80, 0x0, 0x0, 0x3, 0x40, 0x80,
    0x0, 0x0, 0x5, 0xaa, 0xa0, 0x0, 0x0, 0x8,
    0x60, 0x28, 0x0, 0x0, 0x4, 0x20, 0x25, 0x0,
    0x0, 0x20, 0x10, 0x52, 0x0, 0x0, 0x10, 0x2,
    0x40, 0xc0, 0x1, 0xd0, 0x8, 0x2, 0xa0, 0x6,
    0x7e, 0x36, 0x69, 0x2c, 0x1a, 0x4f, 0x84, 0x0,
    0xd, 0x30, 0x74, 0x0, 0x40, 0x86, 0x3f, 0xe0,
    0x1, 0xc1, 0xc9, 0x6, 0xff, 0xa7, 0xea, 0xd0,
    0x0, 0x0, 0x0, 0x0, 0x0,

    /* U+1F3D5 "🏕" */
    0x0, 0x0, 0x1, 0x0, 0x0, 0x0, 0x1, 0x20,
    0x0, 0x0, 0x1, 0x42, 0x0, 0x0, 0x1, 0x40,
    0x20, 0x0, 0x0, 0x39, 0xb4, 0x0, 0x0, 0x60,
    0x41, 0x40, 0x15, 0x56, 0x5a, 0xc0, 0x4, 0x0,
    0x64, 0x8, 0x8, 0x0, 0x42, 0x5, 0x1, 0x0,
    0x22, 0x35, 0x2, 0x0, 0x11, 0x89, 0x90, 0x80,
    0x8, 0x68, 0xcc, 0xe9, 0x1, 0x2d, 0xbf, 0xa0,
    0x1a, 0xa4, 0x1, 0x22, 0x0, 0x0, 0x0, 0x60,
    0x29, 0x0, 0x6, 0x90, 0x0, 0x1a, 0xa9, 0x0,
    0x0,

    /* U+1F3D6 "🏖" */
    0x0, 0x1, 0x0, 0x0, 0x0, 0x7, 0xa4, 0x0,
    0x0, 0xaf, 0xe6, 0x80, 0x5, 0x7c, 0xfc, 0x20,
    0x4, 0xf8, 0x7f, 0x8, 0x12, 0xf4, 0x3f, 0x89,
    0x43, 0xf4, 0x3f, 0xd0, 0x6b, 0xf6, 0xbc, 0x0,
    0x0, 0x14, 0x40, 0x0, 0x0, 0x0, 0x80, 0x0,
    0x0, 0x6a, 0xe9, 0x0, 0x1f, 0xfd, 0xc0, 0x64,
    0x7e, 0xa1, 0x81, 0x45, 0xb4, 0x15, 0x47, 0xc2,
    0x36, 0x40, 0x0, 0x8, 0xe, 0x40, 0x1, 0xa0,
    0x0, 0x5a, 0xa5, 0x0,

    /* U+1F3D7 "🏗" */
    0x0, 0x8, 0x0, 0x0, 0x0, 0x0, 0x22, 0x0,
    0x0, 0x0, 0x6a, 0x99, 0xaa, 0xaa, 0x80, 0x84,
    0x14, 0x14, 0x14, 0x20, 0x85, 0x66, 0x56, 0x99,
    0xd8, 0x81, 0x4, 0x1, 0x41, 0x42, 0x7e, 0x58,
    0xfd, 0x7f, 0x54, 0x3c, 0x51, 0xc8, 0xd, 0x0,
    0x28, 0x44, 0xf4, 0x16, 0x0, 0x0, 0x58, 0x80,
    0x1e, 0x0, 0x0, 0x61, 0x80, 0x8, 0x0, 0x0,
    0x48, 0x80, 0xd, 0x0, 0x0, 0x44, 0x80, 0x3f,
    0x40, 0x0, 0x61, 0x82, 0x75, 0xa0, 0x2, 0x58,
    0x93, 0xba, 0xf4, 0x2, 0x0, 0x10, 0x10, 0x0,
    0x2, 0xaa, 0x90, 0x0, 0x0,

    /* U+1F3D8 "🏘" */
    0x0, 0x1, 0x14, 0x0, 0x0, 0x0, 0x7, 0x59,
    0x0, 0x0, 0x0, 0x3, 0x56, 0x40, 0x0, 0x0,
    0x9, 0x96, 0x90, 0x0, 0x0, 0x16, 0x0, 0xa0,
    0x0, 0x0, 0x38, 0x14, 0x38, 0x0, 0x0, 0x14,
    0x3c, 0x20, 0x0, 0x4, 0x24, 0x38, 0x24, 0x10,
    0x9, 0x98, 0x3c, 0x26, 0x60, 0xa, 0x97, 0xaa,
    0xe6, 0xa0, 0xa, 0x55, 0x41, 0x48, 0x60, 0x28,
    0x11, 0x95, 0x48, 0x18, 0x70, 0x50, 0x7d, 0x8,
    0x1d, 0x20, 0xf0, 0x28, 0x2e, 0x8, 0x20, 0xe0,
    0x28, 0x2d, 0x8, 0x20, 0xf0, 0x28, 0x2e, 0x8,
    0x1a, 0xfa, 0x96, 0xae, 0xa4,

    /* U+1F3D9 "🏙" */
    0x0, 0x0, 0x0, 0x14, 0x0, 0x5, 0x54, 0x4,
    0x10, 0x0, 0x40, 0x40, 0x40, 0x45, 0x85, 0x2c,
    0x4, 0x10, 0x44, 0x57, 0xd0, 0x14, 0x4, 0x44,
    0x76, 0x0, 0x0, 0x44, 0x56, 0x60, 0x0, 0x4,
    0x44, 0xbf, 0x4, 0x2, 0x59, 0x46, 0xe2, 0x95,
    0xa6, 0xab, 0x6e, 0xbb, 0x42, 0x7f, 0xf6, 0xff,
    0xf8, 0x26, 0xab, 0x5a, 0xab, 0x2, 0x6a, 0xb6,
    0xeb, 0xfa, 0xa6, 0xab, 0x7e, 0xbf, 0xfe, 0x7a,
    0xbf, 0xff, 0xff, 0xe7, 0xff, 0xff, 0xff, 0xfe,
    0x3f, 0xff, 0xff, 0xff, 0xd0,

    /* U+1F3DA "🏚" */
    0x0, 0x0, 0x60, 0x0, 0x0, 0x0, 0x14, 0x80,
    0x0, 0x0, 0x5, 0x92, 0x0, 0x0, 0x14, 0x95,
    0x48, 0x0, 0x3, 0xe2, 0x5, 0x20, 0x0, 0x39,
    0x90, 0x18, 0x80, 0xa, 0x50, 0x0, 0x62, 0x1,
    0x94, 0x0, 0x61, 0x88, 0x3a, 0x60, 0x0, 0x87,
    0x80, 0x41, 0x7d, 0x46, 0x20, 0x1, 0x56, 0x7d,
    0x72, 0x0, 0x16, 0x6e, 0xee, 0x20, 0x1, 0x42,
    0x5c, 0x1a, 0x0, 0x81, 0x38, 0x81, 0x20, 0xe,
    0xfe, 0xab, 0xbb, 0x80, 0x15, 0xc1, 0x35, 0x50,
    0x0, 0x6, 0x5a, 0x0, 0x0,

    /* U+1F3DB "🏛" */
    0x0, 0x0, 0x0, 0x0, 0x0, 0x1, 0x98, 0x0,
    0x0, 0x6, 0x4, 0xa0, 0x0, 0x19, 0x2f, 0xd2,
    0x40, 0x24, 0x0, 0x0, 0x9, 0x1e, 0xfb, 0xab,
    0xef, 0x43, 0xaa, 0xaa, 0xaa, 0xc0, 0xea, 0xab,
    0xae, 0xb0, 0x2a, 0xea, 0xeb, 0xa8, 0x8, 0x38,
    0xb0, 0xd2, 0x2, 0xe, 0x2c, 0x34, 0x80, 0x83,
    0x8b, 0xd, 0x20, 0x29, 0xf6, 0xd7, 0x98, 0x8,
    0x24, 0x70, 0xc2, 0x6, 0xaa, 0xaa, 0xaa, 0x92,
    0x55, 0x55, 0x55, 0x58, 0xaa, 0xaa, 0xaa, 0xaa,
    0x0,

    /* U+1F3DC "🏜" */
    0x2a, 0xaa, 0xaa, 0xa9, 0x20, 0x0, 0x0, 0x0,
    0x48, 0x0, 0x0, 0x0, 0x16, 0x3f, 0x0, 0x0,
    0x5, 0x8f, 0xc0, 0x1, 0x1, 0x61, 0xd0, 0x1,
    0x10, 0x58, 0x0, 0x0, 0x44, 0x16, 0x0, 0x2,
    0x11, 0x65, 0x82, 0x41, 0x14, 0x52, 0x7a, 0x7f,
    0xc9, 0x14, 0x9c, 0x7, 0xf3, 0xc5, 0x36, 0x15,
    0x55, 0x60, 0x15, 0xd5, 0x64, 0x80, 0x52, 0x75,
    0x40, 0x5, 0x10, 0x98, 0x68, 0x0, 0x88, 0x16,
    0x0, 0x0, 0x7b, 0xfc, 0x6a, 0xaa, 0xaf, 0xfe,
    0x0,

    /* U+1F3DD "🏝" */
    0x0, 0x2, 0x0, 0x0, 0x0, 0xa6, 0x40, 0x0,
    0xa0, 0x48, 0x0, 0x20, 0x3, 0x40, 0xa, 0x81,
    0x19, 0x0, 0x18, 0x3d, 0x20, 0x2, 0x23, 0xda,
    0x0, 0x3a, 0x9a, 0x0, 0x1, 0x28, 0xa0, 0x0,
    0x0, 0xa, 0x0, 0x0, 0x2b, 0xb0, 0x0, 0xbc,
    0x5b, 0xe0, 0x59, 0x8, 0x6, 0x98, 0x6a, 0x1a,
    0x82, 0x95, 0x5, 0x5, 0x21, 0x90, 0x2, 0xa8,
    0x1, 0x6a, 0x94, 0x0,

    /* U+1F3DE "🏞" */
    0x6a, 0xaa, 0xaa, 0xa9, 0x20, 0x10, 0x0, 0x0,
    0x88, 0x90, 0x50, 0x2f, 0xb3, 0x81, 0x54, 0x20,
    0x48, 0x88, 0x0, 0xa8, 0x5, 0x20, 0x80, 0x54,
    0x2, 0x4c, 0x18, 0x22, 0x6, 0x13, 0x82, 0x8,
    0x8a, 0x28, 0xa6, 0x2c, 0xe3, 0xbb, 0x23, 0xe7,
    0xbf, 0xfc, 0xc8, 0xf8, 0x80, 0x6c, 0x12, 0x30,
    0x20, 0x2, 0x94, 0x86, 0x2, 0x90, 0xd1, 0x2a,
    0x60, 0x6, 0xd0, 0x4d, 0xa0, 0x0, 0x1e, 0x73,
    0x40, 0x0, 0x2, 0x18, 0x6a, 0xaa, 0xaa, 0xe9,
    0x0,

    /* U+1F3DF "🏟" */
    0x0, 0x1a, 0xa8, 0x0, 0x0, 0x56, 0xaa, 0x20,
    0x1, 0x18, 0x81, 0x48, 0x40, 0x96, 0xab, 0x6a,
    0x30, 0x1b, 0x0, 0x94, 0xa8, 0x8, 0x10, 0x20,
    0x15, 0x48, 0x8, 0x48, 0x60, 0x23, 0x40, 0x9b,
    0x94, 0x4c, 0xd8, 0xff, 0xff, 0x5b, 0x28, 0xf5,
    0x45, 0xf6, 0x88, 0xbe, 0xf7, 0x7f, 0x52, 0x92,
    0xff, 0xfd, 0x34, 0xa4, 0x81, 0x41, 0x4e, 0x1d,
    0x31, 0xf8, 0x93, 0x82, 0x8c, 0x7f, 0x25, 0xc0,
    0x1b, 0x6f, 0xcf, 0x40, 0x0, 0x1b, 0xe4, 0x0,
    0x0,

    /* U+1F3E0 "🏠" */
    0x0, 0x0, 0x10, 0x0, 0x0, 0x18, 0x19, 0x80,
    0x0, 0x3, 0xc5, 0x66, 0x0, 0x0, 0x2d, 0x59,
    0x88, 0x0, 0x2, 0xd6, 0x6, 0x20, 0x0, 0x39,
    0x80, 0x18, 0x80, 0x5, 0x50, 0x0, 0x62, 0x1,
    0x54, 0x0, 0x0, 0x88, 0x2e, 0x0, 0x0, 0x3,
    0x80, 0x49, 0x8f, 0x56, 0x20, 0x4, 0x45, 0xf9,
    0x22, 0x0, 0x4d, 0xdf, 0xa7, 0x20, 0x4, 0x1,
    0xf8, 0x2, 0x0, 0xba, 0x5f, 0x8a, 0xb0, 0xf,
    0xff, 0xff, 0xff, 0x0, 0x15, 0xe5, 0x75, 0x50,
    0x0, 0x6, 0xaa, 0x0, 0x0,

    /* U+1F3E1 "🏡" */
    0x6, 0x0, 0x0, 0x0, 0x9, 0x20, 0x0, 0x0,
    0x5, 0x1, 0x0, 0x0, 0x2, 0x0, 0x46, 0x80,
    0x0, 0x80, 0x15, 0x48, 0x0, 0x20, 0x6, 0x58,
    0x80, 0x8, 0x5, 0x50, 0x88, 0x2, 0x5, 0x50,
    0x8, 0x80, 0x85, 0x50, 0x0, 0x88, 0x16, 0xd0,
    0x0, 0xe, 0x43, 0x21, 0x6e, 0x16, 0x0, 0x3c,
    0x5b, 0xc0, 0xe4, 0x23, 0x2a, 0xe5, 0x62, 0x4a,
    0xd5, 0xfc, 0x5e, 0x80, 0x2f, 0xe5, 0xff, 0x0,
    0x1, 0x7a, 0xb5, 0x40, 0x0, 0x6, 0xa8, 0x0,
    0x0,

    /* U+1F3E2 "🏢" */
    0x0, 0x2, 0xa9, 0x0, 0x6, 0xaa, 0xbf, 0xfa,
    0xa9, 0x50, 0xea, 0xaa, 0xa8, 0x52, 0x8, 0x0,
    0x0, 0x88, 0x29, 0xa4, 0xf4, 0x8a, 0x82, 0x8,
    0x0, 0x0, 0x88, 0x29, 0xa4, 0xf8, 0x9b, 0x82,
    0x8, 0x0, 0x0, 0x88, 0x29, 0xa4, 0xf8, 0x9b,
    0x82, 0x8, 0x0, 0x0, 0x88, 0x20, 0x80, 0x0,
    0x8, 0x82, 0x9a, 0x7f, 0xe8, 0xa8, 0x20, 0x82,
    0xaa, 0x8, 0x82, 0x9a, 0x69, 0x69, 0xb8, 0x20,
    0x82, 0x96, 0x8, 0x82, 0x59, 0x6e, 0xa5, 0x98,
    0x3f, 0xff, 0xff, 0xff, 0xc0,

    /* U+1F3E3 "🏣" */
    0xeb, 0x0, 0x0, 0x0, 0x2, 0x54, 0x0, 0x0,
    0x0, 0x8, 0x50, 0x0, 0x0, 0x0, 0x22, 0x41,
    0x55, 0x55, 0x54, 0x81, 0x2f, 0xff, 0xff, 0xf2,
    0x4, 0x80, 0x0, 0x0, 0x48, 0x12, 0x38, 0x38,
    0xdd, 0x20, 0x48, 0xe0, 0xe3, 0x74, 0x81, 0x21,
    0x41, 0x44, 0x52, 0x4, 0xff, 0xff, 0xff, 0xee,
    0xb3, 0xa7, 0x6a, 0x9e, 0x7f, 0xc9, 0x48, 0xa8,
    0x14, 0xff, 0x25, 0x21, 0x20, 0x53, 0xfc, 0x85,
    0x9f, 0xc1, 0x4f, 0xf2, 0xaa, 0xae, 0xae, 0x0,
    0x0, 0x0, 0x0, 0x0,

    /* U+1F3E4 "🏤" */
    0x0, 0x0, 0x20, 0x0, 0x0, 0x0, 0x9, 0x80,
    0x0, 0x0, 0x2, 0x2, 0x0, 0x0, 0x0, 0x80,
    0x8, 0x0, 0x0, 0x20, 0x60, 0x20, 0x2, 0xff,
    0x54, 0xab, 0xfd, 0x3f, 0xf4, 0xf9, 0x7f, 0xf2,
    0x1, 0x40, 0x4, 0x2, 0x20, 0x1f, 0xff, 0xc0,
    0x22, 0x79, 0x4a, 0x44, 0xf6, 0x2f, 0xd4, 0x44,
    0x5f, 0xa2, 0x5d, 0x44, 0x44, 0xe6, 0x24, 0x54,
    0x48, 0x45, 0x22, 0x1, 0x44, 0x44, 0x2, 0x3a,
    0xbe, 0xee, 0xea, 0xa0,

    /* U+1F3E5 "🏥" */
    0x0, 0x2a, 0xa9, 0x0, 0x0, 0x4, 0x0, 0x80,
    0x0, 0x1, 0x1c, 0x20, 0x2, 0xab, 0x5f, 0x8e,
    0xa9, 0x80, 0x1b, 0xf2, 0x0, 0xa8, 0xd4, 0x70,
    0xa7, 0x28, 0x1, 0x0, 0x20, 0xa, 0x8d, 0x40,
    0xa, 0x62, 0x80, 0x1b, 0xf6, 0x0, 0xa0, 0x5,
    0xa8, 0x80, 0x2a, 0x35, 0x0, 0x29, 0x8a, 0x0,
    0x6f, 0xd8, 0x2, 0x8a, 0x80, 0x2, 0xb0, 0xa2,
    0x55, 0x55, 0x58, 0x28, 0x1f, 0xfb, 0xb5, 0xa,
    0x1, 0xdd, 0xdc, 0x2, 0xaa, 0xff, 0xff, 0xaa,
    0x40,

    /* U+1F3E6 "🏦" */
    0x0, 0x0, 0x0, 0x0, 0x0, 0x1, 0xf8, 0x0,
    0x0, 0x2, 0xd7, 0xc0, 0x0, 0x6, 0xcb, 0x1d,
    0x0, 0x9, 0x23, 0x2, 0x60, 0x9, 0x8, 0x20,
    0x82, 0x43, 0x57, 0x6c, 0xe5, 0xd0, 0xc0, 0x2f,
    0xd0, 0x20, 0x35, 0x9b, 0xe5, 0x98, 0xd, 0xb7,
    0xfd, 0xb7, 0x2, 0xc, 0x7f, 0x18, 0x80, 0x83,
    0x14, 0xc6, 0x20, 0x26, 0xdd, 0x77, 0xdc, 0x8,
    0x21, 0x58, 0x12, 0x6, 0x55, 0x6a, 0x55, 0x93,
    0x55, 0x55, 0x55, 0x5c, 0xaa, 0xaa, 0xaa, 0xaa,
    0x0,

    /* U+1F3E7 "🏧" */
    0x6a, 0xaa, 0xaa, 0xa9, 0x3f, 0xff, 0xff, 0xff,
    0xcf, 0xff, 0xff, 0xff, 0xf3, 0xff, 0xff, 0xff,
    0xfc, 0xff, 0xff, 0xff, 0xff, 0x3f, 0xff, 0xff,
    0xff, 0xcf, 0xde, 0x5b, 0x7d, 0xb3, 0xeb, 0xfb,
    0xcf, 0x6c, 0xf7, 0x7e, 0xfa, 0xab, 0x3a, 0x9f,
    0xbe, 0x6e, 0xcd, 0xfa, 0xef, 0xab, 0xb3, 0xff,
    0xff, 0xff, 0xfc, 0xff, 0xff, 0xff, 0xff, 0x3f,
    0xff, 0xff, 0xff, 0xcf, 0xff, 0xff, 0xff, 0xf3,
    0xff, 0xff, 0xff, 0xfc, 0x6a, 0xaa, 0xaa, 0xa9,
    0x0,

    /* U+1F3E8 "🏨" */
    0x0, 0x0, 0x69, 0x0, 0x0, 0x0, 0x2, 0x41,
    0x80, 0x0, 0x0, 0x8, 0x0, 0x20, 0x0, 0x0,
    0xa8, 0x41, 0x2a, 0x40, 0x0, 0x89, 0xc3, 0x61,
    0x40, 0x3a, 0xc9, 0xc3, 0x61, 0xec, 0x1e, 0xd9,
    0xff, 0x65, 0xec, 0x14, 0x89, 0xc3, 0x61, 0x48,
    0x15, 0x89, 0xc3, 0x61, 0x58, 0x15, 0x98, 0xc3,
    0x65, 0x48, 0x14, 0x88, 0x0, 0x21, 0x48, 0x15,
    0xee, 0xaa, 0xba, 0xc8, 0x15, 0xba, 0xaa, 0xae,
    0x88, 0x14, 0x20, 0x45, 0x48, 0x8, 0x17, 0x20,
    0x45, 0x48, 0xc8, 0x16, 0x20, 0x45, 0x48, 0xc8,
    0xb, 0xba, 0xaa, 0xae, 0xe4,

    /* U+1F3E9 "🏩" */
    0x0, 0x0, 0x69, 0x0, 0x0, 0x0, 0x2, 0x40,
    0x90, 0x0, 0x0, 0x8, 0x0, 0x20, 0x0, 0x0,
    0xec, 0x0, 0x1a, 0x40, 0x2a, 0xc8, 0xaa, 0x51,
    0xe8, 0x24, 0x98, 0x80, 0x95, 0x8c, 0x1d, 0xc8,
    0x82, 0x11, 0xdc, 0x15, 0x98, 0x26, 0x15, 0x58,
    0x14, 0x88, 0x4, 0x11, 0x48, 0x15, 0x98, 0x0,
    0x15, 0x58, 0x14, 0x88, 0x0, 0x11, 0x48, 0x15,
    0xee, 0xaa, 0xaa, 0xc8, 0x15, 0xff, 0xff, 0xff,
    0xc8, 0x14, 0x20, 0x88, 0x88, 0x8, 0x17, 0x20,
    0x88, 0x88, 0xc8, 0x16, 0x20, 0x88, 0x88, 0xc8,
    0xb, 0xba, 0xaa, 0xae, 0xe4,

    /* U+1F3EA "🏪" */
    0x2a, 0xaa, 0x80, 0x0, 0x38, 0xf7, 0xc0, 0x0,
    0x3e, 0xd3, 0xc0, 0x0, 0x3d, 0xd3, 0xc0, 0x0,
    0x35, 0xe3, 0xc0, 0x0, 0x3e, 0xff, 0xc0, 0x0,
    0xc, 0x3, 0x0, 0x0, 0xee, 0xab, 0xaa, 0xab,
    0x80, 0x0, 0x0, 0x2, 0x95, 0x55, 0x55, 0x57,
    0x60, 0x1, 0x50, 0x5, 0x1f, 0x8e, 0xb2, 0xf5,
    0x1b, 0x88, 0x62, 0xf5, 0x10, 0x8, 0x60, 0x1,
    0x10, 0x8, 0x60, 0x1, 0x60, 0x9, 0xa0, 0x6,
    0xbf, 0xff, 0xff, 0xff,

    /* U+1F3EB "🏫" */
    0x0, 0x0, 0x14, 0x0, 0x0, 0x0, 0x0, 0x3d,
    0x0, 0x0, 0x0, 0x0, 0xef, 0x0, 0x0, 0x0,
    0x3, 0x83, 0xc0, 0x0, 0xf, 0xfe, 0x24, 0xff,
    0xf4, 0x2f, 0xfc, 0x96, 0x3f, 0xf8, 0x3f, 0xfa,
    0x22, 0x2f, 0xfc, 0x3a, 0xad, 0x52, 0x2a, 0xac,
    0x22, 0x98, 0xa8, 0x22, 0x98, 0x25, 0x28, 0x0,
    0x25, 0x28, 0x22, 0x99, 0xaa, 0x22, 0x98, 0x21,
    0x4a, 0x2, 0x21, 0x48, 0x26, 0x6a, 0xbb, 0x26,
    0x68, 0x26, 0x9a, 0x22, 0x26, 0x58, 0x35, 0xa,
    0xbb, 0x21, 0x1c, 0x3f, 0xfa, 0xbb, 0x2f, 0xfd,
    0x3f, 0xfe, 0xff, 0xbf, 0xfc,

    /* U+1F3EC "🏬" */
    0x2a, 0xaa, 0xaa, 0xa0, 0x0, 0x80, 0x0, 0x0,
    0x8, 0x0, 0x2a, 0xaa, 0xaa, 0xa0, 0x0, 0x20,
    0x0, 0x0, 0x21, 0x48, 0x26, 0x66, 0x62, 0x62,
    0x58, 0x26, 0x55, 0x52, 0x63, 0xac, 0x21, 0x55,
    0x51, 0x2b, 0xad, 0x25, 0x55, 0x51, 0x60, 0x2,
    0x25, 0x55, 0x51, 0x7a, 0xad, 0x25, 0x55, 0x51,
    0x21, 0x48, 0x25, 0x55, 0x51, 0x61, 0x18, 0x25,
    0x11, 0x11, 0x21, 0x58, 0x25, 0xaa, 0xa5, 0x62,
    0x98, 0x2e, 0x94, 0x5b, 0xe3, 0xe8, 0x25, 0x95,
    0x19, 0x61, 0x18, 0x25, 0x95, 0x19, 0x61, 0x48,
    0x1a, 0xaa, 0xaa, 0xaa, 0xa8,

    /* U+1F3ED "🏭" */
    0x0, 0x6a, 0x16, 0x40, 0x0, 0x90, 0xb8, 0x28,
    0x0, 0x4, 0x36, 0xe, 0x55, 0x41, 0xec, 0x7b,
    0x6d, 0x7a, 0x14, 0x45, 0x22, 0x82, 0x51, 0xec,
    0x7b, 0x2a, 0xb5, 0x10, 0x58, 0x16, 0x82, 0x52,
    0x6, 0xc1, 0x6a, 0xb5, 0xbe, 0x7f, 0xaa, 0x82,
    0x5b, 0xfb, 0xfe, 0xea, 0xb5, 0xaa, 0xba, 0xae,
    0x0, 0x58, 0x2, 0x0, 0x26, 0x95, 0x8a, 0x62,
    0x92, 0x7f, 0x58, 0x8a, 0x22, 0x27, 0xf5, 0x8a,
    0x61, 0x92, 0x7f, 0x58, 0x2, 0x0, 0x27, 0xf5,
    0x6a, 0xaa, 0xaa, 0xaa, 0x80,

    /* U+1F3EE "🏮" */
    0x0, 0xaa, 0x40, 0x2, 0xef, 0xd0, 0x8, 0x0,
    0x18, 0x34, 0x0, 0x1e, 0x21, 0xaa, 0x92, 0x30,
    0x0, 0x3, 0x26, 0xaa, 0xa7, 0x20, 0x0, 0x2,
    0x3a, 0xaa, 0xab, 0x20, 0x0, 0x2, 0x3a, 0xaa,
    0xab, 0x20, 0x0, 0x2, 0x39, 0x0, 0x1b, 0x25,
    0xaa, 0x55, 0x9, 0x0, 0x28, 0x1, 0xff, 0xc0,
    0x0, 0xaa, 0x40,

    /* U+1F3EF "🏯" */
    0x0, 0x20, 0x4, 0x0, 0x0, 0xe, 0x57, 0x0,
    0x0, 0x7, 0x0, 0xa0, 0x0, 0xa, 0x2a, 0x87,
    0x0, 0x0, 0xb4, 0x1b, 0x0, 0x0, 0x2e, 0xab,
    0xd0, 0x0, 0xa0, 0x18, 0x6, 0x0, 0x1e, 0xb4,
    0xeb, 0x80, 0x2, 0xb9, 0x9d, 0xd0, 0x19, 0x55,
    0x55, 0x56, 0x86, 0xaa, 0xaa, 0xaa, 0xa0, 0x61,
    0x45, 0x14, 0x20, 0xe, 0xaa, 0xaa, 0xa8, 0x6,
    0x99, 0x95, 0x66, 0x3, 0x22, 0x5a, 0x65, 0x82,
    0x69, 0x96, 0x62, 0x58, 0xaa, 0xaa, 0xaa, 0xaa,
    0x0,

    /* U+1F3F0 "🏰" */
    0x0, 0x1, 0x40, 0x0, 0x0, 0x0, 0xf4, 0x0,
    0x0, 0x90, 0xff, 0x0, 0x80, 0x34, 0x7f, 0xe0,
    0x34, 0xc, 0x30, 0x48, 0x18, 0xb, 0x48, 0xb2,
    0xf, 0x3, 0xf2, 0x2c, 0x87, 0xd3, 0xfe, 0xff,
    0xf3, 0xfc, 0x94, 0xa0, 0x18, 0x95, 0x20, 0x3c,
    0x53, 0x70, 0x88, 0x1f, 0xff, 0xfc, 0x21, 0x8,
    0x40, 0x2, 0x8, 0x46, 0x12, 0x90, 0x82, 0x10,
    0x82, 0x8, 0x20, 0x84, 0x20, 0x6c, 0x88, 0x21,
    0x8, 0x1f, 0x22, 0x8, 0x6b, 0xab, 0xee, 0xe9,
    0x0,

    /* U+1F3F3 "🏳" */
    0x0, 0x0, 0x6, 0x90, 0x0, 0x0, 0xa0, 0x20,
    0x3a, 0xa9, 0x0, 0x14, 0x30, 0x0, 0x0, 0x8,
    0x30, 0x0, 0x0, 0x8, 0x30, 0x0, 0x0, 0x8,
    0x20, 0x0, 0x0, 0x4, 0x24, 0x0, 0x0, 0x69,
    0x14, 0x0, 0xa, 0x0, 0x18, 0x0, 0xa0, 0x0,
    0xe, 0xa9, 0x0, 0x0, 0xc, 0x0, 0x0, 0x0,
    0xc, 0x0, 0x0, 0x0, 0x8, 0x0, 0x0, 0x0,
    0x8, 0x0, 0x0, 0x0, 0x5, 0x0, 0x0, 0x0,
    0x0, 0x0, 0x0, 0x0,

    /* U+1F3F4 "🏴" */
    0x0, 0x0, 0x6, 0x90, 0x0, 0x0, 0xbf, 0xf0,
    0x3b, 0xff, 0xff, 0xf4, 0x3f, 0xff, 0xff, 0xf8,
    0x3f, 0xff, 0xff, 0xfc, 0x3f, 0xff, 0xff, 0xfc,
    0x3f, 0xff, 0xff, 0xfc, 0x2f, 0xff, 0xff, 0xfd,
    0x1f, 0xff, 0xfe, 0x44, 0x1f, 0xff, 0xe0, 0x0,
    0xf, 0xa9, 0x0, 0x0, 0xc, 0x0, 0x0, 0x0,
    0xc, 0x0, 0x0, 0x0, 0x8, 0x0, 0x0, 0x0,
    0x8, 0x0, 0x0, 0x0, 0x5, 0x0, 0x0, 0x0,
    0x0, 0x0, 0x0, 0x0,

    /* U+1F3F5 "🏵" */
    0x0, 0x1, 0x4, 0x0, 0x0, 0x9, 0x85, 0x19,
    0x40, 0x0, 0xf0, 0x0, 0xf4, 0x0, 0x2f, 0x4b,
    0xf, 0x90, 0x8, 0x1c, 0xf6, 0x82, 0x0, 0x80,
    0xbf, 0xf0, 0x14, 0x14, 0xbc, 0x23, 0xf0, 0x82,
    0xf, 0xdf, 0x7f, 0x4, 0x20, 0x2d, 0xf9, 0xc0,
    0x52, 0xdb, 0xcf, 0x5e, 0x7c, 0x3f, 0x4b, 0x4f,
    0x1f, 0xc1, 0xc1, 0xff, 0xf8, 0x34, 0x8, 0xe,
    0x77, 0x82, 0x0, 0x60, 0xb, 0x0, 0x60, 0x0,
    0x80, 0xf0, 0x24, 0x0, 0x2, 0x5f, 0x89, 0x0,
    0x0, 0x4, 0x11, 0x0, 0x0,

    /* U+1F3F7 "🏷" */
    0x6, 0x40, 0x0, 0x0, 0x8, 0x18, 0x0, 0x0,
    0x8, 0x1, 0x98, 0x0, 0x2, 0x6, 0xb4, 0x80,
    0x0, 0x82, 0x4, 0x8, 0x0, 0x14, 0x8e, 0x0,
    0x80, 0x1, 0xe1, 0x0, 0x8, 0x0, 0x14, 0x0,
    0x0, 0x80, 0x8, 0x0, 0x0, 0x8, 0x0, 0x80,
    0x0, 0x0, 0x80, 0x8, 0x0, 0x0, 0x24, 0x0,
    0x80, 0x0, 0x14, 0x0, 0x8, 0x0, 0x14, 0x0,
    0x0, 0x80, 0x14, 0x0, 0x0, 0x8, 0x14, 0x0,
    0x0, 0x0, 0xa4, 0x0, 0x0, 0x0, 0x4, 0x0,
    0x0,

    /* U+1F3F8 "🏸" */
    0x0, 0x0, 0x0, 0x69, 0x0, 0x55, 0x40, 0x37,
    0x5c, 0x20, 0x61, 0x9, 0x9a, 0x52, 0x9a, 0x83,
    0x5d, 0xaa, 0x21, 0x10, 0x5a, 0x36, 0xe0, 0x88,
    0xb, 0x5c, 0xd5, 0x1, 0x0, 0xaa, 0x71, 0xc0,
    0x0, 0x6, 0xd9, 0x60, 0x0, 0x0, 0xf7, 0x9c,
    0x0, 0x0, 0xd, 0x29, 0x0, 0x0, 0x2, 0x0,
    0x0, 0x0, 0x0, 0x80, 0x0, 0x0, 0x0, 0xf0,
    0x0, 0x0, 0x0, 0x2d, 0x0, 0x0, 0x0, 0xb,
    0x40, 0x0, 0x0, 0x2, 0xd0, 0x0, 0x0, 0x0,
    0x4, 0x0, 0x0, 0x0, 0x0,

    /* U+1F3F9 "🏹" */
    0x0, 0x0, 0x0, 0x1, 0x10, 0x0, 0x0, 0x19,
    0x8b, 0xff, 0xfe, 0x48, 0x20, 0x84, 0x1, 0xba,
    0xe4, 0x20, 0x0, 0x3, 0xc0, 0x8, 0x0, 0x1,
    0xbc, 0x1, 0x40, 0x1, 0x43, 0x40, 0x20, 0x1,
    0x40, 0xb0, 0x8, 0x1, 0x40, 0xc, 0x1, 0x1,
    0x40, 0x3, 0x40, 0x2b, 0xc0, 0x0, 0xd0, 0xd,
    0xa0, 0x0, 0x34, 0x3, 0x88, 0x0, 0xd, 0x0,
    0xae, 0x0, 0x3, 0x40, 0x0, 0x1a, 0x40, 0xd0,
    0x0, 0x0, 0x6, 0xb8, 0x0, 0x0, 0x0, 0x7,
    0x0,

    /* U+1F3FA "🏺" */
    0x1, 0xa9, 0x0, 0xd, 0x68, 0x6, 0x60, 0x5a,
    0x22, 0xc1, 0x88, 0x83, 0x7, 0x22, 0x60, 0xa,
    0x8d, 0x0, 0x3, 0x3a, 0xba, 0xec, 0x80, 0x82,
    0x21, 0x2a, 0x3c, 0x82, 0x0, 0x5, 0xe, 0xaa,
    0xb0, 0x8, 0x1, 0x40, 0x20, 0x8, 0x0, 0x20,
    0x80, 0x0, 0x7f, 0x0, 0x1, 0xa8, 0x0,

    /* U+1F3FB "🏻" */
    0x7e, 0xba, 0xfe, 0xbd, 0x2a, 0x19, 0x26, 0x19,
    0x89, 0x45, 0x45, 0x45, 0x62, 0x10, 0x41, 0x10,
    0x48, 0x94, 0x54, 0x54, 0x56, 0x24, 0x11, 0x4,
    0x11, 0x89, 0x86, 0x49, 0x82, 0x62, 0x40, 0x0,
    0x40, 0x8, 0x94, 0x54, 0x54, 0x56, 0x25, 0x15,
    0x15, 0x15, 0x88, 0x41, 0x4, 0x41, 0x22, 0x51,
    0x51, 0x51, 0x58, 0x94, 0x54, 0x54, 0x56, 0x22,
    0x8, 0x22, 0x8, 0x89, 0x4, 0x41, 0x4, 0x62,
    0x61, 0x92, 0x61, 0x98, 0x7e, 0xfe, 0xfe, 0xbd,
    0x0,

    /* U+1F3FC "🏼" */
    0x7a, 0xaa, 0xba, 0xad, 0x28, 0x11, 0x4, 0x11,
    0x88, 0x82, 0x8, 0x82, 0x22, 0x41, 0x10, 0x41,
    0x18, 0x98, 0x20, 0x98, 0x26, 0x20, 0x0, 0x0,
    0x0, 0x89, 0x45, 0x45, 0x45, 0x62, 0x10, 0x41,
    0x10, 0x48, 0x90, 0x44, 0x10, 0x46, 0x22, 0x8,
    0x22, 0x8, 0x89, 0x4, 0x41, 0x4, 0x62, 0x51,
    0x51, 0x50, 0x58, 0x80, 0x0, 0x0, 0x2, 0x24,
    0x11, 0x4, 0x11, 0x88, 0x41, 0x4, 0x41, 0x22,
    0x41, 0x10, 0x41, 0x18, 0x7e, 0xfe, 0xfe, 0xbd,
    0x0,

    /* U+1F3FD "🏽" */
    0x6b, 0xfa, 0xef, 0xb9, 0x38, 0x9c, 0x32, 0x68,
    0x49, 0xa3, 0x4a, 0xc7, 0x16, 0x1c, 0x96, 0x30,
    0xe5, 0xc3, 0xa1, 0xca, 0x27, 0x78, 0x9c, 0x36,
    0x2c, 0x98, 0xe3, 0x89, 0xc3, 0x16, 0xc, 0x9a,
    0x34, 0xa5, 0xc2, 0xa1, 0xca, 0x63, 0x69, 0x8c,
    0x3a, 0x2c, 0x58, 0xb3, 0x89, 0xc3, 0x57, 0xc,
    0x8a, 0x38, 0xa9, 0xe2, 0xb0, 0xc9, 0xa3, 0x66,
    0x8c, 0x3a, 0x1c, 0x58, 0x72, 0x88, 0xc3, 0x96,
    0xe, 0x8b, 0x38, 0x9c, 0x6b, 0xfa, 0xef, 0xfa,
    0x0,

    /* U+1F3FE "🏾" */
    0x6f, 0xba, 0xef, 0xb9, 0x3a, 0x8a, 0x3a, 0x8a,
    0x89, 0xca, 0x29, 0xca, 0x33, 0xbe, 0xeb, 0xbe,
    0xec, 0xa9, 0xa8, 0xa9, 0x6a, 0x3b, 0xbe, 0xfb,
    0xbe, 0xcd, 0xa3, 0x8c, 0xa3, 0x62, 0x72, 0x9a,
    0xa2, 0xac, 0xef, 0xbb, 0xee, 0xfb, 0x3a, 0x5a,
    0x3a, 0x8e, 0x48, 0xc7, 0x29, 0xca, 0x73, 0xbe,
    0xfb, 0xbe, 0xec, 0xa8, 0xa5, 0xa9, 0xaa, 0x3b,
    0xae, 0xfb, 0xbe, 0xcd, 0xa2, 0x8d, 0xa3, 0xa2,
    0xb2, 0x8a, 0xb2, 0x9c, 0x6e, 0xbb, 0xee, 0xba,
    0x0,

    /* U+1F3FF "🏿" */
    0x6e, 0xba, 0xee, 0xb9, 0x21, 0x4, 0x11, 0x4,
    0x88, 0x41, 0x4, 0x41, 0x13, 0x75, 0xd7, 0x75,
    0xdc, 0x84, 0x10, 0x44, 0x11, 0x37, 0x5d, 0x77,
    0x5d, 0xc8, 0x41, 0x4, 0x41, 0x12, 0x10, 0x41,
    0x10, 0x44, 0xdd, 0x75, 0xdd, 0x77, 0x21, 0x4,
    0x11, 0x4, 0x48, 0x41, 0x4, 0x41, 0x13, 0x75,
    0xd7, 0x75, 0xdc, 0x84, 0x10, 0x44, 0x11, 0x37,
    0x5d, 0x77, 0x5d, 0xc8, 0x41, 0x4, 0x41, 0x12,
    0x10, 0x41, 0x10, 0x48, 0x6e, 0xba, 0xee, 0xb9,
    0x0,

    /* U+1F400 "🐀" */
    0x0, 0x0, 0x0, 0x0, 0x0, 0x0, 0xf, 0x80,
    0x0, 0x0, 0x0, 0x1f, 0xd8, 0x0, 0x0, 0x0,
    0x3f, 0xa6, 0x0, 0x0, 0x1, 0x80, 0x22, 0xa4,
    0x0, 0x1e, 0x4, 0x1, 0x1, 0x40, 0x1c, 0x0,
    0x0, 0x0, 0x40, 0x12, 0x40, 0x0, 0x80, 0x20,
    0x0, 0x58, 0x2, 0x0, 0x20, 0x0, 0x3, 0x2,
    0x0, 0x20, 0x0, 0x3, 0x81, 0x40, 0x30, 0x0,
    0x3, 0x46, 0xc0, 0x7c, 0x0, 0x7, 0x14, 0xbf,
    0x8a, 0x0, 0x7, 0x80, 0x5a, 0x6, 0x0, 0x0,
    0x2a, 0x90, 0xd, 0x0, 0x0, 0x40, 0x7f, 0xf4,
    0x0, 0x0, 0x0, 0x0, 0x0,

    /* U+1F401 "🐁" */
    0x0, 0x1d, 0x10, 0x0, 0x0, 0x7, 0xf4, 0x90,
    0x0, 0x0, 0xbe, 0x22, 0x0, 0x0, 0x7, 0x87,
    0x60, 0x0, 0x1, 0x80, 0x2, 0x0, 0x0, 0x60,
    0x0, 0x68, 0x0, 0x1e, 0x0, 0x0, 0x28, 0x1,
    0xd0, 0x8, 0x0, 0x50, 0x11, 0xaa, 0x0, 0x42,
    0x0, 0x1, 0x40, 0x60, 0x20, 0x0, 0x8, 0x8,
    0x3, 0x0, 0x0, 0x80, 0x80, 0x3c, 0x0, 0x8,
    0x19, 0x1c, 0xd0, 0x1, 0xfd, 0xbf, 0x49, 0x0,
    0x0, 0x0, 0x1, 0xc0, 0x0, 0xa, 0xaf, 0xe0,
    0x0, 0x1, 0x0, 0x0, 0x0,

    /* U+1F402 "🐂" */
    0x1, 0x40, 0x0, 0x0, 0x1, 0xc3, 0xc0, 0x0,
    0x0, 0x3, 0xef, 0xc0, 0x0, 0x0, 0x7, 0x5,
    0xd0, 0x0, 0x0, 0x21, 0xd, 0x2a, 0xa8, 0x2,
    0x40, 0x20, 0x0, 0x8, 0x8, 0x0, 0x80, 0x0,
    0x14, 0xa, 0x0, 0x0, 0x0, 0x20, 0x1, 0x41,
    0x0, 0x2, 0xc0, 0x2, 0x4, 0x0, 0xb, 0x0,
    0x9, 0x10, 0x4, 0x25, 0x0, 0xf, 0x87, 0xf8,
    0x8c, 0x0, 0x3a, 0x23, 0xe2, 0x30, 0x0, 0xe8,
    0x8b, 0x58, 0x40, 0x3, 0xa2, 0x3d, 0x60, 0x0,
    0x9, 0x88, 0x6, 0xc0, 0x0, 0x1, 0x90, 0x4,
    0x0,

    /* U+1F403 "🐃" */
    0x0, 0x10, 0x54, 0x0, 0x0, 0x31, 0xff, 0xe2,
    0xa4, 0x0, 0x7f, 0x87, 0xf8, 0x38, 0x0, 0x3f,
    0x3, 0xff, 0xfd, 0x0, 0xa, 0x0, 0xbf, 0xe0,
    0xa0, 0x6, 0x5, 0x5, 0x0, 0x14, 0x8, 0x40,
    0x0, 0x0, 0x8, 0xf, 0xfc, 0x10, 0x0, 0x8,
    0x1d, 0xde, 0x60, 0x0, 0x8, 0xf, 0xfe, 0x40,
    0x0, 0xd, 0x2, 0xf0, 0x0, 0x0, 0xd, 0x0,
    0x1d, 0x0, 0xe, 0x49, 0x0, 0xb, 0xa2, 0xbc,
    0x88, 0x0, 0x7, 0x22, 0x2c, 0x88, 0x0, 0xb,
    0x22, 0x0, 0x60, 0x0, 0x0, 0x22, 0x0, 0x0,
    0x0, 0x0, 0x18, 0x0, 0x0,

    /* U+1F404 "🐄" */
    0x0, 0x0, 0x0, 0x0, 0x0, 0x0, 0xfe, 0xe0,
    0x0, 0x0, 0x2, 0x9, 0x60, 0x0, 0x0, 0xc,
    0x8f, 0xea, 0xaa, 0x90, 0x3c, 0xf, 0xcf, 0xff,
    0xc, 0xfc, 0xf, 0xc7, 0xff, 0xd, 0x3e, 0x1,
    0x2, 0xfe, 0x1d, 0x0, 0x60, 0x0, 0x7d, 0x1d,
    0x0, 0x8, 0xb, 0x0, 0x4d, 0x0, 0x7, 0xd7,
    0x1, 0xca, 0x0, 0x3, 0xf4, 0x2c, 0x17, 0x0,
    0x1, 0xf8, 0x7e, 0x22, 0x0, 0x0, 0xe8, 0x9a,
    0x20, 0x0, 0x0, 0xe4, 0x91, 0x20, 0x0, 0x0,
    0xe4, 0x99, 0x10, 0x0, 0x0, 0xd4, 0x82, 0x80,
    0x0, 0x0, 0x2, 0x40, 0x0,

    /* U+1F405 "🐅" */
    0x1, 0xda, 0x0, 0x0, 0x0, 0x3, 0xf9, 0x80,
    0x0, 0x0, 0x3, 0x60, 0x80, 0x0, 0x0, 0x8,
    0x0, 0x7a, 0x90, 0x0, 0x34, 0x91, 0x26, 0x3a,
    0x0, 0x38, 0x22, 0x6, 0x23, 0x0, 0x20, 0x8,
    0x45, 0x19, 0x80, 0xa, 0x91, 0xc0, 0x0, 0xc9,
    0x0, 0x70, 0x4, 0x40, 0xbb, 0x0, 0xfd, 0xa,
    0x40, 0x12, 0x2, 0xfc, 0x2f, 0xa2, 0x88, 0x3,
    0xcd, 0x27, 0xc2, 0x10, 0x3, 0xc8, 0x27, 0xc2,
    0x0, 0x0, 0x14, 0x57, 0xc2, 0x0, 0x0, 0xa,
    0x81, 0xa8, 0x0, 0x0, 0x0, 0x0, 0x0, 0x0,

    /* U+1F406 "🐆" */
    0x0, 0x0, 0x0, 0x0, 0x0, 0x0, 0xe8, 0x0,
    0x0, 0x0, 0x6, 0xd5, 0x0, 0x0, 0x0, 0x28,
    0x4, 0x0, 0x0, 0x0, 0xb1, 0x45, 0x0, 0x0,
    0x0, 0x60, 0x2, 0x95, 0x40, 0x0, 0x20, 0x4,
    0x1d, 0x64, 0x0, 0x16, 0x80, 0x40, 0x16, 0x0,
    0x0, 0x94, 0x5, 0x2, 0x0, 0x0, 0xc0, 0x10,
    0x10, 0x9c, 0x0, 0xe1, 0x1, 0x0, 0x1c, 0x2,
    0xf0, 0x2b, 0xc6, 0x64, 0x3, 0xc8, 0x22, 0xc8,
    0x0, 0x3, 0x48, 0x53, 0xc8, 0x0, 0x0, 0x18,
    0x80, 0x88, 0x0, 0x0, 0x1a, 0x40, 0xa4, 0x0,
    0x0, 0x0, 0x0, 0x0, 0x0,

    /* U+1F407 "🐇" */
    0x0, 0x60, 0x0, 0x0, 0x8, 0x81, 0x80, 0x0,
    0x48, 0x92, 0x0, 0x4, 0xa2, 0x20, 0x0, 0x88,
    0xe5, 0x0, 0x14, 0x55, 0x80, 0x5, 0x0, 0x90,
    0x0, 0x81, 0x14, 0x0, 0x71, 0x0, 0x80, 0x6,
    0x56, 0x2, 0x40, 0xa, 0xa8, 0xa, 0x80, 0x0,
    0x0, 0x12, 0x1, 0x1, 0x80, 0x20, 0x20, 0x20,
    0x28, 0x2, 0x12, 0x1, 0x0, 0x29, 0x61, 0x80,
    0x0, 0x25, 0x50, 0x0,

    /* U+1F408 "🐈" */
    0x0, 0x40, 0x40, 0x0, 0x0, 0xe2, 0x40, 0x0,
    0x0, 0xfc, 0x50, 0x0, 0x1, 0xc1, 0xa0, 0x0,
    0x6, 0x0, 0x20, 0xa0, 0x2d, 0x10, 0x20, 0x88,
    0x6d, 0x2c, 0x20, 0x22, 0x1e, 0x4, 0x64, 0x22,
    0x1, 0x80, 0xfa, 0x88, 0x0, 0x80, 0x24, 0x24,
    0x0, 0x80, 0x0, 0x50, 0x0, 0x80, 0x0, 0x80,
    0x0, 0x30, 0x4, 0x80, 0x0, 0x39, 0xfc, 0x80,
    0x0, 0x3d, 0x5c, 0x80, 0x0, 0x79, 0x5c, 0x80,
    0x0, 0xa, 0x5, 0x0,

    /* U+1F409 "🐉" */
    0x0, 0x40, 0x0, 0x0, 0x15, 0x18, 0x0, 0x0,
    0x8a, 0xfe, 0x0, 0x9, 0x96, 0xfd, 0x0, 0x19,
    0x47, 0xf4, 0x0, 0x19, 0x1f, 0xe7, 0x0, 0xe6,
    0xf6, 0x28, 0x0, 0xe, 0x48, 0x90, 0x29, 0xd0,
    0x82, 0x20, 0xe9, 0x18, 0x2, 0x4b, 0xd2, 0x4a,
    0xa5, 0x43, 0x50, 0x50, 0x8, 0x8, 0x82, 0x2a,
    0xc1, 0xf4, 0xa0, 0x8f, 0x41, 0xf4, 0x5, 0x20,
    0x0, 0x2b, 0x90, 0x0, 0x0, 0x18, 0x0, 0x0,

    /* U+1F40A "🐊" */
    0x0, 0xa, 0x40, 0x0, 0x1, 0x40, 0x90, 0x0,
    0x10, 0x0, 0x50, 0x1, 0x4a, 0x84, 0x80, 0x15,
    0x82, 0x1, 0x40, 0x64, 0x26, 0x12, 0x0, 0x3,
    0x0, 0x49, 0x0, 0xf, 0x40, 0x8, 0x0, 0x3c,
    0x12, 0x30, 0x0, 0x10, 0xf, 0xc0, 0x3f, 0x40,
    0x27, 0x1, 0xd4, 0x10, 0xd0, 0xf, 0x8, 0x0,
    0xc2, 0x90, 0x0, 0xff, 0x8, 0x54, 0x18, 0x3c,
    0x1a, 0x5a, 0x40, 0x90, 0x1a, 0x0, 0x0, 0x0,

    /* U+1F40B "🐋" */
    0x0, 0x0, 0x0, 0x1, 0x40, 0x0, 0x0, 0x0,
    0x2, 0x80, 0x0, 0x0, 0x0, 0x18, 0x80, 0x0,
    0x0, 0x0, 0x90, 0x80, 0x0, 0x0, 0x0, 0xa9,
    0x60, 0x0, 0x0, 0x0, 0x2, 0x20, 0xa, 0xaa,
    0xaa, 0x2, 0x8, 0x34, 0x0, 0x0, 0x82, 0x8,
    0x26, 0x80, 0x0, 0x29, 0x8, 0x20, 0x24, 0x0,
    0x0, 0x8, 0x8, 0x2, 0x82, 0x0, 0x8, 0x2,
    0x0, 0x0, 0x0, 0x8, 0x1, 0x50, 0x0, 0x0,
    0x20, 0x0, 0xa0, 0x48, 0x0, 0x18, 0xb, 0xf8,
    0x51, 0x80, 0x8, 0xf, 0xfb, 0x54, 0x3e, 0xa0,
    0x0, 0x0, 0x6e, 0x50, 0x0,

    /* U+1F40C "🐌" */
    0x2, 0x58, 0x0, 0x0, 0x0, 0x96, 0x10, 0x0,
    0x0, 0x8, 0x26, 0xa9, 0x0, 0x0, 0x82, 0x3c,
    0x7c, 0x0, 0x8, 0x13, 0xff, 0xf0, 0x0, 0x81,
    0x3f, 0x56, 0xc0, 0x8, 0x3, 0xeb, 0xdc, 0x2,
    0x40, 0x3d, 0xee, 0xd0, 0x81, 0x50, 0xbd, 0xee,
    0x4a, 0x0, 0x2e, 0xe5, 0xd6, 0x10, 0x3, 0xf7,
    0xfc, 0x21, 0x0, 0x3f, 0x9b, 0x8, 0x4, 0x2,
    0xff, 0xe6, 0x0, 0x80, 0xb, 0xe1, 0x40, 0x8,
    0x0, 0x1, 0x90, 0x0, 0x24, 0x6, 0x90, 0x0,
    0x0, 0x6a, 0x40, 0x0, 0x0,

    /* U+1F40D "🐍" */
    0x0, 0x1a, 0x40, 0x0, 0x0, 0x9, 0x6, 0x0,
    0x0, 0x2, 0x6, 0x8, 0x0, 0x0, 0x20, 0x0,
    0x80, 0x0, 0x3, 0x0, 0x8, 0x0, 0x1, 0xe9,
    0x0, 0x80, 0x0, 0x0, 0x20, 0x14, 0x0, 0x0,
    0x1, 0xa, 0x0, 0x0, 0x0, 0x80, 0xd4, 0x0,
    0x0, 0x4, 0x6d, 0x58, 0x0, 0x1, 0x2, 0x0,
    0x20, 0x0, 0x20, 0x72, 0x81, 0x40, 0x2, 0x2,
    0x2c, 0xd, 0xa0, 0x14, 0xa, 0x0, 0x85, 0x0,
    0x80, 0x0, 0x25, 0x80, 0x2, 0x80, 0x1b, 0x80,
    0x0, 0x1, 0xa9, 0x0, 0x0,

    /* U+1F40E "🐎" */
    0x1, 0x0, 0x0, 0x0, 0x0, 0xa6, 0xe0, 0x0,
    0x0, 0x3, 0xcb, 0xe0, 0x0, 0x0, 0xf, 0x3,
    0xc0, 0x0, 0x0, 0xa4, 0x43, 0xc0, 0x0, 0x2,
    0x2, 0x3, 0xaa, 0x90, 0x8, 0x3c, 0x0, 0x0,
    0x80, 0x22, 0x20, 0x0, 0x0, 0x80, 0x24, 0x40,
    0x0, 0x43, 0x40, 0x2e, 0x0, 0x9, 0xe, 0x2,
    0xed, 0x1, 0xf0, 0x3f, 0x4c, 0x20, 0xab, 0xc2,
    0x10, 0x72, 0x14, 0xf9, 0x20, 0x0, 0xd8, 0x9b,
    0x11, 0x0, 0x0, 0x4, 0xd2, 0x14, 0x0, 0x0,
    0x1a, 0x39, 0x40, 0x0, 0x0, 0x0, 0x50, 0x0,
    0x0,

    /* U+1F40F "🐏" */
    0x0, 0x9, 0x0, 0x0, 0x0, 0x2e, 0x42, 0x0,
    0x0, 0x3, 0xf8, 0x3, 0xf8, 0x0, 0x1f, 0x0,
    0xf, 0xfc, 0x0, 0xb8, 0x0, 0x16, 0xfd, 0x2,
    0xf3, 0x44, 0xba, 0xd8, 0x7, 0x8b, 0xdb, 0xeb,
    0x78, 0xc, 0x3f, 0xdf, 0xfc, 0xbc, 0x21, 0xdf,
    0x1f, 0xd0, 0x80, 0x23, 0xb8, 0x0, 0x2, 0x0,
    0x41, 0x40, 0x0, 0x8, 0x2, 0x0, 0x0, 0x0,
    0x80, 0x6, 0x40, 0x0, 0x9, 0x0, 0x2, 0x40,
    0x1, 0xb0, 0x0, 0x3, 0xee, 0x7e, 0xc0, 0x0,
    0xd, 0xb4, 0xe7, 0x0, 0x0, 0x1, 0x80, 0x0,
    0x0,

    /* U+1F410 "🐐" */
    0x0, 0x40, 0x0, 0x0, 0xa7, 0x80, 0x0, 0x37,
    0x80, 0x0, 0xbf, 0xc0, 0x20, 0x40, 0x6, 0x96,
    0x8, 0x0, 0x68, 0x89, 0x10, 0xf4, 0x52, 0x80,
    0x20, 0x8, 0xa4, 0x8, 0x1, 0xf, 0x58, 0x0,
    0x42, 0xb0, 0x0, 0x10, 0x4, 0x1, 0xc4, 0x0,
    0x84, 0x61, 0x0, 0x22, 0x2a, 0xc0, 0xf, 0xc8,
    0xa0, 0x1, 0xaf, 0x0, 0x0, 0x1, 0x40, 0x0,

    /* U+1F411 "🐑" */
    0x0, 0x24, 0x0, 0x0, 0x1, 0x82, 0x0, 0x0,
    0x19, 0x0, 0xa0, 0x0, 0x20, 0x0, 0x1a, 0x0,
    0x20, 0x0, 0x0, 0xa0, 0x3a, 0x49, 0x40, 0x8,
    0x69, 0xf3, 0xf4, 0x8, 0x87, 0xfe, 0x0, 0x8,
    0x8a, 0x7d, 0x0, 0x2, 0x23, 0xbc, 0x0, 0x2,
    0x10, 0x50, 0x0, 0x2, 0x20, 0x0, 0x0, 0x8,
    0x19, 0x0, 0x0, 0x14, 0x2, 0x40, 0x1, 0xb0,
    0x0, 0xfb, 0x9f, 0xb0, 0x0, 0xdb, 0x4e, 0x70,
    0x0, 0x2, 0x0, 0x0,

    /* U+1F412 "🐒" */
    0x0, 0x0, 0x0, 0x64, 0x0, 0x0, 0x0, 0x51,
    0x80, 0x29, 0xa0, 0x26, 0x20, 0x20, 0x2, 0xa,
    0x28, 0x20, 0xa, 0x66, 0x50, 0x9, 0x55, 0x6,
    0x88, 0x5, 0x44, 0x44, 0x96, 0x2, 0x44, 0x52,
    0x82, 0x10, 0x91, 0xbc, 0xa0, 0x88, 0x6, 0x81,
    0xfc, 0x22, 0x0, 0x2f, 0xf1, 0x48, 0x80, 0xb,
    0x78, 0x22, 0x20, 0x3, 0x54, 0x88, 0x88, 0x0,
    0xb8, 0x2, 0x85, 0x0, 0x2d, 0x0, 0x9, 0x0,
    0x3c, 0xa9, 0x64, 0x0, 0x2, 0xa4, 0x40, 0x0,
    0x0,

    /* U+1F413 "🐓" */
    0x0, 0x44, 0x0, 0x0, 0x1f, 0xf0, 0x0, 0x0,
    0xff, 0x40, 0x0, 0x7, 0xfc, 0x2, 0xa0, 0x99,
    0x84, 0x20, 0x22, 0xf2, 0x22, 0x0, 0x17, 0xe0,
    0xd8, 0x2, 0x5f, 0xab, 0xe0, 0x8, 0x24, 0xff,
    0xc0, 0xa0, 0x83, 0xff, 0x2a, 0x2, 0xb, 0xfc,
    0x84, 0x5, 0xb, 0x88, 0x0, 0x6, 0x0, 0x90,
    0x0, 0x7, 0xbc, 0x0, 0x0, 0xf4, 0x60, 0x0,
    0x1, 0x42, 0x80, 0x0, 0x0, 0x2a, 0x0, 0x0,

    /* U+1F414 "🐔" */
    0x0, 0x0, 0x18, 0x0, 0x0, 0x7, 0xff, 0xc0,
    0x0, 0x7, 0xff, 0xf0, 0x0, 0x1f, 0xff, 0xf8,
    0x0, 0xb, 0xfe, 0x5c, 0x0, 0x0, 0xf4, 0x90,
    0x90, 0x1, 0xa9, 0x88, 0x5, 0x1, 0x82, 0x1,
    0x10, 0x80, 0x80, 0x85, 0x4, 0x8, 0x17, 0xfc,
    0x0, 0x2, 0x0, 0xbf, 0x20, 0x8, 0x50, 0x1f,
    0x40, 0x20, 0x8, 0x2, 0x0, 0x0, 0x2, 0x0,
    0x40, 0x0, 0x0, 0x80, 0x12, 0x0, 0x0, 0xb0,
    0x2, 0x26, 0x8a, 0x80, 0x0, 0x1, 0x8, 0x0,
    0x0,

    /* U+1F415 "🐕" */
    0x0, 0x69, 0x14, 0x0, 0x2f, 0x40, 0xfe, 0x0,
    0x3f, 0x0, 0x3f, 0x0, 0x3d, 0x0, 0x2f, 0x0,
    0x3c, 0x0, 0xf, 0x0, 0x3c, 0xc0, 0x8c, 0x0,
    0x8, 0x9, 0xe, 0x0, 0x2, 0x19, 0x2f, 0xc0,
    0x3, 0x45, 0x6f, 0xaa, 0x2, 0x7f, 0x41, 0x19,
    0x2, 0x9, 0x10, 0x20, 0x1, 0x4, 0x5, 0x20,
    0x1, 0x49, 0x25, 0x20, 0x1, 0x49, 0x25, 0x20,
    0x2, 0x9, 0x27, 0xc0, 0x2, 0xb6, 0x60, 0x0,
    0x0, 0x1, 0x80, 0x0,

    /* U+1F416 "🐖" */
    0x0, 0x0, 0x0, 0x0, 0x0, 0x0, 0x1a, 0xa4,
    0x1e, 0x2, 0x69, 0x0, 0x2d, 0xa0, 0x84, 0x0,
    0x0, 0x6a, 0x20, 0x0, 0x0, 0x2, 0x2, 0x0,
    0x8, 0x40, 0x4, 0x20, 0x0, 0x88, 0x0, 0x84,
    0x50, 0x2, 0x80, 0x8, 0x80, 0x3, 0x0, 0x1,
    0x48, 0xed, 0x0, 0x0, 0x20, 0x5b, 0xd0, 0x0,
    0x2, 0x2, 0x0, 0x0, 0x28, 0x20, 0xc, 0x0,
    0x2f, 0x52, 0x0, 0x8b, 0x85, 0xf1, 0x20, 0x8,
    0x88, 0x49, 0x18, 0x0, 0x24, 0xa8, 0x0, 0x0,
    0x0, 0x0, 0x0, 0x0, 0x0,

    /* U+1F417 "🐗" */
    0x0, 0x0, 0x6, 0x80, 0x0, 0x0, 0x9, 0x20,
    0x0, 0x0, 0x69, 0xf, 0xf0, 0x0, 0x90, 0x1f,
    0xf4, 0x0, 0x80, 0x1e, 0x7c, 0x1, 0x90, 0x1,
    0x39, 0x83, 0xd0, 0x24, 0x0, 0x62, 0xa0, 0x0,
    0x8, 0xc, 0x98, 0x50, 0x1, 0x1, 0x22, 0x1c,
    0x2, 0x21, 0xd7, 0x47, 0x40, 0x0, 0x20, 0x2f,
    0x0, 0x0, 0x48, 0x0, 0x28, 0x4, 0x39, 0x0,
    0x0, 0x82, 0xa4, 0x0, 0x0, 0xa, 0x0, 0x0,
    0x0, 0x0, 0x0, 0x0,

    /* U+1F418 "🐘" */
    0x6, 0x41, 0xa4, 0x0, 0x0, 0xbf, 0xa4, 0x8,
    0x0, 0x3, 0xf0, 0x0, 0x10, 0x0, 0xf, 0x0,
    0x0, 0x20, 0x0, 0x38, 0x0, 0x0, 0xd0, 0x0,
    0xd0, 0x48, 0x8, 0x50, 0x3, 0x40, 0x20, 0x50,
    0x80, 0x2d, 0x9, 0x95, 0x0, 0x40, 0x64, 0x9d,
    0x90, 0x2, 0x0, 0x52, 0xf0, 0x0, 0xc, 0x2,
    0x21, 0xd0, 0x0, 0x4e, 0x8, 0xe3, 0x45, 0x42,
    0x8, 0x20, 0x8c, 0x2f, 0xc5, 0x0, 0x2a, 0x21,
    0x2d, 0x48, 0x0, 0x1, 0x48, 0xb2, 0x20, 0x0,
    0x8, 0x21, 0x86, 0x0, 0x0, 0xa, 0x0, 0x0,
    0x0,

    /* U+1F419 "🐙" */
    0x6, 0x40, 0x0, 0x0, 0x18, 0xd, 0x10, 0x1,
    0x69, 0x8a, 0x2, 0x62, 0xa9, 0x41, 0x9c, 0x2,
    0x9c, 0x0, 0x2, 0x2d, 0x1, 0x88, 0x29, 0x2,
    0x16, 0x9, 0xc8, 0x54, 0x2, 0x26, 0x25, 0x80,
    0x8d, 0x2, 0x2a, 0x25, 0xa0, 0x0, 0x2, 0x2c,
    0x22, 0xa0, 0x0, 0x1f, 0x34, 0x29, 0x0, 0x0,
    0x8d, 0x30, 0xb, 0xd0, 0x0, 0x0, 0xd0, 0xc,
    0x11, 0x0, 0xb, 0x59, 0xc, 0xb, 0x9, 0x1,
    0x96, 0xb, 0xab, 0x12, 0xe5, 0x58, 0x1, 0x41,
    0x41, 0xdf, 0xa0, 0x0, 0x0, 0xea, 0x0, 0x0,
    0x0, 0x0, 0x14, 0x0, 0x0,

    /* U+1F41A "🐚" */
    0x14, 0x0, 0x0, 0x0, 0x23, 0x9a, 0x0, 0x0,
    0x8, 0x96, 0x58, 0x0, 0x2, 0x82, 0x8, 0xea,
    0x80, 0xe0, 0x80, 0x56, 0x88, 0x30, 0x80, 0x20,
    0x0, 0x88, 0x20, 0xf, 0xf4, 0x15, 0x60, 0x3,
    0xff, 0x2, 0x28, 0x0, 0xff, 0xe0, 0x87, 0x0,
    0x1f, 0xfc, 0x20, 0xc0, 0x3, 0xff, 0x14, 0x20,
    0x0, 0x2f, 0xc8, 0x4, 0x0, 0x1, 0xf2, 0x0,
    0x80, 0x0, 0x0, 0x80, 0x8, 0x0, 0x0, 0x20,
    0x0, 0xaa, 0xa6, 0x48, 0x0, 0x0, 0x0, 0x18,
    0x0,

    /* U+1F41B "🐛" */
    0x0, 0x44, 0x0, 0x0, 0x1, 0x54, 0x0, 0x0,
    0x25, 0x74, 0x0, 0x0, 0x51, 0x14, 0x0, 0x0,
    0x80, 0x8, 0x0, 0x0, 0x20, 0x8, 0x0, 0x0,
    0x8, 0x8, 0x0, 0x0, 0xc, 0x4c, 0x0, 0x0,
    0xc, 0x58, 0x0, 0x0, 0xc, 0x48, 0x0, 0x0,
    0xc, 0x1a, 0x40, 0x0, 0xa, 0x40, 0xed, 0x0,
    0x7, 0x2, 0x4, 0xe4, 0x2, 0xc0, 0x15, 0x48,
    0x0, 0x3c, 0x0, 0x22, 0x0, 0x2e, 0xfe, 0x5,
    0x0, 0x0, 0x47, 0xa4,

    /* U+1F41C "🐜" */
    0x4, 0x0, 0x0, 0x0, 0x0, 0x1a, 0x28, 0x0,
    0x0, 0x0, 0x0, 0x42, 0x0, 0x0, 0x0, 0x0,
    0xc2, 0x0, 0x0, 0x0, 0x1b, 0xfc, 0x0, 0x0,
    0x0, 0x3f, 0x7e, 0x0, 0x0, 0x0, 0x3e, 0x3f,
    0x1, 0xff, 0x40, 0x3f, 0xff, 0xfb, 0xc3, 0xe0,
    0x3f, 0xff, 0xff, 0xff, 0xa4, 0xf, 0xff, 0xff,
    0xff, 0x7c, 0x1, 0xbf, 0xff, 0xfe, 0xb5, 0x0,
    0x23, 0xff, 0xf9, 0xdd, 0x0, 0x48, 0x88, 0xe7,
    0x6d, 0x1, 0x88, 0x85, 0x2d, 0xfc, 0x1, 0x8,
    0x82, 0x1, 0xa4, 0x0, 0x20, 0x81, 0x40, 0x0,
    0x0, 0x0, 0x10, 0x0, 0x0,

    /* U+1F41D "🐝" */
    0x0, 0x0, 0x4, 0x0, 0x6, 0x6, 0x9, 0x58,
    0x0, 0x8, 0x11, 0x0, 0xa8, 0x0, 0x20, 0x60,
    0x1c, 0x20, 0x7, 0xbe, 0x3, 0x1, 0x2, 0x40,
    0x70, 0x80, 0x14, 0xf0, 0x81, 0x54, 0x2, 0xc,
    0x2f, 0xd, 0x0, 0xd0, 0x81, 0xd0, 0xc0, 0xb6,
    0x44, 0x0, 0x1f, 0xeb, 0x4d, 0x34, 0x3, 0x8e,
    0x2c, 0x81, 0x81, 0xfc, 0xb1, 0xc8, 0x2, 0xff,
    0xc7, 0xe, 0x40, 0xa6, 0xfe, 0x34, 0xe0, 0x0,
    0x63, 0x5b, 0xe0, 0x0, 0x0, 0x51, 0x0, 0x0,
    0x0, 0x4, 0x0, 0x0, 0x0,

    /* U+1F41E "🐞" */
    0x0, 0x0, 0x0, 0x0, 0x0, 0x0, 0x8, 0x80,
    0x0, 0x2, 0x0, 0x48, 0x0, 0x0, 0x46, 0xb8,
    0x90, 0x0, 0x8, 0x2f, 0xfd, 0x10, 0x0, 0x43,
    0xff, 0x1e, 0x40, 0x6, 0xff, 0xc0, 0xea, 0x40,
    0xc, 0x1c, 0x6, 0x0, 0xb, 0xc0, 0x5b, 0x8,
    0x0, 0x9c, 0xb2, 0x60, 0xc0, 0x9, 0xb, 0x20,
    0xd, 0x2, 0x88, 0x1, 0x6c, 0xa0, 0x2, 0xc2,
    0xc8, 0x15, 0x80, 0x26, 0x18, 0x82, 0x0, 0x0,
    0x98, 0x6, 0x80, 0x0, 0x14, 0x2a, 0x90, 0x0,
    0x1, 0x0, 0x0, 0x0, 0x0,

    /* U+1F41F "🐟" */
    0x0, 0x0, 0x0, 0x0, 0x0, 0x0, 0x0, 0xb8,
    0x0, 0x0, 0x0, 0x1, 0xff, 0x0, 0x0, 0x0,
    0x1a, 0xbf, 0xc0, 0x0, 0x1, 0x90, 0x1, 0xf0,
    0x0, 0x6, 0x0, 0x0, 0x28, 0x1, 0x8, 0x0,
    0x0, 0x9, 0xd, 0x20, 0x90, 0x69, 0x2, 0x3c,
    0x70, 0x5, 0x1, 0x6a, 0xf4, 0x18, 0x8, 0x64,
    0x1, 0xf0, 0x30, 0x0, 0x2f, 0x2, 0x3c, 0x8,
    0x0, 0x1, 0x8, 0xd, 0x2, 0x90, 0x0, 0xa0,
    0x0, 0x0, 0x1a, 0xab, 0xf0, 0x0, 0x0, 0x0,
    0x0, 0x0, 0x0,

    /* U+1F420 "🐠" */
    0x0, 0x0, 0x1a, 0xaa, 0x0, 0x0, 0x29, 0x1,
    0xa0, 0x0, 0x18, 0x40, 0x20, 0x0, 0x9, 0x9,
    0x1, 0x48, 0x2, 0xcc, 0x32, 0xa, 0x50, 0x3c,
    0x93, 0x48, 0xc2, 0xb, 0xc3, 0x28, 0xc0, 0x20,
    0xad, 0x31, 0x8c, 0x2, 0x21, 0x63, 0x58, 0x85,
    0x23, 0xe, 0x32, 0x94, 0x29, 0x20, 0x43, 0x32,
    0x2, 0x40, 0x80, 0x22, 0x0, 0x10, 0x2, 0x40,
    0x0, 0x8, 0x0, 0x6, 0x41, 0x5a, 0x40, 0x0,
    0x2, 0xa0, 0x0, 0x0,

    /* U+1F421 "🐡" */
    0x0, 0x0, 0x0, 0x0, 0x0, 0x0, 0x0, 0x81,
    0x0, 0x0, 0x0, 0x28, 0xe7, 0x0, 0x0, 0x0,
    0x3f, 0xfe, 0xb4, 0x0, 0x7, 0xeb, 0xff, 0xf5,
    0x40, 0x3, 0xeb, 0x87, 0xef, 0xe4, 0xf, 0xfe,
    0x2, 0xef, 0xa8, 0xf, 0x40, 0x0, 0x1f, 0x6c,
    0x8, 0x20, 0xb0, 0x83, 0xe8, 0x1c, 0x10, 0x20,
    0x52, 0xd0, 0x1c, 0x1, 0x2, 0x2, 0xc0, 0x2,
    0x7, 0x3, 0x8, 0x0, 0x3, 0xc0, 0x0, 0x2c,
    0x0, 0x0, 0x3d, 0x2, 0xc0, 0x0, 0x0, 0x39,
    0xf5, 0x80, 0x0, 0x0, 0x10, 0x60, 0x0, 0x0,
    0x0, 0x0, 0x0, 0x0, 0x0,

    /* U+1F422 "🐢" */
    0x0, 0x0, 0x69, 0x0, 0x0, 0x0, 0x28, 0x2,
    0xc0, 0x0, 0x3, 0x40, 0x9, 0x90, 0x0, 0x27,
    0x91, 0xa8, 0x80, 0x2, 0xf0, 0x74, 0x20, 0x40,
    0x60, 0x60, 0x50, 0x37, 0x45, 0x0, 0x20, 0x40,
    0x7e, 0x23, 0x4c, 0x52, 0x2, 0x68, 0x84, 0x10,
    0xdd, 0xa2, 0x82, 0x9, 0x2, 0x54, 0x22, 0x8,
    0x0, 0x2, 0xa9, 0x8, 0x8, 0x0, 0x0, 0x4,
    0x20, 0x8, 0x0, 0x1, 0x9a, 0x40, 0x20, 0xea,
    0x8, 0x0, 0x0, 0x95, 0x8, 0x20, 0x0, 0x0,
    0x0, 0x1a, 0x80, 0x0, 0x0, 0x0, 0x0, 0x0,
    0x0,

    /* U+1F423 "🐣" */
    0x0, 0x0, 0x64, 0x0, 0x0, 0x0, 0x90, 0x18,
    0x0, 0x0, 0x20, 0x0, 0x20, 0x0, 0x1, 0x20,
    0x1, 0x40, 0x0, 0x41, 0x2, 0x8, 0x0, 0x8,
    0x7, 0x0, 0x80, 0x1, 0x40, 0x10, 0x8, 0x0,
    0x50, 0x0, 0x0, 0x60, 0x24, 0x0, 0x0, 0x1,
    0x88, 0x65, 0xa5, 0xa4, 0x82, 0x1c, 0x50, 0x50,
    0x63, 0x80, 0x80, 0x0, 0x0, 0x20, 0x5, 0x20,
    0x0, 0x2, 0x0, 0x20, 0x90, 0x0, 0x80, 0x0,
    0x81, 0x0, 0x14, 0x0, 0x2, 0x80, 0x19, 0x0,
    0x0, 0x1, 0xa9, 0x0, 0x0,

    /* U+1F424 "🐤" */
    0x0, 0x1a, 0x40, 0x0, 0x0, 0x8, 0x6, 0x0,
    0x0, 0x2, 0x0, 0x8, 0x0, 0x0, 0x50, 0x0,
    0x60, 0x0, 0x2c, 0x30, 0x0, 0xa4, 0x2, 0xc0,
    0x0, 0x0, 0x64, 0x1, 0x0, 0x6, 0x40, 0x20,
    0x20, 0x0, 0x6, 0x42, 0x2, 0x0, 0x0, 0x14,
    0x50, 0x20, 0x19, 0x6, 0x8, 0x0, 0x80, 0x1a,
    0x42, 0x0, 0x6, 0x0, 0x1, 0x80, 0x0, 0xa,
    0x56, 0x90, 0x0, 0x0, 0xd, 0xc0, 0x0, 0x0,
    0x1, 0x8c, 0x0, 0x0, 0x0, 0x11, 0xc0, 0x0,
    0x0, 0x0, 0x24, 0x0, 0x0,

    /* U+1F425 "🐥" */
    0x0, 0x1, 0xa4, 0x0, 0x0, 0x0, 0x90, 0x60,
    0x0, 0x0, 0x20, 0x0, 0x80, 0x0, 0x4, 0x0,
    0x1, 0x0, 0x0, 0x88, 0x2, 0x20, 0x0, 0x8,
    0xa, 0x2, 0x0, 0x0, 0x80, 0xf0, 0x20, 0x0,
    0x20, 0x0, 0x0, 0x80, 0x8, 0x0, 0x0, 0x2,
    0x2, 0x2, 0x0, 0x8, 0x8, 0x80, 0x50, 0x0,
    0x50, 0x22, 0xa8, 0x0, 0x2, 0xe8, 0x0, 0x80,
    0x0, 0x20, 0x0, 0x2, 0x40, 0x18, 0x0, 0x0,
    0x7, 0xad, 0x0, 0x0, 0x0, 0x70, 0xd0, 0x0,
    0x0, 0x9, 0x6, 0x0, 0x0,

    /* U+1F426 "🐦" */
    0x0, 0x64, 0x0, 0x0, 0x0, 0x6, 0x2, 0x0,
    0x0, 0x0, 0x8, 0x0, 0x80, 0x0, 0x0, 0x14,
    0x10, 0x10, 0x2a, 0x80, 0x3c, 0x30, 0x20, 0x80,
    0x14, 0x3c, 0x0, 0xa, 0x40, 0xc, 0x8, 0x0,
    0x0, 0x0, 0x60, 0x8, 0x0, 0x0, 0x2, 0x40,
    0x8, 0x0, 0x0, 0x8, 0x0, 0x5, 0x2, 0x0,
    0x8, 0x0, 0x2, 0x0, 0x80, 0x18, 0x0, 0x0,
    0x80, 0x60, 0x90, 0x0, 0x0, 0x2b, 0xbe, 0x0,
    0x0, 0x0, 0x0, 0x84, 0x0, 0x0, 0x0, 0x2,
    0x58, 0x0, 0x0, 0x0, 0x5, 0x30, 0x0, 0x0,
    0x0, 0x0, 0x40, 0x0, 0x0,

    /* U+1F427 "🐧" */
    0x0, 0x29, 0x0, 0xa, 0xff, 0x80, 0x34, 0xeb,
    0xc0, 0x7, 0xfd, 0x90, 0x3, 0xf8, 0x10, 0x8,
    0x50, 0x70, 0x8, 0x3, 0xf4, 0x8, 0x7, 0xf8,
    0x14, 0x7, 0xfc, 0x18, 0x7, 0xfc, 0x18, 0x3,
    0xfd, 0x1c, 0x3, 0xfd, 0xe, 0x1, 0xbd, 0x1,
    0x80, 0x2e, 0x0, 0x7a, 0xa9, 0x0, 0xf7, 0xc0,
    0x0, 0x1, 0x0,

    /* U+1F428 "🐨" */
    0x0, 0x0, 0x0, 0x0, 0x0, 0x1, 0x7d, 0x55,
    0x7e, 0x50, 0xf, 0xff, 0x41, 0xff, 0xf8, 0x2f,
    0x68, 0x0, 0xd, 0xbc, 0x7c, 0x20, 0x0, 0x2,
    0x2e, 0x3c, 0x80, 0x0, 0x1, 0x5d, 0x3d, 0x40,
    0x0, 0x0, 0xae, 0x3f, 0x4, 0x4, 0x10, 0xfd,
    0xf, 0xf, 0x3d, 0x74, 0x78, 0xf, 0x9, 0x7f,
    0x30, 0x34, 0x2, 0x0, 0xbf, 0x0, 0x10, 0x2,
    0x0, 0x7e, 0x0, 0x50, 0x2, 0x0, 0x18, 0x0,
    0x80, 0x0, 0x80, 0x29, 0x1, 0x40, 0x0, 0x20,
    0x0, 0x6, 0x0, 0x0, 0x6, 0xaa, 0xa0, 0x0,
    0x0, 0x0, 0x0, 0x0, 0x0,

    /* U+1F429 "🐩" */
    0x0, 0x19, 0x0, 0x0, 0x0, 0x81, 0x80, 0x28,
    0x0, 0x80, 0x80, 0x82, 0x3a, 0xfb, 0x0, 0x82,
    0x30, 0x56, 0xa, 0xb8, 0x28, 0x11, 0xa0, 0xc0,
    0x26, 0x86, 0x40, 0x50, 0x1, 0xad, 0x40, 0x50,
    0x2, 0x0, 0x0, 0x50, 0x2, 0x0, 0x0, 0x80,
    0x2, 0x0, 0xb, 0xe0, 0x2, 0x4, 0x16, 0xe4,
    0x0, 0xbb, 0xe1, 0x54, 0x0, 0x7f, 0xa0, 0xa0,
    0x0, 0x8d, 0x20, 0x0, 0x0, 0x7b, 0x90, 0x0,
    0x0, 0x21, 0x40, 0x0,

    /* U+1F42A "🐪" */
    0x0, 0x4, 0x0, 0x0, 0x0, 0x2, 0x59, 0xf,
    0x80, 0x1, 0xa0, 0x8, 0xff, 0x40, 0x18, 0x8,
    0x82, 0xa6, 0x0, 0x80, 0x2, 0x20, 0x8, 0x0,
    0xa8, 0x14, 0xc0, 0x14, 0x0, 0x8, 0x48, 0x0,
    0x14, 0x0, 0x20, 0xa0, 0x0, 0x10, 0x0, 0x80,
    0x0, 0x0, 0x10, 0x2, 0x0, 0x0, 0x0, 0x80,
    0x6, 0x0, 0x0, 0x22, 0x0, 0x7, 0xe8, 0x18,
    0x68, 0x0, 0x3, 0xa6, 0xe8, 0xa0, 0x0, 0xe,
    0x86, 0xa2, 0x0, 0x0, 0x36, 0x5d, 0x94, 0x0,
    0x2, 0xc6, 0x29, 0x80, 0x0, 0x0, 0x24, 0x4,
    0x0,

    /* U+1F42B "🐫" */
    0x1, 0x94, 0x0, 0x0, 0x0, 0xbf, 0xe4, 0xf7,
    0x40, 0x1b, 0xd0, 0xbf, 0xfc, 0x6, 0x2, 0x27,
    0xff, 0xe0, 0x80, 0x2, 0x29, 0xd6, 0x2, 0xb0,
    0x51, 0x4, 0x20, 0x3, 0xc4, 0x80, 0x1, 0x40,
    0x7c, 0x28, 0x0, 0x8, 0xb, 0xc0, 0x0, 0x0,
    0x40, 0x7c, 0x0, 0x0, 0x5, 0x3, 0xf0, 0x0,
    0x2, 0x10, 0x1f, 0xfe, 0x6, 0x26, 0x0, 0x6f,
    0xe6, 0xe9, 0x60, 0x0, 0x3a, 0x1a, 0x94, 0x0,
    0x3, 0x65, 0xda, 0x0, 0x0, 0xb1, 0x8a, 0x60,
    0x0, 0x0, 0x24, 0x4, 0x0,

    /* U+1F42C "🐬" */
    0x0, 0x5, 0x0, 0x0, 0x0, 0x65, 0x5a, 0x40,
    0x0, 0x90, 0x0, 0x1a, 0x90, 0x80, 0x1, 0xa8,
    0x8, 0x20, 0xc1, 0x1, 0x49, 0x8, 0x0, 0x6,
    0x42, 0x2, 0x4, 0x1, 0x0, 0x80, 0x98, 0x7e,
    0x0, 0x20, 0xa5, 0x8b, 0xa0, 0x8, 0xa, 0x0,
    0x62, 0x2, 0x0, 0x0, 0xa0, 0x82, 0x0, 0x0,
    0x22, 0x91, 0x40, 0x0, 0x8, 0x1, 0x80, 0x0,
    0x0, 0x46, 0x40, 0x0, 0x0, 0x42, 0x0, 0x0,
    0x0, 0x22, 0x0, 0x0, 0x0, 0x6, 0x0, 0x0,
    0x0,

    /* U+1F42D "🐭" */
    0xa, 0xa0, 0x0, 0xaa, 0x2, 0x0, 0x80, 0x20,
    0x8, 0x42, 0xd2, 0x4, 0x2d, 0x28, 0x3e, 0x2a,
    0xc3, 0xe2, 0x83, 0xd0, 0x0, 0x3d, 0x22, 0x0,
    0x0, 0x0, 0x5, 0x19, 0x0, 0x0, 0x6, 0x80,
    0x20, 0x0, 0x0, 0x50, 0x1, 0x8, 0x2, 0x42,
    0x0, 0xf4, 0xc6, 0x24, 0xb4, 0xb, 0x0, 0x60,
    0xb, 0x40, 0x34, 0x1e, 0x80, 0x90, 0xb, 0x80,
    0x90, 0xe, 0x0, 0x6, 0x5, 0x6, 0x0, 0x0,
    0xa, 0xaa, 0x40, 0x0, 0x0, 0x0, 0x0, 0x0,

    /* U+1F42E "🐮" */
    0x0, 0x0, 0x0, 0x0, 0x0, 0x0, 0xd0, 0x38,
    0x0, 0x2a, 0x9f, 0xaf, 0x9a, 0x95, 0x53, 0xf0,
    0xd, 0x62, 0x27, 0x7f, 0xc0, 0xe, 0x51, 0x9b,
    0xfd, 0x0, 0x58, 0x1, 0xfa, 0xd2, 0x9, 0x0,
    0xf, 0x5c, 0x70, 0x80, 0x1, 0xff, 0x40, 0x8,
    0x0, 0x1f, 0xaa, 0xa6, 0xc0, 0x2, 0x0, 0x0,
    0x8, 0x0, 0x20, 0xd0, 0x30, 0x50, 0x2, 0x7,
    0x9, 0x5, 0x0, 0x20, 0x0, 0x0, 0x80, 0x0,
    0x90, 0x0, 0x24, 0x0, 0x1, 0xaa, 0xa8, 0x0,
    0x0, 0x0, 0x0, 0x0, 0x0,

    /* U+1F42F "🐯" */
    0x0, 0x0, 0x0, 0x0, 0x6, 0x6a, 0xfa, 0xaa,
    0x2, 0x60, 0xeb, 0x4a, 0x11, 0x74, 0x1b, 0x40,
    0xc8, 0x10, 0x0, 0x10, 0x12, 0xc, 0xa8, 0x1,
    0xc6, 0x3, 0x0, 0x0, 0x0, 0xd2, 0x90, 0x65,
    0xa0, 0x38, 0x8c, 0x6b, 0xfa, 0x26, 0x25, 0x60,
    0x20, 0x25, 0x48, 0xc4, 0xc, 0x9, 0x92, 0x2,
    0xaf, 0xec, 0x48, 0x20, 0x23, 0xd9, 0x5, 0x2,
    0x81, 0xf8, 0x19, 0x0, 0x9, 0x0, 0x24, 0x0,
    0x0, 0x6a, 0x90, 0x0, 0x0, 0x0, 0x0, 0x0,
    0x0,

    /* U+1F430 "🐰" */
    0x1, 0x80, 0x24, 0x0, 0x22, 0x8, 0x60, 0x8,
    0x90, 0xa6, 0x0, 0x8d, 0x4a, 0x60, 0x8, 0xd4,
    0x76, 0x0, 0x4d, 0x97, 0x20, 0x2, 0x9a, 0x75,
    0x0, 0x20, 0x60, 0x80, 0x2, 0x0, 0x8, 0x0,
    0x21, 0x4, 0x80, 0x5, 0x20, 0x52, 0x0, 0x80,
    0x50, 0x14, 0x1c, 0x6, 0x2, 0xc2, 0xd2, 0x9c,
    0x2c, 0xc, 0x9, 0x43, 0x40, 0x24, 0x1, 0x90,
    0x0, 0x6a, 0x90, 0x0,

    /* U+1F431 "🐱" */
    0xa, 0x40, 0x0, 0x1a, 0x1, 0x9, 0x0, 0x9,
    0x20, 0x23, 0x6b, 0xfa, 0x29, 0x2, 0x3c, 0x7a,
    0xc3, 0x90, 0x12, 0x3, 0x68, 0x19, 0x1, 0x40,
    0x0, 0x0, 0x20, 0x8, 0x0, 0x0, 0x2, 0x0,
    0x43, 0x0, 0x1c, 0x20, 0x64, 0xb4, 0x2, 0xc3,
    0x52, 0xc1, 0xa, 0x4, 0x74, 0x6c, 0x0, 0xe0,
    0x7, 0x90, 0xe0, 0x6a, 0x80, 0xe0, 0x26, 0x0,
    0x0, 0x9, 0x80, 0x9, 0x0, 0x6, 0x0, 0x0,
    0x1a, 0xaa, 0x0, 0x0, 0x0, 0x0, 0x0, 0x0,

    /* U+1F432 "🐲" */
    0x0, 0x0, 0x0, 0x0, 0x0, 0x0, 0x2a, 0x0,
    0x0, 0x0, 0x2, 0x92, 0x2, 0x64, 0x0, 0x8,
    0x14, 0x2, 0x70, 0x0, 0x8, 0x2, 0xbf, 0xeb,
    0xd0, 0xa, 0x18, 0x6f, 0xff, 0x94, 0x8, 0xa1,
    0x47, 0xff, 0xf4, 0x15, 0x2, 0x87, 0x51, 0xe9,
    0xa, 0xa8, 0x3, 0x4b, 0xe4, 0x2, 0xa9, 0x0,
    0x80, 0xbc, 0x2f, 0x9c, 0x2, 0xff, 0xf4, 0x3e,
    0x90, 0xb, 0xf9, 0xbc, 0x5, 0x5, 0x6f, 0xe0,
    0x0, 0x2, 0xff, 0xff, 0xf8, 0x0, 0x0, 0xbf,
    0xfe, 0xf4, 0x0, 0x0, 0x2e, 0xbd, 0x18, 0x0,
    0x0, 0x0, 0x0, 0x0, 0x0,

    /* U+1F433 "🐳" */
    0x0, 0x10, 0x0, 0x0, 0x0, 0x0, 0x3, 0xec,
    0x0, 0x28, 0x0, 0x1, 0xf4, 0x0, 0xd4, 0x0,
    0x0, 0xa0, 0x3a, 0x48, 0x0, 0x0, 0x10, 0x50,
    0x4, 0x0, 0x0, 0x59, 0x6, 0x54, 0x19, 0x69,
    0x51, 0x90, 0x88, 0x39, 0x0, 0x0, 0x1a, 0x88,
    0x21, 0x90, 0x20, 0x0, 0x8, 0x30, 0xa, 0x40,
    0x0, 0x8, 0x1e, 0x90, 0x0, 0x0, 0x8, 0x6,
    0x16, 0xa8, 0x2a, 0xb4, 0x0, 0x92, 0x11, 0x30,
    0x90, 0x0, 0x1b, 0xe6, 0x1e, 0x0, 0x0, 0x1,
    0xff, 0x48, 0x0, 0x0, 0x0, 0xf0, 0x98, 0x0,
    0x0, 0x0, 0x60, 0x14, 0x0,

    /* U+1F434 "🐴" */
    0x0, 0x0, 0x80, 0x0, 0x0, 0x1, 0x50, 0x0,
    0x0, 0x7, 0x20, 0x0, 0x0, 0x6f, 0x3e, 0x40,
    0x0, 0xff, 0xf, 0xe0, 0x0, 0x74, 0x3, 0xd0,
    0x1, 0x40, 0x1, 0xd0, 0x6, 0x6, 0x0, 0xf8,
    0x18, 0x0, 0x0, 0x7c, 0x51, 0x0, 0x20, 0x3c,
    0x80, 0x1, 0x90, 0x38, 0x51, 0xeb, 0x0, 0x1e,
    0x19, 0x2, 0x0, 0xe, 0x0, 0x2, 0x0, 0xc,
    0x0, 0x1, 0x0, 0xc, 0x0, 0x5, 0x0, 0xc,
    0x0, 0x1, 0xaa, 0x90,

    /* U+1F435 "🐵" */
    0x0, 0x6, 0xaa, 0x0, 0x0, 0x0, 0x80, 0x2,
    0x40, 0x0, 0x8, 0x0, 0x1, 0x40, 0x0, 0x86,
    0x40, 0xa2, 0x0, 0x5, 0x80, 0xa4, 0x22, 0x0,
    0x32, 0x0, 0x0, 0x59, 0x6, 0x48, 0xe0, 0x71,
    0x6, 0x26, 0x13, 0x81, 0xc8, 0x24, 0x94, 0x80,
    0x60, 0x20, 0x92, 0x52, 0x5, 0x50, 0x51, 0x81,
    0x88, 0xff, 0xf0, 0x58, 0x1, 0x20, 0xbe, 0x48,
    0x80, 0x2, 0x19, 0x1, 0x88, 0x0, 0x2, 0x41,
    0x50, 0x90, 0x0, 0x1, 0xaa, 0xa4, 0x0, 0x0,

    /* U+1F436 "🐶" */
    0x2, 0xa6, 0xaa, 0x9a, 0x90, 0x1f, 0xfc, 0x0,
    0x1f, 0xf8, 0x3f, 0xf0, 0x0, 0xf, 0xfc, 0x3f,
    0xf0, 0x0, 0xb, 0xfd, 0x3f, 0xe0, 0x0, 0x17,
    0xfc, 0x3f, 0xd0, 0x1, 0xff, 0xfc, 0x3f, 0xc0,
    0x3, 0x9f, 0xfc, 0x2f, 0x8f, 0x2, 0xbb, 0xfc,
    0xf, 0xb, 0x2, 0xba, 0xf4, 0x2, 0x0, 0x29,
    0xa8, 0x80, 0x1, 0x40, 0x1c, 0x1, 0x40, 0x0,
    0x80, 0xbe, 0x42, 0x0, 0x0, 0x20, 0x3c, 0x5,
    0x0, 0x0, 0x18, 0x18, 0x24, 0x0, 0x0, 0x2,
    0xaa, 0x80, 0x0, 0x0, 0x0, 0x0, 0x0, 0x0,

    /* U+1F437 "🐷" */
    0x0, 0x0, 0x0, 0x0, 0x0, 0xa9, 0x6a, 0x96,
    0xa0, 0x20, 0x10, 0x0, 0x40, 0x89, 0x8, 0x0,
    0x1, 0x3, 0x79, 0xc0, 0x0, 0x2a, 0xf3, 0xf0,
    0x0, 0x0, 0xfc, 0x2d, 0x0, 0x0, 0x3, 0xc2,
    0x0, 0x0, 0x0, 0x8, 0x20, 0xb0, 0x50, 0xe0,
    0x11, 0x6, 0x7f, 0xd9, 0x1, 0x10, 0xf, 0x77,
    0x0, 0x22, 0x0, 0xbb, 0xa0, 0x5, 0x20, 0x15,
    0xa9, 0x80, 0x80, 0x80, 0x6a, 0xa0, 0x24, 0x2,
    0x40, 0x0, 0x19, 0x0, 0x2, 0xaa, 0xa9, 0x0,
    0x0, 0x0, 0x0, 0x0, 0x0,

    /* U+1F438 "🐸" */
    0x6, 0xa4, 0x0, 0xa9, 0x0, 0x80, 0x50, 0x60,
    0x14, 0x20, 0x51, 0x54, 0x20, 0x82, 0xf, 0x0,
    0xb, 0x48, 0x20, 0xe0, 0x0, 0x70, 0x82, 0x0,
    0x0, 0x0, 0x4, 0x40, 0x6, 0x2, 0x0, 0x28,
    0x14, 0x0, 0x0, 0x42, 0x83, 0xea, 0xaa, 0xbd,
    0x28, 0x28, 0x0, 0x1, 0xc2, 0x50, 0x64, 0x1,
    0xa0, 0x22, 0x0, 0x1a, 0x50, 0x8, 0x8, 0x0,
    0x0, 0x2, 0x0, 0x28, 0x0, 0x1, 0x80, 0x0,
    0x1a, 0xaa, 0x80, 0x0, 0x0, 0x0, 0x0, 0x0,

    /* U+1F439 "🐹" */
    0x0, 0x0, 0x0, 0x0, 0x0, 0xa6, 0x0, 0xa,
    0x60, 0x14, 0x49, 0xa6, 0x4, 0x82, 0x3d, 0xd0,
    0x73, 0xc8, 0x22, 0xf0, 0x0, 0xbc, 0x80, 0x8c,
    0xa, 0x42, 0x54, 0x3, 0x2, 0x8, 0xe, 0x0,
    0x50, 0x20, 0x80, 0x20, 0x8, 0x1a, 0x9, 0x82,
    0x0, 0x80, 0x60, 0x84, 0x4, 0x14, 0x9, 0x2,
    0x0, 0x81, 0x42, 0xf, 0x8, 0x8, 0xe, 0x20,
    0xb0, 0x26, 0x82, 0xc1, 0x29, 0xc2, 0x3c, 0x7,
    0x20, 0x48, 0x5f, 0x0, 0x46, 0xef, 0xae, 0x0,
    0x0, 0x0, 0x0, 0x0, 0x0,

    /* U+1F43A "🐺" */
    0x0, 0x0, 0x0, 0x0, 0x2a, 0x80, 0x1, 0xa8,
    0x21, 0x2a, 0xa9, 0x54, 0x23, 0xc0, 0x2, 0xe4,
    0x23, 0x40, 0x0, 0xc8, 0x8, 0x0, 0x0, 0x14,
    0x8, 0x0, 0x0, 0x20, 0x8, 0x30, 0xd, 0x14,
    0x20, 0x20, 0x8, 0x8, 0x80, 0x0, 0x0, 0x2,
    0xa0, 0xa4, 0xa, 0x46, 0x75, 0x45, 0x20, 0x8e,
    0x1a, 0x83, 0xd1, 0xa8, 0x0, 0x51, 0xc2, 0x0,
    0x0, 0x26, 0x68, 0x0, 0x0, 0xa, 0xa0, 0x0,
    0x0, 0x0, 0x0, 0x0,

    /* U+1F43B "🐻" */
    0x0, 0x0, 0x0, 0x0, 0x0, 0xbe, 0x6f, 0x97,
    0xf0, 0x18, 0x7f, 0xff, 0xd1, 0x82, 0x5f, 0xff,
    0xff, 0x8c, 0x1f, 0xff, 0xff, 0xff, 0x80, 0xff,
    0xff, 0xff, 0xf0, 0x1f, 0xff, 0xff, 0xff, 0x82,
    0xfc, 0xbf, 0xe3, 0xfc, 0x3f, 0xda, 0x7, 0x7f,
    0xc3, 0xff, 0x8b, 0x1f, 0xfc, 0x3f, 0xf0, 0xf4,
    0xff, 0xc3, 0xff, 0x0, 0xb, 0xfc, 0x1f, 0xf1,
    0xa8, 0xff, 0x80, 0xff, 0x80, 0x2f, 0xf0, 0x3,
    0xff, 0xff, 0xfc, 0x0, 0x6, 0xff, 0xf9, 0x0,
    0x0, 0x0, 0x0, 0x0, 0x0,

    /* U+1F43C "🐼" */
    0x0, 0x0, 0x0, 0x0, 0x0, 0xfd, 0xaa, 0xa7,
    0xf0, 0x2f, 0xf0, 0x0, 0xbf, 0xc3, 0xf8, 0x0,
    0x1, 0xfc, 0x2d, 0x0, 0x0, 0x3, 0xc1, 0x80,
    0x0, 0x0, 0x18, 0x20, 0x3f, 0xb, 0xc0, 0x85,
    0x9, 0xb0, 0xe6, 0x1, 0x82, 0xb6, 0x5, 0xdc,
    0x28, 0x3d, 0x80, 0x27, 0xd2, 0x83, 0xf4, 0xa0,
    0xfd, 0x28, 0x1a, 0x1f, 0x86, 0x82, 0x20, 0x0,
    0xb0, 0x0, 0x51, 0x80, 0x25, 0x80, 0x18, 0x6,
    0x40, 0x0, 0x19, 0x0, 0x6, 0xaa, 0xa9, 0x0,
    0x0, 0x0, 0x0, 0x0, 0x0,

    /* U+1F43D "🐽" */
    0x0, 0x1, 0xa8, 0x0, 0x0, 0x0, 0x24, 0x9,
    0x0, 0x0, 0x9, 0x0, 0x6, 0x0, 0x1, 0x80,
    0x0, 0x2, 0x40, 0x18, 0x0, 0x0, 0x1, 0x40,
    0x80, 0x0, 0x0, 0x2, 0x8, 0xb, 0xc0, 0x2f,
    0x2, 0x20, 0x3f, 0x80, 0xfe, 0x8, 0x80, 0xfe,
    0x3, 0xf8, 0x22, 0x3, 0xf4, 0xf, 0xd0, 0x88,
    0x6, 0x40, 0x19, 0x2, 0x20, 0x0, 0x0, 0x0,
    0x8, 0x20, 0x0, 0x0, 0x0, 0x80, 0x60, 0x0,
    0x0, 0x5, 0x0, 0x2a, 0xa9, 0xaa, 0x90, 0x0,
    0x0, 0x0, 0x0, 0x0,

    /* U+1F43E "🐾" */
    0x0, 0x0, 0x0, 0x0, 0x0, 0xdf, 0x10, 0x0,
    0x0, 0x36, 0xac, 0x0, 0x0, 0xd4, 0x2, 0x0,
    0x0, 0x38, 0xbd, 0x0, 0x0, 0x0, 0xbf, 0xc0,
    0x0, 0x0, 0x2e, 0x90, 0x0, 0x0, 0x0, 0x0,
    0x1, 0x0, 0x0, 0x0, 0x4, 0xe7, 0x0, 0x0,
    0xb, 0x76, 0xc0, 0x0, 0x5, 0xd0, 0x0, 0x0,
    0x3, 0x82, 0x90, 0x0, 0x0, 0xa3, 0xfd, 0x0,
    0x0, 0x0, 0xfe, 0x0, 0x0, 0x0, 0x10, 0x0,

    /* U+1F43F "🐿" */
    0x0, 0x0, 0x0, 0x0, 0x0, 0xb, 0x68, 0x0,
    0x0, 0x0, 0xbe, 0x50, 0x0, 0x0, 0xb, 0xf6,
    0x80, 0x0, 0xa8, 0x3d, 0x2, 0x0, 0x8, 0x9,
    0xd4, 0x6, 0x40, 0x80, 0x9b, 0x24, 0x1, 0xa2,
    0x4, 0x3c, 0x0, 0x0, 0x68, 0x20, 0xb0, 0x40,
    0x4, 0x94, 0x50, 0x6b, 0x0, 0x10, 0xa0, 0x82,
    0xad, 0x14, 0x12, 0x42, 0x1e, 0x41, 0xd0, 0x9,
    0x48, 0x9, 0xff, 0x40, 0x38, 0x20, 0x4, 0xff,
    0x0, 0x40, 0x80, 0x2f, 0x2c, 0x0, 0x18, 0x0,
    0xfc, 0x0, 0x99, 0x0, 0x0, 0x1a, 0xa8, 0x0,
    0x0,

    /* U+1F440 "👀" */
    0x1, 0x90, 0x0, 0x68, 0x0, 0x24, 0x24, 0x9,
    0x9, 0x2, 0x0, 0x20, 0x50, 0x8, 0x8, 0x0,
    0x22, 0x0, 0x8, 0x80, 0x0, 0xa0, 0x0, 0x22,
    0x18, 0x1, 0xc6, 0x0, 0x18, 0xe0, 0x3, 0x38,
    0x0, 0xa7, 0xe0, 0xd, 0xf8, 0x2, 0x8f, 0xc0,
    0x33, 0xf0, 0xa, 0x2d, 0x1, 0xcb, 0x40, 0x18,
    0x0, 0xa, 0x40, 0x2, 0x8, 0x0, 0x22, 0x0,
    0x8, 0x20, 0x2, 0x5, 0x0, 0x80, 0x24, 0x24,
    0x9, 0x9, 0x0, 0x1a, 0x0, 0x6, 0x80, 0x0,

    /* U+1F441 "👁" */
    0x0, 0x0, 0x0, 0x0, 0x0, 0x0, 0x2f, 0xf9,
    0x0, 0x0, 0xb, 0xff, 0xff, 0x40, 0x0, 0xfb,
    0x40, 0xbb, 0x40, 0xf, 0x20, 0x0, 0x67, 0x40,
    0xa2, 0x1, 0x40, 0x83, 0x3, 0x8, 0x2f, 0xc0,
    0x43, 0x20, 0x20, 0xff, 0x42, 0x5, 0x50, 0x83,
    0xfc, 0x4, 0x20, 0x82, 0x2, 0xd0, 0x81, 0x40,
    0x82, 0x0, 0x2, 0x8, 0x0, 0x82, 0x40, 0x61,
    0x80, 0x0, 0xa1, 0xa8, 0x64, 0x0, 0x0, 0x2a,
    0xa9, 0x0, 0x0,

    /* U+1F442 "👂" */
    0x0, 0x69, 0x0, 0xa, 0x1, 0x90, 0x24, 0xa9,
    0x24, 0x22, 0x1, 0x88, 0x48, 0x0, 0x45, 0x88,
    0x24, 0x22, 0x8, 0x8, 0x22, 0x2, 0x2, 0x21,
    0x0, 0x2, 0x54, 0x6, 0x8, 0x8, 0x2, 0x18,
    0x20, 0x5, 0x20, 0x20, 0x2, 0x80, 0x80, 0x0,
    0x2, 0x0, 0x10, 0x8, 0x0, 0x18, 0x20, 0x0,
    0x6, 0x80, 0x0,

    /* U+1F443 "👃" */
    0x0, 0x2a, 0x80, 0x0, 0x2, 0x8, 0x0, 0x0,
    0x10, 0x50, 0x0, 0x5, 0x1, 0x0, 0x0, 0x80,
    0x20, 0x0, 0x8, 0x2, 0x0, 0x0, 0x80, 0x20,
    0x0, 0x8, 0x2, 0x0, 0x0, 0x80, 0x10, 0x0,
    0x4, 0x1, 0x40, 0xa, 0x40, 0xa, 0x2, 0x0,
    0x0, 0x8, 0x80, 0x0, 0x0, 0x28, 0x0, 0x0,
    0x2, 0x6b, 0x80, 0x2f, 0x90, 0x6e, 0xb, 0xe0,
    0x0, 0x1a, 0x40, 0x0,

    /* U+1F444 "👄" */
    0x0, 0x0, 0x0, 0x0, 0x0, 0x2, 0xaa, 0xa8,
    0x0, 0x0, 0x80, 0x0, 0x24, 0x0, 0x20, 0x1a,
    0x40, 0x50, 0x8, 0x19, 0x6, 0x42, 0x2, 0xb,
    0x40, 0x1f, 0x8, 0x83, 0xff, 0xff, 0xfc, 0x28,
    0x2f, 0xff, 0xff, 0x82, 0x24, 0x1, 0x54, 0x0,
    0x80, 0x90, 0x2a, 0x80, 0x60, 0x1, 0x80, 0x0,
    0x24, 0x0, 0x1, 0xaa, 0xa8, 0x0, 0x0, 0x0,
    0x0, 0x0, 0x0,

    /* U+1F445 "👅" */
    0x50, 0x0, 0x0, 0x0, 0x53, 0xf9, 0x0, 0x5,
    0xbe, 0x2f, 0xff, 0xff, 0xff, 0xc0, 0xbf, 0xff,
    0xff, 0xf0, 0x2, 0x97, 0xfd, 0x5c, 0x0, 0x20,
    0xf, 0x40, 0x50, 0x8, 0x0, 0xb0, 0x2, 0x0,
    0x80, 0x6, 0x0, 0x20, 0x8, 0x0, 0x20, 0x1,
    0x0, 0x80, 0x1, 0x0, 0x10, 0x8, 0x0, 0x10,
    0x1, 0x0, 0x80, 0x0, 0x0, 0x20, 0x8, 0x0,
    0x0, 0x2, 0x0, 0x10, 0x0, 0x0, 0x20, 0x2,
    0x40, 0x0, 0x8, 0x0, 0xa, 0x40, 0xa, 0x0,
    0x0, 0x6, 0xa9, 0x0, 0x0,

    /* U+1F446 "👆" */
    0x0, 0x80, 0x0, 0x0, 0x88, 0x0, 0x0, 0x22,
    0x0, 0x0, 0x8, 0x80, 0x0, 0x2, 0x29, 0x0,
    0x0, 0x88, 0xea, 0x46, 0x22, 0x22, 0x22, 0x28,
    0x0, 0x1, 0x8a, 0x0, 0x0, 0x94, 0x80, 0x0,
    0x22, 0x0, 0x0, 0x8, 0x80, 0x0, 0x1, 0x8,
    0x0, 0x1, 0x41, 0x40, 0x0, 0x80, 0x20, 0x0,
    0x20, 0x2, 0x0, 0x20, 0x0, 0xaa, 0xa4, 0x0,

    /* U+1F447 "👇" */
    0xa, 0xaa, 0x40, 0x8, 0x0, 0x20, 0x2, 0x0,
    0x8, 0x1, 0x0, 0x0, 0x80, 0x80, 0x0, 0x8,
    0x20, 0x0, 0x2, 0x8, 0x0, 0x0, 0x22, 0x0,
    0x0, 0x88, 0x80, 0x0, 0x31, 0x60, 0x0, 0xa,
    0x28, 0x88, 0x82, 0x20, 0xa7, 0x20, 0x80, 0x0,
    0x2c, 0x20, 0x0, 0x2, 0x8, 0x0, 0x0, 0x82,
    0x0, 0x0, 0x20, 0x80, 0x0, 0x2, 0x80, 0x0,

    /* U+1F448 "👈" */
    0x0, 0x0, 0x28, 0x0, 0x0, 0x0, 0x0, 0x82,
    0x80, 0x0, 0x0, 0x0, 0x60, 0x18, 0x0, 0x0,
    0x0, 0xa, 0x1, 0x40, 0x1a, 0xaa, 0xaa, 0x0,
    0x60, 0x20, 0x0, 0x0, 0x0, 0x6, 0x2a, 0xaa,
    0x80, 0x0, 0x2, 0x0, 0x24, 0x0, 0x0, 0x2,
    0x0, 0x20, 0x0, 0x0, 0x2, 0x0, 0xe, 0x80,
    0x0, 0x2, 0x0, 0x8, 0x0, 0x0, 0x2, 0x0,
    0x6, 0x80, 0x0, 0x2, 0x0, 0x2, 0x0, 0x0,
    0x9, 0x0, 0x2, 0x0, 0x0, 0xa0, 0x0, 0x0,
    0x6a, 0xa9, 0x0,

    /* U+1F449 "👉" */
    0x0, 0x0, 0xa, 0x0, 0x0, 0x0, 0x1, 0x90,
    0x80, 0x0, 0x0, 0x19, 0x2, 0x40, 0x0, 0x0,
    0x90, 0x28, 0x0, 0x0, 0x2, 0x0, 0x6a, 0xaa,
    0xa9, 0x34, 0x0, 0x0, 0x0, 0x2, 0x20, 0x0,
    0x0, 0xaa, 0xa9, 0x20, 0x0, 0x0, 0x8, 0x0,
    0x20, 0x0, 0x0, 0x8, 0x0, 0x20, 0x0, 0x0,
    0xb8, 0x0, 0x20, 0x0, 0x0, 0x8, 0x0, 0x20,
    0x0, 0x0, 0xa0, 0x0, 0x24, 0x0, 0x0, 0x20,
    0x0, 0x6, 0x40, 0x0, 0x60, 0x0, 0x0, 0x1a,
    0xaa, 0x40, 0x0,

    /* U+1F44A "👊" */
    0x0, 0x0, 0x28, 0x0, 0x0, 0x1, 0xa8, 0x2a,
    0x80, 0x2, 0x90, 0x0, 0x2, 0x0, 0x80, 0x0,
    0x0, 0x14, 0x14, 0x0, 0x0, 0x0, 0x82, 0x4,
    0x10, 0x20, 0x8, 0x20, 0x82, 0x1, 0x40, 0x42,
    0x8, 0x20, 0x4, 0x2, 0x20, 0x82, 0x0, 0x80,
    0x62, 0x8, 0x20, 0x8, 0xa, 0x1a, 0xc3, 0x0,
    0xc0, 0xa0, 0x6, 0xa8, 0xd, 0x26, 0x0, 0x0,
    0xea, 0x14, 0x20, 0x0, 0x8, 0x5, 0x8, 0x0,
    0x0, 0x2a, 0x56, 0x0,

    /* U+1F44B "👋" */
    0x0, 0x0, 0x14, 0x0, 0x0, 0x0, 0x5, 0x0,
    0x0, 0x49, 0x24, 0x0, 0x2, 0x71, 0x80, 0xa0,
    0x2, 0x18, 0x61, 0x60, 0x3, 0x86, 0x19, 0x20,
    0x4, 0x21, 0x87, 0x14, 0x2, 0x8, 0x52, 0x48,
    0xa, 0x82, 0x2, 0x8, 0x8, 0x20, 0x2, 0x1,
    0x2, 0x4, 0x2, 0x2, 0x14, 0x80, 0x2, 0x2,
    0x84, 0x20, 0x0, 0x2, 0x20, 0x8, 0x0, 0x2,
    0x0, 0x2, 0x0, 0x8, 0x0, 0x0, 0x90, 0x24,
    0x0, 0x0, 0xa, 0x40,

    /* U+1F44C "👌" */
    0x0, 0x90, 0x0, 0x2, 0x18, 0x0, 0x2, 0x82,
    0x0, 0x2, 0x60, 0x90, 0x2, 0x18, 0x20, 0x1,
    0x85, 0x8, 0x2, 0xeb, 0x48, 0x18, 0x0, 0x55,
    0x20, 0xa8, 0x22, 0x2a, 0x2, 0x6, 0x68, 0x2,
    0x2, 0x82, 0x2, 0x2, 0x41, 0xa8, 0x1, 0x20,
    0x0, 0x8, 0x14, 0x0, 0x8, 0x6, 0x0, 0x60,
    0x0, 0x69, 0x0,

    /* U+1F44D "👍" */
    0x0, 0x1, 0x80, 0x0, 0x0, 0x8, 0x80, 0x0,
    0x0, 0x22, 0x0, 0x0, 0x0, 0x88, 0x0, 0x0,
    0x5, 0x20, 0x0, 0x0, 0x90, 0x80, 0x0, 0x8,
    0x7, 0x95, 0x0, 0x80, 0x20, 0x8, 0xe9, 0x0,
    0xbf, 0xf2, 0x0, 0x2, 0xd0, 0x58, 0x0, 0x16,
    0x1, 0x60, 0x1, 0x4f, 0xfc, 0x80, 0x0, 0x20,
    0x12, 0x0, 0x0, 0xa0, 0x8a, 0xa0, 0x2, 0x9d,
    0x0, 0x28, 0x8, 0x20, 0x0, 0x6, 0xaa, 0x40,

    /* U+1F44E "👎" */
    0x0, 0x6, 0xa6, 0x0, 0x1, 0x80, 0xd6, 0xa,
    0xb4, 0x2, 0x5d, 0x20, 0x0, 0xf, 0x58, 0x80,
    0x0, 0x20, 0x12, 0x0, 0x14, 0xff, 0xc8, 0x0,
    0x26, 0x1, 0x60, 0x0, 0x2d, 0x5, 0xe9, 0x0,
    0xbf, 0xf0, 0x8, 0x2, 0x0, 0x80, 0x8, 0x7,
    0x96, 0x0, 0x9, 0x8, 0x50, 0x0, 0x5, 0x20,
    0x0, 0x0, 0x8, 0x80, 0x0, 0x0, 0x22, 0x0,
    0x0, 0x0, 0x88, 0x0, 0x0, 0x1, 0x80, 0x0,

    /* U+1F44F "👏" */
    0x0, 0x0, 0x4, 0x10, 0x0, 0x0, 0x8, 0x50,
    0x0, 0xb9, 0x90, 0x0, 0x1b, 0x67, 0x29, 0x18,
    0x23, 0x4b, 0x26, 0x0, 0x2c, 0x52, 0xe2, 0x26,
    0x16, 0x14, 0xe5, 0x85, 0x20, 0x85, 0x24, 0xc8,
    0x7c, 0x20, 0x0, 0xc8, 0x82, 0x0, 0x0, 0x58,
    0x20, 0x40, 0x0, 0x28, 0x8, 0x0, 0x0, 0x28,
    0x2, 0x0, 0x0, 0x28, 0x0, 0x80, 0x0, 0x94,
    0x0, 0x20, 0x1, 0xa0, 0x0, 0x9, 0xb, 0x80,
    0x0, 0x1, 0xf8, 0x0,

    /* U+1F450 "👐" */
    0x0, 0x0, 0x0, 0x0, 0x0, 0xa, 0xe0, 0x0,
    0xb, 0xa0, 0x1d, 0xc4, 0x0, 0x23, 0x74, 0x22,
    0x58, 0xb9, 0x25, 0x88, 0x3d, 0x61, 0xb2, 0x49,
    0x7c, 0x18, 0x96, 0xb2, 0x96, 0x24, 0x22, 0xa6,
    0x30, 0x9a, 0x88, 0x16, 0x44, 0x30, 0x11, 0x94,
    0x8, 0x4, 0x30, 0x10, 0x20, 0x5, 0x0, 0x34,
    0x0, 0x50, 0x2, 0x0, 0x89, 0x0, 0x80, 0x0,
    0xaa, 0x1, 0xaa, 0x0, 0x0, 0x0, 0x0, 0x0,
    0x0,

    /* U+1F451 "👑" */
    0x0, 0x20, 0x0, 0x50, 0x0, 0x43, 0xe0, 0x7,
    0xc1, 0x44, 0x47, 0x45, 0xf, 0x11, 0x51, 0xd,
    0x41, 0x34, 0x81, 0x78, 0x38, 0x45, 0xd1, 0xe0,
    0xa2, 0xf7, 0xdf, 0xca, 0x2, 0x7f, 0xfc, 0xff,
    0xe8, 0x4, 0xff, 0xc3, 0xff, 0x20, 0x24, 0xfd,
    0x3, 0xf4, 0xc0, 0xf0, 0x0, 0x40, 0x7, 0x2,
    0xc6, 0xf, 0x46, 0x2c, 0x2, 0x8, 0x3d, 0x14,
    0x80, 0x9, 0x0, 0x10, 0x7, 0x0, 0x1a, 0xaa,
    0xaa, 0x98, 0x0, 0x10, 0x0, 0x0, 0x20, 0x0,
    0x94, 0x0, 0x6, 0x40, 0x0, 0x16, 0xa9, 0x40,
    0x0,

    /* U+1F452 "👒" */
    0x0, 0x0, 0x14, 0x0, 0x0, 0xa, 0xa6, 0x56,
    0x80, 0x0, 0x20, 0xc, 0x4, 0x20, 0x0, 0x20,
    0xd, 0x0, 0x54, 0x0, 0x20, 0xb, 0x0, 0xe,
    0x40, 0x20, 0x3, 0xda, 0xe, 0xc0, 0x14, 0x0,
    0xff, 0xee, 0xe0, 0x8, 0x0, 0x1b, 0xef, 0xe8,
    0x2, 0x0, 0x4b, 0xff, 0xc8, 0x0, 0x90, 0x47,
    0xfb, 0xe8, 0x0, 0x18, 0x0, 0x74, 0xfd, 0x0,
    0x2, 0x90, 0xb9, 0xfc, 0x0, 0x0, 0x6, 0xfc,
    0x4, 0x0, 0x0, 0x0, 0xa4, 0x0, 0x0, 0x0,
    0x0, 0x0, 0x0,

    /* U+1F453 "👓" */
    0x6a, 0xa9, 0x2, 0xaa, 0x93, 0x80, 0xa, 0x60,
    0x1, 0xda, 0x0, 0x9, 0x40, 0x3, 0x8, 0x0,
    0x12, 0x0, 0x14, 0x20, 0x1, 0x48, 0x0, 0x80,
    0x50, 0x8, 0x24, 0x2, 0x0, 0x6a, 0x80, 0x1a,
    0xa0, 0x0,

    /* U+1F454 "👔" */
    0x0, 0x1a, 0xa4, 0x0, 0x1, 0x80, 0x1, 0x80,
    0x2, 0xa, 0xa4, 0x50, 0x1c, 0x1f, 0xf8, 0x34,
    0x98, 0x7, 0xe0, 0x22, 0x82, 0x1, 0x80, 0x52,
    0x82, 0x3, 0xc0, 0x82, 0x80, 0x8f, 0xf0, 0x42,
    0x80, 0xab, 0xaa, 0x2, 0x80, 0x3, 0xd0, 0x2,
    0x80, 0xa, 0xb0, 0x2, 0x80, 0xb, 0xe0, 0x2,
    0x80, 0xe, 0xb4, 0x2, 0x80, 0xa, 0xe4, 0x2,
    0x80, 0xe, 0x74, 0x2, 0x80, 0xf, 0xe4, 0x2,
    0x6a, 0xaf, 0xfa, 0xa9,

    /* U+1F455 "👕" */
    0x0, 0x1, 0x40, 0x40, 0x0, 0x0, 0x2e, 0xff,
    0xb9, 0x0, 0x2, 0x82, 0x7e, 0x11, 0x80, 0xd,
    0x1, 0x81, 0x80, 0x30, 0x25, 0x0, 0x19, 0x0,
    0x28, 0x22, 0x0, 0x0, 0x0, 0x88, 0x8, 0xe0,
    0x0, 0x7, 0x14, 0x2, 0xa0, 0x0, 0x6, 0x90,
    0x0, 0x20, 0x0, 0x4, 0x0, 0x0, 0x20, 0x0,
    0x4, 0x0, 0x0, 0x20, 0x0, 0x4, 0x0, 0x0,
    0x20, 0x0, 0x4, 0x0, 0x0, 0x20, 0x0, 0x4,
    0x0, 0x0, 0x20, 0x0, 0x4, 0x0, 0x0, 0x20,
    0x0, 0x4, 0x0, 0x0, 0x24, 0x0, 0x18, 0x0,
    0x0, 0x1, 0xaa, 0x50, 0x0,

    /* U+1F456 "👖" */
    0x15, 0x55, 0x52, 0x55, 0x56, 0x3b, 0x5b, 0x61,
    0x80, 0x22, 0x70, 0x0, 0x75, 0x0, 0x2, 0x50,
    0xa0, 0x25, 0xa, 0x2, 0x50, 0xa0, 0x25, 0xa,
    0x2, 0x50, 0xa0, 0x25, 0xa, 0x2, 0x50, 0xa0,
    0x25, 0x9, 0x2, 0x3a, 0xae, 0xb1, 0x5, 0x2,
    0x2a, 0x4a, 0x90,

    /* U+1F457 "👗" */
    0x0, 0x50, 0x90, 0x0, 0x16, 0x16, 0x0, 0x1,
    0x62, 0x20, 0x0, 0x4, 0x92, 0x0, 0x0, 0x80,
    0x10, 0x0, 0xd, 0x8, 0x0, 0x0, 0xff, 0xd0,
    0x0, 0x14, 0x2, 0x0, 0x2, 0x0, 0x14, 0x0,
    0x51, 0x0, 0x80, 0x8, 0x10, 0x5, 0x0, 0x44,
    0x8, 0x20, 0x20, 0x80, 0x80, 0x82, 0x8, 0x8,
    0x2, 0x20, 0x80, 0x10, 0x80, 0x6c, 0x7, 0x90,
    0x0, 0x1a, 0x40, 0x0,

    /* U+1F458 "👘" */
    0x0, 0x1, 0x50, 0x0, 0x0, 0x7, 0xfb, 0x0,
    0x0, 0x69, 0xaa, 0xa9, 0x2, 0x90, 0x6e, 0xd0,
    0x68, 0x84, 0x65, 0x96, 0x22, 0x23, 0x5e, 0xaa,
    0x9d, 0x88, 0xb, 0x5d, 0x70, 0x22, 0x43, 0x40,
    0xc, 0x18, 0x90, 0xfa, 0xab, 0x46, 0x22, 0x64,
    0x0, 0x94, 0x88, 0x65, 0x8, 0x28, 0x22, 0x9,
    0x44, 0xa, 0x8, 0x6b, 0x50, 0x2, 0xe9, 0x0,
    0x14, 0x38, 0x80, 0x0, 0x5, 0x9, 0x20, 0x0,
    0x1, 0x80, 0x18, 0x0, 0x0, 0x1a, 0xa4, 0x0,
    0x0,

    /* U+1F459 "👙" */
    0x0, 0x2, 0x0, 0x0, 0x12, 0x40, 0x0, 0x26,
    0xfa, 0x0, 0xc, 0xb8, 0x20, 0x9, 0x64, 0xc,
    0x7, 0x20, 0xb, 0x2, 0x16, 0x8, 0xa1, 0x60,
    0xcc, 0x88, 0x64, 0x2c, 0x3, 0x0, 0x6b, 0xbe,
    0x80, 0x0, 0x0, 0x0, 0xaa, 0xbb, 0x98, 0x30,
    0x84, 0x2, 0xd, 0x0, 0x8b, 0x0, 0x72, 0x6,
    0x0, 0x6, 0x1d, 0x0, 0x0, 0x18, 0x0, 0x0,

    /* U+1F45A "👚" */
    0x0, 0x5, 0x6, 0x0, 0x0, 0x1, 0xcf, 0xf6,
    0x80, 0x0, 0x26, 0xa, 0x5, 0x80, 0x2, 0x8,
    0x18, 0x20, 0x80, 0x30, 0xa, 0xa, 0x0, 0xc1,
    0xa0, 0x0, 0x0, 0x6, 0x85, 0x3c, 0x0, 0x2,
    0xd2, 0x6, 0xa0, 0x0, 0xa, 0xa0, 0x0, 0x80,
    0x0, 0x20, 0x0, 0x2, 0x0, 0x0, 0x80, 0x0,
    0x8, 0x0, 0x2, 0x0, 0x0, 0x20, 0x0, 0x8,
    0x0, 0x0, 0x80, 0x0, 0x20, 0x0, 0x2, 0x0,
    0x0, 0x80, 0x0, 0x8, 0x0, 0x1, 0x40, 0x0,
    0x24, 0x0, 0x9, 0x0, 0x0, 0x1a, 0xaa, 0x40,
    0x0,

    /* U+1F45B "👛" */
    0x0, 0x2, 0x48, 0x0, 0x0, 0x0, 0x47, 0x20,
    0x0, 0x0, 0x6, 0xb6, 0x0, 0x0, 0x0, 0xc,
    0xc0, 0x0, 0x6, 0xaa, 0xee, 0xaa, 0x0, 0x80,
    0x0, 0x0, 0x8, 0x4, 0xaa, 0xfe, 0xa8, 0x80,
    0x54, 0x16, 0x80, 0x88, 0xa, 0x2, 0x22, 0x2,
    0x81, 0xc0, 0x42, 0x10, 0xc, 0x20, 0x0, 0x0,
    0x0, 0x52, 0x0, 0x0, 0x0, 0x2, 0x20, 0x0,
    0x0, 0x0, 0x22, 0x0, 0x0, 0x0, 0x2, 0x20,
    0x0, 0x0, 0x0, 0x50, 0x90, 0x0, 0x0, 0x18,
    0x1, 0xaa, 0xaa, 0xa9, 0x0,

    /* U+1F45C "👜" */
    0x0, 0x2, 0x80, 0x0, 0x0, 0x8, 0x20, 0x0,
    0x0, 0x10, 0x8, 0x0, 0x0, 0x20, 0x8, 0x0,
    0x6, 0xba, 0xae, 0x90, 0x14, 0x10, 0x5, 0x8,
    0x21, 0xfa, 0xaf, 0x48, 0x22, 0x90, 0x2, 0x15,
    0x15, 0xe1, 0x87, 0x21, 0x44, 0xd0, 0x7, 0x22,
    0x48, 0x40, 0x1, 0x22, 0x88, 0x0, 0x0, 0x22,
    0x82, 0x40, 0x0, 0x92, 0x80, 0xc0, 0x2, 0x2,
    0x80, 0xaa, 0xaa, 0x2, 0x90, 0x0, 0x0, 0x2,
    0x1a, 0xaa, 0xaa, 0xa4,

    /* U+1F45D "👝" */
    0x0, 0x0, 0x0, 0x0, 0x0, 0x0, 0x1, 0xaa,
    0xa8, 0x0, 0x0, 0x28, 0x16, 0x51, 0x80, 0x0,
    0x96, 0x50, 0x1a, 0x20, 0x1, 0x64, 0x0, 0x0,
    0x88, 0x2, 0x90, 0x0, 0x0, 0x29, 0x3, 0x40,
    0x0, 0x0, 0xe, 0x3, 0x0, 0x0, 0x0, 0x7,
    0xb, 0x0, 0x0, 0x0, 0x5, 0x2a, 0x40, 0x0,
    0x0, 0x8, 0x74, 0x80, 0x0, 0x0, 0x20, 0x20,
    0x2a, 0xaa, 0xaa, 0x90, 0x0, 0x0, 0x0, 0x0,
    0x0,

    /* U+1F45E "👞" */
    0x2d, 0xa, 0x0, 0x0, 0xbf, 0xfb, 0xc0, 0x0,
    0x86, 0x46, 0xf0, 0x0, 0x80, 0x1, 0xd9, 0x0,
    0xc0, 0x64, 0x80, 0xa4, 0x9b, 0x2, 0x0, 0x6,
    0x6b, 0xa0, 0x0, 0x2, 0x0, 0x9, 0x0, 0x6,
    0x0, 0x1, 0xaa, 0xa4,

    /* U+1F45F "👟" */
    0x0, 0x0, 0x0, 0x0, 0x9, 0x1a, 0x0, 0x0,
    0xb, 0xec, 0x34, 0x0, 0x2, 0x7c, 0x2f, 0xc0,
    0x0, 0x80, 0x3, 0xbc, 0x0, 0x21, 0x99, 0x2a,
    0xe0, 0x8, 0x0, 0x60, 0x66, 0x3, 0x40, 0x3,
    0xa0, 0x34, 0xbf, 0x80, 0x80, 0x1a, 0x6, 0xfe,
    0xa, 0xa4, 0x80, 0x1, 0xb8, 0x1, 0x80, 0x0,
    0x1, 0x69, 0x0,

    /* U+1F460 "👠" */
    0x2, 0x0, 0x0, 0x0, 0x9, 0xd0, 0x0, 0x0,
    0x20, 0xf4, 0x0, 0x0, 0x10, 0x7c, 0x0, 0x0,
    0x80, 0x3e, 0x0, 0x0, 0x80, 0x1f, 0x40, 0x0,
    0x50, 0xf, 0xc0, 0x0, 0x20, 0xf, 0xd0, 0x0,
    0x22, 0xb, 0xf0, 0x0, 0x22, 0x87, 0xf8, 0x0,
    0x12, 0x83, 0xfe, 0x0, 0x12, 0x50, 0xa5, 0x80,
    0x16, 0x20, 0x0, 0x60, 0x16, 0x20, 0x0, 0x8,
    0x9, 0x8, 0x0, 0x2, 0x0, 0x6, 0x40, 0x6,
    0x0, 0x0, 0x6a, 0xa4,

    /* U+1F461 "👡" */
    0x0, 0x0, 0x0, 0x0, 0x1a, 0xa8, 0x0, 0x0,
    0xc, 0x0, 0xa0, 0x0, 0x2, 0xa4, 0x2, 0xff,
    0x80, 0x82, 0xe0, 0x3f, 0xfc, 0xa, 0xd2, 0x1f,
    0xc6, 0x80, 0x0, 0x2b, 0xd0, 0x20, 0x0, 0x2,
    0xf8, 0x68, 0x0, 0x0, 0x5, 0x50, 0x0,

    /* U+1F462 "👢" */
    0x15, 0x40, 0x0, 0x3f, 0xfc, 0x0, 0x27, 0xfd,
    0x0, 0x27, 0x4, 0x0, 0x22, 0x8, 0x0, 0x22,
    0x8, 0x0, 0x22, 0x8, 0x0, 0x22, 0x8, 0x0,
    0x22, 0x8, 0x0, 0x12, 0x5, 0x0, 0x40, 0x2,
    0x0, 0x80, 0x0, 0x80, 0xd0, 0x0, 0x28, 0x99,
    0x0, 0x2, 0x6b, 0x80, 0x2, 0x4, 0x24, 0x5,
    0x0, 0x6, 0x90,

    /* U+1F463 "👣" */
    0x4, 0x55, 0x0, 0x0, 0x24, 0x8f, 0x0, 0x0,
    0x42, 0x88, 0x0, 0x0, 0xf, 0xf0, 0x0, 0x0,
    0x2f, 0xf4, 0x1, 0x0, 0x2f, 0xf4, 0xb7, 0x68,
    0x3f, 0xf0, 0x70, 0x4, 0x2f, 0xe0, 0xb, 0xf1,
    0x1f, 0xe0, 0xf, 0xf8, 0xf, 0xf0, 0x1f, 0xfc,
    0xb, 0xf0, 0xf, 0xfc, 0x3, 0xf4, 0xb, 0xfc,
    0x0, 0xa0, 0x7, 0xf8, 0x0, 0x0, 0xb, 0xf4,
    0x0, 0x0, 0xf, 0xf0, 0x0, 0x0, 0xf, 0xd0,
    0x0, 0x0, 0xb, 0x40,

    /* U+1F464 "👤" */
    0x0, 0x1a, 0x40, 0x0, 0x9, 0x6, 0x0, 0x2,
    0x0, 0x8, 0x0, 0x50, 0x0, 0x10, 0x8, 0x0,
    0x2, 0x0, 0x80, 0x0, 0x20, 0x8, 0x0, 0x2,
    0x0, 0x80, 0x0, 0x20, 0x8, 0x0, 0x2, 0x0,
    0x50, 0x0, 0x10, 0x2, 0x0, 0x8, 0x0, 0x8,
    0x2, 0x0, 0x1, 0xb0, 0xe4, 0x1, 0x90, 0x0,
    0x68, 0x50, 0x0, 0x0, 0x28, 0x0, 0x0, 0x2,
    0x6a, 0xaa, 0xaa, 0xa0,

    /* U+1F465 "👥" */
    0x0, 0x6a, 0x6, 0xe0, 0x0, 0x9, 0x2, 0xff,
    0xf4, 0x0, 0x80, 0x3, 0xff, 0xf0, 0x2, 0x0,
    0x3, 0xff, 0xd0, 0x4, 0x0, 0xf, 0xff, 0x80,
    0x50, 0x0, 0x3f, 0xff, 0x0, 0x40, 0x0, 0xff,
    0xfc, 0x2, 0x0, 0x3, 0xff, 0xe0, 0x8, 0x0,
    0x2f, 0xff, 0x40, 0x8, 0x0, 0xff, 0xf8, 0x0,
    0x18, 0x19, 0xff, 0xc0, 0x2, 0xa4, 0xaf, 0xff,
    0xd0, 0x60, 0x0, 0x7, 0xff, 0xf2, 0x0, 0x0,
    0x3, 0xff, 0xda, 0xaa, 0xaa, 0xaf, 0xff, 0x40,

    /* U+1F466 "👦" */
    0x0, 0x7d, 0x0, 0x0, 0x6c, 0x39, 0x0, 0x16,
    0x0, 0x94, 0x2, 0x20, 0x8, 0x80, 0x55, 0x0,
    0x84, 0x4, 0x96, 0x59, 0x10, 0xbe, 0xe9, 0xfa,
    0xe, 0x0, 0x0, 0xf4, 0x82, 0x42, 0x4f, 0xc4,
    0x0, 0x0, 0xfd, 0x40, 0x82, 0xf, 0xc4, 0x1,
    0x40, 0x80, 0x40, 0x0, 0x8, 0x5, 0x0, 0x0,
    0x10, 0x20, 0x0, 0x5, 0x1, 0x90, 0x2, 0x80,
    0x1, 0xaa, 0x40, 0x0,

    /* U+1F467 "👧" */
    0x0, 0x1, 0xa8, 0x0, 0x0, 0x2, 0xff, 0xfc,
    0x0, 0x0, 0xbf, 0xff, 0xf0, 0x0, 0x1f, 0xff,
    0xff, 0x80, 0x3, 0xff, 0xff, 0xfd, 0x0, 0x7f,
    0xff, 0xff, 0xd4, 0x12, 0xe9, 0x95, 0x7c, 0x42,
    0x2c, 0x0, 0x13, 0xc8, 0x23, 0xc6, 0x6, 0x1d,
    0x83, 0xf8, 0x0, 0x0, 0xfc, 0x3f, 0x82, 0x4,
    0xf, 0xd0, 0x8, 0x5, 0x0, 0x40, 0x0, 0x80,
    0x0, 0x8, 0x0, 0x8, 0x0, 0x0, 0x80, 0x0,
    0x80, 0x0, 0x8, 0x0, 0x2, 0x40, 0x6, 0x0,
    0x0, 0x6, 0xa9, 0x0, 0x0,

    /* U+1F468 "👨" */
    0x0, 0x69, 0x0, 0x7, 0xff, 0xd0, 0x1f, 0xff,
    0xf0, 0x3f, 0xff, 0xfc, 0x3f, 0xff, 0xfc, 0x7e,
    0xff, 0xbc, 0x70, 0x0, 0xd, 0x71, 0x0, 0x4c,
    0x32, 0x41, 0x8c, 0x20, 0x0, 0x8, 0x20, 0x41,
    0x8, 0x20, 0x14, 0x8, 0x20, 0x0, 0x8, 0x20,
    0x0, 0x5, 0x20, 0x0, 0x5, 0x9, 0x0, 0x18,
    0x1, 0xaa, 0x40,

    /* U+1F469 "👩" */
    0x0, 0x5, 0x0, 0x0, 0xf, 0xff, 0x40, 0x7,
    0xff, 0xfe, 0x0, 0xff, 0xff, 0xf8, 0x2f, 0xff,
    0xff, 0xc3, 0xff, 0xd1, 0xfd, 0x3e, 0x40, 0xb,
    0xe7, 0xc1, 0x1, 0x2e, 0x3c, 0x60, 0x62, 0xe3,
    0xc0, 0x0, 0x2d, 0x1d, 0x20, 0x43, 0xc0, 0xd0,
    0x50, 0x30, 0x8, 0x0, 0x2, 0x0, 0x80, 0x0,
    0x4, 0x8, 0x0, 0x1, 0x40, 0x24, 0x0, 0xa0,
    0x0, 0x6a, 0x90, 0x0,

    /* U+1F46A "👪" */
    0x0, 0x7, 0x80, 0xe0, 0x0, 0x0, 0xf, 0xc2,
    0xf0, 0x0, 0x0, 0xb, 0xc0, 0xe0, 0x0, 0x9,
    0xb, 0xc1, 0xf0, 0x24, 0x1f, 0x2f, 0xf3, 0xfc,
    0x7c, 0xf, 0x3b, 0xde, 0xf8, 0x38, 0x2f, 0xeb,
    0xce, 0xfb, 0xbd, 0x2f, 0xb, 0xc2, 0xf9, 0x3e,
    0x2f, 0x45, 0xc0, 0xa0, 0x3c, 0xe, 0x5, 0xc0,
    0xa0, 0x28, 0xa, 0x9, 0xc0, 0xa0, 0x28,

    /* U+1F46B "👫" */
    0x1, 0xa4, 0x0, 0x1a, 0x40, 0x8, 0x6, 0x0,
    0x80, 0x60, 0x20, 0x0, 0x82, 0x0, 0x8, 0x21,
    0x0, 0x81, 0x0, 0x48, 0x41, 0x8, 0x54, 0x50,
    0x41, 0x81, 0x0, 0x18, 0x0, 0x42, 0x80, 0x90,
    0x28, 0x1a, 0x2, 0x20, 0x0, 0x38, 0x0, 0x8,
    0x6, 0xaa, 0x22, 0xaa, 0x90, 0x0, 0x0, 0xca,
    0x0, 0x0, 0x0, 0x0, 0x2d, 0x0, 0x0,

    /* U+1F46C "👬" */
    0x1, 0xa4, 0x0, 0x1a, 0x40, 0x8, 0x6, 0x0,
    0x80, 0x60, 0x20, 0x0, 0x82, 0x0, 0x8, 0x21,
    0x0, 0x81, 0x0, 0x48, 0x41, 0x8, 0x54, 0x50,
    0x41, 0x81, 0x0, 0x18, 0x0, 0x42, 0x80, 0x90,
    0x28, 0x1a, 0x2, 0x20, 0x0, 0x38, 0x0, 0x8,
    0x6, 0xaa, 0x22, 0xaa, 0x90, 0x0, 0x0, 0xca,
    0x0, 0x0, 0x0, 0x0, 0x2d, 0x0, 0x0,

    /* U+1F46D "👭" */
    0x1, 0xa4, 0x0, 0x1a, 0x40, 0x8, 0x6, 0x0,
    0x80, 0x60, 0x20, 0x0, 0x82, 0x0, 0x8, 0x21,
    0x0, 0x81, 0x0, 0x48, 0x41, 0x8, 0x54, 0x50,
    0x41, 0x81, 0x0, 0x18, 0x0, 0x42, 0x80, 0x90,
    0x28, 0x1a, 0x2, 0x20, 0x0, 0x38, 0x0, 0x8,
    0x6, 0xaa, 0x22, 0xaa, 0x90, 0x0, 0x0, 0xca,
    0x0, 0x0, 0x0, 0x0, 0x2d, 0x0, 0x0,

    /* U+1F46E "👮" */
    0x1, 0x69, 0x0, 0x9, 0x0, 0xa0, 0x20, 0x0,
    0x8, 0x80, 0x55, 0x5, 0x86, 0xc3, 0x95, 0x7f,
    0xff, 0xfc, 0xba, 0xff, 0xfc, 0x6f, 0xbb, 0xec,
    0x52, 0x97, 0x48, 0x51, 0x1, 0x8, 0x50, 0x0,
    0x8, 0x50, 0xa9, 0x8, 0x50, 0x0, 0x8, 0x20,
    0x0, 0x1, 0x20, 0x0, 0x5, 0x19, 0x0, 0x28,
    0x1, 0xaa, 0x40,

    /* U+1F46F "👯" */
    0x2c, 0x0, 0x2c, 0x2b, 0x0, 0xec, 0x21, 0x81,
    0x8c, 0x14, 0xeb, 0x8, 0xc, 0x83, 0x30, 0xe,
    0xeb, 0xf4, 0x21, 0x82, 0x88, 0x20, 0x0, 0x4,
    0x20, 0x0, 0x5, 0x21, 0x81, 0x85, 0x20, 0x40,
    0x45, 0x20, 0x0, 0x5, 0x20, 0x69, 0x1, 0x20,
    0x0, 0x2, 0x20, 0x0, 0x2, 0x9, 0x0, 0x18,
    0x1, 0xaa, 0x40,

    /* U+1F470 "👰" */
    0x0, 0x1, 0x50, 0x0, 0x0, 0x6c, 0x39, 0x0,
    0x2, 0x44, 0x21, 0x80, 0x5, 0xf, 0xf4, 0x20,
    0x8, 0x2e, 0xfc, 0x20, 0x20, 0x32, 0xdd, 0x8,
    0x20, 0x11, 0x6, 0x8, 0x20, 0x50, 0x2, 0x5,
    0x50, 0x9c, 0x36, 0x1, 0x82, 0xc0, 0x2, 0xa2,
    0x5e, 0x4, 0x10, 0x36, 0x27, 0x2, 0x90, 0x38,
    0x22, 0x0, 0x0, 0x28, 0x7, 0x0, 0x0, 0x30,
    0x2, 0x0, 0x0, 0x20, 0x0, 0x90, 0x1, 0x80,
    0x0, 0x1a, 0xa4, 0x0,

    /* U+1F471 "👱" */
    0x0, 0x6, 0x90, 0x0, 0xaa, 0x1, 0x80, 0x18,
    0x0, 0x2, 0x42, 0x0, 0x4, 0x5, 0x20, 0xa,
    0x60, 0x28, 0x6, 0x0, 0xa2, 0x4a, 0x40, 0x1,
    0x28, 0x81, 0x1, 0x6, 0x88, 0x60, 0x60, 0x62,
    0x80, 0x0, 0x9, 0x2c, 0x14, 0x80, 0xc2, 0xc0,
    0x10, 0xc, 0x8, 0x0, 0x0, 0x80, 0x80, 0x0,
    0x8, 0x8, 0x0, 0x0, 0x80, 0x24, 0x0, 0x60,
    0x0, 0x2a, 0x90, 0x0,

    /* U+1F472 "👲" */
    0x0, 0xa9, 0x0, 0x6, 0xc3, 0x80, 0x15, 0x1,
    0x20, 0x12, 0x0, 0x48, 0x43, 0x55, 0x84, 0xaf,
    0xd7, 0xf9, 0xbf, 0xef, 0xfd, 0xf4, 0x0, 0x1c,
    0x52, 0x42, 0x48, 0x51, 0x1, 0x8, 0x50, 0x0,
    0x8, 0x50, 0xa9, 0x8, 0x10, 0x0, 0x8, 0x10,
    0x0, 0x1, 0x20, 0x0, 0x5, 0x19, 0x0, 0x28,
    0x1, 0xaa, 0x40,

    /* U+1F473 "👳" */
    0x0, 0x69, 0x40, 0x2, 0x9a, 0xb9, 0x2, 0x64,
    0x5, 0xb3, 0x81, 0xa4, 0x4, 0x8a, 0x0, 0x5a,
    0x78, 0x1a, 0xe0, 0x58, 0xa0, 0x6, 0x15, 0xc4,
    0x1, 0x2c, 0x12, 0x41, 0x83, 0x4, 0x0, 0x0,
    0x81, 0x8, 0x20, 0x20, 0x80, 0x50, 0x8, 0x20,
    0x0, 0x2, 0x8, 0x0, 0x0, 0x82, 0x0, 0x0,
    0x20, 0x24, 0x0, 0x64, 0x1, 0xaa, 0x50, 0x0,

    /* U+1F474 "👴" */
    0x0, 0x69, 0x0, 0x1, 0x90, 0x18, 0x2, 0x40,
    0x0, 0x80, 0x40, 0x3, 0x8, 0x80, 0x1a, 0x52,
    0x20, 0xa4, 0x8, 0x59, 0x80, 0x1, 0x56, 0x86,
    0x7, 0x18, 0xd0, 0x0, 0x3, 0x20, 0x40, 0x10,
    0x84, 0x6, 0x90, 0x21, 0x0, 0x0, 0x8, 0x40,
    0x0, 0x2, 0x14, 0x0, 0x0, 0x82, 0x0, 0x0,
    0x20, 0xa4, 0x0, 0x64, 0x1, 0xaa, 0x50, 0x0,

    /* U+1F475 "👵" */
    0x0, 0x6a, 0xa4, 0x0, 0x8, 0x0, 0x18, 0x0,
    0x50, 0x0, 0x14, 0x5, 0x0, 0x4, 0x20, 0x20,
    0x1a, 0x60, 0x20, 0x80, 0x80, 0x20, 0x84, 0x14,
    0x0, 0x11, 0x20, 0x84, 0x4, 0x42, 0x82, 0x60,
    0x21, 0xa, 0x58, 0x0, 0x9, 0x90, 0xc1, 0xa8,
    0x8, 0x2, 0x0, 0x0, 0x20, 0x8, 0x0, 0x0,
    0x80, 0x20, 0x0, 0x2, 0x0, 0x80, 0x0, 0x8,
    0x0, 0x90, 0x1, 0x90, 0x0, 0x6a, 0x94, 0x0,

    /* U+1F476 "👶" */
    0x0, 0x0, 0x0, 0x1, 0xfc, 0x0, 0x15, 0x58,
    0x1, 0x80, 0x8, 0x8, 0x45, 0x20, 0x1a, 0x40,
    0x82, 0x40, 0x42, 0xc, 0x92, 0xc, 0x25, 0x51,
    0xa2, 0x14, 0x64, 0x8e, 0xb4, 0x2, 0x20, 0x0,
    0x8, 0x80, 0x0, 0x12, 0x0, 0x1, 0x4, 0x0,
    0x8, 0x9, 0x1, 0x80, 0x6, 0xa4, 0x0,

    /* U+1F477 "👷" */
    0x0, 0x29, 0x0, 0x0, 0x70, 0xf0, 0x0, 0x9c,
    0x36, 0x40, 0x82, 0x8, 0x14, 0x10, 0x0, 0x2,
    0x20, 0x0, 0x0, 0x48, 0x0, 0x0, 0xa, 0x40,
    0x0, 0x9, 0x36, 0xaa, 0xa7, 0x8, 0x10, 0x10,
    0x82, 0x18, 0x18, 0x20, 0x80, 0x0, 0x8, 0x20,
    0x81, 0x2, 0x8, 0x5, 0x0, 0x82, 0x0, 0x0,
    0x20, 0x24, 0x0, 0x64, 0x0, 0x6a, 0x50, 0x0,

    /* U+1F478 "👸" */
    0x0, 0x1, 0x0, 0x0, 0x8, 0x71, 0x80, 0x30,
    0xda, 0x64, 0xb3, 0xae, 0x17, 0xe9, 0x30, 0x46,
    0x4, 0xa2, 0x5a, 0xaa, 0x58, 0x24, 0x0, 0x1,
    0xc2, 0xea, 0xaa, 0xac, 0x8, 0x0, 0x10, 0x80,
    0x86, 0x6, 0x8, 0x8, 0x0, 0x0, 0x80, 0x82,
    0x4, 0x8, 0x8, 0x6, 0x0, 0x80, 0x80, 0x0,
    0x8, 0x8, 0x0, 0x0, 0x80, 0x24, 0x0, 0x64,
    0x0, 0x1a, 0x94, 0x0,

    /* U+1F479 "👹" */
    0x1a, 0x86, 0x41, 0x54, 0x7, 0xbe, 0xfb, 0xee,
    0x82, 0xdf, 0xff, 0xf7, 0xf0, 0xb9, 0xff, 0xf5,
    0xf4, 0xbe, 0x25, 0x58, 0xbd, 0x3f, 0xe4, 0x1,
    0xbf, 0xcd, 0xc1, 0x0, 0x3, 0x73, 0x66, 0x60,
    0x99, 0xcc, 0x89, 0x34, 0x18, 0x63, 0x16, 0x15,
    0x55, 0x48, 0x83, 0xe8, 0xbe, 0x2e, 0xc0, 0xb1,
    0x5, 0x4, 0xf0, 0x2d, 0xea, 0xab, 0x3c, 0x3,
    0xeb, 0xea, 0xad, 0x0, 0xaa, 0xaa, 0x9b, 0x0,
    0x1, 0x90, 0x24, 0x0, 0x0, 0x6, 0x90, 0x0,
    0x0,

    /* U+1F47A "👺" */
    0x5, 0x40, 0x15, 0x0, 0x24, 0x1a, 0x91, 0x80,
    0x52, 0x80, 0x6, 0x50, 0x81, 0xe4, 0x1e, 0x20,
    0x80, 0xfc, 0x7d, 0x20, 0x82, 0x7c, 0x76, 0x20,
    0x81, 0x64, 0x59, 0x20, 0x80, 0x94, 0x15, 0x7a,
    0x80, 0x0, 0x6e, 0x42, 0x94, 0x1, 0x0, 0x9,
    0x9f, 0xf9, 0xff, 0xf0, 0x8f, 0xe5, 0x5f, 0xd0,
    0x50, 0x14, 0x20, 0x80, 0x20, 0x5a, 0xa8, 0x80,
    0x8, 0x40, 0x6, 0x0, 0x2, 0x40, 0x28, 0x0,
    0x0, 0x6a, 0x40, 0x0,

    /* U+1F47B "👻" */
    0x0, 0x0, 0x69, 0x0, 0x0, 0xa, 0x1, 0x90,
    0x0, 0x20, 0x0, 0x20, 0x0, 0x8a, 0x0, 0x8,
    0x1, 0x4f, 0x0, 0x4, 0x2, 0x0, 0x29, 0x1,
    0xa, 0x8, 0x19, 0x2, 0x20, 0x1f, 0x90, 0x2,
    0x40, 0x56, 0xd1, 0x1, 0x69, 0x82, 0x9, 0x8,
    0x2, 0x29, 0x20, 0x8, 0x2, 0x0, 0x26, 0x10,
    0x0, 0x40, 0x18, 0x20, 0x0, 0x50, 0x0, 0x20,
    0x0, 0x24, 0x0, 0x24, 0x0, 0x6, 0x40, 0x18,
    0x0, 0x0, 0x6a, 0x40,

    /* U+1F47C "👼" */
    0x0, 0x5, 0x94, 0x0, 0x0, 0x7, 0x40, 0x74,
    0x0, 0x1, 0x3f, 0xfe, 0x4, 0x0, 0x8b, 0x0,
    0x21, 0x54, 0x25, 0x80, 0x0, 0xc2, 0x51, 0xa8,
    0x0, 0x9, 0xa8, 0x1, 0x49, 0x14, 0x64, 0x0,
    0x10, 0x0, 0x2, 0x0, 0x2, 0x1, 0x90, 0x14,
    0x0, 0x80, 0x0, 0x0, 0x80, 0x9, 0x0, 0x0,
    0x28, 0x0, 0x58, 0x0, 0x2, 0x0, 0x0, 0x80,
    0x0, 0x20, 0x0, 0x2, 0x0, 0x11, 0x0, 0x0,
    0xa, 0x9, 0xa0, 0x0, 0x0, 0x9, 0x40, 0x0,
    0x0, 0x0, 0x60, 0x0, 0x0,

    /* U+1F47D "👽" */
    0x0, 0x6, 0x90, 0x0, 0x0, 0x90, 0x6, 0x0,
    0x6, 0x0, 0x0, 0x90, 0x8, 0x0, 0x0, 0x20,
    0x20, 0x0, 0x0, 0x8, 0x50, 0x0, 0x0, 0x5,
    0x86, 0x40, 0x2, 0x92, 0x8f, 0xf0, 0xf, 0xf2,
    0x8f, 0xf8, 0x2f, 0xe2, 0x17, 0xfc, 0x3f, 0xd4,
    0x21, 0xf8, 0x3f, 0x48, 0x14, 0x0, 0x0, 0x14,
    0x8, 0x9, 0x60, 0x20, 0x2, 0x7, 0xd0, 0x80,
    0x0, 0x80, 0x2, 0x0, 0x0, 0x24, 0x18, 0x0,
    0x0, 0x6, 0x90, 0x0,

    /* U+1F47E "👾" */
    0x0, 0x29, 0x0, 0x29, 0x0, 0x0, 0x22, 0x0,
    0x22, 0x0, 0x0, 0x3b, 0x92, 0xba, 0x0, 0x0,
    0x2, 0x22, 0x20, 0x0, 0x29, 0x2a, 0x2a, 0x2a,
    0x2a, 0x22, 0x20, 0x0, 0x2, 0x22, 0x22, 0x21,
    0x40, 0x42, 0x22, 0x22, 0x22, 0xd2, 0xd2, 0x22,
    0x2b, 0x91, 0x40, 0x42, 0xba, 0x2, 0x0, 0x0,
    0x0, 0x20, 0x3, 0x90, 0x0, 0x2, 0xa0, 0x0,
    0x20, 0x0, 0x2, 0x0, 0x0, 0x2a, 0x2a, 0x2a,
    0x0, 0x0, 0x2, 0x22, 0x20, 0x0, 0x0, 0x3b,
    0x92, 0xba, 0x0, 0x0, 0x22, 0x0, 0x22, 0x0,
    0x0, 0x29, 0x0, 0x2a, 0x0,

    /* U+1F47F "👿" */
    0x0, 0x0, 0x0, 0x0, 0x6, 0x0, 0x1a, 0x40,
    0x9, 0x89, 0x28, 0x1, 0x92, 0x14, 0x18, 0x0,
    0x2, 0x81, 0x50, 0x0, 0x0, 0x0, 0x42, 0x0,
    0x0, 0x0, 0x8, 0x20, 0x0, 0x0, 0x0, 0x82,
    0x0, 0x0, 0x0, 0x8, 0x20, 0x20, 0x0, 0x40,
    0x82, 0x0, 0xe0, 0x38, 0x8, 0x20, 0xf, 0x7,
    0x80, 0x82, 0x0, 0x40, 0x10, 0x8, 0x20, 0x0,
    0x0, 0x0, 0x40, 0x80, 0x2a, 0x80, 0x20, 0x5,
    0x4, 0x1, 0x5, 0x0, 0x18, 0x0, 0x2, 0x40,
    0x0, 0x64, 0x1, 0x80, 0x0, 0x0, 0x2a, 0x40,
    0x0,

    /* U+1F480 "💀" */
    0x0, 0x1a, 0x40, 0x0, 0x28, 0x1, 0x80, 0x8,
    0x0, 0x2, 0x2, 0x0, 0x0, 0x8, 0x20, 0x0,
    0x0, 0x54, 0x0, 0x0, 0x2, 0x80, 0x0, 0x0,
    0x28, 0x2d, 0x3, 0xd2, 0x83, 0xe0, 0x3e, 0x24,
    0x3d, 0x13, 0xd2, 0x80, 0x7, 0x0, 0x24, 0x0,
    0x70, 0x2, 0x24, 0x0, 0x0, 0x80, 0x50, 0x0,
    0x20, 0x2, 0x12, 0x21, 0x0, 0x1e, 0x33, 0x80,
    0x0, 0x19, 0x80, 0x0,

    /* U+1F481 "💁" */
    0x0, 0x68, 0x0, 0x0, 0x24, 0x14, 0x0, 0x8,
    0x0, 0x50, 0x0, 0x40, 0x2, 0x0, 0x10, 0x0,
    0x20, 0x2, 0x8, 0x21, 0x0, 0x20, 0x0, 0x10,
    0x2, 0x4, 0x11, 0x40, 0x20, 0x14, 0x6, 0x68,
    0x0, 0x0, 0x86, 0x80, 0x0, 0x1, 0x48, 0x60,
    0x1, 0x90, 0x35, 0x40, 0x20, 0x2, 0x10, 0x1,
    0x40, 0x20, 0x0, 0x4, 0x0, 0x80, 0x6, 0x0,
    0x1, 0xaa, 0x40, 0x0,

    /* U+1F482 "💂" */
    0x0, 0x6a, 0x40, 0x2, 0xff, 0xfc, 0x1, 0xff,
    0xff, 0xc0, 0xff, 0xff, 0xf0, 0x3f, 0xff, 0xfd,
    0xf, 0xff, 0xff, 0x83, 0xff, 0xff, 0xe0, 0xff,
    0xff, 0xf8, 0x3f, 0xff, 0xff, 0xe, 0xe4, 0xbb,
    0xc3, 0x10, 0x4, 0x60, 0xc0, 0x0, 0x28, 0x28,
    0x6a, 0x12, 0x8, 0x80, 0x14, 0x82, 0x5, 0x64,
    0x20, 0x24, 0x0, 0x64, 0x1, 0xaa, 0x50, 0x0,

    /* U+1F483 "💃" */
    0x0, 0x0, 0x40, 0x0, 0x0, 0x99, 0x0, 0x1a,
    0xb0, 0x80, 0x20, 0x7, 0x14, 0x14, 0x0, 0x5,
    0x8, 0x0, 0x1, 0x2, 0x2, 0x68, 0x80, 0x85,
    0x15, 0x60, 0x20, 0xda, 0x85, 0x20, 0x54, 0x0,
    0x48, 0x24, 0x0, 0x11, 0x82, 0x0, 0x14, 0xe,
    0x0, 0x8, 0x2, 0x0, 0x2, 0x0, 0x28, 0x60,
    0x60, 0x1, 0x56, 0x48, 0x0, 0x28, 0x19, 0x0,

    /* U+1F484 "💄" */
    0x1, 0x90, 0x0, 0x20, 0x60, 0x0, 0x80, 0x20,
    0x5, 0x40, 0x50, 0x15, 0x40, 0x80, 0x52, 0x82,
    0x1, 0x40, 0x48, 0x5, 0x0, 0x20, 0x14, 0x0,
    0x80, 0x50, 0x2, 0x3, 0x90, 0x1c, 0xf, 0xff,
    0xb4, 0x7f, 0xfa, 0xe3, 0xff, 0xfe, 0xdf, 0xff,
    0xc7, 0x7f, 0xff, 0x6c, 0x16, 0xaa, 0x40,

    /* U+1F485 "💅" */
    0x0, 0x0, 0x0, 0x2a, 0x80, 0x0, 0x0, 0x8,
    0x4, 0x0, 0x0, 0x1, 0x40, 0x80, 0x0, 0x0,
    0x2a, 0x8, 0x1, 0x80, 0x0, 0xfe, 0x80, 0xff,
    0x0, 0x5, 0xe0, 0x2f, 0xf0, 0x0, 0xa0, 0x0,
    0x56, 0xfc, 0x2d, 0x0, 0x0, 0xff, 0xe3, 0x80,
    0x0, 0x60, 0xa6, 0x0, 0x0, 0x24, 0x0, 0xfc,
    0x0, 0x0, 0x0, 0x3f, 0xc0, 0x0, 0x0, 0x18,
    0xa8, 0x0, 0x0, 0x9, 0x0, 0x80, 0x0, 0x2,
    0x40, 0x20, 0x0, 0x0, 0x80, 0x8, 0x0, 0x0,
    0x20, 0x1, 0x0, 0x0, 0x0,

    /* U+1F486 "💆" */
    0x0, 0x1, 0xa4, 0x0, 0x4, 0x22, 0x80, 0x28,
    0x80, 0x52, 0xa0, 0x0, 0x2c, 0x41, 0x20, 0x80,
    0x0, 0xc8, 0x12, 0x2, 0x0, 0x8, 0x82, 0x8,
    0x1e, 0x42, 0x8, 0x10, 0x1c, 0x3, 0x40, 0x84,
    0x5, 0x80, 0x25, 0x5, 0x82, 0x80, 0x0, 0x2c,
    0x18, 0x24, 0x50, 0x51, 0xc1, 0x50, 0x81, 0x4,
    0x24, 0x42, 0x8, 0x5, 0x2, 0x8, 0xa, 0x80,
    0x0, 0x2e, 0x0, 0x4, 0x0, 0x0, 0x80, 0x0,
    0x80, 0x0, 0x18, 0x0, 0x6, 0x40, 0xa, 0x0,
    0x0, 0x6, 0xa9, 0x0, 0x0,

    /* U+1F487 "💇" */
    0x0, 0x0, 0x0, 0x1, 0xa0, 0x0, 0x0, 0x5,
    0x8, 0x80, 0x0, 0xaa, 0x8b, 0xb8, 0x0, 0x24,
    0x0, 0xaf, 0x80, 0x2, 0x40, 0x2, 0xf2, 0xa0,
    0x8, 0x0, 0x0, 0x85, 0x80, 0x80, 0x0, 0x0,
    0x44, 0x2, 0x7, 0xa, 0x92, 0x0, 0x4, 0x9e,
    0x80, 0x88, 0x0, 0x41, 0x0, 0x2, 0x10, 0x2,
    0x15, 0x81, 0x88, 0x10, 0x8, 0xc0, 0x0, 0xc,
    0x80, 0xae, 0x5, 0x60, 0x2f, 0x0, 0x98, 0x1,
    0x0, 0xd8, 0x2, 0xb0, 0x0, 0x2, 0x50, 0x0,
    0x24, 0x0, 0x60, 0x0, 0x0, 0x6, 0xa5, 0x0,
    0x0,

    /* U+1F488 "💈" */
    0x6, 0x90, 0x9, 0x2, 0xb, 0xaa, 0xb2, 0x0,
    0x8, 0x7f, 0xee, 0xf, 0xc1, 0x43, 0x81, 0xd0,
    0x83, 0xf4, 0x27, 0xe5, 0xf, 0xd1, 0x43, 0x81,
    0xd0, 0xc2, 0xf4, 0x7b, 0xfe, 0x20, 0x0, 0x8b,
    0xaa, 0xb0, 0x80, 0x20, 0x6, 0x90, 0x0,

    /* U+1F489 "💉" */
    0x0, 0x0, 0x0, 0x4, 0x0, 0x0, 0x4, 0x14,
    0x0, 0x0, 0x16, 0xf0, 0x0, 0x0, 0x50, 0xc0,
    0x0, 0x1, 0x40, 0x20, 0x0, 0x5, 0x40, 0x60,
    0x0, 0xa5, 0xa1, 0x80, 0x1, 0x44, 0x26, 0x0,
    0x0, 0xa1, 0x58, 0x0, 0x0, 0xb8, 0x60, 0x0,
    0x2, 0xd, 0x40, 0x0, 0x28, 0x25, 0xc0, 0x0,
    0x3c, 0x90, 0x0, 0x0, 0xf, 0x40, 0x0, 0x0,
    0x3, 0x0, 0x0, 0x0,

    /* U+1F48A "💊" */
    0x6, 0x90, 0x0, 0x0, 0x9, 0x6, 0x0, 0x0,
    0x4, 0x0, 0x20, 0x0, 0x2, 0x0, 0x2, 0x0,
    0x0, 0x80, 0x0, 0x20, 0x0, 0x20, 0x0, 0x2,
    0x0, 0x5, 0x0, 0x0, 0xa0, 0x0, 0x50, 0x0,
    0xbe, 0x0, 0x9, 0x0, 0xbd, 0xe0, 0x0, 0x90,
    0xbf, 0xde, 0x0, 0x9, 0xbf, 0xfd, 0xe0, 0x0,
    0xbf, 0xff, 0xdc, 0x0, 0xb, 0xff, 0xf7, 0x0,
    0x0, 0xbf, 0xff, 0xc0, 0x0, 0xb, 0xff, 0xf0,
    0x0, 0x0, 0xbf, 0xf0, 0x0, 0x0, 0x2, 0x90,
    0x0,

    /* U+1F48B "💋" */
    0x0, 0x2, 0xaa, 0xa9, 0x0, 0x6, 0x0, 0x0,
    0x80, 0x2, 0x1a, 0x1, 0xd0, 0x0, 0x84, 0x2,
    0xd8, 0x0, 0x50, 0xb, 0xd2, 0x2, 0x50, 0xb,
    0xf0, 0x82, 0x0, 0x3, 0xf4, 0x21, 0x0, 0x2,
    0xfc, 0x8, 0x80, 0x2, 0xfd, 0x2, 0x20, 0xb,
    0xfe, 0x0, 0x88, 0xb, 0xfe, 0x0, 0x22, 0x3,
    0xfd, 0x0, 0x14, 0x82, 0xf4, 0x0, 0x8, 0x20,
    0xe0, 0x4, 0x8, 0x8, 0xd0, 0x29, 0x8, 0x2,
    0xb0, 0x0, 0x68, 0x0, 0x1, 0xaa, 0x50, 0x0,
    0x0,

    /* U+1F48C "💌" */
    0x2a, 0xaa, 0xaa, 0xaa, 0x9a, 0x0, 0x0, 0x0,
    0xb, 0x88, 0x0, 0x0, 0x2, 0x28, 0x20, 0xa9,
    0xa4, 0x82, 0x80, 0xb0, 0x10, 0xe0, 0x28, 0x3,
    0x0, 0xc, 0x2, 0x80, 0x30, 0x0, 0xc0, 0x28,
    0x5, 0x80, 0x26, 0x2, 0x81, 0x42, 0x8, 0x18,
    0x28, 0x20, 0xa, 0x0, 0x52, 0x88, 0x0, 0x0,
    0x2, 0x2a, 0x0, 0x0, 0x0, 0xb, 0x7a, 0xaa,
    0xaa, 0xaa, 0xa0,

    /* U+1F48D "💍" */
    0x0, 0x19, 0x90, 0x0, 0x8, 0x44, 0x80, 0x0,
    0xe9, 0x9c, 0x0, 0x5, 0x45, 0x40, 0x0, 0x78,
    0xb4, 0x0, 0x20, 0xb8, 0x60, 0x8, 0x25, 0x60,
    0x81, 0x48, 0x0, 0x88, 0x22, 0x0, 0x2, 0x22,
    0x20, 0x0, 0x22, 0x22, 0x0, 0x2, 0x22, 0x20,
    0x0, 0x22, 0x21, 0x40, 0x5, 0x50, 0x89, 0x2,
    0x48, 0x6, 0x1a, 0x82, 0x0, 0x19, 0x1, 0x80,
    0x0, 0x1a, 0x90, 0x0,

    /* U+1F48E "💎" */
    0x0, 0x6, 0xaa, 0x90, 0x0, 0x0, 0x24, 0x0,
    0x9, 0x0, 0x1, 0xc0, 0x0, 0x2, 0x80, 0x2,
    0x50, 0x0, 0x2, 0x50, 0x8, 0x24, 0x0, 0x1c,
    0x20, 0x1a, 0x99, 0xaa, 0x5a, 0x98, 0x38, 0x8,
    0x28, 0x10, 0x1d, 0x1e, 0x8, 0x82, 0x20, 0xa8,
    0x5, 0x6a, 0x40, 0xa9, 0x20, 0x2, 0x47, 0xaa,
    0xd0, 0x80, 0x0, 0x92, 0x0, 0x82, 0x0, 0x0,
    0x20, 0x80, 0x48, 0x0, 0x0, 0x8, 0x82, 0x20,
    0x0, 0x0, 0x2, 0x52, 0x80, 0x0, 0x0, 0x0,
    0xaa, 0x0, 0x0, 0x0, 0x0, 0x3d, 0x0, 0x0,
    0x0, 0x0, 0x4, 0x0, 0x0,

    /* U+1F48F "💏" */
    0x0, 0x6, 0x41, 0x80, 0x0, 0x0, 0x14, 0x28,
    0x14, 0x0, 0x0, 0x20, 0x0, 0x8, 0x0, 0x0,
    0x20, 0x0, 0x8, 0x0, 0x0, 0x10, 0x0, 0x14,
    0x0, 0x0, 0x8, 0x0, 0x20, 0x0, 0x0, 0x2,
    0x0, 0x80, 0x0, 0x0, 0x0, 0x82, 0x0, 0x0,
    0x1, 0xa4, 0x28, 0x2a, 0x40, 0x8, 0x2, 0x0,
    0x80, 0x20, 0x20, 0x6, 0x82, 0x90, 0x8, 0x10,
    0x41, 0x45, 0x41, 0x8, 0x40, 0x2, 0x18, 0x40,
    0x1, 0x80, 0x1, 0x69, 0x0, 0x2, 0x80, 0x0,
    0x28, 0x0, 0x2, 0x20, 0x0, 0x96, 0x0, 0x8,
    0x6, 0xa9, 0x0, 0x6a, 0x90,

    /* U+1F490 "💐" */
    0x0, 0x0, 0x0, 0x0, 0x0, 0x5c, 0x6, 0x60,
    0x0, 0x23, 0xc1, 0xbf, 0x0, 0x1e, 0xbc, 0x8e,
    0x80, 0x2, 0xff, 0x22, 0x20, 0x0, 0x3f, 0xc8,
    0x48, 0x1, 0x2, 0xb1, 0x48, 0x0, 0xaa, 0x42,
    0x1c, 0x14, 0x7c, 0x14, 0x22, 0x3c, 0xe, 0xd3,
    0x56, 0xbd, 0x3, 0x41, 0x46, 0xff, 0x0, 0x1a,
    0x41, 0x6f, 0xc0, 0x0, 0x5, 0x0, 0x70, 0x0,
    0x6, 0x95, 0x42, 0x0, 0x1, 0x0, 0xa, 0x10,
    0x0, 0x0, 0x0, 0x94, 0x0, 0x0, 0x0, 0x4,
    0x0,

    /* U+1F491 "💑" */
    0x0, 0x6, 0x41, 0x90, 0x0, 0x0, 0x24, 0x69,
    0x18, 0x0, 0x0, 0x20, 0x0, 0x8, 0x0, 0x0,
    0x20, 0x0, 0x8, 0x0, 0x0, 0x20, 0x0, 0x8,
    0x0, 0x0, 0x14, 0x0, 0x20, 0x0, 0x0, 0x5,
    0x0, 0x50, 0x0, 0x0, 0x2, 0x41, 0x40, 0x0,
    0x2, 0xa8, 0x69, 0x2a, 0x80, 0x8, 0x2, 0x14,
    0x80, 0x20, 0x20, 0x0, 0x82, 0x0, 0x8, 0x12,
    0x8, 0x41, 0x20, 0x84, 0x40, 0x4, 0x14, 0x10,
    0x1, 0x82, 0x4, 0x28, 0x10, 0x82, 0x80, 0x50,
    0x28, 0x5, 0x2, 0x24, 0x1, 0x82, 0x40, 0x18,
    0x6, 0xa9, 0x0, 0x6a, 0x90,

    /* U+1F492 "💒" */
    0x0, 0x14, 0x0, 0x0, 0x0, 0x1, 0x60, 0x2,
    0xda, 0x0, 0x8, 0x20, 0xf, 0xfc, 0x0, 0x40,
    0x50, 0x1f, 0xe0, 0x7, 0xba, 0xd0, 0x3e, 0x0,
    0xc, 0x53, 0x3a, 0x0, 0x0, 0x26, 0x98, 0xf8,
    0x0, 0x0, 0x95, 0x61, 0x80, 0x0, 0x7, 0xff,
    0xd5, 0x55, 0x0, 0x80, 0xf0, 0x0, 0x2, 0x9,
    0x8, 0x20, 0x0, 0x2, 0x1f, 0xda, 0x3a, 0xaa,
    0xac, 0x22, 0x82, 0x82, 0x8, 0x20, 0x89, 0xa5,
    0xe, 0xb0, 0x82, 0x14, 0x44, 0x3a, 0xc2, 0x1e,
    0xd5, 0xb9, 0x0, 0x8, 0x7f, 0xab, 0xfe, 0xaa,
    0x90,

    /* U+1F493 "💓" */
    0x2, 0x0, 0x0, 0x5, 0x2, 0x40, 0x0, 0x0,
    0x18, 0x40, 0xa4, 0x0, 0xa4, 0x20, 0x90, 0x0,
    0x0, 0x60, 0x14, 0xaa, 0x6, 0xa0, 0x82, 0x20,
    0x9, 0x40, 0x88, 0x1, 0x20, 0x10, 0x2, 0x0,
    0x55, 0x0, 0x0, 0x20, 0x1, 0x0, 0x0, 0x2,
    0x0, 0x20, 0x0, 0x0, 0x50, 0x1, 0x40, 0x0,
    0x8, 0x0, 0x48, 0x0, 0x2, 0x4, 0x8, 0x20,
    0x0, 0x92, 0x1, 0x20, 0x80, 0x24, 0x91, 0x20,
    0x82, 0x8, 0x24, 0x80, 0x81, 0xa, 0x1, 0x20,
    0x1, 0x0, 0x0, 0x0, 0x0,

    /* U+1F494 "💔" */
    0x1, 0xa4, 0x0, 0x68, 0x0, 0x80, 0x60, 0x60,
    0x24, 0x20, 0x0, 0x88, 0x0, 0x54, 0x0, 0x15,
    0x40, 0x2, 0x80, 0x2, 0x20, 0x0, 0x28, 0x0,
    0x22, 0x0, 0x2, 0x40, 0x5, 0x10, 0x0, 0x22,
    0x0, 0x22, 0x0, 0x1, 0x20, 0x0, 0x88, 0x0,
    0x80, 0x80, 0x8, 0x80, 0x14, 0x5, 0x1, 0x48,
    0x2, 0x0, 0x24, 0x22, 0x0, 0x80, 0x0, 0x82,
    0x20, 0x20, 0x0, 0x2, 0x52, 0x8, 0x0, 0x0,
    0xa, 0x5a, 0x0, 0x0, 0x0, 0x18, 0x80, 0x0,
    0x0, 0x0, 0x0, 0x0, 0x0,

    /* U+1F495 "💕" */
    0x0, 0x0, 0x0, 0x18, 0x0, 0x0, 0x6, 0x60,
    0x80, 0x0, 0x4, 0x4, 0x4, 0x0, 0x2, 0x0,
    0x1, 0x6, 0x40, 0x40, 0x1, 0x9, 0x18, 0x8,
    0x0, 0x85, 0x0, 0x40, 0x50, 0x82, 0x0, 0x20,
    0x2, 0x90, 0x80, 0xa, 0xa4, 0x0, 0x20, 0x0,
    0x1, 0x40, 0x8, 0x0, 0x0, 0x20, 0x2, 0x0,
    0x0, 0x8, 0x0, 0x80, 0x0, 0x2, 0x0, 0x14,
    0x0, 0x2, 0x0, 0x2, 0x0, 0x6, 0x0, 0x0,
    0x80, 0x69, 0x0, 0x0, 0x1a, 0x40, 0x0, 0x0,
    0x0,

    /* U+1F496 "💖" */
    0x1, 0xa0, 0x0, 0x64, 0x0, 0x80, 0x60, 0xa1,
    0x24, 0x20, 0x0, 0xa4, 0x30, 0x85, 0x14, 0x6,
    0xb, 0xd2, 0x82, 0x0, 0x0, 0x38, 0x28, 0x10,
    0x0, 0x42, 0x2, 0x40, 0x4, 0x0, 0x0, 0x22,
    0x0, 0xc0, 0x0, 0x1, 0x20, 0xc, 0x0, 0x0,
    0x80, 0x87, 0xf4, 0xc, 0x14, 0x5, 0x7f, 0x40,
    0x42, 0x0, 0x25, 0xc0, 0x80, 0x80, 0x0, 0x9c,
    0x0, 0x20, 0x0, 0x2, 0x80, 0x8, 0x0, 0x0,
    0x5, 0x2, 0x0, 0x0, 0x0, 0x19, 0x80, 0x0,
    0x0, 0x0, 0x10, 0x0, 0x0,

    /* U+1F497 "💗" */
    0x1, 0x90, 0x6, 0x90, 0x5, 0x2, 0x9, 0x6,
    0x5, 0x0, 0x28, 0x0, 0x22, 0xa, 0x90, 0x2a,
    0x44, 0x88, 0x6, 0x60, 0x18, 0x68, 0x0, 0x10,
    0x1, 0x59, 0x1a, 0x81, 0xa4, 0x36, 0x48, 0xa,
    0x1, 0x4c, 0x24, 0x0, 0x0, 0x22, 0x6, 0x0,
    0x0, 0xa, 0x0, 0xd0, 0x0, 0x3, 0x40, 0xc,
    0x0, 0x2, 0x80, 0x0, 0x40, 0x0, 0x80, 0x0,
    0x14, 0x0, 0x80, 0x0, 0x0, 0x40, 0x80, 0x0,
    0x0, 0x9, 0x80, 0x0, 0x0, 0x0, 0x40, 0x0,
    0x0,

    /* U+1F498 "💘" */
    0x40, 0x0, 0x0, 0x0, 0x3f, 0x0, 0x0, 0x0,
    0xb, 0x80, 0x0, 0x0, 0x0, 0x2a, 0xa4, 0x2a,
    0x80, 0x2, 0x1, 0x60, 0x8, 0x2, 0x14, 0x20,
    0x2, 0x0, 0x84, 0x0, 0x0, 0x40, 0x20, 0x0,
    0x0, 0x20, 0x5, 0x0, 0x10, 0x8, 0x0, 0x80,
    0x34, 0x5, 0x0, 0x8, 0x1, 0x42, 0x0, 0x1,
    0x80, 0x1a, 0x0, 0x0, 0x18, 0x3, 0xf8, 0x0,
    0x1, 0x86, 0x3f, 0xc0, 0x0, 0x9, 0xf, 0xe0,
    0x0, 0x0, 0x1, 0xe4, 0x0, 0x0, 0x0, 0x10,
    0x0,

    /* U+1F499 "💙" */
    0x1, 0xa0, 0x0, 0x68, 0x0, 0x80, 0x60, 0x60,
    0x24, 0x3a, 0xab, 0x9e, 0xaa, 0xd5, 0x0, 0x6,
    0x0, 0x2, 0xea, 0xaa, 0xaa, 0xaa, 0xb8, 0x0,
    0x0, 0x0, 0x2, 0xba, 0xaa, 0xaa, 0xaa, 0xb2,
    0x0, 0x0, 0x0, 0x1, 0x3a, 0xaa, 0xaa, 0xaa,
    0xc0, 0x80, 0x0, 0x0, 0x14, 0x7, 0xaa, 0xaa,
    0xae, 0x0, 0x24, 0x0, 0x0, 0x80, 0x0, 0xaa,
    0xaa, 0xa0, 0x0, 0x2, 0x40, 0x8, 0x0, 0x0,
    0x5, 0x2, 0x0, 0x0, 0x0, 0x2f, 0xc0, 0x0,
    0x0, 0x0, 0x10, 0x0, 0x0,

    /* U+1F49A "💚" */
    0x1, 0xa4, 0x0, 0x78, 0x0, 0xe2, 0xa0, 0x71,
    0xa4, 0x31, 0x89, 0xa8, 0x86, 0x95, 0x86, 0x1a,
    0x82, 0xa, 0x92, 0x8, 0x62, 0x48, 0x3a, 0x48,
    0x21, 0x89, 0x22, 0x49, 0x20, 0x86, 0x24, 0xb3,
    0x14, 0x82, 0x8, 0x52, 0x38, 0x62, 0x48, 0x21,
    0xc0, 0xe1, 0x89, 0x20, 0x94, 0x6, 0x86, 0x14,
    0x93, 0x0, 0x26, 0x8, 0x52, 0xc0, 0x0, 0x98,
    0x21, 0xa0, 0x0, 0x2, 0x60, 0x8c, 0x0, 0x0,
    0x5, 0x97, 0x0, 0x0, 0x0, 0x1b, 0x80, 0x0,
    0x0, 0x0, 0x10, 0x0, 0x0,

    /* U+1F49B "💛" */
    0x1, 0x90, 0x0, 0x64, 0x0, 0x90, 0x60, 0x60,
    0x24, 0x20, 0x1, 0x95, 0x11, 0x84, 0x0, 0x1,
    0x4, 0x46, 0x80, 0x0, 0x0, 0x0, 0x29, 0x4,
    0x44, 0x11, 0x13, 0x40, 0x0, 0x0, 0x0, 0x21,
    0x0, 0x0, 0x0, 0x1, 0x20, 0x44, 0x41, 0x11,
    0x80, 0x80, 0x0, 0x0, 0x14, 0x4, 0x11, 0x4,
    0x42, 0x0, 0x24, 0x44, 0x11, 0x80, 0x0, 0x90,
    0x0, 0x20, 0x0, 0x2, 0x51, 0x48, 0x0, 0x0,
    0x5, 0x2, 0x0, 0x0, 0x0, 0x18, 0x80, 0x0,
    0x0, 0x0, 0x10, 0x0, 0x0,

    /* U+1F49C "💜" */
    0x1, 0xe4, 0x0, 0xa8, 0x0, 0xa8, 0xe0, 0x6c,
    0x74, 0x25, 0x20, 0xda, 0x14, 0xd6, 0x48, 0x27,
    0x85, 0x26, 0xd2, 0x8, 0x61, 0x48, 0x38, 0x82,
    0x14, 0x92, 0xa, 0x70, 0x85, 0x20, 0x82, 0x22,
    0x61, 0x48, 0x21, 0x8a, 0x28, 0x92, 0x8, 0x51,
    0xc0, 0xa0, 0x82, 0x14, 0xa4, 0x6, 0x21, 0x85,
    0x26, 0x0, 0x2c, 0x52, 0x48, 0x80, 0x0, 0xa4,
    0x82, 0x20, 0x0, 0x2, 0x60, 0x88, 0x0, 0x0,
    0xa, 0x26, 0x0, 0x0, 0x0, 0x1d, 0x80, 0x0,
    0x0, 0x0, 0x10, 0x0, 0x0,

    /* U+1F49D "💝" */
    0x1, 0xa4, 0x0, 0x68, 0x0, 0x90, 0x64, 0x60,
    0x28, 0x20, 0x0, 0x94, 0x0, 0x55, 0x0, 0x92,
    0x0, 0x2, 0xa0, 0x1f, 0x0, 0x0, 0x2f, 0xd6,
    0xf8, 0x0, 0x2, 0xaf, 0xff, 0xff, 0xff, 0xfa,
    0xff, 0xff, 0xff, 0xfd, 0x7f, 0xfe, 0x55, 0x55,
    0xc2, 0xfe, 0xf4, 0x0, 0x14, 0x3, 0xcb, 0x0,
    0x2, 0x0, 0x7c, 0x10, 0x0, 0x80, 0x0, 0x60,
    0x0, 0x20, 0x0, 0x1, 0x80, 0x8, 0x0, 0x0,
    0x2, 0x2, 0x0, 0x0, 0x0, 0xa, 0x40, 0x0,
    0x0, 0x0, 0x0, 0x0, 0x0,

    /* U+1F49E "💞" */
    0x0, 0x0, 0x19, 0x18, 0x0, 0x5, 0x54, 0x64,
    0x80, 0x14, 0x8, 0x0, 0x4, 0x10, 0x15, 0x0,
    0x5, 0x5, 0x40, 0x20, 0x2, 0x5, 0x0, 0x2,
    0x2, 0x1, 0x0, 0x0, 0x22, 0x20, 0xa8, 0x2a,
    0x2, 0x8, 0x80, 0xa0, 0x20, 0x5, 0x20, 0x0,
    0x8, 0x4, 0x48, 0x0, 0x2, 0x14, 0x42, 0x0,
    0x0, 0x80, 0x10, 0x20, 0x0, 0x50, 0x10, 0x5,
    0x0, 0x50, 0x10, 0x0, 0x50, 0x65, 0x50, 0x0,
    0x5, 0x50, 0x0, 0x0, 0x0, 0x10, 0x0, 0x0,
    0x0,

    /* U+1F49F "💟" */
    0x6a, 0xaa, 0xaa, 0xa9, 0x3f, 0xff, 0xff, 0xff,
    0xcf, 0xff, 0xff, 0xff, 0xf3, 0xf8, 0x1f, 0x81,
    0xfc, 0xf8, 0x0, 0x40, 0x1f, 0x3d, 0x0, 0x0,
    0x3, 0xcf, 0x0, 0x0, 0x0, 0xf3, 0xd0, 0x0,
    0x0, 0x3c, 0xfc, 0x0, 0x0, 0x2f, 0x3f, 0x40,
    0x0, 0xf, 0xcf, 0xf0, 0x0, 0xf, 0xf3, 0xff,
    0x0, 0xf, 0xfc, 0xff, 0xf4, 0xf, 0xff, 0x3f,
    0xff, 0x9f, 0xff, 0xcf, 0xff, 0xff, 0xff, 0xf3,
    0xff, 0xff, 0xff, 0xfc, 0x6a, 0xaa, 0xaa, 0xa9,
    0x0,

    /* U+1F4A0 "💠" */
    0x0, 0x0, 0x0, 0x0, 0x0, 0x0, 0xa0, 0x0,
    0x0, 0x0, 0x82, 0x0, 0x0, 0x0, 0x80, 0x20,
    0x0, 0x0, 0x20, 0x9, 0x0, 0x0, 0x3e, 0x7,
    0xd0, 0x0, 0xa9, 0x29, 0x26, 0x0, 0x80, 0x85,
    0x60, 0x20, 0x80, 0x17, 0xd8, 0x2, 0x18, 0x8,
    0xf6, 0x1, 0x81, 0x82, 0x0, 0x51, 0x40, 0xb,
    0xa9, 0x9e, 0x40, 0x0, 0xb0, 0xe, 0x0, 0x0,
    0x8, 0x2, 0x0, 0x0, 0x0, 0x81, 0x40, 0x0,
    0x0, 0x19, 0x80, 0x0, 0x0, 0x1, 0x80, 0x0,
    0x0,

    /* U+1F4A1 "💡" */
    0x1, 0xa4, 0x0, 0x24, 0xa, 0x2, 0x0, 0x2,
    0x20, 0x0, 0x5, 0x82, 0x65, 0xa, 0x6, 0x54,
    0x28, 0x22, 0x40, 0x54, 0x5a, 0x8, 0x21, 0x4,
    0x50, 0x11, 0x12, 0x0, 0x84, 0x48, 0x3, 0xb7,
    0xf0, 0xa, 0xbb, 0x0, 0x9, 0x5c, 0x0, 0x31,
    0x60, 0x0, 0x7f, 0x0, 0x0, 0x60, 0x0,

    /* U+1F4A2 "💢" */
    0x0, 0x0, 0x0, 0x0, 0x0, 0xc0, 0x0, 0x24,
    0x0, 0x1c, 0x0, 0x2c, 0x1, 0x2, 0xe5, 0xbc,
    0x4, 0x78, 0x1f, 0xf8, 0x1d, 0x3, 0x80, 0x0,
    0x1d, 0x0, 0x70, 0x0, 0xe, 0x0, 0xe, 0x0,
    0x3, 0x40, 0x3, 0x80, 0x1, 0xd0, 0x0, 0xe0,
    0x0, 0x74, 0x0, 0x34, 0x0, 0xe, 0x0, 0x2c,
    0x0, 0x2, 0xc0, 0x2c, 0x6, 0xa0, 0x2c, 0x28,
    0x1f, 0xff, 0x81, 0xc0, 0xe, 0x0, 0x74, 0x0,
    0xd, 0x0, 0x3, 0x0, 0x2, 0x0, 0x0, 0x50,
    0x0,

    /* U+1F4A3 "💣" */
    0x0, 0x0, 0x0, 0x0, 0x0, 0xd, 0x90, 0x0,
    0x0, 0xaa, 0x40, 0x0, 0x28, 0x40, 0x0, 0x6,
    0xa6, 0x80, 0x1, 0x42, 0x2, 0x7, 0xff, 0x86,
    0x21, 0xdb, 0xff, 0xdc, 0x3b, 0xff, 0xfe, 0x86,
    0x7f, 0xff, 0xf4, 0x9f, 0xff, 0xfe, 0xb, 0xff,
    0xff, 0xd0, 0xbf, 0xff, 0xfd, 0x7, 0xff, 0xff,
    0xc0, 0x2f, 0xff, 0xf4, 0x0, 0xbf, 0xfd, 0x0,
    0x1, 0xbe, 0x0, 0x0,

    /* U+1F4A4 "💤" */
    0x0, 0x0, 0x54, 0x0, 0x0, 0x5, 0x60, 0x0,
    0x0, 0x0, 0x20, 0x0, 0x0, 0x0, 0x50, 0x0,
    0x0, 0x0, 0x80, 0x16, 0x1, 0x81, 0x40, 0x4,
    0x29, 0x82, 0x59, 0x4, 0x1, 0x41, 0x40, 0x20,
    0x2, 0x0, 0x0, 0x25, 0x2, 0x0, 0x0, 0x0,
    0x2, 0x0, 0x0, 0x0, 0x5, 0x64, 0x0, 0x0,
    0x6, 0x0, 0x0, 0x0,

    /* U+1F4A5 "💥" */
    0x0, 0x0, 0x0, 0x0, 0x1, 0x40, 0x2, 0x0,
    0x20, 0xa, 0x0, 0x54, 0xa, 0x0, 0x15, 0x4,
    0x41, 0x10, 0x1, 0x5, 0x42, 0x44, 0x0, 0x4,
    0x4, 0x0, 0x40, 0x0, 0x45, 0x18, 0x89, 0xc1,
    0x55, 0x3e, 0xf4, 0x10, 0x4, 0x1, 0xff, 0x81,
    0x0, 0x10, 0x7f, 0xf4, 0x80, 0x0, 0x83, 0xff,
    0x1, 0x80, 0x14, 0x9, 0xd0, 0x50, 0x5, 0x10,
    0x0, 0x8, 0x0, 0x55, 0x45, 0x14, 0x10, 0x0,
    0x15, 0x12, 0x16, 0x0, 0x1, 0x0, 0x90, 0x10,
    0x0, 0x0, 0x0, 0x0, 0x0,

    /* U+1F4A6 "💦" */
    0x0, 0x0, 0x6a, 0x40, 0x0, 0xa, 0x40, 0x18,
    0x0, 0x2, 0x0, 0x24, 0x80, 0x0, 0x20, 0x1,
    0x48, 0x1, 0x2, 0x0, 0x2, 0x0, 0xd0, 0x20,
    0x0, 0x80, 0x59, 0x5, 0x0, 0x20, 0x20, 0x80,
    0x60, 0x20, 0x8, 0x8, 0x2, 0x90, 0x8, 0x1,
    0xa, 0x40, 0x2, 0x2, 0x22, 0xa, 0x2, 0x0,
    0x88, 0x50, 0x20, 0x80, 0x12, 0x8, 0x22, 0x20,
    0x0, 0x82, 0x4, 0x85, 0x0, 0x80, 0x40, 0x20,
    0x65, 0x80, 0x8, 0x18, 0x0, 0x0, 0x0, 0xa4,
    0x0,

    /* U+1F4A7 "💧" */
    0x0, 0x0, 0x0, 0x1, 0xc0, 0x0, 0x8, 0x80,
    0x0, 0x81, 0x40, 0x1, 0x2, 0x0, 0x20, 0x2,
    0x1, 0x40, 0x8, 0x8, 0x0, 0x8, 0x50, 0x0,
    0x22, 0x0, 0x0, 0x58, 0x0, 0x0, 0xa2, 0x0,
    0x2, 0x88, 0x0, 0xa, 0x8, 0x0, 0x42, 0x9,
    0x2, 0x6, 0x40, 0x60, 0x1, 0xa8, 0x0,

    /* U+1F4A8 "💨" */
    0x0, 0x0, 0x6, 0x90, 0x0, 0x20, 0x1a, 0xc0,
    0x60, 0x2, 0x21, 0x88, 0x0, 0x50, 0x8, 0x88,
    0x0, 0x0, 0x80, 0x29, 0x20, 0x0, 0x3, 0x40,
    0x40, 0x80, 0x90, 0xa, 0x6, 0xaa, 0x49, 0x0,
    0x52, 0x0, 0x0, 0x50, 0x1, 0x8, 0x2a, 0xab,
    0x0, 0x0, 0x20, 0x0, 0x5, 0x0, 0x0, 0x8a,
    0xaa, 0x49, 0x0, 0x2, 0x4, 0x8, 0x5, 0x0,
    0x20, 0x29, 0x20, 0x0, 0x3, 0x0, 0x88, 0x80,
    0x0, 0x58, 0x2, 0x21, 0x48, 0x0, 0x50, 0x1,
    0x1, 0xad, 0x6, 0x0, 0x0, 0x0, 0x6, 0x90,
    0x0,

    /* U+1F4A9 "💩" */
    0x0, 0x1, 0x0, 0x0, 0x0, 0x3, 0xd0, 0x0,
    0x0, 0x3, 0xfc, 0x0, 0x0, 0x0, 0xff, 0xf4,
    0x0, 0x0, 0x7f, 0xff, 0x40, 0x0, 0xbf, 0xff,
    0xe0, 0x0, 0x3f, 0xff, 0xfc, 0x0, 0x1f, 0xaf,
    0xef, 0xc0, 0xb, 0x52, 0xc4, 0xf4, 0xf, 0xda,
    0x73, 0x3f, 0x4b, 0xf8, 0x3d, 0x1f, 0xf3, 0xff,
    0xff, 0xff, 0xfc, 0xbf, 0xd1, 0x43, 0xff, 0x1f,
    0xf8, 0x1, 0xff, 0x82, 0xff, 0x91, 0xff, 0xc0,
    0x1f, 0xff, 0xff, 0x80, 0x0, 0x6b, 0xf9, 0x0,
    0x0,

    /* U+1F4AA "💪" */
    0x0, 0x6, 0x40, 0x0, 0x0, 0x9, 0x14, 0x0,
    0x0, 0x8, 0x22, 0x0, 0x0, 0x8, 0x25, 0x80,
    0x0, 0x8, 0x21, 0xc0, 0x0, 0x2, 0xa, 0x90,
    0x0, 0x2, 0x2, 0x0, 0x0, 0x0, 0x80, 0x40,
    0x0, 0x0, 0x50, 0x20, 0x2a, 0x90, 0x20, 0x8,
    0x60, 0x6, 0x8, 0x3, 0x90, 0x0, 0x22, 0x2,
    0x0, 0x0, 0x8, 0x80, 0x81, 0x0, 0x2, 0x20,
    0x20, 0x80, 0x8, 0x88, 0x0, 0xa, 0xa8, 0x60,
    0x90, 0x0, 0x0, 0xa0, 0x1, 0xaa, 0xaa, 0x40,
    0x0,

    /* U+1F4AB "💫" */
    0x2, 0x90, 0x0, 0x0, 0x8, 0xa, 0x0, 0x0,
    0x8, 0x0, 0x80, 0x0, 0x0, 0x0, 0x24, 0x0,
    0x0, 0x0, 0x9, 0x0, 0x0, 0x5, 0x2, 0x0,
    0x28, 0x26, 0x0, 0x80, 0x22, 0x92, 0x0, 0x20,
    0x4, 0x2, 0x0, 0x4, 0x8, 0x1, 0x80, 0x8,
    0x14, 0x0, 0x30, 0x5, 0x50, 0x6, 0xd0, 0x2,
    0x6a, 0x8c, 0x24, 0x3, 0x0, 0x8e, 0x6, 0xaa,
    0x0, 0x35, 0x80, 0x2, 0x0, 0x0, 0x24, 0x9,
    0x0, 0x0, 0x2, 0xa0,

    /* U+1F4AC "💬" */
    0x1, 0xaa, 0xa4, 0x0, 0x90, 0x0, 0x20, 0x20,
    0x0, 0x0, 0x85, 0x0, 0x0, 0x2, 0x81, 0x1,
    0x4, 0x28, 0x34, 0x70, 0xd2, 0x80, 0x0, 0x0,
    0x24, 0x0, 0x0, 0x2, 0x20, 0x0, 0x0, 0x80,
    0x80, 0x0, 0x60, 0x2, 0x1a, 0xa4, 0x0, 0x12,
    0x0, 0x0, 0xa, 0x40, 0x0, 0x0, 0x0, 0x0,
    0x0,

    /* U+1F4AD "💭" */
    0x0, 0x0, 0x64, 0x0, 0x0, 0x1a, 0x91, 0xa9,
    0x0, 0x24, 0x0, 0x0, 0x90, 0x8, 0x0, 0x0,
    0x8, 0x2, 0x0, 0x0, 0x2, 0x0, 0xc0, 0x0,
    0x0, 0x80, 0x50, 0x0, 0x0, 0x20, 0x20, 0x0,
    0x0, 0x8, 0x8, 0x0, 0x0, 0x2, 0x0, 0x80,
    0x0, 0x2, 0x40, 0xa, 0x40, 0x1, 0x40, 0x0,
    0x20, 0x11, 0x80, 0x5, 0x52, 0xa5, 0x40, 0x2,
    0x8, 0x0, 0x0, 0x6, 0x28, 0x0, 0x0, 0x2,
    0x20, 0x0, 0x0, 0x0, 0x60, 0x0, 0x0, 0x0,
    0x0,

    /* U+1F4AE "💮" */
    0x0, 0x1, 0x48, 0x0, 0x0, 0x3, 0xe6, 0x3a,
    0x0, 0x1, 0xa8, 0x2, 0x34, 0x0, 0x20, 0x80,
    0x18, 0x80, 0xb, 0xa0, 0x0, 0xae, 0x0, 0x40,
    0x0, 0x0, 0x14, 0x8, 0x0, 0x0, 0x2, 0x2,
    0x0, 0x22, 0x20, 0x8, 0x24, 0x0, 0x0, 0x0,
    0x81, 0xd0, 0x22, 0x20, 0x38, 0x25, 0x40, 0x0,
    0x9, 0x80, 0xa0, 0x2, 0x0, 0xa4, 0x1b, 0x0,
    0x0, 0xe, 0x40, 0x20, 0x2, 0x0, 0x80, 0x1,
    0xa2, 0x98, 0x38, 0x0, 0x1, 0xba, 0xa8, 0x0,
    0x0, 0x0, 0x44, 0x0, 0x0,

    /* U+1F4AF "💯" */
    0x0, 0x10, 0x0, 0x0, 0x0, 0x1f, 0x8, 0x6f,
    0xf0, 0x1e, 0xe3, 0x5d, 0x31, 0xc1, 0xd, 0x91,
    0xc9, 0xc, 0x1, 0xcc, 0x18, 0xc0, 0xc0, 0x25,
    0x81, 0x98, 0x1c, 0x3, 0x24, 0x26, 0x82, 0x80,
    0x62, 0x43, 0x28, 0x30, 0x9, 0x18, 0xa1, 0xca,
    0x0, 0xc0, 0xf8, 0xb, 0x80, 0x8, 0x0, 0x0,
    0x0, 0x0, 0x0, 0x5a, 0xe9, 0x0, 0x0, 0xfe,
    0x40, 0x6, 0x40, 0x0, 0x1, 0xa9, 0x0, 0x0,
    0x5b, 0x90, 0x0, 0x1, 0xbe, 0x40, 0x0, 0x0,
    0x24, 0x0, 0x0, 0x0, 0x0,

    /* U+1F4B0 "💰" */
    0x0, 0x0, 0x5, 0x0, 0x0, 0xa, 0xd2, 0x0,
    0x0, 0x22, 0x8, 0x0, 0x0, 0x80, 0x14, 0x0,
    0x3, 0xf4, 0x80, 0x1, 0xa6, 0xf4, 0x0, 0x24,
    0x4, 0x50, 0x2, 0x2, 0xe0, 0x80, 0x20, 0x34,
    0x91, 0x41, 0x0, 0xa0, 0x6, 0x8, 0x0, 0xb0,
    0x1, 0x20, 0x10, 0x60, 0x8, 0x80, 0xa1, 0x80,
    0x16, 0x0, 0xf8, 0x0, 0x42, 0x2, 0x0, 0x2,
    0x2, 0x40, 0x1, 0xa0, 0x0, 0x6a, 0x94, 0x0,

    /* U+1F4B1 "💱" */
    0x4, 0x6, 0xa0, 0x0, 0x34, 0x1, 0xb6, 0x7,
    0xf8, 0x0, 0xbc, 0x3b, 0x0, 0x3, 0xe0, 0xec,
    0x0, 0x0, 0x1, 0xf4, 0x0, 0x0, 0x0, 0xf8,
    0x1d, 0xe, 0x3, 0x70, 0x3c, 0x74, 0x9f, 0xc0,
    0x73, 0xc2, 0xfc, 0x0, 0xfc, 0x0, 0xc0, 0x7,
    0xf8, 0x0, 0x0, 0x7, 0x90, 0x0, 0x0, 0xbf,
    0xc0, 0x3d, 0x0, 0x38, 0x0, 0xf4, 0x0, 0x40,
    0x5, 0xb8, 0x0, 0x0, 0x0, 0x6a, 0x0, 0x0,

    /* U+1F4B2 "💲" */
    0x0, 0x40, 0x0, 0x70, 0x0, 0xbf, 0x80, 0xff,
    0xf8, 0xbe, 0xd9, 0x2d, 0x70, 0xb, 0xdc, 0x0,
    0xff, 0x0, 0xf, 0xf8, 0x0, 0x7f, 0x80, 0x1d,
    0xf0, 0x7, 0x3c, 0x65, 0xef, 0x1f, 0xff, 0x41,
    0xbe, 0x0, 0x7, 0x0, 0x1, 0xc0, 0x0,

    /* U+1F4B3 "💳" */
    0x1a, 0xaa, 0xaa, 0xaa, 0x45, 0x0, 0x0, 0x0,
    0x2, 0x80, 0x0, 0x0, 0x0, 0x2f, 0xff, 0xff,
    0xff, 0xff, 0xff, 0xff, 0xff, 0xff, 0xfd, 0x55,
    0x55, 0x55, 0x57, 0x81, 0x55, 0x55, 0x54, 0x28,
    0x45, 0x0, 0x0, 0x12, 0x84, 0x85, 0x50, 0x1,
    0x28, 0x55, 0x55, 0x55, 0x52, 0x80, 0x0, 0x0,
    0x0, 0x25, 0x0, 0x0, 0x0, 0x2, 0x1a, 0xaa,
    0xaa, 0xaa, 0x80,

    /* U+1F4B4 "💴" */
    0x55, 0x56, 0x55, 0x55, 0x52, 0x0, 0xc, 0x18,
    0x0, 0x58, 0x25, 0x70, 0x35, 0x50, 0x61, 0x0,
    0x80, 0x40, 0x51, 0x91, 0x22, 0x1, 0x0, 0x46,
    0x42, 0x48, 0x4, 0x1, 0x19, 0x1e, 0x20, 0x10,
    0x4, 0x64, 0x20, 0x80, 0x40, 0x11, 0x88, 0x2,
    0x1, 0x2, 0x46, 0x9, 0x5c, 0xd, 0x54, 0x18,
    0x0, 0x20, 0x10, 0x1, 0x7a, 0xaa, 0xc0, 0xea,
    0xa9, 0xd5, 0x56, 0x3, 0x55, 0x66, 0x55, 0x5d,
    0x59, 0x55, 0x55, 0x55, 0x55, 0x55, 0x55, 0x0,

    /* U+1F4B5 "💵" */
    0x55, 0x55, 0x55, 0x55, 0x53, 0x55, 0x5d, 0x69,
    0x55, 0x58, 0x25, 0x60, 0x25, 0x50, 0x62, 0x8,
    0x40, 0x40, 0x51, 0x90, 0x91, 0x1, 0x0, 0x46,
    0x42, 0x44, 0x4, 0x1, 0x19, 0x1, 0x50, 0x10,
    0x4, 0x64, 0x25, 0x40, 0x40, 0x11, 0x88, 0x11,
    0x1, 0x2, 0x46, 0x9, 0x58, 0xd, 0x54, 0x18,
    0x0, 0x10, 0x10, 0x1, 0x7a, 0xaa, 0x80, 0xea,
    0xa9, 0xd5, 0x56, 0x3, 0x55, 0x66, 0x55, 0x59,
    0x59, 0x55, 0x55, 0x55, 0x55, 0x55, 0x55, 0x0,

    /* U+1F4B6 "💶" */
    0x55, 0x55, 0x55, 0x55, 0x52, 0x0, 0x8, 0x18,
    0x0, 0x58, 0x25, 0x70, 0x35, 0x50, 0x62, 0x0,
    0x80, 0x40, 0x51, 0x90, 0x92, 0x1, 0x0, 0x46,
    0x46, 0x48, 0x4, 0x1, 0x19, 0x19, 0x20, 0x10,
    0x4, 0x64, 0x20, 0x80, 0x40, 0x11, 0x84, 0x2,
    0x1, 0x1, 0x46, 0x9, 0x5c, 0xd, 0x54, 0x18,
    0x0, 0x20, 0x10, 0x1, 0x7a, 0xaa, 0xc0, 0xea,
    0xa9, 0xd5, 0x56, 0x3, 0x55, 0x66, 0x55, 0x5d,
    0x59, 0x55, 0x55, 0x55, 0x55, 0x55, 0x55, 0x0,

    /* U+1F4B7 "💷" */
    0x55, 0x55, 0x55, 0x55, 0x53, 0x55, 0x5d, 0x69,
    0x55, 0x58, 0x25, 0x60, 0x25, 0x50, 0x61, 0x4,
    0x40, 0x40, 0x51, 0x90, 0x81, 0x1, 0x0, 0x46,
    0x42, 0x44, 0x4, 0x1, 0x19, 0x4, 0x10, 0x10,
    0x4, 0x64, 0x39, 0x40, 0x40, 0x21, 0x89, 0x1,
    0x1, 0x2, 0x6, 0x9, 0x58, 0xd, 0x54, 0x18,
    0x0, 0x10, 0x10, 0x1, 0x7a, 0xaa, 0x80, 0xea,
    0xa9, 0xd5, 0x56, 0x3, 0x55, 0x66, 0x55, 0x59,
    0x59, 0x55, 0x55, 0x55, 0x55, 0x55, 0x55, 0x0,

    /* U+1F4B8 "💸" */
    0x0, 0x60, 0x0, 0x40, 0x0, 0xe, 0x20, 0x24,
    0x80, 0x2, 0x64, 0x52, 0x54, 0x80, 0x34, 0x28,
    0xa5, 0x4, 0x80, 0x29, 0x41, 0x90, 0x4, 0x80,
    0xa, 0x94, 0x80, 0x12, 0x80, 0x2, 0xc0, 0x81,
    0xa2, 0x0, 0x16, 0x80, 0xa9, 0x14, 0x6, 0x55,
    0x80, 0xeb, 0x80, 0x28, 0x56, 0x83, 0x90, 0x80,
    0x99, 0x9, 0xf8, 0x52, 0x2, 0x19, 0x57, 0xa4,
    0xd8, 0x2, 0x18, 0xb3, 0xe4, 0x60, 0x2, 0x2a,
    0x8, 0x28, 0x80, 0x2, 0x20, 0x80, 0x2d, 0x40,
    0x2, 0x98, 0x0, 0x8, 0x0, 0x2, 0x0, 0x0,
    0x0,

    /* U+1F4B9 "💹" */
    0x7f, 0xff, 0xff, 0xfe, 0x3f, 0xff, 0xff, 0xff,
    0xdf, 0xef, 0x7f, 0xff, 0xf7, 0xf3, 0xdf, 0xff,
    0xed, 0xfe, 0x9f, 0xff, 0xf7, 0x7f, 0x82, 0xff,
    0xfe, 0xdf, 0xe5, 0xbf, 0xfe, 0xb7, 0xf8, 0x6f,
    0xff, 0x7d, 0xff, 0x6f, 0xff, 0xdf, 0x7f, 0xff,
    0xfd, 0xef, 0xdf, 0xff, 0x9d, 0x97, 0xf7, 0xff,
    0x6a, 0x77, 0xfd, 0xf9, 0xdf, 0x6f, 0xff, 0x7d,
    0xcf, 0xff, 0xff, 0xdf, 0xff, 0xff, 0xff, 0xf7,
    0xff, 0xff, 0xff, 0xfc, 0x15, 0x55, 0x55, 0x55,
    0x0,

    /* U+1F4BA "💺" */
    0xa, 0xa9, 0x0, 0x2, 0x90, 0x14, 0x0, 0x22,
    0x0, 0x40, 0x2, 0x20, 0x60, 0x0, 0x2b, 0x56,
    0x0, 0x2, 0x10, 0x14, 0x0, 0x22, 0x0, 0x80,
    0x2, 0x20, 0x7, 0xfe, 0x2f, 0x90, 0x79, 0x2,
    0xff, 0xe4, 0x18, 0x1e, 0x90, 0x0, 0x80, 0xf5,
    0x50, 0x8, 0xb, 0xfa, 0x2e, 0x0, 0xe, 0xfa,
    0xf4, 0x0, 0x80, 0x0, 0x40, 0x7e, 0x40, 0x0,
    0x0, 0x18, 0x0, 0x0,

    /* U+1F4BB "💻" */
    0xa, 0xaa, 0xaa, 0xaa, 0x0, 0x80, 0x0, 0x0,
    0x20, 0x8, 0xff, 0xff, 0xf6, 0x0, 0x8f, 0xff,
    0xff, 0x60, 0x8, 0xff, 0xff, 0xf6, 0x0, 0x8f,
    0xff, 0xff, 0x60, 0x8, 0xff, 0xff, 0xf6, 0x0,
    0x8f, 0xff, 0xff, 0x60, 0x8, 0x0, 0x0, 0x2,
    0x0, 0xea, 0xaa, 0xaa, 0xb0, 0x11, 0x15, 0x55,
    0x14, 0x82, 0x65, 0x55, 0x52, 0x68, 0xa1, 0x10,
    0x0, 0x54, 0x6d, 0x55, 0x55, 0x55, 0x57, 0x6a,
    0xaa, 0xaa, 0xaa, 0x90,

    /* U+1F4BC "💼" */
    0x0, 0x0, 0x50, 0x0, 0x0, 0x0, 0x2f, 0xfc,
    0x0, 0x0, 0x0, 0xc0, 0x30, 0x0, 0xa, 0xab,
    0xaa, 0xea, 0xa0, 0x80, 0x0, 0x0, 0x0, 0x22,
    0x0, 0x0, 0x0, 0x0, 0x8c, 0x0, 0x0, 0x0,
    0x3, 0x34, 0x0, 0x0, 0x0, 0x1c, 0xa4, 0x3,
    0xac, 0x1, 0xa2, 0x1a, 0x5c, 0x25, 0xa4, 0x88,
    0x0, 0x7a, 0xd0, 0x2, 0x20, 0x0, 0xc2, 0x0,
    0x8, 0x80, 0x2, 0xa8, 0x0, 0x22, 0x0, 0x0,
    0x0, 0x0, 0x88, 0x0, 0x0, 0x0, 0x2, 0x20,
    0x0, 0x0, 0x0, 0x8, 0x1a, 0xaa, 0xaa, 0xaa,
    0x80,

    /* U+1F4BD "💽" */
    0x6a, 0xaa, 0xaa, 0xa9, 0x3f, 0xf8, 0x1, 0xff,
    0xcf, 0xe0, 0x0, 0x7, 0xf7, 0xe0, 0x0, 0x0,
    0x7d, 0xf0, 0x0, 0x0, 0xb, 0x74, 0x0, 0xa4,
    0x0, 0xdc, 0x1, 0x40, 0x80, 0x26, 0x0, 0x8f,
    0x86, 0xad, 0x80, 0x27, 0xf1, 0xff, 0x60, 0x8,
    0xf8, 0x7f, 0xdc, 0x1, 0x44, 0x80, 0x27, 0x40,
    0xa, 0x40, 0xd, 0xf0, 0x0, 0x0, 0xb, 0x7e,
    0x0, 0x0, 0x7, 0xdf, 0xe0, 0x0, 0x7, 0xf7,
    0xff, 0x40, 0x1f, 0xfc, 0x6a, 0xaa, 0xaa, 0xa9,
    0x0,

    /* U+1F4BE "💾" */
    0x2a, 0xaa, 0xaa, 0xa0, 0x3f, 0x0, 0x0, 0x1f,
    0xf, 0xc0, 0x3, 0xc7, 0xf3, 0xf0, 0x0, 0xf1,
    0xfd, 0xfc, 0x0, 0x3c, 0x7f, 0xbf, 0x0, 0xa,
    0x1f, 0xef, 0xc0, 0x0, 0x7, 0xfb, 0xff, 0xff,
    0xff, 0xfe, 0xff, 0xff, 0xff, 0xff, 0xbe, 0x0,
    0x0, 0x3, 0xef, 0x80, 0x0, 0x0, 0xfb, 0xe1,
    0xaa, 0xa8, 0x3e, 0xf8, 0x0, 0x0, 0xf, 0xbe,
    0x1a, 0xaa, 0x83, 0xef, 0x80, 0x0, 0x0, 0xfb,
    0xe0, 0x0, 0x0, 0x3d, 0x2a, 0xaa, 0xaa, 0xaa,
    0x0,

    /* U+1F4BF "💿" */
    0x0, 0x6, 0x90, 0x0, 0x0, 0x24, 0x1, 0x80,
    0x0, 0x64, 0x0, 0x9, 0x0, 0x27, 0x80, 0x0,
    0x50, 0x27, 0xf0, 0x0, 0x8, 0x14, 0x7d, 0x50,
    0x0, 0x48, 0x1, 0xff, 0x40, 0x22, 0x0, 0xb0,
    0xb0, 0x8, 0x80, 0x34, 0xc, 0x2, 0x20, 0xb,
    0xb, 0x0, 0x88, 0x0, 0xff, 0x40, 0x21, 0x40,
    0x5, 0x3d, 0x4, 0x20, 0x0, 0xf, 0xd8, 0x6,
    0x0, 0x1, 0xe5, 0x0, 0x60, 0x0, 0x15, 0x0,
    0x2, 0x40, 0x19, 0x0, 0x0, 0x6, 0xa0, 0x0,
    0x0,

    /* U+1F4C0 "📀" */
    0x0, 0x1a, 0xe4, 0x0, 0x0, 0x7f, 0xff, 0xd0,
    0x0, 0x62, 0xff, 0xfe, 0x0, 0x60, 0x7f, 0xff,
    0xe0, 0x38, 0xf, 0xff, 0xfc, 0x1f, 0xd2, 0x5b,
    0xff, 0x8b, 0xfe, 0x0, 0x7f, 0xf3, 0xff, 0x4f,
    0x4f, 0xfc, 0xff, 0xcb, 0xf3, 0xff, 0x7f, 0xf4,
    0xf8, 0xff, 0xcb, 0xfe, 0x0, 0x7f, 0xf1, 0xff,
    0xe5, 0x92, 0xf8, 0x3f, 0xff, 0xf0, 0x1d, 0x7,
    0xff, 0xfe, 0x6, 0x0, 0x7f, 0xff, 0xc6, 0x0,
    0x7, 0xff, 0xfe, 0x0, 0x0, 0x1b, 0xe4, 0x0,
    0x0,

    /* U+1F4C1 "📁" */
    0x0, 0x14, 0x0, 0x5, 0x0, 0xa4, 0x85, 0xaa,
    0x60, 0x10, 0x6, 0x40, 0x7, 0x9a, 0x0, 0x5,
    0xa9, 0x45, 0x80, 0x6, 0x40, 0x0, 0x48, 0x0,
    0x80, 0x0, 0x8, 0x86, 0xa8, 0x0, 0x0, 0x88,
    0x80, 0x0, 0x0, 0x8, 0x84, 0x0, 0x0, 0x0,
    0x89, 0x40, 0x0, 0x0, 0x14, 0xa0, 0x0, 0x0,
    0x1, 0xa, 0x0, 0x0, 0x0, 0x20, 0xa0, 0x0,
    0x0, 0x6, 0xa, 0x0, 0x0, 0x6a, 0x40, 0xa0,
    0x6, 0x94, 0x0, 0xe, 0x69, 0x0, 0x0, 0x0,
    0x50, 0x0, 0x0, 0x0, 0x0,

    /* U+1F4C2 "📂" */
    0x0, 0x14, 0x0, 0x0, 0x0, 0xa, 0x58, 0x1a,
    0xac, 0x0, 0x4, 0x6, 0x50, 0x8, 0x0, 0x30,
    0x0, 0x0, 0x8, 0x0, 0x20, 0x0, 0x0, 0x9,
    0xac, 0x20, 0x0, 0xa, 0xa5, 0x8, 0x20, 0x0,
    0x20, 0x0, 0x10, 0x20, 0x0, 0x20, 0x0, 0x20,
    0x20, 0x2a, 0x40, 0x0, 0x50, 0x20, 0x40, 0x0,
    0x0, 0x80, 0x20, 0x40, 0x0, 0x0, 0x80, 0x21,
    0x0, 0x0, 0x2, 0x0, 0x21, 0x0, 0x0, 0x6,
    0x0, 0x24, 0x0, 0x6, 0xa4, 0x0, 0x24, 0x6,
    0xa4, 0x0, 0x0, 0x3a, 0xa4, 0x0, 0x0, 0x0,
    0x14, 0x0, 0x0, 0x0, 0x0,

    /* U+1F4C3 "📃" */
    0x6a, 0xaa, 0xaa, 0xa0, 0x80, 0x0, 0x0, 0x20,
    0x80, 0x0, 0x0, 0x20, 0x81, 0xaa, 0xa8, 0x20,
    0x80, 0x0, 0x0, 0x20, 0x81, 0xaa, 0xa8, 0x20,
    0x80, 0x0, 0x0, 0x20, 0x81, 0xaa, 0xa8, 0x20,
    0x80, 0x0, 0x0, 0x20, 0x81, 0xaa, 0xa8, 0x20,
    0x80, 0x0, 0x0, 0x20, 0x81, 0xa8, 0x0, 0x20,
    0x80, 0x0, 0x0, 0x20, 0x80, 0x0, 0x0, 0x30,
    0x40, 0x95, 0x55, 0x56, 0x52, 0x0, 0x0, 0x2,
    0x1f, 0xaa, 0xaa, 0xa4,

    /* U+1F4C4 "📄" */
    0x2a, 0xaa, 0xa8, 0x2, 0x0, 0x0, 0xe0, 0x20,
    0x0, 0x8, 0x82, 0x0, 0x0, 0xeb, 0x20, 0x0,
    0x0, 0x22, 0x1a, 0xaa, 0x82, 0x20, 0x0, 0x0,
    0x22, 0x1a, 0xaa, 0x82, 0x20, 0x0, 0x0, 0x22,
    0x1a, 0xaa, 0x82, 0x20, 0x0, 0x0, 0x22, 0x1a,
    0xaa, 0x82, 0x20, 0x0, 0x0, 0x22, 0x1a, 0x80,
    0x2, 0x20, 0x0, 0x0, 0x22, 0x0, 0x0, 0x2,
    0x2a, 0xaa, 0xaa, 0xa0,

    /* U+1F4C5 "📅" */
    0x51, 0x55, 0x55, 0x45, 0xb6, 0xff, 0xff, 0xcf,
    0xb6, 0xef, 0xef, 0xcf, 0xbf, 0xea, 0xaa, 0xff,
    0xbf, 0xa9, 0xab, 0xff, 0xbf, 0xff, 0xfb, 0xff,
    0xbf, 0xff, 0xff, 0xff, 0x80, 0x0, 0x0, 0x2,
    0x80, 0x24, 0x2a, 0x2, 0x80, 0x74, 0x3, 0x2,
    0x80, 0x24, 0x5, 0x2, 0x80, 0x24, 0xc, 0x2,
    0x80, 0x24, 0xc, 0x2, 0x80, 0xbd, 0x8, 0x2,
    0x80, 0x0, 0x0, 0x2, 0x80, 0x0, 0x0, 0x2,
    0x6a, 0xaa, 0xaa, 0xaa,

    /* U+1F4C6 "📆" */
    0x55, 0x55, 0x55, 0x54, 0x3e, 0xff, 0xff, 0xef,
    0xd, 0x3b, 0xfb, 0xf1, 0xe7, 0xfe, 0xba, 0xaf,
    0xf1, 0xfe, 0x6a, 0x7b, 0xfc, 0x7f, 0xff, 0xfb,
    0xff, 0x1e, 0xaa, 0xaa, 0xaa, 0xc6, 0x0, 0x41,
    0x50, 0x21, 0x80, 0xb0, 0x5c, 0xc, 0x60, 0xc,
    0x5, 0x2, 0x18, 0x3, 0x2, 0x0, 0x86, 0x0,
    0xc0, 0xc0, 0x21, 0x80, 0xb8, 0x32, 0xfc, 0x60,
    0x0, 0x0, 0xbc, 0x19, 0x55, 0x55, 0x78, 0x5,
    0xd5, 0x55, 0x54, 0x1, 0x1a, 0xaa, 0xaa, 0xaa,
    0x40,

    /* U+1F4C7 "📇" */
    0x0, 0xaa, 0xaa, 0xa4, 0x0, 0x1, 0x0, 0x0,
    0x10, 0x0, 0x4, 0xa2, 0xa0, 0x40, 0x0, 0x17,
    0xc0, 0x1, 0x0, 0x0, 0x5f, 0x14, 0x4, 0x0,
    0x1e, 0x0, 0xa0, 0x38, 0x0, 0x68, 0x0, 0x0,
    0xc8, 0x4, 0xd1, 0x0, 0x43, 0x20, 0x13, 0xae,
    0xab, 0xac, 0x80, 0x38, 0x0, 0x0, 0x1d, 0x1,
    0xc0, 0x0, 0x0, 0x38, 0xf, 0xaa, 0xaa, 0xaa,
    0xb0, 0x63, 0xaa, 0xaa, 0xad, 0x33, 0xf, 0xaa,
    0xaa, 0xf0, 0xcc, 0x2c, 0x0, 0x3, 0xc3, 0x36,
    0xaa, 0xaa, 0xa9, 0xdc, 0x74, 0x0, 0x0, 0x0,
    0xd0,

    /* U+1F4C8 "📈" */
    0x59, 0x65, 0x99, 0x66, 0x11, 0x4, 0x11, 0x4,
    0xc4, 0x41, 0x4, 0x41, 0xa2, 0x75, 0xd7, 0x75,
    0xf8, 0x44, 0x10, 0x44, 0x30, 0x27, 0x5d, 0x77,
    0x7d, 0x84, 0x41, 0x4, 0x55, 0x1, 0x10, 0x41,
    0x28, 0x40, 0x9d, 0x75, 0xdd, 0x76, 0x11, 0x44,
    0x1a, 0x4, 0x4, 0xaa, 0xd, 0x41, 0x3, 0x7a,
    0xeb, 0x75, 0xd8, 0x4c, 0x2a, 0x44, 0x10, 0x3f,
    0x5d, 0xb7, 0x5d, 0x8a, 0x41, 0x4, 0x41, 0x3,
    0x10, 0x41, 0x10, 0x40, 0x99, 0x65, 0x99, 0x65,
    0x0,

    /* U+1F4C9 "📉" */
    0x99, 0x65, 0x99, 0x65, 0x31, 0x4, 0x11, 0x4,
    0xa, 0x41, 0x4, 0x41, 0x2, 0xf5, 0xdb, 0x75,
    0xd8, 0x4c, 0x1a, 0x44, 0x10, 0x27, 0x9e, 0xb7,
    0x5d, 0x84, 0xae, 0xd, 0x41, 0x1, 0x18, 0x41,
    0xa0, 0x40, 0x9d, 0x75, 0xed, 0x76, 0x11, 0x4,
    0x12, 0x84, 0x4, 0x41, 0x4, 0x65, 0x3, 0x75,
    0xd7, 0x77, 0xd8, 0x44, 0x10, 0x44, 0x30, 0x37,
    0x5d, 0x77, 0x5f, 0x84, 0x41, 0x4, 0x41, 0x91,
    0x10, 0x41, 0x10, 0x4c, 0x59, 0x65, 0x99, 0x66,
    0x0,

    /* U+1F4CA "📊" */
    0x55, 0x55, 0x55, 0x55, 0x10, 0x0, 0x0, 0x0,
    0x4, 0x0, 0x0, 0x0, 0x2, 0x55, 0x55, 0x5b,
    0xd8, 0x40, 0x0, 0x1, 0xf0, 0x25, 0x55, 0x55,
    0xfd, 0x84, 0x0, 0x0, 0x1f, 0x1, 0x1a, 0x0,
    0x7, 0xc0, 0x9f, 0xd5, 0x57, 0xf6, 0x11, 0xf0,
    0x0, 0x7c, 0x4, 0x7c, 0x3d, 0x1f, 0x3, 0x7f,
    0x5f, 0x9f, 0xd8, 0x47, 0xc3, 0xd1, 0xf0, 0x37,
    0xf5, 0xf9, 0xfd, 0x84, 0x7c, 0x3d, 0x1f, 0x1,
    0x1f, 0xf, 0x47, 0xc0, 0x5b, 0xd7, 0xe6, 0xf5,
    0x0,

    /* U+1F4CB "📋" */
    0x0, 0x14, 0x0, 0x0, 0x24, 0x0, 0x1, 0xbf,
    0x80, 0xab, 0xff, 0xfb, 0x80, 0x0, 0x2, 0x80,
    0x0, 0x2, 0x86, 0xaa, 0x92, 0x86, 0xaa, 0x92,
    0x80, 0x0, 0x2, 0x86, 0xaa, 0x92, 0x80, 0x0,
    0x2, 0x86, 0xaa, 0x92, 0x80, 0x0, 0x2, 0x86,
    0xa0, 0x2, 0x80, 0x0, 0x2, 0x80, 0x0, 0x2,
    0xaa, 0xaa, 0xaa,

    /* U+1F4CC "📌" */
    0x0, 0x0, 0x9, 0x0, 0x0, 0x0, 0x28, 0x90,
    0x0, 0x0, 0x88, 0x24, 0x0, 0x0, 0x46, 0x8,
    0x0, 0x0, 0x71, 0x42, 0x0, 0xa9, 0x98, 0x62,
    0x2, 0x0, 0x6, 0x9, 0x1, 0x0, 0x2, 0xe4,
    0x0, 0x80, 0x5, 0x0, 0x0, 0x50, 0x5, 0x0,
    0x0, 0x74, 0x2, 0x0, 0x1, 0x8d, 0x2, 0x0,
    0x6, 0x21, 0x85, 0x0, 0x8, 0x80, 0x14, 0x0,
    0x22, 0x0, 0x0, 0x0, 0xa8, 0x0, 0x0, 0x0,
    0x50, 0x0, 0x0, 0x0,

    /* U+1F4CD "📍" */
    0x1, 0x40, 0x7, 0xfe, 0x7, 0xaf, 0xe3, 0x7f,
    0xfc, 0xef, 0xff, 0x3f, 0xff, 0xc7, 0xff, 0xe0,
    0x7f, 0xe0, 0x3, 0x90, 0x0, 0x90, 0x0, 0x24,
    0x0, 0x9, 0x0, 0x2, 0x40, 0x0, 0x90, 0x0,
    0x28, 0x0, 0xa, 0x0, 0x0, 0x40, 0x0,

    /* U+1F4CE "📎" */
    0x2, 0x90, 0x0, 0x0, 0x1, 0x81, 0x80, 0x0,
    0x0, 0x22, 0x92, 0x18, 0x0, 0x8, 0x82, 0x4e,
    0x20, 0x0, 0x88, 0x9, 0x35, 0x80, 0x5, 0x50,
    0x20, 0xd6, 0x0, 0x21, 0x5c, 0x83, 0x58, 0x0,
    0x8b, 0x22, 0xc, 0x60, 0x2, 0x3c, 0x88, 0x71,
    0x80, 0x8, 0xb2, 0x62, 0x85, 0x0, 0x22, 0xc8,
    0x82, 0x20, 0x0, 0x8b, 0xa4, 0x22, 0x0, 0x2,
    0x24, 0x2, 0x20, 0x0, 0x8, 0x90, 0x52, 0x0,
    0x0, 0x21, 0xa4, 0x80, 0x0, 0x0, 0x90, 0x24,
    0x0, 0x0, 0x1, 0xa4, 0x0,

    /* U+1F4CF "📏" */
    0x1, 0x0, 0x0, 0x0, 0x2, 0xa0, 0x0, 0x0,
    0x2, 0x4a, 0x0, 0x0, 0x2, 0x40, 0x60, 0x0,
    0x0, 0x50, 0x26, 0x0, 0x0, 0x5, 0x1, 0x60,
    0x0, 0x0, 0x50, 0x1a, 0x0, 0x0, 0x5, 0x0,
    0xa0, 0x0, 0x0, 0x50, 0xe, 0x0, 0x0, 0x5,
    0x4, 0xa0, 0x0, 0x0, 0x50, 0x6, 0x0, 0x0,
    0x5, 0x2, 0x70, 0x0, 0x0, 0x50, 0x16, 0x0,
    0x0, 0x5, 0x0, 0x80, 0x0, 0x0, 0x50, 0x80,
    0x0, 0x0, 0x6, 0x80, 0x0, 0x0, 0x0, 0x40,
    0x0,

    /* U+1F4D0 "📐" */
    0x40, 0x0, 0x0, 0x0, 0x34, 0x0, 0x0, 0x0,
    0xa, 0x40, 0x0, 0x0, 0x2, 0x24, 0x0, 0x0,
    0x0, 0x86, 0x40, 0x0, 0x0, 0x20, 0xb4, 0x0,
    0x0, 0x8, 0x13, 0x40, 0x0, 0x2, 0x0, 0x30,
    0x0, 0x0, 0x80, 0x13, 0x0, 0x0, 0x20, 0x90,
    0x30, 0x0, 0x8, 0x29, 0x1a, 0x0, 0x2, 0x8,
    0x90, 0xa0, 0x0, 0x82, 0xad, 0xb, 0x0, 0x20,
    0x0, 0x0, 0x70, 0x8, 0x0, 0x0, 0x2, 0x2,
    0x0, 0x0, 0x0, 0x20, 0xaa, 0xaa, 0xaa, 0xaa,
    0x0,

    /* U+1F4D1 "📑" */
    0x55, 0x55, 0x55, 0x2, 0x0, 0x0, 0x8, 0x8,
    0x0, 0x0, 0x3a, 0x20, 0x55, 0x50, 0xdc, 0x81,
    0x55, 0x4f, 0xf6, 0x1a, 0xaa, 0x8, 0xc8, 0x0,
    0x0, 0x3f, 0x61, 0xaa, 0xa0, 0xed, 0x80, 0x0,
    0x7, 0xb6, 0x1a, 0xaa, 0x3f, 0xd8, 0x0, 0x0,
    0x22, 0x21, 0xa8, 0x0, 0xed, 0x80, 0x0, 0x3,
    0xf6, 0x0, 0x0, 0x8, 0x8a, 0xea, 0xaa, 0xa2,
    0x2, 0x0, 0x0, 0x8, 0xa, 0xaa, 0xaa, 0x90,

    /* U+1F4D2 "📒" */
    0xa, 0xaa, 0xaa, 0x0, 0x50, 0x0, 0x3, 0xc3,
    0xe0, 0x0, 0xa, 0x28, 0x0, 0x0, 0x24, 0xa0,
    0x0, 0x0, 0x91, 0xf8, 0x0, 0x2, 0x4a, 0x0,
    0x0, 0x9, 0x1f, 0x80, 0x0, 0x24, 0xa0, 0x0,
    0x0, 0x91, 0xf8, 0x0, 0x2, 0x4a, 0x0, 0x0,
    0x9, 0x28, 0x0, 0x0, 0x24, 0x7e, 0x0, 0x0,
    0x92, 0x40, 0x0, 0x3, 0x42, 0xea, 0xaa, 0xad,
    0x3, 0x0, 0x0, 0x1c, 0x6, 0xaa, 0xaa, 0x90,

    /* U+1F4D3 "📓" */
    0x2e, 0xbe, 0xe9, 0xf, 0xd1, 0x14, 0x6d, 0xfd,
    0x54, 0x16, 0x2f, 0x96, 0xaa, 0x62, 0xf9, 0x80,
    0x22, 0x2f, 0x98, 0x2, 0x62, 0xf9, 0x6a, 0xa2,
    0x2f, 0x85, 0x15, 0x72, 0xf5, 0x51, 0x6, 0x2f,
    0xd0, 0x54, 0x62, 0xf9, 0x45, 0x52, 0x2f, 0x86,
    0x44, 0xa2, 0xf8, 0x40, 0x2, 0x2f, 0x81, 0x51,
    0x76, 0xfe, 0xab, 0xfb, 0xa8, 0x0, 0x0, 0xb,
    0x2a, 0xaa, 0xaa, 0x80,

    /* U+1F4D4 "📔" */
    0x2a, 0xaa, 0xa9, 0xf, 0x80, 0x0, 0x2d, 0xf8,
    0x0, 0x2, 0x2f, 0x80, 0xa0, 0x22, 0xf8, 0xe0,
    0xb2, 0x2f, 0x88, 0x2, 0x22, 0xf8, 0xe0, 0xb2,
    0x2f, 0x80, 0xa0, 0x22, 0xf8, 0x0, 0x2, 0x2f,
    0x80, 0x0, 0x22, 0xf8, 0x0, 0x2, 0x2f, 0x80,
    0x0, 0x22, 0xf8, 0x0, 0x2, 0x2f, 0x80, 0x0,
    0x32, 0xfe, 0xaa, 0xab, 0x68, 0x0, 0x0, 0xa,
    0x2a, 0xaa, 0xaa, 0x80,

    /* U+1F4D5 "📕" */
    0x2a, 0xeb, 0xb9, 0xf, 0x88, 0x22, 0x2d, 0xf8,
    0x82, 0x22, 0x2f, 0x88, 0x22, 0x22, 0xf8, 0x82,
    0x22, 0x2f, 0x88, 0x22, 0x22, 0xf8, 0x82, 0x22,
    0x2f, 0x88, 0x22, 0x22, 0xf8, 0x82, 0x22, 0x2f,
    0x88, 0x22, 0x22, 0xf8, 0x82, 0x22, 0x2f, 0x88,
    0x22, 0x22, 0xf8, 0x82, 0x22, 0x2f, 0x88, 0x22,
    0x32, 0xfe, 0xeb, 0xbb, 0x68, 0x0, 0x0, 0xa,
    0x2a, 0xaa, 0xaa, 0x80,

    /* U+1F4D6 "📖" */
    0x0, 0x16, 0x4a, 0x50, 0x0, 0xa9, 0x1, 0xc0,
    0x6b, 0xf, 0x5, 0x62, 0x55, 0x4b, 0xb8, 0x40,
    0x8, 0x1, 0x2a, 0xe1, 0x22, 0x25, 0x94, 0xab,
    0x81, 0x54, 0x94, 0x42, 0xae, 0x14, 0x2, 0x0,
    0x4a, 0xb8, 0x95, 0x49, 0x56, 0x2a, 0xe0, 0x12,
    0x25, 0x40, 0xab, 0x84, 0x0, 0x80, 0x12, 0xae,
    0x1, 0xa6, 0x65, 0xa, 0xba, 0x90, 0x18, 0x6,
    0xaa, 0xd1, 0x6a, 0x8a, 0x95, 0x2a, 0xaa, 0xaa,
    0xaa, 0xaa, 0x65, 0x0, 0x1, 0x0, 0x5, 0x40,

    /* U+1F4D7 "📗" */
    0x2a, 0xab, 0xa9, 0xf, 0x49, 0x8, 0x2d, 0xf8,
    0x20, 0x21, 0x6f, 0xe0, 0x80, 0x92, 0xf5, 0x82,
    0x3, 0x2f, 0x46, 0x8, 0x12, 0xfc, 0x18, 0x21,
    0x2f, 0xa0, 0x60, 0xa2, 0xf4, 0x81, 0x83, 0x2f,
    0x82, 0x6, 0x12, 0xfd, 0x8, 0x19, 0x2f, 0x64,
    0x20, 0x72, 0xf4, 0x90, 0x82, 0x2f, 0x42, 0x42,
    0x26, 0xfe, 0xae, 0xaf, 0xa8, 0x0, 0x0, 0xb,
    0x2a, 0xaa, 0xaa, 0x80,

    /* U+1F4D8 "📘" */
    0x2a, 0xaa, 0xa9, 0xf, 0x40, 0x0, 0x2d, 0xf8,
    0x0, 0x1, 0x6f, 0xea, 0xaa, 0xb2, 0xf4, 0x0,
    0x1, 0x2f, 0xea, 0xaa, 0xb2, 0xf4, 0x0, 0x1,
    0x2f, 0xea, 0xaa, 0xb2, 0xf4, 0x0, 0x1, 0x2f,
    0xea, 0xaa, 0xb2, 0xf8, 0x0, 0x1, 0x2f, 0x40,
    0x0, 0x12, 0xfe, 0xaa, 0xab, 0x2f, 0x40, 0x0,
    0x26, 0xfe, 0xaa, 0xab, 0x68, 0x0, 0x0, 0xb,
    0x2a, 0xaa, 0xaa, 0x80,

    /* U+1F4D9 "📙" */
    0x2a, 0xeb, 0xb9, 0xf, 0x4d, 0x2a, 0x2d, 0xf8,
    0xa6, 0x31, 0x6f, 0xe8, 0xb2, 0x92, 0xf5, 0xc3,
    0x23, 0x2f, 0x4e, 0x2b, 0x12, 0xfc, 0x9a, 0x31,
    0x2f, 0xa8, 0x72, 0xa2, 0xf4, 0xc3, 0xa3, 0x2f,
    0x8a, 0x27, 0x12, 0xfd, 0x8a, 0x39, 0x2f, 0x6c,
    0x32, 0x72, 0xf4, 0xd2, 0xa2, 0x2f, 0x4a, 0x63,
    0x26, 0xfe, 0xef, 0xbf, 0xa8, 0x0, 0x0, 0xb,
    0x2a, 0xaa, 0xaa, 0x80,

    /* U+1F4DA "📚" */
    0x0, 0xb, 0x40, 0x0, 0x0, 0xa, 0x2f, 0x40,
    0x0, 0xa, 0x0, 0x2f, 0x40, 0x3, 0x40, 0x0,
    0x2f, 0x0, 0x1a, 0x0, 0x0, 0x2e, 0x3, 0xa,
    0x0, 0x0, 0xac, 0xd, 0x9, 0x0, 0x60, 0x80,
    0x3c, 0x19, 0x60, 0x28, 0x7, 0xf4, 0x20, 0x2a,
    0x2, 0x8f, 0x16, 0x29, 0x74, 0xa, 0xbc, 0x7d,
    0x42, 0x42, 0x47, 0xc0, 0x6, 0xfd, 0x6, 0xa,
    0xe5, 0xa0, 0x50, 0xa, 0x6, 0x90, 0x24, 0x0,
    0x9, 0x10, 0x68, 0x0, 0x0, 0xa, 0xb4, 0x0,
    0x0, 0x0, 0x14, 0x0, 0x0,

    /* U+1F4DB "📛" */
    0x0, 0x0, 0x0, 0x0, 0x0, 0xc0, 0x60, 0x34,
    0x0, 0xf8, 0x3c, 0x2f, 0x0, 0x7f, 0x6f, 0xcf,
    0xe0, 0x3f, 0xff, 0xff, 0xfc, 0x1f, 0xff, 0xff,
    0xff, 0x4b, 0xff, 0xff, 0xff, 0xe2, 0xff, 0xff,
    0xff, 0xfc, 0xf4, 0x0, 0x0, 0xf, 0x3d, 0x0,
    0x0, 0x3, 0xcf, 0x40, 0x0, 0x0, 0xf2, 0xd0,
    0x0, 0x0, 0x7c, 0x7f, 0xff, 0xff, 0xfd, 0xf,
    0xff, 0xff, 0xff, 0x0, 0xff, 0xff, 0xff, 0x0,
    0xb, 0xff, 0xff, 0x0, 0x0, 0x2b, 0xe8, 0x0,
    0x0,

    /* U+1F4DC "📜" */
    0xb, 0xea, 0xaa, 0xa4, 0x3, 0xa8, 0x0, 0x0,
    0x40, 0x63, 0xc6, 0x19, 0x82, 0x3, 0xec, 0x14,
    0x14, 0x20, 0xb, 0xc0, 0x0, 0x2, 0x0, 0x8,
    0x66, 0x94, 0x20, 0x0, 0x85, 0x61, 0x82, 0x0,
    0x8, 0x0, 0x0, 0x20, 0x0, 0x85, 0x55, 0x42,
    0x0, 0x8, 0x6a, 0x98, 0x20, 0x0, 0x80, 0x0,
    0x2, 0x0, 0x8, 0x5, 0x50, 0x20, 0x0, 0xfa,
    0xaa, 0xab, 0x40, 0x3a, 0x80, 0x0, 0x5, 0xa,
    0xa8, 0x0, 0x0, 0x20, 0x2e, 0x80, 0x0, 0x5,
    0x0, 0x7e, 0xaa, 0xaa, 0x40,

    /* U+1F4DD "📝" */
    0x2a, 0xaa, 0xaa, 0xa0, 0x2, 0x0, 0x0, 0x2,
    0x50, 0x20, 0x0, 0x0, 0x3e, 0x82, 0x15, 0x54,
    0x7, 0x1a, 0x20, 0x0, 0x0, 0x88, 0x22, 0x0,
    0x0, 0x19, 0x2c, 0x20, 0x44, 0x2, 0x99, 0x42,
    0x15, 0x5, 0x95, 0x50, 0x20, 0x0, 0x15, 0x58,
    0x2, 0x15, 0x59, 0x8a, 0x0, 0x20, 0x0, 0xe2,
    0x70, 0x2, 0x15, 0x5, 0x9a, 0x0, 0x20, 0x0,
    0x87, 0x20, 0x2, 0x0, 0x2f, 0x42, 0x0, 0x21,
    0x55, 0x40, 0x20, 0x2, 0x0, 0x0, 0x2, 0x0,
    0x2a, 0xaa, 0xaa, 0x90, 0x0,

    /* U+1F4DE "📞" */
    0x9, 0x0, 0x0, 0x0, 0xe, 0x60, 0x0, 0x0,
    0x8, 0x22, 0x0, 0x0, 0x2, 0x2, 0x40, 0x0,
    0x0, 0x80, 0x70, 0x0, 0x0, 0x20, 0x14, 0x0,
    0x0, 0x8, 0x8, 0x0, 0x0, 0x0, 0x42, 0x0,
    0x0, 0x0, 0x20, 0x20, 0x0, 0x0, 0x2, 0x6,
    0x0, 0x0, 0x0, 0x50, 0x60, 0x9, 0x0, 0x9,
    0x6, 0xa, 0x20, 0x0, 0x90, 0x18, 0x22, 0x0,
    0x9, 0x0, 0x2, 0x50, 0x0, 0x60, 0x0, 0x34,
    0x0, 0x2, 0x90, 0x24, 0x0, 0x0, 0x6, 0xa0,
    0x0,

    /* U+1F4DF "📟" */
    0x0, 0x0, 0x0, 0x0, 0x6a, 0xaa, 0xaa, 0xa9,
    0x80, 0x0, 0x0, 0x2, 0x8f, 0xfe, 0xef, 0xf2,
    0x8f, 0xda, 0xba, 0xb6, 0x8f, 0xee, 0xea, 0xb6,
    0x8f, 0xee, 0xee, 0xb6, 0x86, 0xaa, 0xaa, 0xa2,
    0x80, 0x0, 0x0, 0x2, 0x8e, 0x6b, 0x6c, 0xa6,
    0x85, 0x19, 0x24, 0xa2, 0x6a, 0xaa, 0xaa, 0xa9,
    0x0, 0x0, 0x0, 0x0,

    /* U+1F4E0 "📠" */
    0x0, 0x1a, 0xaa, 0xa0, 0x0, 0x1, 0x0, 0x1,
    0x40, 0x0, 0x14, 0x55, 0x8, 0x0, 0x0, 0x6f,
    0xfc, 0x80, 0x1, 0xb4, 0x0, 0x8, 0x1, 0xb3,
    0xea, 0xaa, 0xe8, 0x25, 0x34, 0x0, 0x0, 0x82,
    0x83, 0x6f, 0xe1, 0x44, 0x28, 0x34, 0x10, 0x14,
    0x52, 0x83, 0x51, 0x11, 0x41, 0x2c, 0x31, 0x11,
    0x14, 0x21, 0xc3, 0x22, 0x12, 0x82, 0x5f, 0xe2,
    0x22, 0x18, 0x2a, 0x0, 0x0, 0x0, 0x3, 0x6a,
    0xaa, 0xaa, 0xaa, 0xa1, 0x0, 0x55, 0x55, 0x1,
    0x1a, 0xaa, 0xaa, 0xaa, 0x80,

    /* U+1F4E1 "📡" */
    0x1a, 0x0, 0x0, 0x0, 0x50, 0x64, 0x1, 0xc0,
    0xc0, 0x2, 0x4b, 0x80, 0xa0, 0x1, 0xfb, 0x0,
    0x30, 0x19, 0x2e, 0x0, 0x2a, 0x80, 0x23, 0x0,
    0x17, 0x0, 0x42, 0x80, 0x8, 0x80, 0x2, 0x20,
    0x5, 0x20, 0x2, 0x8, 0x2, 0x6a, 0x1, 0x5,
    0x0, 0xd9, 0x95, 0x2, 0x0, 0x8d, 0x1e, 0x5,
    0x0, 0x88, 0xfb, 0xfc, 0x1, 0x8b, 0xf4, 0x0,
    0xa, 0xaf, 0xea, 0x0, 0xd, 0x0, 0x7, 0x0,
    0x0, 0x6a, 0xa4, 0x0,

    /* U+1F4E2 "📢" */
    0x0, 0x0, 0x0, 0x1, 0x0, 0x0, 0x0, 0x2,
    0xf4, 0x0, 0x0, 0x2, 0xbf, 0xc0, 0x16, 0xaa,
    0x43, 0xfd, 0x8, 0x20, 0x0, 0x7f, 0xd2, 0x2,
    0x0, 0x7, 0xfe, 0x20, 0x20, 0x0, 0x80, 0xe2,
    0x2, 0x0, 0x8, 0xf, 0x20, 0x20, 0x0, 0x81,
    0xe2, 0x2, 0x0, 0x7, 0xfe, 0x8, 0x20, 0x0,
    0x7f, 0xe0, 0x3a, 0xee, 0x43, 0xfd, 0x1, 0x48,
    0x96, 0x7f, 0xc0, 0x8, 0x2c, 0x3, 0xf8, 0x0,
    0x80, 0x80, 0xe, 0x0, 0x2, 0x8, 0x0, 0x0,
    0x0, 0x1a, 0x0, 0x0, 0x0,

    /* U+1F4E3 "📣" */
    0x0, 0x0, 0x0, 0xe0, 0x0, 0x0, 0x0, 0xf,
    0xf0, 0x0, 0x0, 0x0, 0xaf, 0xe0, 0x0, 0x0,
    0x18, 0xbf, 0xd0, 0x0, 0x1, 0x42, 0xff, 0xc0,
    0x0, 0x24, 0x7, 0xff, 0x40, 0x2, 0x14, 0xf,
    0xfe, 0x0, 0x21, 0x80, 0x3f, 0xfc, 0x2a, 0x24,
    0x0, 0x7f, 0xf6, 0x62, 0x0, 0x0, 0xff, 0xda,
    0x10, 0x0, 0x1, 0xff, 0x64, 0x0, 0x0, 0x3,
    0xfd, 0x88, 0x0, 0x0, 0x3, 0xf0, 0x5a, 0xaf,
    0xaf, 0xeb, 0x1, 0xa8, 0x25, 0x62, 0x0, 0x0,
    0x0, 0x80, 0x4, 0x0, 0x0, 0x0, 0x6a, 0x40,
    0x0,

    /* U+1F4E4 "📤" */
    0x0, 0x0, 0x40, 0x0, 0x0, 0x3, 0xd0, 0x0,
    0x0, 0xb, 0xf0, 0x0, 0x0, 0x2f, 0xfc, 0x0,
    0x0, 0x7, 0xf0, 0x0, 0x0, 0x7, 0xf0, 0x0,
    0xa, 0xa7, 0xf2, 0xa4, 0x10, 0x7, 0xf0, 0x8,
    0x20, 0x0, 0x0, 0x4, 0x65, 0x0, 0x0, 0x17,
    0x95, 0x80, 0x1, 0x96, 0x80, 0x6a, 0xa9, 0x2,
    0x80, 0x0, 0x0, 0x2, 0x80, 0x0, 0x0, 0x2,
    0x80, 0x0, 0x0, 0x2, 0x80, 0x0, 0x0, 0x2,
    0x6a, 0xaa, 0xaa, 0xaa,

    /* U+1F4E5 "📥" */
    0x0, 0x2, 0xa0, 0x0, 0x0, 0x7, 0xf0, 0x0,
    0x0, 0x7, 0xf0, 0x0, 0x0, 0x7, 0xf0, 0x0,
    0x0, 0x1f, 0xf8, 0x0, 0x0, 0xf, 0xf8, 0x0,
    0xa, 0x93, 0xe2, 0xa4, 0x10, 0x1, 0xc0, 0x8,
    0x20, 0x0, 0x0, 0x4, 0x50, 0x0, 0x0, 0x2,
    0x95, 0x80, 0x1, 0x97, 0x80, 0x6a, 0xa9, 0x2,
    0x80, 0x0, 0x0, 0x2, 0x80, 0x0, 0x0, 0x2,
    0x80, 0x0, 0x0, 0x2, 0x80, 0x0, 0x0, 0x2,
    0x6a, 0xaa, 0xaa, 0xaa,

    /* U+1F4E6 "📦" */
    0x0, 0x1, 0x90, 0x0, 0x0, 0x1d, 0x18, 0x0,
    0x1, 0x92, 0x81, 0x80, 0xa, 0x90, 0x24, 0x28,
    0x34, 0x18, 0x6, 0x4b, 0x26, 0x2, 0x80, 0x76,
    0x20, 0x60, 0x24, 0x22, 0x20, 0xa, 0x2c, 0x22,
    0x20, 0x0, 0xc8, 0xa2, 0x20, 0x0, 0x8e, 0x42,
    0x24, 0x0, 0x84, 0x2, 0x25, 0x90, 0x80, 0x2,
    0x24, 0x50, 0x80, 0x6, 0x6, 0x40, 0x80, 0x64,
    0x0, 0xa0, 0x82, 0x40, 0x0, 0xa, 0xa4, 0x0,
    0x0, 0x0, 0x80, 0x0,

    /* U+1F4E7 "📧" */
    0x6a, 0xaa, 0xaa, 0xaa, 0xaa, 0x0, 0x0, 0x0,
    0xa, 0x89, 0x0, 0x0, 0x2, 0x28, 0x24, 0x1a,
    0x80, 0x82, 0x80, 0x92, 0x0, 0x60, 0x28, 0x3,
    0x60, 0xd, 0x2, 0x80, 0x82, 0xa4, 0x20, 0x28,
    0x14, 0x20, 0x0, 0x82, 0x82, 0x2, 0x0, 0x5,
    0x28, 0x80, 0x2a, 0x80, 0x22, 0x94, 0x0, 0x0,
    0x0, 0xaa, 0x0, 0x0, 0x0, 0x7, 0x6a, 0xaa,
    0xaa, 0xaa, 0xa0,

    /* U+1F4E8 "📨" */
    0x64, 0xaa, 0xaa, 0xaa, 0xa0, 0x2, 0x40, 0x0,
    0x2, 0xc6, 0x11, 0x40, 0x0, 0xa2, 0x0, 0x82,
    0x40, 0x9, 0x14, 0x52, 0x7, 0x41, 0xd0, 0x80,
    0x14, 0x22, 0x64, 0x82, 0x0, 0x82, 0x2, 0x2,
    0x8, 0x2, 0x20, 0x0, 0x1, 0x50, 0xa, 0x0,
    0x0, 0xa, 0x0, 0x70, 0x0, 0x0, 0x18, 0x1,
    0xaa, 0xaa, 0xaa, 0x90, 0x0,

    /* U+1F4E9 "📩" */
    0x0, 0x5, 0x0, 0x0, 0x0, 0xf4, 0x0, 0x0,
    0xf, 0x40, 0x0, 0x1, 0xf8, 0x0, 0x0, 0xf,
    0x40, 0x0, 0x0, 0x60, 0x0, 0x0, 0x0, 0x0,
    0xf, 0xaa, 0xaa, 0xaf, 0xa4, 0x0, 0x1, 0xa8,
    0x60, 0x0, 0x62, 0x80, 0x80, 0x28, 0x28, 0x26,
    0x9, 0x82, 0x82, 0xa, 0x2, 0x28, 0x80, 0x0,
    0x22, 0xa0, 0x0, 0x0, 0xad, 0x0, 0x0, 0x3,
    0xaa, 0xaa, 0xaa, 0xa0,

    /* U+1F4EA "📪" */
    0x1, 0xaa, 0xaa, 0xa4, 0x0, 0x80, 0x80, 0x0,
    0x20, 0x21, 0x52, 0x0, 0x0, 0x82, 0x26, 0x21,
    0xba, 0xae, 0x22, 0x92, 0x23, 0x54, 0x22, 0x0,
    0x21, 0xa5, 0x62, 0x20, 0x2, 0x0, 0x2, 0x22,
    0x0, 0x20, 0x0, 0x1e, 0x20, 0x2, 0x0, 0x0,
    0x43, 0xaa, 0xba, 0xaa, 0xa8, 0x0, 0x0, 0x52,
    0x0, 0x0, 0x0, 0x5, 0x20, 0x0, 0x0, 0x0,
    0x52, 0x0, 0x0, 0x0, 0x2, 0x90, 0x0,

    /* U+1F4EB "📫" */
    0x0, 0x0, 0x2a, 0x80, 0x0, 0x0, 0x10, 0x20,
    0x0, 0x0, 0x5, 0xa8, 0x0, 0x1a, 0xab, 0x7a,
    0x80, 0x20, 0x20, 0x58, 0x8, 0x21, 0x42, 0x16,
    0x0, 0x88, 0x98, 0x8b, 0xc0, 0x22, 0x2a, 0x22,
    0x20, 0x8, 0x80, 0x8, 0x64, 0x2, 0x20, 0x2,
    0x0, 0x0, 0x88, 0x0, 0x80, 0x0, 0x22, 0x0,
    0x20, 0x0, 0x8, 0xea, 0xae, 0xaa, 0xab, 0x0,
    0x0, 0x52, 0x0, 0x0, 0x0, 0x14, 0x80, 0x0,
    0x0, 0x5, 0x20, 0x0, 0x0, 0x0, 0xa4, 0x0,
    0x0,

    /* U+1F4EC "📬" */
    0x0, 0x0, 0x2a, 0x80, 0x0, 0x0, 0x14, 0x20,
    0x0, 0x0, 0x5, 0xa8, 0x0, 0x1a, 0xab, 0x7a,
    0x80, 0x3f, 0xf0, 0x58, 0x8, 0x2f, 0xfe, 0x16,
    0x0, 0x8f, 0xff, 0xcb, 0xc0, 0x23, 0xea, 0xb2,
    0x20, 0x8, 0xa4, 0xc, 0x64, 0x2, 0x32, 0x8b,
    0x0, 0x0, 0x8c, 0x89, 0xc0, 0x0, 0x23, 0xc0,
    0x30, 0x0, 0x8, 0xfa, 0xae, 0xaa, 0xab, 0x0,
    0x0, 0x52, 0x0, 0x0, 0x0, 0x14, 0x80, 0x0,
    0x0, 0x5, 0x20, 0x0, 0x0, 0x0, 0xa4, 0x0,
    0x0,

    /* U+1F4ED "📭" */
    0x1, 0xaa, 0xaa, 0xa4, 0x0, 0xff, 0xc0, 0x0,
    0x20, 0x3f, 0xfe, 0x0, 0x0, 0x83, 0xff, 0xf2,
    0xba, 0xad, 0x3f, 0xff, 0x23, 0x54, 0x23, 0xff,
    0xf1, 0xa5, 0x62, 0x3f, 0xff, 0x0, 0x2, 0x23,
    0xff, 0xf0, 0x0, 0x2e, 0x3f, 0xff, 0x0, 0x0,
    0x83, 0xff, 0xfa, 0xaa, 0xac, 0x0, 0x0, 0x52,
    0x0, 0x0, 0x0, 0x4, 0x20, 0x0, 0x0, 0x0,
    0x42, 0x0, 0x0, 0x0, 0x6, 0x90, 0x0,

    /* U+1F4EE "📮" */
    0xa, 0xaa, 0xaa, 0x42, 0x0, 0x0, 0x8, 0x3a,
    0xaa, 0xaa, 0xe1, 0x0, 0x0, 0x2, 0x10, 0xff,
    0xfc, 0x21, 0xd, 0xa6, 0x42, 0x10, 0x83, 0x8,
    0x21, 0x14, 0x60, 0x82, 0x12, 0x2a, 0x45, 0x21,
    0x78, 0x6, 0xb2, 0x16, 0xaa, 0xab, 0x21, 0x0,
    0x0, 0x2, 0x10, 0x0, 0x0, 0x21, 0x0, 0x0,
    0x2, 0x2a, 0xbf, 0xfa, 0x90, 0x1, 0x8, 0x0,
    0x0, 0x1a, 0x80, 0x0,

    /* U+1F4EF "📯" */
    0x0, 0x1a, 0xa0, 0x0, 0x0, 0x9, 0x0, 0x90,
    0x0, 0x1, 0x19, 0x92, 0x2c, 0x2, 0x62, 0x1,
    0x46, 0xf0, 0x4a, 0x20, 0x8, 0xab, 0x42, 0xb2,
    0x1, 0x4c, 0x3c, 0x7, 0xf, 0xf6, 0x2, 0xd0,
    0xc, 0xbe, 0x6, 0xae, 0x0, 0x2f, 0xea, 0x0,
    0x0, 0x0, 0xff, 0x0, 0x0, 0x0, 0x20, 0x18,
    0x0, 0x0, 0x1d, 0x0, 0xb0, 0x0, 0x1, 0xc0,
    0x2, 0x0, 0x0, 0x0, 0x0, 0x0, 0x0,

    /* U+1F4F0 "📰" */
    0x15, 0x55, 0x55, 0x55, 0x2, 0x0, 0x0, 0x0,
    0x1e, 0x21, 0x54, 0x91, 0x50, 0x62, 0x3f, 0xdf,
    0x3f, 0x86, 0x23, 0xf8, 0xe3, 0xf4, 0x62, 0x0,
    0x0, 0x0, 0x6, 0x22, 0xa1, 0xa0, 0xa4, 0x62,
    0x3f, 0x1a, 0xa, 0x46, 0x20, 0x0, 0x0, 0x0,
    0x62, 0x15, 0x55, 0xa, 0x46, 0x23, 0xff, 0xf0,
    0x50, 0x62, 0x3f, 0xff, 0x5, 0x46, 0x23, 0xff,
    0xf0, 0xa4, 0x62, 0x3f, 0xff, 0x0, 0xe, 0xa,
    0xaa, 0xaa, 0xaa, 0x80,

    /* U+1F4F1 "📱" */
    0x2e, 0xab, 0xdb, 0xfa, 0xbf, 0x90, 0x0, 0x38,
    0x45, 0x12, 0x88, 0x62, 0x28, 0xda, 0x72, 0x84,
    0x51, 0x28, 0xdf, 0x72, 0x84, 0x40, 0x28, 0x98,
    0x2, 0x80, 0x0, 0x28, 0x0, 0x2, 0x80, 0x0,
    0x28, 0x9a, 0x32, 0x84, 0x11, 0x28, 0x0, 0x2,
    0x2a, 0xaa, 0x80,

    /* U+1F4F2 "📲" */
    0x0, 0x2, 0xea, 0xbd, 0x0, 0xb, 0xfa, 0xbf,
    0x0, 0x9, 0x0, 0x3, 0x0, 0x8, 0x45, 0x12,
    0x0, 0x8, 0x89, 0x22, 0x0, 0x8, 0xda, 0x72,
    0x9, 0x8, 0x45, 0x12, 0x6f, 0x8, 0xdf, 0x72,
    0xff, 0xc8, 0x44, 0x2, 0xff, 0x48, 0x88, 0x2,
    0x9, 0x8, 0x0, 0x2, 0x0, 0x8, 0x0, 0x2,
    0x0, 0x8, 0x0, 0x2, 0x0, 0x8, 0x9a, 0x72,
    0x0, 0x8, 0x45, 0x12, 0x0, 0x8, 0x0, 0x2,
    0x0, 0x2, 0xaa, 0xa8,

    /* U+1F4F3 "📳" */
    0x0, 0x6a, 0xaa, 0x0, 0x0, 0x80, 0x0, 0x80,
    0x0, 0x81, 0x50, 0x80, 0x20, 0x80, 0x0, 0x88,
    0x20, 0x9f, 0xbc, 0x82, 0x20, 0x9f, 0xfc, 0x82,
    0x14, 0x9b, 0xbc, 0x88, 0x20, 0x9f, 0xfc, 0x85,
    0x20, 0x97, 0x7c, 0x82, 0x20, 0x9f, 0xfc, 0x85,
    0x14, 0x9f, 0xfc, 0x88, 0x20, 0x9f, 0xfc, 0x82,
    0x20, 0x9f, 0xfc, 0x82, 0x20, 0x9b, 0xbc, 0x88,
    0x0, 0x9f, 0xfc, 0x84, 0x0, 0x80, 0x0, 0x80,
    0x0, 0x6a, 0xaa, 0x0,

    /* U+1F4F4 "📴" */
    0x7f, 0xff, 0xff, 0xfd, 0x3f, 0xff, 0xff, 0xff,
    0xcf, 0xd0, 0x2, 0xff, 0xf3, 0xf0, 0x14, 0x7f,
    0xfc, 0xfc, 0x55, 0x5f, 0xff, 0x3f, 0x7f, 0xf7,
    0xff, 0xcf, 0xdf, 0xff, 0xff, 0xf3, 0xf7, 0x17,
    0x19, 0xfc, 0xfd, 0x9c, 0x86, 0x7f, 0x3f, 0x76,
    0x77, 0xbf, 0xcf, 0xdf, 0xff, 0xff, 0xf3, 0xf7,
    0xff, 0x7f, 0xfc, 0xfc, 0x6a, 0x5f, 0xff, 0x3f,
    0x5, 0x7, 0xff, 0xcf, 0xd0, 0x2, 0xff, 0xf3,
    0xff, 0xff, 0xff, 0xfc, 0x7f, 0xff, 0xff, 0xfd,
    0x0,

    /* U+1F4F5 "📵" */
    0x0, 0x6, 0x90, 0x0, 0x0, 0xa0, 0x6, 0x0,
    0x6, 0x1, 0x40, 0x90, 0xd, 0x2f, 0xbc, 0x24,
    0x21, 0x7f, 0xbc, 0x8, 0x50, 0x70, 0x8, 0x5,
    0x80, 0x34, 0x8, 0x2, 0x80, 0x25, 0x8, 0x2,
    0x80, 0x21, 0x48, 0x2, 0x80, 0x20, 0x58, 0x2,
    0x80, 0x20, 0x1c, 0x2, 0x50, 0x20, 0xe, 0x5,
    0x20, 0x3e, 0xbd, 0x88, 0x8, 0x2f, 0xf8, 0x74,
    0x6, 0x0, 0x0, 0x90, 0x0, 0x90, 0x6, 0x0,
    0x0, 0x6, 0xa0, 0x0,

    /* U+1F4F6 "📶" */
    0x7f, 0xff, 0xff, 0xfe, 0x3f, 0xff, 0xff, 0xff,
    0xcf, 0xff, 0xff, 0xff, 0xf3, 0xff, 0xff, 0xfd,
    0xfc, 0xff, 0xff, 0xff, 0x2f, 0x3f, 0xff, 0xf6,
    0xcb, 0xcf, 0xff, 0xfc, 0xb2, 0xf3, 0xff, 0xdb,
    0x2c, 0xbc, 0xff, 0xf2, 0xcb, 0x2f, 0x3f, 0x7c,
    0xb2, 0xcb, 0xcf, 0xcb, 0x2c, 0xb2, 0xf3, 0xf2,
    0xcb, 0x2c, 0xbc, 0xfc, 0xb2, 0xcb, 0x2f, 0x3f,
    0x2c, 0xb2, 0xcb, 0xcf, 0xff, 0xff, 0xff, 0xf3,
    0xff, 0xff, 0xff, 0xfc, 0x7f, 0xff, 0xff, 0xfe,
    0x0,

    /* U+1F4F7 "📷" */
    0xb, 0xd0, 0x0, 0x0, 0x2, 0xff, 0xaa, 0xaa,
    0xa9, 0x80, 0x0, 0x4, 0x5, 0x28, 0x0, 0x2,
    0xe1, 0xf2, 0x80, 0x0, 0x4, 0x9, 0x2a, 0xaa,
    0xaf, 0xfe, 0xab, 0x80, 0x3, 0x40, 0x70, 0x28,
    0x0, 0x93, 0xf5, 0x82, 0x80, 0xc, 0xff, 0xcc,
    0x28, 0x0, 0xcf, 0xfc, 0x92, 0x80, 0xc, 0xff,
    0xcc, 0x28, 0x0, 0xd3, 0xf4, 0xc2, 0xaa, 0xaf,
    0x0, 0x3e, 0xb8, 0x0, 0x1e, 0xad, 0x2, 0x6a,
    0xaa, 0xbf, 0xaa, 0xa0,

    /* U+1F4F8 "📸" */
    0x0, 0x0, 0x0, 0x0, 0x0, 0x0, 0x20, 0x14,
    0x0, 0xf, 0xe3, 0x83, 0x40, 0x46, 0xff, 0xb2,
    0x8f, 0xfe, 0x80, 0x0, 0x40, 0x4e, 0x28, 0x0,
    0x24, 0x3, 0xf2, 0x80, 0x29, 0x40, 0x55, 0x2a,
    0xaf, 0xfd, 0x7f, 0xab, 0x80, 0x3, 0x6c, 0x34,
    0x28, 0x0, 0x93, 0xf4, 0xc2, 0x80, 0xc, 0xff,
    0xc8, 0x28, 0x0, 0xcf, 0xfc, 0x92, 0x80, 0xc,
    0xff, 0xcc, 0x28, 0x0, 0x93, 0xf0, 0xc2, 0xaa,
    0xab, 0x40, 0x7e, 0xb8, 0x0, 0xb, 0xfc, 0x2,
    0x2a, 0xaa, 0xae, 0xaa, 0x90,

    /* U+1F4F9 "📹" */
    0x0, 0x0, 0x0, 0x50, 0x0, 0x0, 0x0, 0xd,
    0x40, 0x0, 0x0, 0x6, 0x98, 0x0, 0x0, 0x2,
    0x83, 0x80, 0x0, 0x1, 0xd1, 0xea, 0x2, 0xb5,
    0x65, 0x65, 0x58, 0x82, 0x40, 0x0, 0x0, 0x28,
    0x10, 0x2a, 0xaa, 0x82, 0x85, 0x8, 0x0, 0x1,
    0x28, 0x52, 0xc0, 0x0, 0x12, 0x85, 0x0, 0x0,
    0x1, 0x28, 0x50, 0x0, 0x0, 0x12, 0x6d, 0x1c,
    0x0, 0x1, 0x20, 0x10, 0x80, 0x0, 0x12, 0x2,
    0x2, 0xaa, 0xa8, 0x20, 0x20, 0x0, 0x0, 0x1,
    0x0, 0xaa, 0xaa, 0xaa, 0x80,

    /* U+1F4FA "📺" */
    0x0, 0x0, 0x0, 0x40, 0x0, 0x0, 0x20, 0x8,
    0x0, 0x0, 0x0, 0x20, 0x50, 0x0, 0x0, 0x0,
    0xbf, 0x40, 0x0, 0x6a, 0xaf, 0xff, 0xaa, 0xa2,
    0x0, 0x0, 0x0, 0x0, 0x88, 0x2f, 0xff, 0xf8,
    0x16, 0x22, 0xd6, 0xff, 0xf4, 0x98, 0x8b, 0xff,
    0xff, 0xe0, 0x22, 0x37, 0xff, 0xff, 0xc9, 0x88,
    0xff, 0xff, 0xff, 0x12, 0x23, 0xff, 0xff, 0xfc,
    0x48, 0x8f, 0xff, 0xff, 0xe3, 0xa2, 0x2f, 0xff,
    0xff, 0x4e, 0x88, 0x2f, 0xff, 0xf8, 0x3a, 0x20,
    0x0, 0x0, 0x0, 0x8, 0x2a, 0xaa, 0xaa, 0xaa,
    0xa0,

    /* U+1F4FB "📻" */
    0x0, 0x0, 0x0, 0x14, 0x0, 0x0, 0x0, 0x1a,
    0xe4, 0x0, 0x0, 0x1b, 0xe4, 0x0, 0x0, 0x6,
    0xfe, 0xaa, 0xaa, 0x90, 0x24, 0x0, 0x0, 0x0,
    0x18, 0xba, 0xaa, 0xaa, 0xaa, 0xae, 0xc0, 0x0,
    0x0, 0x0, 0x3, 0xc6, 0xa8, 0x7e, 0xff, 0xf3,
    0xc6, 0xa8, 0x6d, 0xee, 0xb3, 0xc0, 0x0, 0x69,
    0xaa, 0xb3, 0xc6, 0xa8, 0x7e, 0xff, 0xf3, 0xc6,
    0xa8, 0x15, 0x55, 0x53, 0xc1, 0x54, 0xa, 0x42,
    0x93, 0xc5, 0x54, 0x10, 0x85, 0x63, 0x86, 0xa8,
    0x14, 0x42, 0x12, 0x80, 0x0, 0x1, 0x0, 0x41,
    0x2a, 0xaa, 0xaa, 0xaa, 0xa8,

    /* U+1F4FC "📼" */
    0x3f, 0xff, 0xff, 0xff, 0xdb, 0xaa, 0xaa, 0xaa,
    0xaf, 0xb0, 0x0, 0x0, 0x0, 0xbb, 0xee, 0xd5,
    0x6b, 0xff, 0xbc, 0x6d, 0x56, 0xdd, 0xfb, 0x95,
    0xea, 0xb2, 0xcf, 0xb9, 0x64, 0x1, 0x99, 0xfb,
    0xd9, 0x80, 0x1a, 0x7f, 0xba, 0xaa, 0xaa, 0xaa,
    0xfb, 0x55, 0x55, 0x55, 0x5f, 0x3f, 0xff, 0xff,
    0xff, 0xd0,

    /* U+1F4FD "📽" */
    0x0, 0x0, 0x0, 0x64, 0x0, 0x0, 0x0, 0x55,
    0x54, 0x1, 0xa0, 0x5, 0x31, 0x40, 0x85, 0x52,
    0x75, 0x65, 0x24, 0xd5, 0x60, 0x60, 0x25, 0xb0,
    0xea, 0x7d, 0x76, 0x40, 0xa0, 0x96, 0x72, 0x85,
    0xaa, 0xfe, 0xfb, 0x14, 0x28, 0xf0, 0x0, 0x1d,
    0x1, 0x4c, 0x2a, 0xa8, 0x80, 0x2, 0xc8, 0x0,
    0x3e, 0x40, 0x8, 0x80, 0x2, 0x8, 0x0, 0x88,
    0x0, 0x20, 0x80, 0x8, 0x80, 0x3, 0xe4, 0x0,
    0x86, 0x55, 0x98, 0x0, 0x8, 0x5, 0x50, 0x80,
    0x0, 0x6a, 0xaa, 0xa4, 0x0,

    /* U+1F4FF "📿" */
    0x0, 0x1, 0x6a, 0x94, 0x0, 0x0, 0x18, 0xcb,
    0x36, 0x80, 0x0, 0x5e, 0xe5, 0x6b, 0x34, 0x2,
    0xb8, 0x0, 0x0, 0xe4, 0xb, 0x50, 0x0, 0x0,
    0x2e, 0x2e, 0x0, 0x0, 0x0, 0xf, 0x48, 0x0,
    0x0, 0x0, 0x6, 0x74, 0x0, 0x0, 0x0, 0xe,
    0x94, 0x0, 0x0, 0x0, 0x21, 0x74, 0x0, 0x0,
    0x0, 0x78, 0x7c, 0x0, 0x0, 0x6, 0xe4, 0x15,
    0x0, 0x1, 0x23, 0x80, 0x1e, 0x40, 0x2d, 0xf9,
    0x0, 0xa, 0xd1, 0xde, 0x94, 0x40, 0x1, 0x37,
    0x30, 0x3f, 0x40, 0x0, 0x66, 0x40, 0x1b, 0xd0,
    0x0, 0x0, 0x0, 0x5, 0x40,

    /* U+1F500 "🔀" */
    0x7f, 0xff, 0xff, 0xfe, 0x3f, 0xff, 0xff, 0xff,
    0xdf, 0xff, 0xff, 0xff, 0xf7, 0xdb, 0xff, 0xf5,
    0xfd, 0xf0, 0x2f, 0xd0, 0xf, 0x7f, 0x42, 0xc0,
    0x7, 0xdf, 0xf8, 0x90, 0xdb, 0xf7, 0xff, 0xe0,
    0xff, 0xfd, 0xff, 0xf0, 0xbf, 0xff, 0x7f, 0xf8,
    0x3f, 0xff, 0xdf, 0xfc, 0x35, 0xdb, 0xf7, 0xf4,
    0x2c, 0x0, 0x7d, 0xf0, 0x2f, 0xd0, 0xf, 0x7d,
    0x7f, 0xff, 0x5f, 0xdf, 0xff, 0xff, 0xff, 0xf7,
    0xff, 0xff, 0xff, 0xfd, 0x7f, 0xff, 0xff, 0xfe,
    0x0,

    /* U+1F501 "🔁" */
    0x15, 0x55, 0x55, 0x54, 0x3f, 0xff, 0xff, 0xff,
    0xcf, 0xff, 0xff, 0xff, 0xf7, 0xff, 0xff, 0xfb,
    0xfd, 0xff, 0xff, 0xf8, 0x7f, 0x7f, 0x80, 0x0,
    0x7, 0xdf, 0xc1, 0x55, 0x42, 0xf7, 0xe3, 0xff,
    0xf3, 0xfd, 0xf4, 0xff, 0xff, 0xdf, 0x7f, 0xe7,
    0xff, 0xc3, 0xdf, 0xd1, 0xff, 0xe1, 0xf7, 0xe0,
    0x0, 0x1, 0xfd, 0xfe, 0x1f, 0xff, 0xff, 0x7f,
    0xe7, 0xff, 0xff, 0xdf, 0xff, 0xff, 0xff, 0xf7,
    0xff, 0xff, 0xff, 0xfc, 0x15, 0x55, 0x55, 0x55,
    0x0,

    /* U+1F502 "🔂" */
    0x15, 0x55, 0x55, 0x54, 0x3f, 0xff, 0xff, 0xff,
    0xcf, 0xff, 0xff, 0xff, 0xf7, 0xff, 0xff, 0xfb,
    0xfd, 0xff, 0xff, 0xf8, 0x7f, 0x7f, 0x80, 0x0,
    0x7, 0xdf, 0xc1, 0x55, 0x42, 0xf7, 0xe2, 0xff,
    0xf3, 0xfd, 0xf4, 0xff, 0xff, 0xdf, 0x7e, 0x0,
    0xff, 0xc3, 0xdf, 0x8b, 0xf, 0xe1, 0xf7, 0xd0,
    0xc0, 0x0, 0xfd, 0xf4, 0x30, 0x56, 0xff, 0x7f,
    0x8, 0xbf, 0xff, 0xdf, 0xf9, 0xff, 0xff, 0xf7,
    0xff, 0xff, 0xff, 0xfd, 0x7f, 0xff, 0xff, 0xfe,
    0x0,

    /* U+1F503 "🔃" */
    0x15, 0x55, 0x55, 0x55, 0x3f, 0xff, 0xff, 0xff,
    0xdf, 0xff, 0xff, 0xff, 0xf7, 0xfe, 0x38, 0x1f,
    0xfd, 0xfe, 0x3, 0x91, 0xff, 0x7e, 0x0, 0x7c,
    0x3f, 0xdf, 0xf4, 0xff, 0x4f, 0xf7, 0xfd, 0x3f,
    0xd3, 0xfd, 0xff, 0x4f, 0xf4, 0xff, 0x7f, 0xd3,
    0xfd, 0x3f, 0xdf, 0xf4, 0xff, 0x4f, 0xf7, 0xfd,
    0x3e, 0x0, 0x7d, 0xff, 0xc6, 0xd0, 0x3f, 0x7f,
    0xf8, 0x1d, 0x3f, 0xdf, 0xff, 0xff, 0xff, 0xf7,
    0xff, 0xff, 0xff, 0xfd, 0x15, 0x55, 0x55, 0x55,
    0x0,

    /* U+1F504 "🔄" */
    0x15, 0x55, 0x55, 0x54, 0x3f, 0xff, 0xff, 0xff,
    0xcf, 0xff, 0xff, 0xff, 0xf7, 0xff, 0xbf, 0xff,
    0xfd, 0xfe, 0x1f, 0xff, 0xff, 0x7e, 0x0, 0x0,
    0x1f, 0xdf, 0xc0, 0x55, 0x42, 0xf7, 0xfc, 0x7f,
    0xfc, 0x3d, 0xfa, 0xef, 0xff, 0x4f, 0x7d, 0x3f,
    0xff, 0x7f, 0xdf, 0x87, 0xff, 0x83, 0xf7, 0xf8,
    0x0, 0x0, 0x3d, 0xff, 0xff, 0xf8, 0x7f, 0x7f,
    0xff, 0xff, 0x7f, 0xdf, 0xff, 0xff, 0xff, 0xf7,
    0xff, 0xff, 0xff, 0xfc, 0x15, 0x55, 0x55, 0x55,
    0x0,

    /* U+1F505 "🔅" */
    0x0, 0x0, 0x40, 0x0, 0x0, 0x0, 0xb0, 0x0,
    0x0, 0x0, 0x18, 0x1, 0x0, 0x2c, 0x0, 0x3,
    0xc0, 0x1, 0x7, 0xe0, 0x40, 0x0, 0xf, 0xaf,
    0x0, 0x0, 0xb, 0x0, 0xb0, 0x0, 0x3, 0x80,
    0xc, 0x0, 0xf4, 0xd0, 0x3, 0x4f, 0x14, 0x38,
    0x0, 0xc1, 0x40, 0xb, 0x0, 0xb0, 0x0, 0x0,
    0xfa, 0xf0, 0x0, 0x1, 0x7, 0xe0, 0x40, 0x2,
    0xc0, 0x0, 0x3c, 0x0, 0x0, 0x18, 0x1, 0x0,
    0x0, 0xb, 0x0, 0x0, 0x0, 0x0, 0x40, 0x0,
    0x0,

    /* U+1F506 "🔆" */
    0x0, 0x0, 0x40, 0x0, 0x0, 0x0, 0xb0, 0x0,
    0x0, 0x0, 0x2c, 0x0, 0x0, 0x2c, 0x6, 0x2,
    0xc0, 0x3, 0xc0, 0x2, 0xd0, 0x0, 0x12, 0xfc,
    0x10, 0x0, 0x3, 0xd7, 0xc0, 0x0, 0x1, 0xc0,
    0x38, 0x0, 0xfd, 0x70, 0xa, 0x3f, 0x19, 0x1c,
    0x3, 0x86, 0x40, 0x3, 0xd6, 0xc0, 0x0, 0x1,
    0x2f, 0xd0, 0x0, 0x3, 0xc0, 0x2, 0xc0, 0x2,
    0xd0, 0x60, 0x3c, 0x0, 0x50, 0x2c, 0x2, 0x0,
    0x0, 0xb, 0x0, 0x0, 0x0, 0x0, 0x40, 0x0,
    0x0,

    /* U+1F507 "🔇" */
    0x0, 0x6, 0x90, 0x0, 0x0, 0xa0, 0x6, 0x0,
    0x6, 0x0, 0x0, 0x90, 0xd, 0x0, 0x20, 0x24,
    0x21, 0x40, 0x94, 0x8, 0x50, 0x52, 0x14, 0x5,
    0x80, 0xbc, 0x14, 0x2, 0x80, 0x85, 0x18, 0x2,
    0x80, 0x81, 0x5c, 0x2, 0x80, 0x80, 0x68, 0x2,
    0x80, 0xa8, 0x2c, 0x2, 0x50, 0x2, 0x19, 0x5,
    0x20, 0x0, 0x95, 0x88, 0x8, 0x0, 0x20, 0x74,
    0x6, 0x0, 0x0, 0x90, 0x0, 0x90, 0x6, 0x0,
    0x0, 0x6, 0xa0, 0x0,

    /* U+1F508 "🔈" */
    0x0, 0x64, 0x0, 0x0, 0x0, 0x3f, 0xf0, 0x0,
    0x0, 0x1f, 0xff, 0x40, 0x0, 0x3, 0xff, 0xf8,
    0x0, 0x0, 0xff, 0xff, 0x80, 0x0, 0x3f, 0xff,
    0xf8, 0x0, 0x6, 0xe0, 0xbf, 0x40, 0x8, 0x20,
    0xf, 0xf0, 0x5, 0x2, 0xb, 0xfe, 0x3, 0x0,
    0x27, 0xff, 0xc2, 0x50, 0x3, 0xff, 0xf2, 0x8,
    0x0, 0x1f, 0xfc, 0x80, 0x90, 0x2a, 0xbe, 0x20,
    0x6, 0x60, 0x0, 0x2, 0x0, 0x30, 0x0, 0x0,
    0x24, 0x20, 0x0, 0x0, 0x1, 0x90, 0x0, 0x0,
    0x0,

    /* U+1F509 "🔉" */
    0x0, 0x64, 0x2, 0x80, 0x0, 0x3f, 0xe0, 0x6,
    0x0, 0x1f, 0xff, 0x40, 0x20, 0x3, 0xff, 0xf8,
    0x4, 0x0, 0xff, 0xff, 0x80, 0x80, 0x3f, 0xfb,
    0xf8, 0x20, 0x16, 0xd0, 0xbf, 0x44, 0x8, 0x30,
    0x1f, 0xf0, 0x8, 0x2, 0xf, 0xfd, 0x7, 0x0,
    0x3b, 0xff, 0xc6, 0x50, 0x3, 0xff, 0xf2, 0x8,
    0x0, 0x2f, 0xfc, 0x80, 0x90, 0x2a, 0xbd, 0x20,
    0x6, 0x60, 0x0, 0x2, 0x0, 0x30, 0x0, 0x0,
    0x24, 0x60, 0x0, 0x0, 0x1, 0x90, 0x0, 0x0,
    0x0,

    /* U+1F50A "🔊" */
    0x0, 0x0, 0xa, 0xa8, 0x0, 0x3, 0xf4, 0x0,
    0x20, 0x0, 0x7f, 0xf4, 0xa0, 0x80, 0x7, 0xff,
    0xe0, 0x81, 0x0, 0x3f, 0xff, 0x82, 0x20, 0x3,
    0xff, 0xfe, 0x22, 0x0, 0x6f, 0xcb, 0xf4, 0x20,
    0x8, 0x60, 0x3f, 0xc1, 0x1, 0x42, 0x3, 0xfe,
    0x0, 0x30, 0x8, 0xbf, 0xf0, 0xa, 0x0, 0x2f,
    0xff, 0x42, 0x8, 0x0, 0x7f, 0xf4, 0x20, 0x20,
    0xa, 0xff, 0x2, 0x0, 0x96, 0x0, 0x0, 0x8,
    0x2, 0x80, 0x0, 0x0, 0x20, 0x50, 0x0, 0x0,
    0x0, 0x64, 0x0, 0x0, 0x0,

    /* U+1F50B "🔋" */
    0x7, 0xe4, 0x1a, 0x8d, 0x88, 0x3e, 0xb, 0x0,
    0x6, 0x9a, 0xa9, 0xa0, 0x0, 0x28, 0x0, 0xa,
    0x2, 0x2, 0x82, 0xd0, 0xa0, 0x10, 0x28, 0x0,
    0xa, 0x0, 0x2, 0x80, 0x0, 0xa0, 0x0, 0x28,
    0x19, 0x9, 0x80, 0x18, 0x6, 0xa4, 0x0,

    /* U+1F50C "🔌" */
    0x0, 0x0, 0x0, 0x0, 0x0, 0x28, 0x0, 0x0,
    0x0, 0x8, 0x80, 0x0, 0x0, 0x0, 0x88, 0xa0,
    0x0, 0x34, 0x8, 0xc3, 0x0, 0x25, 0x40, 0xc2,
    0xc0, 0x2, 0x54, 0x82, 0x58, 0x0, 0x25, 0xc2,
    0x42, 0x0, 0x2, 0xc2, 0x40, 0x10, 0x0, 0x82,
    0x40, 0x8, 0x0, 0x52, 0x40, 0x2, 0x40, 0xa,
    0xc0, 0x0, 0x20, 0x0, 0x9, 0x0, 0x1c, 0x0,
    0x0, 0x69, 0x14, 0x80, 0x0, 0x0, 0xbc, 0x8,
    0x0, 0x0, 0x1, 0x89, 0x0, 0x0, 0x0, 0x8,
    0x0,

    /* U+1F50D "🔍" */
    0x0, 0xa4, 0x0, 0x0, 0x2, 0x40, 0xa0, 0x0,
    0x2, 0x4, 0x6, 0x0, 0x1, 0x44, 0x0, 0x50,
    0x0, 0x88, 0x0, 0x8, 0x0, 0x22, 0x0, 0x2,
    0x0, 0x8, 0x80, 0x0, 0x80, 0x2, 0x20, 0x0,
    0x20, 0x0, 0x50, 0x0, 0x14, 0x0, 0x8, 0x0,
    0x1c, 0x0, 0x0, 0x90, 0x2b, 0xe4, 0x0, 0x6,
    0x90, 0x82, 0x40, 0x0, 0x0, 0x8, 0x24, 0x0,
    0x0, 0x0, 0x81, 0x40, 0x0, 0x0, 0x8, 0x14,
    0x0, 0x0, 0x0, 0x85, 0x0, 0x0, 0x0, 0x9,
    0x0,

    /* U+1F50E "🔎" */
    0x0, 0x0, 0x1a, 0x40, 0x0, 0x0, 0x64, 0x19,
    0x0, 0x0, 0x50, 0x4, 0x50, 0x0, 0x20, 0x0,
    0x48, 0x0, 0x14, 0x0, 0x15, 0x40, 0x8, 0x0,
    0x2, 0x20, 0x2, 0x0, 0x0, 0x88, 0x0, 0x40,
    0x0, 0x15, 0x0, 0x8, 0x0, 0x2, 0x0, 0x3,
    0x80, 0x1, 0x40, 0xb, 0xe8, 0x2, 0x40, 0x8,
    0x30, 0x69, 0x0, 0x8, 0x24, 0x0, 0x0, 0x8,
    0x24, 0x0, 0x0, 0x8, 0x24, 0x0, 0x0, 0x2,
    0x24, 0x0, 0x0, 0x0, 0x24, 0x0, 0x0, 0x0,
    0x0,

    /* U+1F50F "🔏" */
    0x0, 0x0, 0x0, 0x4, 0x0, 0x0, 0x14, 0x55,
    0x0, 0x1, 0xff, 0xc2, 0x0, 0x3, 0x4a, 0xd8,
    0x0, 0xb, 0x20, 0xf0, 0x0, 0xb, 0x80, 0xf0,
    0x0, 0xf, 0xc0, 0xf0, 0x0, 0x6d, 0x76, 0xb9,
    0x0, 0xf4, 0x38, 0x1b, 0x0, 0xd0, 0xba, 0x92,
    0x1, 0x41, 0x40, 0x2, 0x3, 0x9, 0x3c, 0x2,
    0x14, 0xa0, 0x2c, 0x2, 0x24, 0xc0, 0x2c, 0x2,
    0x66, 0x80, 0x28, 0x2, 0xe4, 0x24, 0x0, 0x18,
    0x0, 0x5, 0xaa, 0x50,

    /* U+1F510 "🔐" */
    0x0, 0x64, 0x0, 0x0, 0x3, 0xff, 0x46, 0x90,
    0xb, 0x2, 0xe4, 0x18, 0xe, 0x0, 0xd1, 0x82,
    0xd, 0x0, 0xc2, 0x12, 0xd, 0x0, 0xc1, 0x82,
    0xf, 0xaa, 0xc0, 0x2, 0x9d, 0x0, 0xf0, 0x5,
    0xd0, 0x0, 0x2c, 0x14, 0x86, 0xaa, 0x99, 0x50,
    0x80, 0x0, 0x9, 0x70, 0x80, 0x38, 0x9, 0x60,
    0x80, 0x38, 0x9, 0x60, 0x80, 0x38, 0x9, 0x50,
    0x80, 0x28, 0xb, 0x60, 0x64, 0x0, 0x19, 0xc0,
    0x6, 0xaa, 0x50, 0x0,

    /* U+1F511 "🔑" */
    0x0, 0x0, 0x1a, 0x40, 0x0, 0x0, 0x24, 0xa,
    0x0, 0x0, 0x20, 0x0, 0x60, 0x0, 0x20, 0xa,
    0x8, 0x0, 0x8, 0x8, 0x20, 0x40, 0x2, 0x2,
    0x14, 0x20, 0x0, 0x80, 0x24, 0x8, 0x0, 0x20,
    0x0, 0x4, 0x0, 0x21, 0x0, 0x2, 0x0, 0x21,
    0x40, 0x6, 0x0, 0x21, 0x46, 0xa9, 0x0, 0x21,
    0x5a, 0x0, 0x0, 0x21, 0x48, 0x0, 0x0, 0x21,
    0x69, 0x0, 0x0, 0x9, 0x8, 0x0, 0x0, 0x3,
    0x5, 0x0, 0x0, 0x0, 0xaa, 0x0, 0x0, 0x0,
    0x0,

    /* U+1F512 "🔒" */
    0x0, 0x14, 0x0, 0x1, 0xff, 0x40, 0x3, 0x82,
    0xc0, 0x7, 0x0, 0xd0, 0x7, 0x0, 0xd0, 0x7,
    0x0, 0xd0, 0xf, 0xaa, 0xf0, 0x6b, 0x0, 0xe9,
    0xe4, 0x0, 0x1b, 0x86, 0xaa, 0x92, 0x80, 0x0,
    0x2, 0x80, 0x3c, 0x2, 0x80, 0x3c, 0x2, 0x80,
    0x2c, 0x2, 0x80, 0x28, 0x2, 0x24, 0x0, 0x18,
    0x5, 0xaa, 0x50,

    /* U+1F513 "🔓" */
    0x0, 0x14, 0x0, 0x1, 0xff, 0x80, 0x3, 0x81,
    0xd0, 0x7, 0x0, 0xe0, 0x7, 0x0, 0xa0, 0x7,
    0x0, 0x0, 0xf, 0xaa, 0x90, 0x6b, 0x0, 0x59,
    0xe4, 0x0, 0x5b, 0x86, 0xaa, 0x92, 0x80, 0x0,
    0x2, 0x80, 0x3c, 0x2, 0x80, 0x3c, 0x2, 0x80,
    0x2c, 0x2, 0x80, 0x28, 0x2, 0x24, 0x0, 0x18,
    0x5, 0xaa, 0x50,

    /* U+1F514 "🔔" */
    0x0, 0x1, 0x80, 0x0, 0x0, 0x1, 0x48, 0x0,
    0x0, 0x0, 0x52, 0x0, 0x0, 0x0, 0x1f, 0x80,
    0x0, 0x0, 0x60, 0x5, 0x0, 0x0, 0x21, 0x0,
    0x50, 0x0, 0x22, 0x0, 0x8, 0x0, 0x8, 0x40,
    0x1, 0x40, 0x1, 0x0, 0x0, 0x10, 0x1, 0x40,
    0x0, 0x8, 0x0, 0x40, 0x0, 0x2, 0x0, 0x26,
    0xaa, 0x80, 0x40, 0x28, 0x0, 0x0, 0x8, 0x15,
    0xab, 0xff, 0xa5, 0x8b, 0xff, 0x81, 0xff, 0xf0,
    0xff, 0xf0, 0xbf, 0xf4, 0x1, 0x6a, 0xaa, 0x40,
    0x0,

    /* U+1F515 "🔕" */
    0x0, 0x6, 0x90, 0x0, 0x0, 0xa0, 0x6, 0x0,
    0x6, 0x1, 0x80, 0x90, 0xd, 0x2, 0x20, 0x24,
    0x21, 0x46, 0xa0, 0x8, 0x50, 0x74, 0x8, 0x5,
    0x80, 0x34, 0x5, 0x2, 0x80, 0x15, 0x2, 0x2,
    0x80, 0x41, 0x42, 0x2, 0x80, 0x80, 0x51, 0x2,
    0x81, 0x5a, 0xbd, 0x82, 0x53, 0xfc, 0x2f, 0xc5,
    0x20, 0xbf, 0xbf, 0xc8, 0x8, 0x0, 0x0, 0x74,
    0x6, 0x0, 0x0, 0x90, 0x0, 0x90, 0x6, 0x0,
    0x0, 0x6, 0xa0, 0x0,

    /* U+1F516 "🔖" */
    0x0, 0x0, 0x0, 0x0, 0x1, 0xc0, 0x0, 0x0,
    0x0, 0x7, 0x1d, 0x0, 0x0, 0x2, 0x2d, 0x20,
    0x0, 0x0, 0x1f, 0xc0, 0x80, 0x0, 0x0, 0x8f,
    0x42, 0x0, 0x0, 0x30, 0x64, 0x8, 0x0, 0x1,
    0x40, 0x0, 0x24, 0x0, 0x8, 0x0, 0x0, 0xa0,
    0x0, 0x20, 0xb, 0x0, 0x90, 0x1, 0x80, 0x50,
    0x7, 0x80, 0x5, 0x0, 0xa, 0x40, 0x0, 0x18,
    0x2, 0x0, 0x0, 0x0, 0x60, 0x20, 0x0, 0x0,
    0x0, 0x92, 0x0, 0x0, 0x0, 0x1, 0xb0, 0x0,
    0x0, 0x0, 0x1, 0x0, 0x0,

    /* U+1F517 "🔗" */
    0x0, 0x0, 0x6, 0x80, 0x0, 0x0, 0x9, 0x6,
    0x0, 0x0, 0x8, 0x28, 0x50, 0x0, 0x8, 0x60,
    0x88, 0x0, 0x8, 0x60, 0x6, 0x0, 0xc, 0x70,
    0x1, 0x80, 0xb, 0x22, 0x42, 0x20, 0x8, 0x9e,
    0x26, 0x20, 0x8, 0x32, 0x53, 0x24, 0x8, 0x68,
    0x6c, 0x94, 0x8, 0x60, 0x85, 0x34, 0x2, 0x20,
    0xb, 0x24, 0x0, 0x88, 0x2, 0x14, 0x0, 0x22,
    0x46, 0x14, 0x0, 0x5, 0x19, 0x18, 0x0, 0x0,
    0x60, 0x24, 0x0, 0x0, 0x2, 0xa0, 0x0, 0x0,
    0x0,

    /* U+1F518 "🔘" */
    0x0, 0x6, 0x90, 0x0, 0x0, 0x24, 0x1, 0x80,
    0x0, 0x60, 0x0, 0x9, 0x0, 0x20, 0x0, 0x0,
    0x90, 0x20, 0x6, 0xa0, 0x8, 0x14, 0xf, 0xff,
    0x0, 0x48, 0xb, 0xff, 0xf0, 0x22, 0x3, 0xff,
    0xfd, 0x8, 0x80, 0xff, 0xff, 0x42, 0x20, 0x3f,
    0xff, 0xd0, 0x88, 0xb, 0xff, 0xf0, 0x21, 0x40,
    0xff, 0xf4, 0x4, 0x20, 0xb, 0xe0, 0x8, 0x2,
    0x0, 0x0, 0x5, 0x0, 0x60, 0x0, 0x9, 0x0,
    0x2, 0x40, 0x19, 0x0, 0x0, 0x6, 0xa0, 0x0,
    0x0,

    /* U+1F519 "🔙" */
    0x2a, 0xaa, 0xaa, 0xa9, 0x3f, 0xff, 0xff, 0xff,
    0xdf, 0xff, 0xff, 0xff, 0xf7, 0xff, 0x6f, 0xff,
    0xfd, 0xff, 0x47, 0xff, 0xff, 0x7f, 0x0, 0x0,
    0x3, 0xdf, 0xd0, 0x0, 0x0, 0xf7, 0xfd, 0x2f,
    0xff, 0xfd, 0xff, 0xdb, 0xff, 0xff, 0x7f, 0xff,
    0xff, 0xff, 0xdf, 0xff, 0xff, 0xff, 0xf7, 0xef,
    0xef, 0xaf, 0xfd, 0xe4, 0xe2, 0x5a, 0x5f, 0x78,
    0x36, 0x5f, 0x83, 0xde, 0x48, 0xd8, 0x66, 0xb7,
    0xff, 0xff, 0xff, 0xfd, 0x2a, 0xaa, 0xaa, 0xa9,
    0x0,

    /* U+1F51A "🔚" */
    0x2a, 0xaa, 0xaa, 0xa9, 0x3f, 0xff, 0xff, 0xff,
    0xdf, 0xff, 0xff, 0xff, 0xf7, 0xff, 0x6f, 0xff,
    0xfd, 0xff, 0x47, 0xff, 0xff, 0x7f, 0x0, 0x0,
    0x3, 0xdf, 0xd0, 0x0, 0x0, 0xf7, 0xfd, 0x2f,
    0xff, 0xfd, 0xff, 0xdb, 0xff, 0xff, 0x7f, 0xff,
    0xff, 0xff, 0xdf, 0xff, 0xff, 0xff, 0xf7, 0xfa,
    0xef, 0xeb, 0xfd, 0xfc, 0xf1, 0xb3, 0x7f, 0x7f,
    0x1c, 0x5c, 0xeb, 0xdf, 0xc7, 0x33, 0x17, 0xf7,
    0xff, 0xff, 0xff, 0xfd, 0x6a, 0xaa, 0xaa, 0xaa,
    0x0,

    /* U+1F51B "🔛" */
    0x2a, 0xaa, 0xaa, 0xa9, 0x3f, 0xff, 0xff, 0xff,
    0xdf, 0xff, 0xff, 0xff, 0xf7, 0xff, 0x3f, 0xe7,
    0xfd, 0xfe, 0xf, 0xf8, 0x7f, 0x7e, 0x0, 0x0,
    0x7, 0xdf, 0xc0, 0x0, 0x1, 0xf7, 0xfc, 0x3f,
    0xe1, 0xfd, 0xff, 0xcf, 0xfa, 0xff, 0x7f, 0xff,
    0xff, 0xff, 0xdf, 0xff, 0xff, 0xff, 0xf7, 0xfe,
    0x6d, 0xee, 0xfd, 0xfe, 0x73, 0x1b, 0x3f, 0x7f,
    0x9d, 0xd5, 0xdf, 0xdf, 0xf1, 0x77, 0x37, 0xf7,
    0xff, 0xff, 0xff, 0xfd, 0x2a, 0xaa, 0xaa, 0xa9,
    0x0,

    /* U+1F51C "🔜" */
    0x2a, 0xaa, 0xaa, 0xa9, 0x3f, 0xff, 0xff, 0xff,
    0xcf, 0xff, 0xff, 0xff, 0xf3, 0xff, 0xff, 0xcf,
    0xfc, 0xff, 0xff, 0xf0, 0xff, 0x3e, 0x0, 0x0,
    0xf, 0xcf, 0x80, 0x0, 0x3, 0xf3, 0xff, 0xff,
    0xc3, 0xfc, 0xff, 0xff, 0xf3, 0xff, 0x3f, 0xff,
    0xff, 0xff, 0xcf, 0xff, 0xff, 0xff, 0xf3, 0xef,
    0xbf, 0xbe, 0xfc, 0xcb, 0x37, 0x32, 0x27, 0x3d,
    0x8e, 0x9d, 0x95, 0xcd, 0x65, 0x75, 0x77, 0x33,
    0xff, 0xff, 0xff, 0xfc, 0x2a, 0xaa, 0xaa, 0xa9,
    0x0,

    /* U+1F51D "🔝" */
    0x7f, 0xff, 0xff, 0xfe, 0x3f, 0xff, 0xff, 0xff,
    0xcf, 0xff, 0xe7, 0xff, 0xf3, 0xff, 0xf0, 0x7f,
    0xfc, 0xff, 0xf0, 0xb, 0xff, 0x3f, 0xf0, 0x0,
    0xff, 0xcf, 0xff, 0xc3, 0xff, 0xf3, 0xff, 0xf0,
    0xff, 0xfc, 0xff, 0xfc, 0x3f, 0xff, 0x3f, 0xff,
    0xaf, 0xff, 0xcf, 0xff, 0xff, 0xff, 0xf3, 0xf4,
    0x75, 0xb1, 0xfc, 0xff, 0x36, 0xce, 0x7f, 0x3f,
    0xcd, 0xf3, 0x2f, 0xcf, 0xf3, 0xd2, 0xef, 0xf3,
    0xff, 0xff, 0xff, 0xfc, 0x6a, 0xaa, 0xaa, 0xa9,
    0x0,

    /* U+1F51E "🔞" */
    0x0, 0x6, 0x90, 0x0, 0x0, 0xa0, 0x6, 0x0,
    0x6, 0x0, 0x0, 0x90, 0xd, 0x4, 0x55, 0x24,
    0x21, 0x95, 0x55, 0x8, 0x50, 0x70, 0x28, 0x5,
    0x80, 0xf8, 0xc7, 0x2, 0x81, 0x6b, 0x83, 0x2,
    0x80, 0x25, 0xda, 0x2, 0x80, 0x24, 0xbc, 0x2,
    0x80, 0x25, 0x9b, 0x2, 0x50, 0x26, 0x47, 0x45,
    0x20, 0x25, 0x83, 0x88, 0x8, 0x10, 0x69, 0x74,
    0x6, 0x0, 0x0, 0x90, 0x0, 0x90, 0x6, 0x0,
    0x0, 0x6, 0xa0, 0x0,

    /* U+1F51F "🔟" */
    0x6a, 0xaa, 0xaa, 0xa9, 0x20, 0x0, 0x0, 0x0,
    0xc8, 0x0, 0x0, 0x0, 0x76, 0x1, 0x0, 0x90,
    0x3d, 0x82, 0xd1, 0xef, 0xf, 0x62, 0xb4, 0xd0,
    0xd3, 0xd8, 0xd, 0x30, 0x28, 0xf6, 0x3, 0x4c,
    0x6, 0x3d, 0x80, 0xd3, 0x1, 0x8f, 0x60, 0x34,
    0xc0, 0x63, 0xd8, 0xd, 0x24, 0x24, 0xf6, 0x3,
    0x47, 0x1c, 0x3d, 0x80, 0x50, 0x68, 0xf, 0x60,
    0x0, 0x0, 0x3, 0xd8, 0x7f, 0xff, 0xff, 0xf6,
    0x7f, 0xff, 0xff, 0xfc, 0x7f, 0xff, 0xff, 0xfe,
    0x0,

    /* U+1F520 "🔠" */
    0x2a, 0xaa, 0xaa, 0xa9, 0x3f, 0xff, 0xff, 0xff,
    0xcf, 0xff, 0xff, 0xff, 0xf3, 0xfe, 0x7f, 0x67,
    0xfc, 0xff, 0xaf, 0xde, 0xff, 0x3f, 0xd6, 0xf6,
    0x7f, 0xcf, 0xef, 0x7d, 0x9f, 0xf3, 0xff, 0xff,
    0xff, 0xfc, 0xff, 0xff, 0xff, 0xff, 0x3f, 0xd6,
    0xf5, 0x7f, 0xcf, 0xef, 0xfd, 0xeb, 0xf3, 0xfb,
    0xff, 0x7e, 0xfc, 0xfe, 0xff, 0xde, 0xff, 0x3f,
    0xe7, 0xf5, 0xbf, 0xcf, 0xff, 0xff, 0xff, 0xf3,
    0xff, 0xff, 0xff, 0xfc, 0x7f, 0xff, 0xff, 0xfe,
    0x0,

    /* U+1F521 "🔡" */
    0x15, 0x55, 0x55, 0x54, 0x3f, 0xff, 0xff, 0xff,
    0xcf, 0xff, 0xfd, 0xff, 0xf7, 0xfe, 0xbf, 0x6b,
    0xfd, 0xff, 0xef, 0xdf, 0x7f, 0x7f, 0x67, 0xf7,
    0xdf, 0xdf, 0xd5, 0xfd, 0x57, 0xf7, 0xff, 0xff,
    0xff, 0xfd, 0xff, 0xff, 0xff, 0xff, 0x7f, 0xff,
    0xff, 0xdf, 0xdf, 0xf5, 0xff, 0x63, 0xf7, 0xf7,
    0xff, 0x7c, 0xfd, 0xfd, 0xff, 0xdf, 0x7f, 0x7f,
    0x97, 0xfd, 0x8f, 0xdf, 0xff, 0xff, 0xff, 0xf7,
    0xff, 0xff, 0xff, 0xfc, 0x1a, 0xaa, 0xaa, 0xa9,
    0x0,

    /* U+1F522 "🔢" */
    0x15, 0x55, 0x55, 0x55, 0x3f, 0xff, 0xff, 0xff,
    0xcf, 0xff, 0xff, 0xff, 0xf7, 0xfe, 0xbf, 0x9b,
    0xfd, 0xff, 0xaf, 0xfc, 0xff, 0x7f, 0xfb, 0xfe,
    0xbf, 0xdf, 0xfe, 0xfe, 0xbf, 0xf7, 0xff, 0xff,
    0xab, 0xfd, 0xff, 0xff, 0xff, 0xff, 0x7f, 0xeb,
    0xff, 0xbf, 0xdf, 0xfe, 0xff, 0x5f, 0xf7, 0xfe,
    0x3f, 0xb7, 0xfd, 0xff, 0xfb, 0xc4, 0xff, 0x7f,
    0xd7, 0xff, 0x7f, 0xdf, 0xff, 0xff, 0xff, 0xf7,
    0xff, 0xff, 0xff, 0xfd, 0x7f, 0xff, 0xff, 0xfe,
    0x0,

    /* U+1F523 "🔣" */
    0x6a, 0xaa, 0xaa, 0xa9, 0x3f, 0xff, 0xff, 0xff,
    0xcf, 0xff, 0xff, 0xfb, 0xf3, 0xf8, 0x1f, 0xf1,
    0xfc, 0xfe, 0x5b, 0xfd, 0xff, 0x3f, 0xe7, 0xff,
    0x7f, 0xcf, 0xf9, 0xff, 0x1f, 0xf3, 0xff, 0xbf,
    0xdb, 0xfc, 0xff, 0xff, 0xff, 0xff, 0x3f, 0x9b,
    0xf6, 0xdf, 0xcf, 0xd5, 0xfa, 0x2b, 0xf3, 0xf4,
    0xdf, 0x16, 0xbc, 0xfc, 0x87, 0xf6, 0x4f, 0x3f,
    0x45, 0xfe, 0xd7, 0xcf, 0xff, 0xff, 0xff, 0xf3,
    0xff, 0xff, 0xff, 0xfc, 0x7f, 0xff, 0xff, 0xfe,
    0x0,

    /* U+1F524 "🔤" */
    0x6a, 0xaa, 0xaa, 0xa9, 0x3f, 0xff, 0xff, 0xff,
    0xcf, 0xff, 0xff, 0xff, 0xf3, 0xff, 0xff, 0xff,
    0xfc, 0xff, 0xff, 0xff, 0xff, 0x3f, 0xfe, 0xff,
    0xff, 0xcf, 0xef, 0xab, 0xfe, 0xf3, 0xfd, 0xe7,
    0x7a, 0xfc, 0xf9, 0x3b, 0xdd, 0xff, 0x3d, 0xde,
    0xb7, 0x7f, 0xcf, 0x57, 0xa6, 0xf5, 0xf3, 0xff,
    0xff, 0xff, 0xfc, 0xff, 0xff, 0xff, 0xff, 0x3f,
    0xff, 0xff, 0xff, 0xcf, 0xff, 0xff, 0xff, 0xf3,
    0xff, 0xff, 0xff, 0xfc, 0x7f, 0xff, 0xff, 0xfe,
    0x0,

    /* U+1F525 "🔥" */
    0x0, 0x4, 0x0, 0x0, 0x0, 0xf8, 0x0, 0x0,
    0xb, 0xd0, 0x0, 0x0, 0xbf, 0x0, 0x0, 0xf,
    0xf0, 0x0, 0x2, 0xff, 0x40, 0xc, 0x7e, 0xb0,
    0x1, 0xcf, 0x4f, 0x0, 0x3e, 0xe0, 0xf0, 0x43,
    0xfd, 0xb, 0xfc, 0x3f, 0xd0, 0x3f, 0xd3, 0xf6,
    0x1, 0xfd, 0x3f, 0x0, 0xf, 0xc1, 0xf0, 0x0,
    0xbc, 0xb, 0x0, 0xf, 0x40, 0x2d, 0x3, 0xd0,
    0x0, 0x6f, 0x90, 0x0,

    /* U+1F526 "🔦" */
    0x0, 0x10, 0x0, 0x0, 0x0, 0xff, 0x0, 0x0,
    0x0, 0xdf, 0xf0, 0x0, 0x0, 0xdd, 0x25, 0x0,
    0x0, 0xa8, 0x14, 0x80, 0x0, 0x3d, 0x8, 0x30,
    0x0, 0xf, 0x58, 0xa, 0x0, 0x1, 0xe4, 0x5,
    0x20, 0x0, 0x9, 0x9, 0x52, 0x0, 0x0, 0x6c,
    0x1b, 0x20, 0x0, 0x1, 0x81, 0xd2, 0x0, 0x0,
    0x8, 0x0, 0x20, 0x0, 0x0, 0x80, 0x2, 0x0,
    0x0, 0x8, 0x0, 0x80, 0x0, 0x0, 0x80, 0x20,
    0x0, 0x0, 0x8, 0x20, 0x0, 0x0, 0x0, 0xa0,
    0x0,

    /* U+1F527 "🔧" */
    0x6, 0x90, 0x0, 0x0, 0xc, 0x18, 0x0, 0x0,
    0x2, 0x45, 0x0, 0x0, 0x40, 0x82, 0x0, 0x0,
    0xa6, 0x42, 0x0, 0x0, 0x85, 0x2, 0x0, 0x0,
    0x20, 0x2, 0x40, 0x0, 0xa, 0xa0, 0x90, 0x0,
    0x0, 0x8, 0x24, 0x0, 0x0, 0x6, 0x5, 0x0,
    0x0, 0x1, 0x41, 0x80, 0x0, 0x0, 0x50, 0x60,
    0x0, 0x0, 0x20, 0x18, 0x0, 0x0, 0x8, 0x6,
    0x0, 0x0, 0x2, 0x36, 0x0, 0x0, 0x0, 0x82,
    0x0, 0x0, 0x0, 0x28,

    /* U+1F528 "🔨" */
    0x0, 0x0, 0x64, 0x0, 0x0, 0x0, 0x91, 0x80,
    0x0, 0x0, 0x20, 0x90, 0x0, 0x0, 0x8, 0x8,
    0x0, 0x0, 0x0, 0x80, 0x80, 0x0, 0x0, 0xa4,
    0x3d, 0x0, 0x0, 0x20, 0x6b, 0x14, 0x0, 0x2,
    0x5, 0x8, 0x90, 0x0, 0x8, 0x80, 0x52, 0x40,
    0x0, 0x20, 0x2, 0x49, 0x0, 0x0, 0x0, 0x8,
    0x20, 0x0, 0x0, 0x0, 0x20, 0x80, 0x0, 0x0,
    0x0, 0x82, 0x0, 0x0, 0x0, 0x6, 0x8, 0x0,
    0x0, 0x0, 0x14, 0x20, 0x0, 0x0, 0x0, 0x85,
    0x0, 0x0, 0x0, 0x2, 0x40,

    /* U+1F529 "🔩" */
    0x0, 0x16, 0x0, 0x0, 0x0, 0x65, 0xe0, 0x0,
    0x0, 0x60, 0x15, 0x0, 0x0, 0x60, 0x25, 0x40,
    0x0, 0x60, 0x16, 0x80, 0x0, 0x20, 0x14, 0x30,
    0x0, 0x8, 0x14, 0x2e, 0x4, 0x3, 0xac, 0x25,
    0xf6, 0xc0, 0x60, 0xf1, 0x28, 0x48, 0x6, 0xa9,
    0x12, 0x32, 0x0, 0x0, 0xa6, 0x26, 0xc0, 0x0,
    0x25, 0x20, 0xb0, 0x0, 0x8, 0x20, 0x7d, 0x0,
    0x3, 0x9c, 0x6a, 0x80, 0x0, 0x25, 0xf0, 0x60,
    0x0, 0x1, 0x2, 0x18, 0x0, 0x0, 0x0, 0x24,
    0x0,

    /* U+1F52A "🔪" */
    0x1, 0x0, 0x0, 0x0, 0x1, 0xf8, 0x0, 0x0,
    0x0, 0x3b, 0xd0, 0x0, 0x0, 0x2, 0xff, 0x40,
    0x0, 0x0, 0xb, 0xfd, 0x0, 0x0, 0x0, 0x2f,
    0xb0, 0x0, 0x0, 0x0, 0xbd, 0x80, 0x0, 0x0,
    0x1, 0x92, 0x0, 0x0, 0x0, 0x2, 0x8, 0x0,
    0x0, 0x0, 0x80, 0x20, 0x0, 0x0, 0x8, 0x0,
    0x80, 0x0, 0x0, 0x20, 0x2, 0x0, 0x0, 0x0,
    0x80, 0x8, 0x0, 0x0, 0x2, 0x40, 0x20, 0x0,
    0x0, 0x6, 0x1, 0x40, 0x0, 0x0, 0x6, 0x48,
    0x0, 0x0, 0x0, 0x6, 0x90,

    /* U+1F52B "🔫" */
    0x0, 0x6a, 0xaa, 0x81, 0x40, 0x1, 0xa, 0xa9,
    0x28, 0x20, 0x2, 0x0, 0x0, 0x8, 0x20, 0x1,
    0x0, 0x0, 0x28, 0x20, 0x6, 0xfa, 0xaa, 0x94,
    0x20, 0x18, 0x60, 0x0, 0x0, 0x26, 0x78, 0x60,
    0x0, 0x0, 0x2e, 0x18, 0x60, 0x0, 0x0, 0x21,
    0x6, 0xf8, 0x7f, 0xfc, 0x90, 0x0, 0x2, 0x45,
    0x16, 0x40, 0x0, 0x0, 0x9a, 0x46, 0x0, 0x0,
    0x0, 0x25, 0x6, 0x0, 0x0, 0x0, 0x0, 0x8a,
    0x80, 0x0, 0x0, 0x0, 0x40, 0x80, 0x0, 0x0,
    0x0, 0x2a, 0x80,

    /* U+1F52C "🔬" */
    0x0, 0x0, 0x90, 0x0, 0x0, 0x2, 0x70, 0x0,
    0x0, 0x74, 0x80, 0x0, 0x1, 0x2c, 0x0, 0x0,
    0x20, 0x20, 0x0, 0x1, 0x42, 0xc0, 0x0, 0xc,
    0x11, 0xc0, 0x0, 0xa6, 0x78, 0x80, 0x3, 0xc3,
    0x20, 0x40, 0x3, 0xf4, 0x82, 0x0, 0x84, 0x82,
    0x8, 0x1, 0xe0, 0x14, 0x20, 0x19, 0x76, 0x40,
    0x80, 0x3c, 0x66, 0x41, 0xa, 0xea, 0x26, 0xa,
    0x20, 0x0, 0x10, 0x5, 0xaa, 0xaa, 0xaa, 0xa0,

    /* U+1F52D "🔭" */
    0x1d, 0x0, 0x0, 0x0, 0x0, 0xea, 0x40, 0x0,
    0x0, 0x9, 0x50, 0xd0, 0x0, 0x0, 0x32, 0x2,
    0x68, 0x0, 0x0, 0xb4, 0x4, 0xa, 0x40, 0x0,
    0xe4, 0xc0, 0x1, 0xa0, 0x0, 0x6, 0x91, 0xc0,
    0xda, 0x0, 0x0, 0x3e, 0x5, 0xb8, 0x0, 0x0,
    0xfe, 0xb9, 0x60, 0x0, 0x2, 0xe0, 0x1, 0x0,
    0x0, 0xa, 0x50, 0x0, 0x0, 0x0, 0x88, 0x80,
    0x0, 0x0, 0x2, 0x20, 0x80, 0x0, 0x0, 0x20,
    0x82, 0x0, 0x0, 0x1, 0x42, 0x2, 0x0, 0x0,
    0x0, 0x8, 0x4, 0x0, 0x0, 0x0, 0x10, 0x0,
    0x0,

    /* U+1F52E "🔮" */
    0x0, 0x2b, 0x90, 0x0, 0x2f, 0xff, 0xd0, 0xb,
    0xe7, 0xff, 0x41, 0xff, 0xfd, 0xfc, 0x3d, 0xff,
    0x87, 0xd3, 0xaf, 0xe0, 0x2e, 0x3b, 0xff, 0xcb,
    0xf3, 0xff, 0xfe, 0xff, 0x3f, 0xfe, 0xff, 0xe2,
    0xff, 0x4b, 0xfd, 0xf, 0xfd, 0xff, 0x80, 0x3f,
    0xff, 0xf0, 0x2, 0xff, 0xfc, 0x0, 0x20, 0x10,
    0x10, 0x2, 0x0, 0x2, 0x0, 0x19, 0x1, 0x80,
    0x0, 0x1a, 0x80, 0x0,

    /* U+1F52F "🔯" */
    0x7f, 0xff, 0xff, 0xfe, 0x3f, 0xff, 0xff, 0xff,
    0xdf, 0xff, 0xfb, 0xff, 0xf7, 0xff, 0xf5, 0xff,
    0xfd, 0xff, 0xfd, 0xdf, 0xff, 0x7f, 0x54, 0x51,
    0x5b, 0xdf, 0xde, 0xbf, 0x77, 0xf7, 0xfd, 0x7f,
    0xe6, 0xfd, 0xff, 0x6e, 0x3c, 0xff, 0x7f, 0xd7,
    0xfe, 0x6f, 0xdf, 0xde, 0xbf, 0x77, 0xf7, 0xf1,
    0x45, 0x15, 0xbd, 0xff, 0xfe, 0xdf, 0xff, 0x7f,
    0xff, 0x5f, 0xff, 0xdf, 0xff, 0xfb, 0xff, 0xf7,
    0xff, 0xff, 0xff, 0xfd, 0x7f, 0xff, 0xff, 0xfe,
    0x0,

    /* U+1F530 "🔰" */
    0x40, 0x0, 0x0, 0x3, 0x80, 0x0, 0x1, 0xc8,
    0x90, 0x0, 0x3f, 0x20, 0x60, 0x7, 0xfc, 0x80,
    0x24, 0xff, 0xf2, 0x0, 0x2f, 0xff, 0xc8, 0x0,
    0x7f, 0xff, 0x20, 0x1, 0xff, 0xfc, 0x80, 0x7,
    0xff, 0xf2, 0x0, 0x1f, 0xff, 0xc8, 0x0, 0x7f,
    0xff, 0x20, 0x1, 0xff, 0xfc, 0x60, 0x7, 0xff,
    0xe0, 0x24, 0x1f, 0xfd, 0x0, 0x18, 0x7f, 0x80,
    0x0, 0xa, 0xf0, 0x0, 0x0, 0x1, 0x0, 0x0,

    /* U+1F531 "🔱" */
    0x0, 0x0, 0x0, 0x0, 0x1, 0x1, 0x40, 0x50,
    0xa, 0x2, 0x80, 0xa0, 0x9, 0x41, 0x50, 0x50,
    0x20, 0x48, 0x21, 0x8, 0x20, 0x8d, 0x72, 0x8,
    0x28, 0x41, 0x41, 0x2d, 0x21, 0x1, 0x50, 0x88,
    0x22, 0x5, 0x10, 0x85, 0x82, 0x4, 0x10, 0x82,
    0x82, 0x8, 0x20, 0x82, 0x50, 0xac, 0x3a, 0x2,
    0x20, 0x0, 0x0, 0x8, 0xa, 0x0, 0x0, 0xa0,
    0x0, 0x68, 0x29, 0x0, 0x0, 0x8, 0x20, 0x0,
    0x0, 0x6, 0x90, 0x0,

    /* U+1F532 "🔲" */
    0x7f, 0xff, 0xff, 0xfe, 0x3f, 0xff, 0xff, 0xff,
    0xcf, 0xff, 0xff, 0xff, 0xf3, 0xf4, 0x0, 0x0,
    0xfc, 0xfc, 0x0, 0x0, 0x3f, 0x3f, 0x0, 0x0,
    0xf, 0xcf, 0xc0, 0x0, 0x3, 0xf3, 0xf0, 0x0,
    0x0, 0xfc, 0xfc, 0x0, 0x0, 0x3f, 0x3f, 0x0,
    0x0, 0xf, 0xcf, 0xc0, 0x0, 0x3, 0xf3, 0xf0,
    0x0, 0x0, 0xfc, 0xfc, 0x0, 0x0, 0x3f, 0x3f,
    0x40, 0x0, 0xf, 0xcf, 0xff, 0xff, 0xff, 0xf3,
    0xff, 0xff, 0xff, 0xfc, 0x7f, 0xff, 0xff, 0xfe,
    0x0,

    /* U+1F533 "🔳" */
    0x6a, 0xaa, 0xaa, 0xa9, 0x20, 0x0, 0x0, 0x0,
    0x88, 0x0, 0x0, 0x0, 0x22, 0x0, 0x0, 0x0,
    0x8, 0x82, 0xff, 0xff, 0xc2, 0x20, 0xbf, 0xff,
    0xf0, 0x88, 0x2f, 0xff, 0xfc, 0x22, 0xb, 0xff,
    0xff, 0x8, 0x82, 0xff, 0xff, 0xc2, 0x20, 0xbf,
    0xff, 0xf0, 0x88, 0x2f, 0xff, 0xfc, 0x22, 0xb,
    0xff, 0xff, 0x8, 0x82, 0xff, 0xff, 0xc2, 0x20,
    0x15, 0x55, 0x40, 0x88, 0x0, 0x0, 0x0, 0x22,
    0x0, 0x0, 0x0, 0x8, 0x6a, 0xaa, 0xaa, 0xa9,
    0x0,

    /* U+1F534 "🔴" */
    0x0, 0x6, 0xd0, 0x0, 0x0, 0x2c, 0x23, 0x80,
    0x0, 0x62, 0x8, 0x89, 0x0, 0x28, 0x82, 0x20,
    0xd0, 0x22, 0x20, 0x88, 0x28, 0x14, 0x88, 0x22,
    0x8, 0x48, 0x22, 0x8, 0x82, 0x22, 0x8, 0x82,
    0x20, 0x88, 0x82, 0x20, 0x88, 0x22, 0x20, 0x88,
    0x22, 0x8, 0x88, 0x22, 0x8, 0x82, 0x21, 0x48,
    0x82, 0x20, 0x84, 0x22, 0x20, 0x88, 0x28, 0x2,
    0x88, 0x22, 0xd, 0x0, 0x72, 0x8, 0x8b, 0x0,
    0x2, 0xc2, 0x39, 0x0, 0x0, 0x6, 0xe0, 0x0,
    0x0,

    /* U+1F535 "🔵" */
    0x0, 0x6, 0x90, 0x0, 0x0, 0x28, 0x1, 0x90,
    0x0, 0x7a, 0xaa, 0xaf, 0x0, 0x20, 0x0, 0x0,
    0x50, 0x20, 0x0, 0x0, 0x8, 0x1e, 0xaa, 0xaa,
    0xaa, 0x88, 0x0, 0x0, 0x0, 0x23, 0xaa, 0xaa,
    0xaa, 0xac, 0x80, 0x0, 0x0, 0x1, 0x7a, 0xaa,
    0xaa, 0xaa, 0xc8, 0x0, 0x0, 0x0, 0x21, 0xea,
    0xaa, 0xaa, 0xa8, 0x20, 0x0, 0x0, 0x8, 0x2,
    0x0, 0x0, 0x6, 0x0, 0xba, 0xaa, 0xaf, 0x0,
    0x2, 0x40, 0x19, 0x0, 0x0, 0x6, 0xa4, 0x0,
    0x0,

    /* U+1F536 "🔶" */
    0x0, 0x1, 0x80, 0x0, 0x0, 0x9, 0xe0, 0x0,
    0x0, 0x2c, 0x88, 0x0, 0x0, 0xa2, 0x87, 0x0,
    0x2, 0xe0, 0xc3, 0x80, 0x5, 0x30, 0xe2, 0x60,
    0x1c, 0x38, 0x8a, 0x38, 0x5d, 0x22, 0x83, 0x26,
    0x89, 0xa0, 0xc3, 0xa2, 0x58, 0x70, 0xe2, 0x36,
    0x1c, 0x34, 0x8a, 0x3c, 0x9, 0x25, 0x83, 0x60,
    0x2, 0x61, 0xc3, 0xc0, 0x0, 0xa0, 0xd3, 0x0,
    0x0, 0x24, 0xac, 0x0, 0x0, 0x9, 0xe0, 0x0,
    0x0, 0x1, 0x80, 0x0,

    /* U+1F537 "🔷" */
    0x0, 0x1, 0x40, 0x0, 0x0, 0x9, 0x60, 0x0,
    0x0, 0x3e, 0xbc, 0x0, 0x0, 0x90, 0x6, 0x0,
    0x2, 0x40, 0x1, 0x80, 0x7, 0xaa, 0xaa, 0xe0,
    0x14, 0x0, 0x0, 0x18, 0x7a, 0xaa, 0xaa, 0xae,
    0x80, 0x0, 0x0, 0x2, 0x7a, 0xaa, 0xaa, 0xae,
    0x14, 0x0, 0x0, 0x18, 0xb, 0xaa, 0xaa, 0xe0,
    0x2, 0x40, 0x0, 0x80, 0x0, 0x90, 0x6, 0x0,
    0x0, 0x3e, 0xbc, 0x0, 0x0, 0x9, 0x20, 0x0,
    0x0, 0x1, 0x80, 0x0,

    /* U+1F538 "🔸" */
    0x0, 0x0, 0xa4, 0x2a, 0x86, 0xad, 0x2a, 0xd0,
    0x74, 0x0, 0x0,

    /* U+1F539 "🔹" */
    0x9, 0x2, 0x58, 0x55, 0x62, 0x55, 0xa, 0x40,
    0x0,

    /* U+1F53A "🔺" */
    0x0, 0x10, 0x0, 0xb, 0x0, 0x1, 0xf8, 0x0,
    0x3f, 0xc0, 0x7, 0xfe, 0x0, 0xff, 0xf4, 0x2f,
    0xff, 0xc3, 0xff, 0xfd, 0x7f, 0xff, 0xe0,

    /* U+1F53B "🔻" */
    0x15, 0x55, 0x57, 0xff, 0xfe, 0x3f, 0xff, 0xc0,
    0xff, 0xf8, 0xb, 0xff, 0x0, 0x3f, 0xd0, 0x2,
    0xfc, 0x0, 0xf, 0x40, 0x0, 0x60, 0x0,

    /* U+1F53C "🔼" */
    0x15, 0x55, 0x55, 0x54, 0x3f, 0xff, 0xff, 0xff,
    0xcf, 0xff, 0xff, 0xff, 0xf7, 0xff, 0xff, 0xff,
    0xfd, 0xff, 0xff, 0xff, 0xff, 0x7f, 0xff, 0xdf,
    0xff, 0xdf, 0xff, 0xc3, 0xff, 0xf7, 0xff, 0xe0,
    0x7f, 0xfd, 0xff, 0xf0, 0xb, 0xff, 0x7f, 0xf4,
    0x0, 0xff, 0xdf, 0xfc, 0x0, 0x2f, 0xf7, 0xfd,
    0x0, 0x7, 0xfd, 0xff, 0xff, 0xff, 0xff, 0x7f,
    0xff, 0xff, 0xff, 0xdf, 0xff, 0xff, 0xff, 0xf7,
    0xff, 0xff, 0xff, 0xfd, 0x7f, 0xff, 0xff, 0xfe,
    0x0,

    /* U+1F53D "🔽" */
    0x7f, 0xff, 0xff, 0xfe, 0x3f, 0xff, 0xff, 0xff,
    0xdf, 0xff, 0xff, 0xff, 0xf7, 0xff, 0xff, 0xff,
    0xfd, 0xff, 0xff, 0xff, 0xff, 0x7f, 0xe5, 0x55,
    0x7f, 0xdf, 0xfc, 0x0, 0x2f, 0xf7, 0xff, 0x40,
    0xf, 0xfd, 0xff, 0xf0, 0xb, 0xff, 0x7f, 0xfe,
    0x7, 0xff, 0xdf, 0xff, 0xc3, 0xff, 0xf7, 0xff,
    0xfd, 0xff, 0xfd, 0xff, 0xff, 0xff, 0xff, 0x7f,
    0xff, 0xff, 0xff, 0xdf, 0xff, 0xff, 0xff, 0xf7,
    0xff, 0xff, 0xff, 0xfc, 0x15, 0x55, 0x55, 0x55,
    0x0,

    /* U+1F549 "🕉" */
    0x6a, 0xaa, 0xaa, 0xa9, 0x3f, 0xff, 0xff, 0xff,
    0xcf, 0xff, 0xff, 0x3f, 0xf7, 0xff, 0xff, 0xce,
    0xfd, 0xff, 0xeb, 0x14, 0x2f, 0x7f, 0x40, 0x3a,
    0xbf, 0xdf, 0xdb, 0xcf, 0x97, 0xf7, 0xff, 0xe7,
    0x8b, 0x7d, 0xff, 0x83, 0xcb, 0xdf, 0x7f, 0xf0,
    0x5f, 0xf6, 0xdf, 0xff, 0xcf, 0xfd, 0xb7, 0xff,
    0xf6, 0xff, 0x3d, 0xf2, 0xfc, 0xb0, 0x1f, 0x7e,
    0x0, 0x3f, 0x5f, 0xdf, 0xe0, 0x7f, 0xff, 0xf7,
    0xff, 0xff, 0xff, 0xfd, 0x6f, 0xff, 0xff, 0xfe,
    0x0,

    /* U+1F54A "🕊" */
    0x0, 0x0, 0x5, 0x0, 0x60, 0x20, 0x40, 0xb8,
    0x28, 0x54, 0x9e, 0x7, 0xd2, 0x6, 0x55, 0xe4,
    0x3f, 0xe0, 0x49, 0x29, 0xa5, 0xff, 0x0, 0xb0,
    0xbe, 0x4b, 0xf0, 0x2a, 0x42, 0xa0, 0xbf, 0x0,
    0x28, 0xf, 0x10, 0xf4, 0xa, 0x80, 0x29, 0x0,
    0x0, 0x8, 0x0, 0x8, 0x0, 0x1, 0x90, 0x0,
    0x20, 0x0, 0x3, 0x40, 0x0, 0x80, 0x0, 0x91,
    0xc0, 0x0, 0x80, 0x0, 0x2, 0x0, 0x0, 0x90,
    0x0, 0x14, 0x0, 0x0, 0x6a, 0x80, 0x80, 0x0,
    0x0, 0x0, 0xa8, 0x0, 0x0, 0x0, 0x1, 0x0,
    0x0,

    /* U+1F54B "🕋" */
    0x0, 0x0, 0x0, 0x0, 0x0, 0x0, 0x6f, 0xd0,
    0x0, 0x1, 0xbf, 0xff, 0xf8, 0x2, 0xff, 0xff,
    0xff, 0xfd, 0x3f, 0xe6, 0x99, 0xbf, 0xd2, 0x66,
    0x6a, 0x9a, 0x59, 0x26, 0xab, 0xaf, 0xa9, 0x93,
    0xa9, 0x6e, 0xa5, 0xad, 0x2a, 0xff, 0xff, 0xfe,
    0x93, 0xff, 0xff, 0xff, 0xfd, 0x3f, 0xff, 0xff,
    0xff, 0xd3, 0xff, 0xff, 0xff, 0xfd, 0x3f, 0xff,
    0xff, 0xff, 0xd3, 0xff, 0xff, 0xff, 0xfd, 0x3f,
    0xff, 0xff, 0xff, 0xd0, 0x5a, 0xff, 0xfe, 0x90,
    0x0, 0x0, 0x0, 0x0, 0x0,

    /* U+1F54C "🕌" */
    0x0, 0x0, 0x0, 0x4, 0x0, 0x28, 0x0, 0x0,
    0xa0, 0x5, 0x50, 0xd4, 0x21, 0x0, 0x7d, 0xe,
    0x43, 0xf0, 0x6, 0x90, 0x70, 0x2a, 0x0, 0xbe,
    0x19, 0x93, 0xf4, 0x5, 0x55, 0x2, 0x61, 0x0,
    0x55, 0x80, 0xa, 0x10, 0x5, 0x54, 0x0, 0xa1,
    0x1, 0xbd, 0xea, 0xaf, 0xb4, 0x29, 0x6f, 0xef,
    0xf2, 0x62, 0x69, 0xc1, 0xa, 0xa2, 0x26, 0x98,
    0xb4, 0xaa, 0x22, 0x69, 0xcf, 0x9e, 0xa2, 0x26,
    0x9c, 0xf9, 0xea, 0x22, 0x55, 0xdf, 0xae, 0x62,
    0x2f, 0xfe, 0xff, 0xff, 0x90,

    /* U+1F54D "🕍" */
    0x1, 0x0, 0x0, 0x50, 0xf, 0x40, 0x0, 0xf0,
    0xf, 0x80, 0x41, 0xf4, 0xf, 0xc2, 0xc1, 0xf4,
    0x14, 0x82, 0x82, 0x8, 0x16, 0x88, 0x22, 0x58,
    0x16, 0x95, 0x4a, 0x58, 0x24, 0xeb, 0xb7, 0xc,
    0x3e, 0xce, 0xa7, 0xad, 0x35, 0x8d, 0x66, 0xd,
    0x36, 0x87, 0x92, 0x5d, 0x34, 0xaa, 0xab, 0xd,
    0x34, 0x0, 0x0, 0xd, 0x34, 0x76, 0xce, 0xd,
    0x34, 0x76, 0xce, 0xd, 0x34, 0x76, 0xce, 0xd,
    0x3a, 0xbb, 0xef, 0xad,

    /* U+1F54E "🕎" */
    0x6a, 0xaa, 0xaa, 0xa9, 0x3f, 0xff, 0xff, 0xff,
    0xcf, 0xff, 0xff, 0xff, 0xf3, 0xef, 0xbf, 0xee,
    0xbc, 0xfb, 0xef, 0xfb, 0xef, 0x3d, 0xe7, 0xed,
    0xe7, 0xcf, 0x7b, 0x79, 0xad, 0xf3, 0xee, 0xb5,
    0xbb, 0x7c, 0xfd, 0xe6, 0x97, 0x7f, 0x3f, 0xdf,
    0x9f, 0x7f, 0xcf, 0xfd, 0x55, 0x7f, 0xf3, 0xff,
    0xfe, 0xff, 0xfc, 0xff, 0xf5, 0x5f, 0xff, 0x3f,
    0xeb, 0xfe, 0xbf, 0xcf, 0xf5, 0x55, 0x5f, 0xf3,
    0xff, 0xff, 0xff, 0xfc, 0x7f, 0xff, 0xff, 0xfe,
    0x0,

    /* U+1F550 "🕐" */
    0x0, 0x1a, 0xe4, 0x0, 0x0, 0x79, 0x6, 0xd0,
    0x0, 0x70, 0x0, 0xa, 0x0, 0x70, 0x41, 0x0,
    0xa0, 0x30, 0x0, 0x0, 0xc, 0x18, 0x40, 0x10,
    0x11, 0x89, 0x0, 0xa, 0x0, 0x33, 0x0, 0x3,
    0x0, 0xc, 0xc8, 0x2, 0xc0, 0x22, 0x30, 0x0,
    0x0, 0x0, 0xc9, 0x0, 0x0, 0x0, 0x31, 0x84,
    0x0, 0x1, 0x18, 0x30, 0x0, 0x0, 0xc, 0x7,
    0x8, 0x1, 0xa, 0x0, 0x70, 0x4, 0xa, 0x0,
    0x7, 0x90, 0x6d, 0x0, 0x0, 0x1a, 0xe4, 0x0,
    0x0,

    /* U+1F551 "🕑" */
    0x0, 0x1a, 0xe4, 0x0, 0x0, 0x79, 0x6, 0xd0,
    0x0, 0x70, 0x0, 0xa, 0x0, 0x70, 0x41, 0x0,
    0xa0, 0x30, 0x0, 0x0, 0xc, 0x18, 0x40, 0x10,
    0x11, 0x89, 0x0, 0x4, 0x0, 0x33, 0x0, 0x2,
    0x90, 0xc, 0xc8, 0x2, 0xc0, 0x22, 0x30, 0x0,
    0x0, 0x0, 0xc9, 0x0, 0x0, 0x0, 0x31, 0x84,
    0x0, 0x1, 0x18, 0x30, 0x0, 0x0, 0xc, 0x7,
    0x8, 0x1, 0xa, 0x0, 0x70, 0x4, 0xa, 0x0,
    0x7, 0x90, 0x6d, 0x0, 0x0, 0x1a, 0xe4, 0x0,
    0x0,

    /* U+1F552 "🕒" */
    0x0, 0x1a, 0xe4, 0x0, 0x0, 0x79, 0x6, 0xd0,
    0x0, 0x70, 0x0, 0xa, 0x0, 0x70, 0x41, 0x0,
    0xa0, 0x30, 0x0, 0x0, 0xc, 0x18, 0x40, 0x10,
    0x11, 0x89, 0x0, 0x4, 0x0, 0x33, 0x0, 0x2,
    0x0, 0xc, 0xc8, 0x2, 0xe8, 0x22, 0x30, 0x0,
    0x0, 0x0, 0xc9, 0x0, 0x0, 0x0, 0x31, 0x84,
    0x0, 0x1, 0x18, 0x30, 0x0, 0x0, 0xc, 0x7,
    0x8, 0x1, 0xa, 0x0, 0x70, 0x4, 0xa, 0x0,
    0x7, 0x90, 0x6d, 0x0, 0x0, 0x1a, 0xe4, 0x0,
    0x0,

    /* U+1F553 "🕓" */
    0x0, 0x1a, 0xe4, 0x0, 0x0, 0x79, 0x6, 0xd0,
    0x0, 0x70, 0x0, 0xa, 0x0, 0x70, 0x41, 0x0,
    0xa0, 0x30, 0x0, 0x0, 0xc, 0x18, 0x40, 0x10,
    0x11, 0x89, 0x0, 0x4, 0x0, 0x33, 0x0, 0x2,
    0x0, 0xc, 0xc8, 0x2, 0xc0, 0x22, 0x30, 0x0,
    0x19, 0x0, 0xc9, 0x0, 0x0, 0x0, 0x31, 0x84,
    0x0, 0x1, 0x18, 0x30, 0x0, 0x0, 0xc, 0x7,
    0x8, 0x1, 0xa, 0x0, 0x70, 0x4, 0xa, 0x0,
    0x7, 0x90, 0x6d, 0x0, 0x0, 0x1a, 0xe4, 0x0,
    0x0,

    /* U+1F554 "🕔" */
    0x0, 0x1a, 0xe4, 0x0, 0x0, 0x79, 0x6, 0xd0,
    0x0, 0x70, 0x0, 0xa, 0x0, 0x70, 0x41, 0x0,
    0xa0, 0x30, 0x0, 0x0, 0xc, 0x18, 0x40, 0x10,
    0x11, 0x89, 0x0, 0x4, 0x0, 0x33, 0x0, 0x2,
    0x0, 0xc, 0xc8, 0x2, 0xc0, 0x22, 0x30, 0x0,
    0x20, 0x0, 0xc9, 0x0, 0x2, 0x0, 0x31, 0x84,
    0x0, 0x1, 0x18, 0x30, 0x0, 0x0, 0xc, 0x7,
    0x8, 0x1, 0xa, 0x0, 0x70, 0x4, 0xa, 0x0,
    0x7, 0x90, 0x6d, 0x0, 0x0, 0x1a, 0xe4, 0x0,
    0x0,

    /* U+1F555 "🕕" */
    0x0, 0x1a, 0xe4, 0x0, 0x0, 0x79, 0x6, 0xd0,
    0x0, 0x70, 0x0, 0xa, 0x0, 0x70, 0x41, 0x0,
    0xa0, 0x30, 0x0, 0x0, 0xc, 0x18, 0x40, 0x10,
    0x11, 0x89, 0x0, 0x4, 0x0, 0x33, 0x0, 0x2,
    0x0, 0xc, 0xc8, 0x2, 0xc0, 0x22, 0x30, 0x0,
    0x70, 0x0, 0xc9, 0x0, 0x8, 0x0, 0x31, 0x84,
    0x1, 0x1, 0x18, 0x30, 0x0, 0x0, 0xc, 0x7,
    0x8, 0x1, 0xa, 0x0, 0x70, 0x4, 0xa, 0x0,
    0x7, 0x90, 0x6d, 0x0, 0x0, 0x1a, 0xe4, 0x0,
    0x0,

    /* U+1F556 "🕖" */
    0x0, 0x1a, 0xe4, 0x0, 0x0, 0x79, 0x6, 0xd0,
    0x0, 0x70, 0x0, 0xa, 0x0, 0x70, 0x41, 0x0,
    0xa0, 0x30, 0x0, 0x0, 0xc, 0x18, 0x40, 0x10,
    0x11, 0x89, 0x0, 0x4, 0x0, 0x33, 0x0, 0x2,
    0x0, 0xc, 0xc8, 0x2, 0xc0, 0x22, 0x30, 0x0,
    0x90, 0x0, 0xc9, 0x0, 0x50, 0x0, 0x31, 0x84,
    0x0, 0x1, 0x18, 0x30, 0x0, 0x0, 0xc, 0x7,
    0x8, 0x1, 0xa, 0x0, 0x70, 0x4, 0xa, 0x0,
    0x7, 0x90, 0x6d, 0x0, 0x0, 0x1a, 0xe4, 0x0,
    0x0,

    /* U+1F557 "🕗" */
    0x0, 0x1a, 0xe4, 0x0, 0x0, 0x79, 0x6, 0xd0,
    0x0, 0x70, 0x0, 0xa, 0x0, 0x70, 0x41, 0x0,
    0xa0, 0x30, 0x0, 0x0, 0xc, 0x18, 0x40, 0x10,
    0x11, 0x89, 0x0, 0x4, 0x0, 0x33, 0x0, 0x2,
    0x0, 0xc, 0xc8, 0x3, 0xc0, 0x22, 0x30, 0x2,
    0x40, 0x0, 0xc9, 0x0, 0x0, 0x0, 0x31, 0x84,
    0x0, 0x1, 0x18, 0x30, 0x0, 0x0, 0xc, 0x7,
    0x8, 0x1, 0xa, 0x0, 0x70, 0x4, 0xa, 0x0,
    0x7, 0x90, 0x6d, 0x0, 0x0, 0x1a, 0xe4, 0x0,
    0x0,

    /* U+1F558 "🕘" */
    0x0, 0x1a, 0xe4, 0x0, 0x0, 0x79, 0x6, 0xd0,
    0x0, 0x70, 0x0, 0xa, 0x0, 0x70, 0x41, 0x0,
    0xa0, 0x30, 0x0, 0x0, 0xc, 0x18, 0x40, 0x10,
    0x11, 0x89, 0x0, 0x4, 0x0, 0x33, 0x0, 0x2,
    0x0, 0xc, 0xc8, 0x1b, 0xc0, 0x22, 0x30, 0x0,
    0x0, 0x0, 0xc9, 0x0, 0x0, 0x0, 0x31, 0x84,
    0x0, 0x1, 0x18, 0x30, 0x0, 0x0, 0xc, 0x7,
    0x8, 0x1, 0xa, 0x0, 0x70, 0x4, 0xa, 0x0,
    0x7, 0x90, 0x6d, 0x0, 0x0, 0x1a, 0xe4, 0x0,
    0x0,

    /* U+1F559 "🕙" */
    0x0, 0x1a, 0xe4, 0x0, 0x0, 0x79, 0x6, 0xd0,
    0x0, 0x70, 0x0, 0xa, 0x0, 0x70, 0x41, 0x0,
    0xa0, 0x30, 0x0, 0x0, 0xc, 0x18, 0x40, 0x10,
    0x11, 0x89, 0x0, 0x4, 0x0, 0x33, 0x0, 0x26,
    0x0, 0xc, 0xc8, 0x3, 0xc0, 0x22, 0x30, 0x0,
    0x0, 0x0, 0xc9, 0x0, 0x0, 0x0, 0x31, 0x84,
    0x0, 0x1, 0x18, 0x30, 0x0, 0x0, 0xc, 0x7,
    0x8, 0x1, 0xa, 0x0, 0x70, 0x4, 0xa, 0x0,
    0x7, 0x90, 0x6d, 0x0, 0x0, 0x1a, 0xe4, 0x0,
    0x0,

    /* U+1F55A "🕚" */
    0x0, 0x1a, 0xe4, 0x0, 0x0, 0x79, 0x6, 0xd0,
    0x0, 0x70, 0x0, 0xa, 0x0, 0x70, 0x41, 0x0,
    0xa0, 0x30, 0x0, 0x0, 0xc, 0x18, 0x40, 0x10,
    0x11, 0x89, 0x0, 0x54, 0x0, 0x33, 0x0, 0xa,
    0x0, 0xc, 0xc8, 0x2, 0xc0, 0x22, 0x30, 0x0,
    0x0, 0x0, 0xc9, 0x0, 0x0, 0x0, 0x31, 0x84,
    0x0, 0x1, 0x18, 0x30, 0x0, 0x0, 0xc, 0x7,
    0x8, 0x1, 0xa, 0x0, 0x70, 0x4, 0xa, 0x0,
    0x7, 0x90, 0x6d, 0x0, 0x0, 0x1a, 0xe4, 0x0,
    0x0,

    /* U+1F55B "🕛" */
    0x0, 0x1a, 0xe4, 0x0, 0x0, 0x79, 0x6, 0xd0,
    0x0, 0x70, 0x0, 0xa, 0x0, 0x70, 0x41, 0x0,
    0xa0, 0x30, 0x10, 0x0, 0xc, 0x18, 0x40, 0x20,
    0x11, 0x89, 0x0, 0xc, 0x0, 0x33, 0x0, 0x3,
    0x0, 0xc, 0xc8, 0x2, 0xc0, 0x22, 0x30, 0x0,
    0x0, 0x0, 0xc9, 0x0, 0x0, 0x0, 0x31, 0x84,
    0x0, 0x1, 0x18, 0x30, 0x0, 0x0, 0xc, 0x7,
    0x8, 0x1, 0xa, 0x0, 0x70, 0x4, 0xa, 0x0,
    0x7, 0x90, 0x6d, 0x0, 0x0, 0x1a, 0xe4, 0x0,
    0x0,

    /* U+1F55C "🕜" */
    0x0, 0x1a, 0xe4, 0x0, 0x0, 0x79, 0x6, 0xd0,
    0x0, 0x70, 0x0, 0xa, 0x0, 0x70, 0x41, 0x0,
    0xa0, 0x30, 0x10, 0x0, 0xc, 0x18, 0x40, 0x0,
    0x1, 0x89, 0x0, 0x0, 0x0, 0x33, 0x0, 0x0,
    0x80, 0xc, 0xc8, 0x2, 0xc0, 0x22, 0x30, 0x0,
    0x30, 0x0, 0xc9, 0x0, 0x4, 0x0, 0x31, 0x84,
    0x1, 0x1, 0x18, 0x30, 0x0, 0x40, 0xc, 0x7,
    0x8, 0x1, 0xa, 0x0, 0x70, 0x4, 0xa, 0x0,
    0x7, 0x90, 0x6d, 0x0, 0x0, 0x1a, 0xe4, 0x0,
    0x0,

    /* U+1F55D "🕝" */
    0x0, 0x1a, 0xe4, 0x0, 0x0, 0x79, 0x6, 0xd0,
    0x0, 0x70, 0x0, 0xa, 0x0, 0x70, 0x41, 0x0,
    0xa0, 0x30, 0x10, 0x0, 0xc, 0x18, 0x40, 0x0,
    0x1, 0x89, 0x0, 0x0, 0x0, 0x33, 0x0, 0x0,
    0x10, 0xc, 0xc8, 0x2, 0xd0, 0x22, 0x30, 0x0,
    0x30, 0x0, 0xc9, 0x0, 0x4, 0x0, 0x31, 0x84,
    0x1, 0x1, 0x18, 0x30, 0x0, 0x40, 0xc, 0x7,
    0x8, 0x1, 0xa, 0x0, 0x70, 0x4, 0xa, 0x0,
    0x7, 0x90, 0x6d, 0x0, 0x0, 0x1a, 0xe4, 0x0,
    0x0,

    /* U+1F55E "🕞" */
    0x0, 0x1a, 0xe4, 0x0, 0x0, 0x79, 0x6, 0xd0,
    0x0, 0x70, 0x0, 0xa, 0x0, 0x70, 0x41, 0x0,
    0xa0, 0x30, 0x10, 0x0, 0xc, 0x18, 0x40, 0x0,
    0x1, 0x89, 0x0, 0x0, 0x0, 0x33, 0x0, 0x0,
    0x0, 0xc, 0xc8, 0x2, 0xc0, 0x22, 0x30, 0x0,
    0x36, 0x0, 0xc9, 0x0, 0x4, 0x0, 0x31, 0x84,
    0x1, 0x1, 0x18, 0x30, 0x0, 0x40, 0xc, 0x7,
    0x8, 0x1, 0xa, 0x0, 0x70, 0x4, 0xa, 0x0,
    0x7, 0x90, 0x6d, 0x0, 0x0, 0x1a, 0xe4, 0x0,
    0x0,

    /* U+1F55F "🕟" */
    0x0, 0x1a, 0xe4, 0x0, 0x0, 0x79, 0x6, 0xd0,
    0x0, 0x70, 0x0, 0xa, 0x0, 0x70, 0x41, 0x0,
    0xa0, 0x30, 0x10, 0x0, 0xc, 0x18, 0x40, 0x0,
    0x1, 0x89, 0x0, 0x0, 0x0, 0x33, 0x0, 0x0,
    0x0, 0xc, 0xc8, 0x2, 0xc0, 0x22, 0x30, 0x0,
    0x38, 0x0, 0xc9, 0x0, 0x4, 0x40, 0x31, 0x84,
    0x1, 0x1, 0x18, 0x30, 0x0, 0x40, 0xc, 0x7,
    0x8, 0x1, 0xa, 0x0, 0x70, 0x4, 0xa, 0x0,
    0x7, 0x90, 0x6d, 0x0, 0x0, 0x1a, 0xe4, 0x0,
    0x0,

    /* U+1F560 "🕠" */
    0x0, 0x1a, 0xe4, 0x0, 0x0, 0x79, 0x6, 0xd0,
    0x0, 0x70, 0x0, 0xa, 0x0, 0x70, 0x41, 0x0,
    0xa0, 0x30, 0x10, 0x0, 0xc, 0x18, 0x40, 0x0,
    0x1, 0x89, 0x0, 0x0, 0x0, 0x33, 0x0, 0x0,
    0x0, 0xc, 0xc8, 0x2, 0xc0, 0x22, 0x30, 0x0,
    0x30, 0x0, 0xc9, 0x0, 0xc, 0x0, 0x31, 0x84,
    0x2, 0x1, 0x18, 0x30, 0x0, 0x40, 0xc, 0x7,
    0x8, 0x1, 0xa, 0x0, 0x70, 0x4, 0xa, 0x0,
    0x7, 0x90, 0x6d, 0x0, 0x0, 0x1a, 0xe4, 0x0,
    0x0,

    /* U+1F561 "🕡" */
    0x0, 0x1a, 0xe4, 0x0, 0x0, 0x79, 0x6, 0xd0,
    0x0, 0x70, 0x0, 0xa, 0x0, 0x70, 0x41, 0x0,
    0xa0, 0x30, 0x10, 0x0, 0xc, 0x18, 0x40, 0x0,
    0x1, 0x89, 0x0, 0x0, 0x0, 0x33, 0x0, 0x0,
    0x0, 0xc, 0xc8, 0x2, 0xc0, 0x22, 0x30, 0x0,
    0xb0, 0x0, 0xc9, 0x0, 0x24, 0x0, 0x31, 0x84,
    0x1, 0x1, 0x18, 0x30, 0x0, 0x40, 0xc, 0x7,
    0x8, 0x1, 0xa, 0x0, 0x70, 0x4, 0xa, 0x0,
    0x7, 0x90, 0x6d, 0x0, 0x0, 0x1a, 0xe4, 0x0,
    0x0,

    /* U+1F562 "🕢" */
    0x0, 0x1a, 0xe4, 0x0, 0x0, 0x79, 0x6, 0xd0,
    0x0, 0x70, 0x0, 0xa, 0x0, 0x70, 0x41, 0x0,
    0xa0, 0x30, 0x10, 0x0, 0xc, 0x18, 0x40, 0x0,
    0x1, 0x89, 0x0, 0x0, 0x0, 0x33, 0x0, 0x0,
    0x0, 0xc, 0xc8, 0x2, 0xc0, 0x22, 0x30, 0x0,
    0xf0, 0x0, 0xc9, 0x0, 0x84, 0x0, 0x31, 0x84,
    0x1, 0x1, 0x18, 0x30, 0x0, 0x40, 0xc, 0x7,
    0x8, 0x1, 0xa, 0x0, 0x70, 0x4, 0xa, 0x0,
    0x7, 0x90, 0x6d, 0x0, 0x0, 0x1a, 0xe4, 0x0,
    0x0,

    /* U+1F563 "🕣" */
    0x0, 0x1a, 0xe4, 0x0, 0x0, 0x79, 0x6, 0xd0,
    0x0, 0x70, 0x0, 0xa, 0x0, 0x70, 0x41, 0x0,
    0xa0, 0x30, 0x10, 0x0, 0xc, 0x18, 0x40, 0x0,
    0x1, 0x89, 0x0, 0x0, 0x0, 0x33, 0x0, 0x0,
    0x0, 0xc, 0xc8, 0x7, 0xc0, 0x22, 0x30, 0x4,
    0x30, 0x0, 0xc9, 0x0, 0x4, 0x0, 0x31, 0x84,
    0x1, 0x1, 0x18, 0x30, 0x0, 0x40, 0xc, 0x7,
    0x8, 0x1, 0xa, 0x0, 0x70, 0x4, 0xa, 0x0,
    0x7, 0x90, 0x6d, 0x0, 0x0, 0x1a, 0xe4, 0x0,
    0x0,

    /* U+1F564 "🕤" */
    0x0, 0x1a, 0xe4, 0x0, 0x0, 0x79, 0x6, 0xd0,
    0x0, 0x70, 0x0, 0xa, 0x0, 0x70, 0x41, 0x0,
    0xa0, 0x30, 0x10, 0x0, 0xc, 0x18, 0x40, 0x0,
    0x1, 0x89, 0x0, 0x0, 0x0, 0x33, 0x0, 0x0,
    0x0, 0xc, 0xc8, 0x1b, 0xc0, 0x22, 0x30, 0x0,
    0x30, 0x0, 0xc9, 0x0, 0x4, 0x0, 0x31, 0x84,
    0x1, 0x1, 0x18, 0x30, 0x0, 0x40, 0xc, 0x7,
    0x8, 0x1, 0xa, 0x0, 0x70, 0x4, 0xa, 0x0,
    0x7, 0x90, 0x6d, 0x0, 0x0, 0x1a, 0xe4, 0x0,
    0x0,

    /* U+1F565 "🕥" */
    0x0, 0x1a, 0xe4, 0x0, 0x0, 0x79, 0x6, 0xd0,
    0x0, 0x70, 0x0, 0xa, 0x0, 0x70, 0x41, 0x0,
    0xa0, 0x30, 0x10, 0x0, 0xc, 0x18, 0x40, 0x0,
    0x1, 0x89, 0x0, 0x0, 0x0, 0x33, 0x0, 0x24,
    0x0, 0xc, 0xc8, 0x3, 0xc0, 0x22, 0x30, 0x0,
    0x30, 0x0, 0xc9, 0x0, 0x4, 0x0, 0x31, 0x84,
    0x1, 0x1, 0x18, 0x30, 0x0, 0x40, 0xc, 0x7,
    0x8, 0x1, 0xa, 0x0, 0x70, 0x4, 0xa, 0x0,
    0x7, 0x90, 0x6d, 0x0, 0x0, 0x1a, 0xe4, 0x0,
    0x0,

    /* U+1F566 "🕦" */
    0x0, 0x1a, 0xe4, 0x0, 0x0, 0x79, 0x6, 0xd0,
    0x0, 0x70, 0x0, 0xa, 0x0, 0x70, 0x41, 0x0,
    0xa0, 0x30, 0x10, 0x0, 0xc, 0x18, 0x40, 0x0,
    0x1, 0x89, 0x0, 0x10, 0x0, 0x33, 0x0, 0x5,
    0x0, 0xc, 0xc8, 0x2, 0xc0, 0x22, 0x30, 0x0,
    0x30, 0x0, 0xc9, 0x0, 0x4, 0x0, 0x31, 0x84,
    0x1, 0x1, 0x18, 0x30, 0x0, 0x40, 0xc, 0x7,
    0x8, 0x1, 0xa, 0x0, 0x70, 0x4, 0xa, 0x0,
    0x7, 0x90, 0x6d, 0x0, 0x0, 0x1a, 0xe4, 0x0,
    0x0,

    /* U+1F567 "🕧" */
    0x0, 0x1a, 0xe4, 0x0, 0x0, 0x79, 0x6, 0xd0,
    0x0, 0x70, 0x0, 0xa, 0x0, 0x70, 0x41, 0x0,
    0xa0, 0x30, 0x10, 0x0, 0xc, 0x18, 0x40, 0x0,
    0x1, 0x89, 0x0, 0x8, 0x0, 0x33, 0x0, 0x3,
    0x0, 0xc, 0xc8, 0x2, 0xc0, 0x22, 0x30, 0x0,
    0x30, 0x0, 0xc9, 0x0, 0x4, 0x0, 0x31, 0x84,
    0x1, 0x1, 0x18, 0x30, 0x0, 0x40, 0xc, 0x7,
    0x8, 0x1, 0xa, 0x0, 0x70, 0x4, 0xa, 0x0,
    0x7, 0x90, 0x6d, 0x0, 0x0, 0x1a, 0xe4, 0x0,
    0x0,

    /* U+1F56F "🕯" */
    0x0, 0x0, 0x2, 0x40, 0x4, 0x80, 0x8, 0x10,
    0x8, 0x20, 0x7, 0x80, 0x37, 0xa0, 0x25, 0x8,
    0x14, 0x8, 0x4d, 0x84, 0x44, 0xa9, 0x48, 0x9c,
    0x30, 0xa8, 0x20, 0x68, 0x20, 0x8, 0x20, 0x8,
    0x6, 0x90,

    /* U+1F570 "🕰" */
    0x0, 0x1, 0xa4, 0x0, 0x0, 0x2, 0x80, 0x28,
    0x0, 0x0, 0x82, 0xa9, 0x20, 0x0, 0x21, 0x81,
    0x18, 0x80, 0x2, 0x20, 0x0, 0x58, 0x0, 0x58,
    0x40, 0x2, 0x10, 0x8, 0x80, 0x94, 0x22, 0x0,
    0x89, 0x6, 0x6, 0x20, 0x9, 0x80, 0x0, 0x23,
    0x0, 0xe2, 0x0, 0x5, 0x70, 0x22, 0x59, 0x12,
    0x88, 0x85, 0x9, 0x2a, 0x92, 0x2, 0x80, 0x0,
    0x0, 0x0, 0x2e, 0xaa, 0xaa, 0xaa, 0xab, 0x80,
    0x0, 0x0, 0x0, 0x2b, 0xfe, 0xaa, 0xaa, 0xfe,
    0x1a, 0x40, 0x0, 0xa, 0x80,

    /* U+1F573 "🕳" */
    0x0, 0x6a, 0xaa, 0x40, 0x2, 0x80, 0x0, 0x19,
    0x2, 0x0, 0x55, 0x0, 0x62, 0x2, 0xff, 0xfe,
    0x5, 0x87, 0xff, 0xff, 0xf0, 0xa3, 0xff, 0xff,
    0xfe, 0x52, 0x6f, 0xff, 0xfe, 0x60, 0x29, 0x5a,
    0x95, 0x90, 0x0, 0x6a, 0xaa, 0x40, 0x0,

    /* U+1F574 "🕴" */
    0x5, 0x42, 0x4, 0x2a, 0x92, 0xfc, 0xf, 0x43,
    0xad, 0x75, 0xe7, 0xfe, 0x7f, 0xe3, 0xfd, 0x1f,
    0x81, 0xf8, 0xf, 0x80, 0xf4, 0x9, 0x0, 0x0,
    0x1f, 0x80,

    /* U+1F575 "🕵" */
    0x0, 0x6a, 0xa0, 0x0, 0x0, 0x18, 0x0, 0x80,
    0x0, 0x2, 0x0, 0x5, 0x0, 0x0, 0xa0, 0x0,
    0x74, 0x0, 0x35, 0x6a, 0xa5, 0x90, 0x1, 0x90,
    0x0, 0x18, 0x0, 0x9, 0xaa, 0xa5, 0x80, 0x0,
    0x81, 0x1, 0xe, 0x64, 0x8, 0x60, 0x21, 0x41,
    0x90, 0x80, 0x0, 0x20, 0x6, 0x8, 0x14, 0x52,
    0x0, 0x60, 0x80, 0x54, 0x20, 0x6, 0x8, 0x0,
    0x3, 0xc1, 0x80, 0x80, 0x1, 0x7a, 0x90, 0x4,
    0x0, 0x55, 0x80, 0x0, 0x24, 0x9, 0xa8, 0x0,
    0x0, 0x1a, 0xf4, 0x0, 0x0,

    /* U+1F576 "🕶" */
    0x5a, 0xa8, 0x1, 0xaa, 0x52, 0x6, 0x96, 0x96,
    0xa4, 0x88, 0x9f, 0xc5, 0x37, 0xf2, 0xb, 0xff,
    0x64, 0xff, 0xe0, 0x2b, 0xfe, 0xa, 0xff, 0x80,
    0x56, 0x98, 0x25, 0x96, 0x0, 0x6a, 0x80, 0x2a,
    0x90, 0x0,

    /* U+1F577 "🕷" */
    0x0, 0x0, 0x19, 0x0, 0x0, 0x0, 0x0, 0xff,
    0xc0, 0x0, 0x0, 0x2, 0xff, 0xe0, 0x0, 0x0,
    0x13, 0xee, 0xf0, 0x0, 0x1, 0x97, 0xff, 0xf4,
    0x0, 0x0, 0xf, 0xbb, 0xb4, 0x0, 0x2, 0x83,
    0xff, 0xfe, 0x80, 0x9, 0x2b, 0xff, 0xf0, 0x24,
    0x24, 0x7, 0xff, 0xea, 0x4, 0x1, 0xae, 0x76,
    0xc0, 0x90, 0x2, 0xf, 0xfb, 0xd8, 0x24, 0x8,
    0x1b, 0xff, 0x88, 0x4, 0x24, 0x20, 0xbe, 0x82,
    0x0, 0x0, 0x20, 0x0, 0x81, 0x40, 0x0, 0x20,
    0x0, 0x50, 0x80, 0x0, 0x40, 0x0, 0x20, 0x0,
    0x0, 0x0, 0x0, 0x10, 0x0,

    /* U+1F578 "🕸" */
    0x0, 0x0, 0x0, 0x0, 0x0, 0x2, 0xc0, 0x0,
    0x0, 0x9, 0xa4, 0x0, 0x0, 0x24, 0x8a, 0x0,
    0x1a, 0x80, 0xc0, 0xa9, 0x2d, 0x2, 0xd0, 0x2d,
    0x15, 0xb8, 0x8b, 0x88, 0x8, 0x38, 0x9b, 0x8,
    0x8, 0x23, 0xd2, 0x8, 0x8, 0x2a, 0xe6, 0x8,
    0x4, 0xb4, 0x8f, 0x8, 0x16, 0x49, 0xe4, 0xa8,
    0x3e, 0x1, 0xc0, 0x6d, 0x0, 0xa0, 0x82, 0x40,
    0x0, 0x8, 0x98, 0x0, 0x0, 0x2, 0xe0, 0x0,
    0x0, 0x0, 0x80, 0x0,

    /* U+1F579 "🕹" */
    0x0, 0x2, 0x80, 0x0, 0x0, 0x18, 0x24, 0x0,
    0x0, 0x22, 0x8, 0x0, 0x0, 0x21, 0x8, 0x0,
    0x0, 0x20, 0x8, 0x0, 0x0, 0x14, 0x24, 0x0,
    0x0, 0x7, 0xd0, 0x0, 0x0, 0x7, 0x70, 0x0,
    0x0, 0xa6, 0x5a, 0x40, 0xa, 0x4b, 0xf0, 0x64,
    0x34, 0x8f, 0xf0, 0xd, 0x3f, 0x40, 0x1, 0xbd,
    0x3f, 0xf9, 0x1f, 0xfd, 0x2f, 0xff, 0xff, 0xf8,
    0x2, 0xff, 0xff, 0x80, 0x0, 0x1f, 0xf8, 0x0,
    0x0, 0x0, 0x80, 0x0,

    /* U+1F57A "🕺" */
    0x0, 0x0, 0x40, 0x0, 0x0, 0x99, 0x0, 0x1a,
    0xb0, 0x80, 0x20, 0x7, 0x14, 0x14, 0x0, 0x5,
    0x8, 0x0, 0x1, 0x2, 0x2, 0x68, 0x80, 0x85,
    0x15, 0x60, 0x20, 0xda, 0x85, 0x20, 0x54, 0x0,
    0x48, 0x24, 0x0, 0x11, 0x82, 0x0, 0x14, 0xe,
    0x0, 0x8, 0x2, 0x0, 0x2, 0x0, 0x28, 0x60,
    0x60, 0x1, 0x56, 0x48, 0x0, 0x28, 0x19, 0x0,

    /* U+1F587 "🖇" */
    0x0, 0x5, 0x0, 0x0, 0x0, 0x20, 0x90, 0x0,
    0x0, 0x8a, 0x39, 0x0, 0x0, 0xa3, 0xa1, 0x80,
    0xe, 0x69, 0x69, 0x80, 0x16, 0x2a, 0x22, 0x10,
    0x22, 0x6a, 0x7b, 0x20, 0x21, 0xa9, 0xd1, 0x60,
    0x25, 0xa8, 0x9c, 0x94, 0x5a, 0x9, 0x89, 0x88,
    0x88, 0xae, 0x8a, 0x48, 0x88, 0x6, 0x1a, 0xa8,
    0x59, 0x63, 0xa4, 0x25, 0x24, 0x48, 0x21, 0x22,
    0x6, 0xa0, 0x16, 0xa5, 0x0, 0x0, 0x8, 0x8,
    0x0, 0x0, 0x1, 0x90,

    /* U+1F58A "🖊" */
    0x0, 0x0, 0x5, 0x4, 0x0, 0x0, 0x7, 0xf9,
    0x40, 0x0, 0x7, 0x3f, 0x20, 0x0, 0x7, 0x61,
    0xf8, 0x0, 0x7, 0x60, 0x1d, 0x0, 0x1, 0x60,
    0x6, 0x0, 0x0, 0x38, 0x2, 0x0, 0x0, 0x23,
    0x82, 0x0, 0x0, 0x20, 0x3a, 0x0, 0x0, 0x20,
    0xa, 0x0, 0x0, 0x20, 0x9, 0x0, 0x0, 0x20,
    0x9, 0x0, 0x0, 0x1c, 0x9, 0x0, 0x0, 0x8,
    0x89, 0x0, 0x0, 0x8, 0x1c, 0x0, 0x0, 0x3,
    0xe8, 0x0, 0x0, 0x0, 0x60, 0x0, 0x0, 0x0,
    0x0,

    /* U+1F58B "🖋" */
    0x0, 0x0, 0x5, 0x14, 0x0, 0x0, 0xb, 0xf9,
    0x40, 0x0, 0xb, 0x7e, 0x20, 0x0, 0xa, 0x61,
    0xf8, 0x0, 0xb, 0x60, 0x1c, 0x0, 0x1, 0x60,
    0x6, 0x0, 0x0, 0x38, 0x6, 0x0, 0x0, 0x23,
    0x82, 0x0, 0x0, 0x20, 0x3a, 0x0, 0x0, 0x20,
    0x9, 0x0, 0x0, 0x20, 0x9, 0x0, 0x0, 0x18,
    0x9, 0x0, 0x0, 0x1a, 0x48, 0x0, 0x0, 0x8,
    0x38, 0x0, 0x0, 0x6, 0x94, 0x0, 0x0, 0x3,
    0xe8, 0x0, 0x0, 0x0, 0x90, 0x0, 0x0, 0x0,
    0x0,

    /* U+1F58C "🖌" */
    0x0, 0x0, 0x0, 0x0, 0x80, 0x0, 0x0, 0x0,
    0x62, 0x0, 0x0, 0x0, 0x24, 0x50, 0x0, 0x0,
    0x9, 0x8, 0x0, 0x0, 0x2, 0x2, 0x0, 0x0,
    0x0, 0x80, 0x80, 0x0, 0x0, 0x20, 0x24, 0x0,
    0x0, 0x8, 0x5, 0x0, 0x0, 0x3, 0x1, 0x80,
    0x0, 0x0, 0xb0, 0x60, 0x0, 0x0, 0x17, 0xe8,
    0x0, 0x0, 0x1a, 0xe, 0x0, 0x0, 0x9, 0x22,
    0x0, 0x0, 0x0, 0xc0, 0xc0, 0x0, 0x0, 0x3d,
    0x8, 0x0, 0x0, 0x7, 0xf6, 0x0, 0x0, 0x0,
    0xf, 0x80, 0x0, 0x0, 0x0,

    /* U+1F58D "🖍" */
    0x0, 0x0, 0x0, 0x60, 0x0, 0x0, 0x0, 0x92,
    0x0, 0x0, 0x0, 0x98, 0x20, 0x0, 0x0, 0xa4,
    0x84, 0x0, 0x0, 0x92, 0x4a, 0x0, 0x0, 0x90,
    0x26, 0x0, 0x0, 0x90, 0x3, 0x0, 0x0, 0x90,
    0x2, 0x0, 0x0, 0x90, 0x2, 0x0, 0x0, 0x90,
    0x2, 0x0, 0x0, 0xa0, 0x2, 0x0, 0x0, 0x22,
    0x2, 0x0, 0x0, 0x19, 0x26, 0x0, 0x0, 0x8,
    0x93, 0x0, 0x0, 0x8, 0x1e, 0x0, 0x0, 0x2,
    0x24, 0x0, 0x0, 0x0, 0x60, 0x0, 0x0, 0x0,
    0x0,

    /* U+1F590 "🖐" */
    0x0, 0x5, 0x0, 0x0, 0x5, 0x28, 0x90, 0x0,
    0x28, 0xa6, 0x40, 0x8, 0x96, 0x95, 0x0, 0x96,
    0x5a, 0x84, 0x2, 0x29, 0x6a, 0x10, 0x8, 0xa6,
    0xa8, 0x40, 0x12, 0x8d, 0x71, 0x0, 0x50, 0x0,
    0x6, 0xa0, 0x40, 0x0, 0x30, 0x82, 0x0, 0x6,
    0x48, 0x8, 0x0, 0x60, 0x80, 0x20, 0x2, 0x4,
    0x0, 0x80, 0x8, 0x20, 0x1, 0x40, 0x1, 0x0,
    0x2, 0x40, 0x24, 0x0, 0x0, 0xa9, 0x0, 0x0,

    /* U+1F595 "🖕" */
    0x0, 0x24, 0x0, 0x0, 0x88, 0x0, 0x0, 0x88,
    0x0, 0x0, 0x88, 0x0, 0x0, 0x88, 0x0, 0x2,
    0xca, 0x80, 0x8, 0x88, 0x10, 0x8, 0x88, 0x38,
    0x8, 0x88, 0x22, 0x68, 0x0, 0x12, 0x84, 0x0,
    0x2, 0x40, 0x0, 0x1, 0x20, 0x0, 0x4, 0x8,
    0x0, 0x8, 0x2, 0x0, 0x10, 0x2, 0x0, 0x20,
    0x1, 0xaa, 0xa0,

    /* U+1F596 "🖖" */
    0x0, 0x0, 0x80, 0x0, 0x0, 0x22, 0x0, 0xa,
    0x1, 0x38, 0x1, 0x50, 0x84, 0x80, 0xa8, 0x48,
    0x88, 0x8, 0x88, 0x88, 0x80, 0x88, 0xa1, 0x48,
    0x5, 0x57, 0x21, 0x40, 0x21, 0x1, 0x16, 0xa2,
    0x0, 0x2, 0x82, 0x20, 0x0, 0xa0, 0x82, 0x0,
    0x24, 0x20, 0x20, 0x5, 0x8, 0x2, 0x0, 0x80,
    0x80, 0x20, 0x0, 0x20, 0x0, 0x90, 0x9, 0x0,
    0x1, 0xa9, 0x0, 0x0,

    /* U+1F5A4 "🖤" */
    0x1, 0xa0, 0x0, 0x64, 0x0, 0xd8, 0xb0, 0x76,
    0x74, 0x3d, 0xdb, 0x9f, 0x77, 0xc5, 0x44, 0x17,
    0x11, 0x12, 0xad, 0xdb, 0x77, 0x77, 0x78, 0x44,
    0x11, 0x11, 0x12, 0xad, 0xdb, 0x77, 0x77, 0x71,
    0x44, 0x11, 0x11, 0x11, 0x3d, 0xdb, 0x77, 0x77,
    0xc0, 0xc4, 0x11, 0x11, 0x24, 0xb, 0xdb, 0x77,
    0x7b, 0x0, 0x28, 0x11, 0x12, 0x80, 0x0, 0xeb,
    0x77, 0xb0, 0x0, 0x2, 0x51, 0x28, 0x0, 0x0,
    0xb, 0x7b, 0x0, 0x0, 0x0, 0x16, 0x80, 0x0,
    0x0, 0x0, 0x10, 0x0, 0x0,

    /* U+1F5A5 "🖥" */
    0x1a, 0xaa, 0xaa, 0xa4, 0x50, 0x0, 0x0, 0x5,
    0x8f, 0xff, 0xff, 0xf5, 0x8f, 0xff, 0xff, 0xf5,
    0x8f, 0xff, 0xff, 0xf5, 0x8f, 0xff, 0xff, 0xf5,
    0x8f, 0xff, 0xff, 0xf5, 0x8f, 0xff, 0xff, 0xf5,
    0x8a, 0xaa, 0xaa, 0xa5, 0x25, 0x59, 0x65, 0x58,
    0x0, 0xc, 0x30, 0x0, 0x0, 0x2e, 0xb8, 0x0,
    0xa, 0xaa, 0xaa, 0xa0, 0x15, 0x55, 0x55, 0x54,
    0x25, 0x45, 0x55, 0x58, 0x3a, 0xaa, 0xaa, 0xac,
    0x2a, 0xaa, 0xaa, 0xa8,

    /* U+1F5A8 "🖨" */
    0x0, 0xaa, 0xa8, 0x0, 0x0, 0x20, 0x0, 0x80,
    0x0, 0x1c, 0x0, 0x34, 0x0, 0xb, 0x0, 0xe,
    0x0, 0x1a, 0xea, 0xab, 0xa4, 0x8, 0x20, 0x0,
    0x82, 0x1, 0x14, 0x0, 0x14, 0x51, 0x8, 0x0,
    0x2, 0x8, 0xab, 0xaa, 0xaa, 0xeb, 0x20, 0x80,
    0x0, 0x20, 0x88, 0x2a, 0xbe, 0xa9, 0x22, 0x0,
    0x5, 0x0, 0x8, 0x83, 0xaa, 0xaa, 0x92, 0x21,
    0x5, 0x55, 0x8, 0x86, 0xc1, 0x55, 0x52, 0x90,
    0x20, 0x0, 0x0, 0x40, 0xa, 0xaa, 0xaa, 0xa4,
    0x0,

    /* U+1F5B1 "🖱" */
    0x0, 0x6a, 0x40, 0x6, 0x48, 0x60, 0x8, 0x8,
    0x8, 0x20, 0x1c, 0x1, 0x20, 0x22, 0x2, 0x20,
    0xa3, 0x42, 0x29, 0x22, 0x2a, 0x30, 0x22, 0x3,
    0x20, 0x8, 0x2, 0x20, 0x0, 0x2, 0x20, 0x0,
    0x2, 0x20, 0x0, 0x2, 0x20, 0x0, 0x2, 0x20,
    0x0, 0x5, 0x8, 0x0, 0x8, 0x2, 0x40, 0x60,
    0x0, 0x6a, 0x0,

    /* U+1F5B2 "🖲" */
    0x0, 0x1, 0x90, 0x0, 0x0, 0x7a, 0xfe, 0x0,
    0x2, 0xf7, 0xfe, 0x90, 0xa, 0x7f, 0xfd, 0x94,
    0x22, 0x3f, 0xfd, 0x88, 0x55, 0x5f, 0xf8, 0x92,
    0x9d, 0x90, 0x42, 0x36, 0x9e, 0x1a, 0xa4, 0x7a,
    0x9f, 0x40, 0x0, 0xfa, 0x5f, 0xc0, 0x3, 0xf6,
    0x2b, 0xd0, 0x3, 0xf5, 0x23, 0x80, 0x1, 0xd8,
    0x4, 0x0, 0x0, 0x4, 0x5, 0x0, 0x0, 0x20,
    0x2, 0x40, 0x0, 0x80, 0x0, 0x64, 0xa, 0x0,
    0x0, 0x6, 0x90, 0x0,

    /* U+1F5BC "🖼" */
    0xaa, 0xaa, 0xaa, 0xaa, 0x60, 0x0, 0x0, 0x0,
    0x28, 0x0, 0x0, 0x0, 0xa, 0xa, 0xaa, 0xaa,
    0x42, 0x82, 0x0, 0x0, 0x10, 0xa0, 0x80, 0xf0,
    0x4, 0x28, 0x20, 0x7f, 0x41, 0xa, 0xa, 0xa,
    0x80, 0x42, 0x82, 0xc4, 0x1, 0xd0, 0xa0, 0xfb,
    0x3, 0xf8, 0x28, 0x22, 0xfa, 0x1, 0xa, 0x8,
    0x6, 0xab, 0x82, 0x82, 0x0, 0x0, 0x10, 0xa0,
    0xaa, 0xaa, 0xa4, 0x28, 0x0, 0x0, 0x0, 0xa,
    0x0, 0x0, 0x0, 0x2, 0xaa, 0xaa, 0xaa, 0xaa,
    0x40,

    /* U+1F5C2 "🗂" */
    0x0, 0x0, 0x0, 0x15, 0x0, 0x0, 0x0, 0x1f,
    0xee, 0xaa, 0xaa, 0xaa, 0xaa, 0x0, 0x2f, 0xc0,
    0x2, 0xea, 0xaf, 0xfa, 0xaa, 0xa5, 0x0, 0x0,
    0x0, 0x2f, 0xf0, 0x0, 0x0, 0xb, 0xaa, 0xaa,
    0xaa, 0xaa, 0x80, 0x0, 0x0, 0x0, 0xa0, 0x0,
    0x0, 0x0, 0x28, 0x0, 0x0, 0x0, 0xa, 0x0,
    0x0, 0x0, 0x2, 0x80, 0x0, 0x0, 0x0, 0xa0,
    0x0, 0x0, 0x0, 0x28, 0x0, 0x0, 0x0, 0xa,
    0x0, 0x0, 0x0, 0x2, 0xaa, 0xaa, 0xaa, 0xaa,
    0x40,

    /* U+1F5C3 "🗃" */
    0x0, 0x0, 0x0, 0xa4, 0x1, 0x57, 0xfd, 0xbe,
    0x2, 0x0, 0xff, 0x40, 0x80, 0xff, 0xaa, 0xaa,
    0xb0, 0x7f, 0xc0, 0x0, 0x4, 0x1a, 0xaa, 0xaa,
    0xab, 0x4d, 0x0, 0x0, 0x0, 0x33, 0xea, 0xaa,
    0xaa, 0xac, 0x80, 0x0, 0x0, 0x2, 0x20, 0x0,
    0x0, 0x0, 0x88, 0x0, 0xaa, 0x40, 0x22, 0x0,
    0x20, 0x20, 0x8, 0x80, 0xe, 0xa8, 0x2, 0x20,
    0x0, 0x0, 0x0, 0x88, 0x0, 0x0, 0x0, 0x22,
    0x0, 0x0, 0x0, 0x8, 0xaa, 0xaa, 0xaa, 0xaa,
    0x0,

    /* U+1F5C4 "🗄" */
    0x6a, 0xaa, 0xaa, 0xaa, 0x80, 0x0, 0x0, 0x2,
    0x8e, 0xaa, 0xaa, 0xb2, 0x88, 0x1, 0x40, 0x22,
    0x88, 0x2, 0x60, 0x22, 0x88, 0x2, 0x90, 0x22,
    0x88, 0x3, 0xd0, 0x22, 0x88, 0x0, 0x40, 0x22,
    0x8e, 0xaa, 0xaa, 0xb2, 0x88, 0x0, 0x0, 0x22,
    0x88, 0x3, 0xa0, 0x22, 0x88, 0x2, 0x50, 0x22,
    0x88, 0x3, 0xd0, 0x22, 0x88, 0x0, 0x40, 0x22,
    0x8e, 0xaa, 0xaa, 0xb2, 0x80, 0x0, 0x0, 0x2,
    0x6a, 0xaa, 0xaa, 0xaa,

    /* U+1F5D1 "🗑" */
    0x2, 0xff, 0xfd, 0x1, 0xfc, 0xe2, 0x9f, 0x8d,
    0xa6, 0x9a, 0x69, 0xfc, 0x71, 0xc7, 0x1e, 0x3f,
    0xbd, 0xfb, 0xf0, 0xa9, 0xfb, 0xda, 0x83, 0x1c,
    0x71, 0xc6, 0xa, 0x8a, 0x28, 0xb4, 0x1a, 0x28,
    0xa2, 0xc0, 0x57, 0x1c, 0x72, 0x0, 0xe2, 0x8a,
    0x2c, 0x3, 0x8a, 0x28, 0xb0, 0x9, 0xc7, 0x1c,
    0x80, 0x28, 0xa2, 0x89, 0x0, 0x7a, 0x8a, 0xb0,
    0x0, 0xff, 0xff, 0xc0, 0x0, 0x1a, 0x90, 0x0,

    /* U+1F5D2 "🗒" */
    0x1, 0x48, 0x52, 0x41, 0x9b, 0x79, 0xdd, 0x9d,
    0x77, 0x5d, 0x68, 0xc7, 0x34, 0xc3, 0x80, 0x0,
    0x0, 0x3d, 0x55, 0x55, 0x57, 0x80, 0x0, 0x0,
    0x3d, 0x55, 0x55, 0x57, 0x80, 0x0, 0x0, 0x38,
    0x0, 0x0, 0x3, 0xd5, 0x55, 0x55, 0x78, 0x0,
    0x0, 0x3, 0xd5, 0x55, 0x6f, 0xf8, 0x0, 0x1,
    0x5f, 0xd5, 0x55, 0x72, 0x28, 0x0, 0x1, 0xc2,
    0x6f, 0xff, 0xfe, 0x90,

    /* U+1F5D3 "🗓" */
    0x1, 0x44, 0x45, 0x11, 0x41, 0x7b, 0x7b, 0xed,
    0xec, 0x26, 0x23, 0x58, 0xcd, 0x61, 0x22, 0x24,
    0x8c, 0x82, 0x3a, 0xaa, 0xaa, 0xaa, 0xa1, 0x0,
    0x0, 0x0, 0x2, 0x11, 0x55, 0x55, 0x54, 0x21,
    0x11, 0x44, 0x11, 0x42, 0x12, 0x69, 0xaa, 0x68,
    0x21, 0x26, 0x99, 0x66, 0x82, 0x12, 0x69, 0xaa,
    0x68, 0x21, 0x11, 0x44, 0x11, 0x42, 0x12, 0x69,
    0xaa, 0x68, 0x21, 0x16, 0x99, 0x66, 0x82, 0x10,
    0x0, 0x0, 0x0, 0x22, 0xaa, 0xaa, 0xaa, 0xa9,

    /* U+1F5DC "🗜" */
    0xa, 0xaa, 0x0, 0x18, 0x0, 0x20, 0x8, 0x2a,
    0x1, 0x2, 0x14, 0x2a, 0x0, 0x85, 0x0, 0x0,
    0x21, 0x43, 0xf0, 0x8, 0x50, 0x48, 0x2, 0x14,
    0x3a, 0x0, 0x85, 0xe, 0xc0, 0x20, 0xaf, 0xfc,
    0x8, 0x1, 0x2, 0x0, 0xaa, 0xd1, 0x80, 0x0,
    0xf, 0xc0, 0x0, 0x3, 0xa0, 0x0, 0x69, 0xdd,
    0xe4, 0x15, 0xf3, 0xf5, 0x1, 0x46, 0x45, 0x0,

    /* U+1F5DD "🗝" */
    0x0, 0x0, 0x1, 0x90, 0x0, 0x0, 0x0, 0x80,
    0x80, 0x0, 0x0, 0x21, 0x92, 0x0, 0x0, 0x2,
    0x22, 0x8, 0x0, 0x0, 0x22, 0x18, 0x50, 0x0,
    0x2, 0x8, 0x22, 0x0, 0x0, 0x6c, 0x42, 0x20,
    0x0, 0x25, 0x32, 0x81, 0x0, 0x2, 0x6, 0x81,
    0x80, 0x0, 0x81, 0x81, 0x90, 0x0, 0x20, 0x94,
    0x0, 0x0, 0x18, 0xb0, 0x0, 0x0, 0x9, 0x3c,
    0x80, 0x0, 0x2, 0x4e, 0x49, 0x0, 0x0, 0x23,
    0xcb, 0x40, 0x0, 0x0, 0x86, 0x90, 0x0, 0x0,
    0x0, 0x10, 0x0, 0x0, 0x0,

    /* U+1F5DE "🗞" */
    0x0, 0x68, 0x0, 0x0, 0x0, 0x64, 0x20, 0x0,
    0x0, 0x24, 0x55, 0x80, 0x0, 0x5, 0x3f, 0x55,
    0x0, 0x0, 0x53, 0xf4, 0x20, 0x0, 0x3, 0x8d,
    0x1, 0xc0, 0x0, 0x26, 0x0, 0x92, 0x0, 0x2,
    0xbc, 0x60, 0x19, 0x0, 0x1a, 0xfc, 0x25, 0x64,
    0x0, 0x1, 0x81, 0x81, 0xf0, 0x0, 0x5, 0x40,
    0x95, 0x80, 0x0, 0x20, 0x37, 0xa2, 0x0, 0x1,
    0x4d, 0xd8, 0xa0, 0x0, 0xa, 0xa9, 0x86, 0x0,
    0x0, 0x77, 0xca, 0x10, 0x0, 0x1, 0x9c, 0x8,
    0x0, 0x0, 0x0, 0x19, 0x0,

    /* U+1F5E1 "🗡" */
    0x0, 0x0, 0x0, 0x18, 0x0, 0x0, 0x0, 0xe,
    0x80, 0x0, 0x28, 0x9, 0x70, 0x0, 0x5, 0x99,
    0x64, 0x0, 0x0, 0x5a, 0x60, 0x0, 0x0, 0x29,
    0x64, 0x0, 0x0, 0x22, 0x8c, 0x0, 0x0, 0x15,
    0x4d, 0x80, 0x0, 0x15, 0x48, 0x64, 0x0, 0x15,
    0x54, 0x0, 0x0, 0x15, 0x54, 0x0, 0x0, 0x15,
    0x54, 0x0, 0x0, 0x5, 0x54, 0x0, 0x0, 0x9,
    0x60, 0x0, 0x0, 0x5, 0x60, 0x0, 0x0, 0x3,
    0xe0, 0x0, 0x0, 0x0, 0x40, 0x0, 0x0, 0x0,
    0x0,

    /* U+1F5E3 "🗣" */
    0x0, 0x69, 0x40, 0x0, 0x2, 0x80, 0x19, 0x0,
    0x2, 0x0, 0x0, 0x50, 0x1, 0x40, 0x0, 0x8,
    0x0, 0x80, 0x0, 0x2, 0x0, 0x20, 0x0, 0x0,
    0x80, 0x8, 0x0, 0x0, 0x20, 0x2, 0x0, 0x0,
    0x2, 0x0, 0x80, 0x0, 0x0, 0x8b, 0x10, 0x0,
    0x0, 0x20, 0x2, 0x0, 0x0, 0x34, 0xb4, 0x20,
    0x0, 0x2, 0x10, 0x5, 0x0, 0x0, 0x47, 0x0,
    0x40, 0x5, 0x80, 0x0, 0x8, 0x2, 0x0, 0x0,
    0x2, 0x0, 0x80, 0x0, 0x0, 0xaa, 0x90, 0x0,
    0x0,

    /* U+1F5E8 "🗨" */
    0x1, 0xaa, 0xa4, 0x0, 0x90, 0x0, 0x60, 0x20,
    0x0, 0x0, 0x85, 0x0, 0x0, 0x2, 0x80, 0x0,
    0x0, 0x28, 0x0, 0x0, 0x2, 0x80, 0x0, 0x0,
    0x24, 0x0, 0x0, 0x2, 0x20, 0x0, 0x0, 0x80,
    0x90, 0x0, 0x24, 0x0, 0xaa, 0x82, 0x0, 0x0,
    0x2, 0x20, 0x0, 0x0, 0xb, 0x0, 0x0, 0x0,
    0x0,

    /* U+1F5EF "🗯" */
    0x0, 0x0, 0x40, 0x0, 0x0, 0x4, 0x29, 0x20,
    0x0, 0x0, 0xe9, 0x29, 0xac, 0x0, 0x8, 0x0,
    0x4, 0x80, 0xa, 0x40, 0x0, 0x9, 0x0, 0x20,
    0x0, 0x0, 0x24, 0x8, 0x0, 0x0, 0x2, 0x2,
    0x80, 0x0, 0x0, 0x20, 0x3, 0x0, 0x0, 0x1,
    0x80, 0x50, 0x0, 0x0, 0x68, 0x6, 0x80, 0x0,
    0x8, 0x0, 0x14, 0x0, 0x4, 0x80, 0x2, 0xa,
    0x29, 0x59, 0x0, 0x56, 0x18, 0x20, 0x0, 0xa,
    0x40, 0x0, 0x0, 0x1, 0x80, 0x0, 0x0, 0x0,
    0x0, 0x0, 0x0, 0x0, 0x0,

    /* U+1F5F3 "🗳" */
    0x0, 0x0, 0x10, 0x0, 0x0, 0x0, 0x76, 0x80,
    0x0, 0x1, 0xb4, 0xc, 0x0, 0x6, 0x58, 0xe,
    0x0, 0x19, 0x1c, 0x8, 0x24, 0x38, 0x0, 0xa6,
    0x1, 0xc9, 0x92, 0x2, 0x82, 0x63, 0x46, 0x40,
    0x9, 0xc, 0x99, 0x19, 0x64, 0x26, 0x20, 0x64,
    0x30, 0x90, 0x88, 0x1, 0x9a, 0x40, 0x22, 0x0,
    0x2, 0x0, 0x8, 0x80, 0x0, 0x80, 0x3, 0xa,
    0x0, 0x20, 0xa, 0x0, 0x29, 0x8, 0x28, 0x0,
    0x0, 0xa6, 0x60, 0x0, 0x0, 0x1, 0x80, 0x0,
    0x0,

    /* U+1F5FA "🗺" */
    0x5, 0x0, 0x6, 0xa5, 0x0, 0x9, 0xbf, 0xe4,
    0x1, 0x64, 0x8, 0x3f, 0x80, 0x0, 0x10, 0x8,
    0x17, 0x80, 0x8, 0x20, 0xf, 0xf7, 0x44, 0xbd,
    0xb0, 0xf, 0xc1, 0x1f, 0xff, 0xf0, 0xf, 0xf8,
    0x1f, 0xff, 0x20, 0xb, 0xe0, 0x2b, 0xfe, 0x10,
    0x8, 0x50, 0x7e, 0x7c, 0x20, 0x8, 0x1e, 0x2e,
    0x4, 0x20, 0x4, 0xe, 0xc, 0x2, 0x84, 0x10,
    0xc, 0x4, 0x1, 0x48, 0x20, 0x4, 0x0, 0x0,
    0x8, 0x24, 0x0, 0x6, 0xd7, 0xe9, 0x5, 0x6a,
    0xff, 0xe5, 0x0,

    /* U+1F5FB "🗻" */
    0x0, 0x0, 0x0, 0x0, 0x0, 0x0, 0x0, 0xaa,
    0x0, 0x0, 0x0, 0x2, 0x0, 0x80, 0x0, 0x0,
    0x5, 0x0, 0x20, 0x0, 0x0, 0x18, 0x0, 0x18,
    0x0, 0x0, 0x38, 0x51, 0x5d, 0x0, 0x0, 0xfe,
    0xdb, 0xff, 0x40, 0x3, 0xff, 0xff, 0xff, 0xd0,
    0xb, 0xff, 0xff, 0xff, 0xf8, 0x3a, 0xfb, 0xfe,
    0x6d, 0x9, 0x50, 0x1, 0xf4, 0x0, 0x2, 0x80,
    0x0, 0x0, 0x0, 0x2, 0x50, 0x0, 0x0, 0x0,
    0x5, 0x1a, 0xaa, 0xaa, 0xaa, 0xa4,

    /* U+1F5FC "🗼" */
    0x0, 0x4, 0x0, 0x0, 0x4, 0x0, 0x0, 0x14,
    0x0, 0x0, 0x18, 0x0, 0x0, 0x14, 0x0, 0x0,
    0x2c, 0x0, 0x0, 0x14, 0x0, 0x0, 0x7e, 0x40,
    0x0, 0x81, 0x40, 0x0, 0x7f, 0x0, 0x0, 0xae,
    0x0, 0x0, 0xeb, 0x0, 0x1, 0x7d, 0x80, 0x3,
    0x95, 0xd0, 0xa, 0xfb, 0x70, 0x16, 0x40, 0xc8,
    0x2a, 0x0, 0x68,

    /* U+1F5FD "🗽" */
    0x0, 0x0, 0x0, 0x0, 0x0, 0x0, 0x41, 0x0,
    0x0, 0x20, 0x88, 0x0, 0x2, 0x2f, 0xec, 0x50,
    0x0, 0xf4, 0xb, 0x40, 0xa, 0xc5, 0x55, 0xe4,
    0x3, 0x2f, 0xfd, 0xc0, 0x2, 0x7e, 0x3f, 0x40,
    0x2, 0xb5, 0x1f, 0x0, 0x1, 0xeb, 0x6b, 0x0,
    0x2, 0x90, 0x87, 0x0, 0x3, 0xf0, 0x4f, 0x0,
    0x3, 0xf4, 0x1f, 0x0, 0x1, 0xe6, 0xae, 0x0,
    0x0, 0x50, 0x8, 0x0,

    /* U+1F5FE "🗾" */
    0x6a, 0xaa, 0xaa, 0xaa, 0x3f, 0xff, 0xff, 0xdf,
    0xdf, 0xff, 0xff, 0xf1, 0xb7, 0xff, 0xff, 0xf4,
    0xd, 0xff, 0xff, 0xf9, 0x5f, 0x7f, 0xff, 0xff,
    0xbf, 0xdf, 0xff, 0xff, 0x8f, 0xf7, 0xff, 0xff,
    0xe2, 0xfd, 0xff, 0xff, 0xf4, 0xff, 0x7f, 0xff,
    0xe4, 0x7f, 0xdf, 0xff, 0xf0, 0x2f, 0xf7, 0xff,
    0x50, 0x1f, 0xfd, 0xfe, 0x4, 0xaf, 0xff, 0x7e,
    0x22, 0xbf, 0xff, 0xdf, 0x8b, 0xff, 0xff, 0xf7,
    0xf7, 0xff, 0xff, 0xfd, 0xbf, 0xff, 0xff, 0xff,
    0x0,

    /* U+1F5FF "🗿" */
    0x0, 0x55, 0x0, 0x1, 0x80, 0x14, 0x0, 0x80,
    0x2, 0x40, 0x2f, 0xf9, 0xf4, 0x2f, 0xf, 0xff,
    0x5, 0x2, 0xaf, 0xc2, 0x23, 0xb, 0xf0, 0x84,
    0x93, 0xfc, 0x55, 0x4, 0xff, 0x23, 0xf9, 0x3f,
    0xc8, 0x50, 0xf, 0xf2, 0x15, 0x3, 0xfc, 0x8a,
    0x0, 0xfd, 0x20, 0x0, 0x3e, 0x8, 0x0, 0xf,
    0x82, 0x0, 0xb, 0xd0, 0x1a, 0xa5, 0x40, 0x0,

    /* U+1F600 "😀" */
    0x0, 0x6, 0x90, 0x0, 0x0, 0x24, 0x1, 0x90,
    0x0, 0x60, 0x0, 0x5, 0x0, 0x60, 0x0, 0x0,
    0x50, 0x20, 0x0, 0x0, 0x8, 0x14, 0x4, 0x0,
    0x0, 0x48, 0x7, 0x40, 0xf0, 0x22, 0x0, 0xc0,
    0x38, 0x8, 0x80, 0x0, 0x0, 0x2, 0x20, 0x0,
    0x0, 0x0, 0x88, 0x25, 0x55, 0x55, 0x21, 0x4b,
    0xea, 0xbf, 0x8, 0x20, 0xbe, 0xbf, 0x48, 0x5,
    0x6, 0x55, 0x5, 0x0, 0x60, 0x0, 0x5, 0x0,
    0x2, 0x40, 0x19, 0x0, 0x0, 0x6, 0x90, 0x0,
    0x0,

    /* U+1F601 "😁" */
    0x0, 0x6, 0x90, 0x0, 0x0, 0x24, 0x1, 0x80,
    0x0, 0x60, 0x0, 0x9, 0x0, 0x60, 0x0, 0x0,
    0x50, 0x20, 0x0, 0x0, 0x8, 0x14, 0x0, 0x0,
    0x0, 0x48, 0x6, 0x1, 0x90, 0x22, 0x1, 0x10,
    0x44, 0x8, 0x80, 0x0, 0x0, 0x2, 0x20, 0x94,
    0x1, 0x60, 0x88, 0x52, 0x69, 0x82, 0x21, 0x4e,
    0xc5, 0x3b, 0x4, 0x21, 0x66, 0x99, 0x48, 0x6,
    0xd, 0x57, 0x45, 0x0, 0x60, 0x14, 0x5, 0x0,
    0x2, 0x40, 0x19, 0x0, 0x0, 0x6, 0xa0, 0x0,
    0x0,

    /* U+1F602 "😂" */
    0x0, 0x0, 0x69, 0x0, 0x0, 0x0, 0x9, 0x0,
    0x60, 0x0, 0x0, 0x60, 0x0, 0x9, 0x0, 0x1,
    0x80, 0x0, 0x2, 0x40, 0x2, 0x18, 0x0, 0x8,
    0x80, 0x5, 0x50, 0x0, 0x2, 0x50, 0x8, 0xa,
    0x40, 0xa4, 0x20, 0x8, 0x0, 0x0, 0x0, 0x20,
    0x1e, 0x80, 0x0, 0x0, 0xb4, 0x51, 0x40, 0x0,
    0x0, 0x41, 0x82, 0x25, 0x55, 0x55, 0x42, 0x6a,
    0x2f, 0xaa, 0xfc, 0x65, 0x2, 0xb, 0xeb, 0xf4,
    0x80, 0x1, 0x81, 0x95, 0x41, 0x40, 0x0, 0x60,
    0x0, 0x9, 0x0, 0x0, 0x9, 0x0, 0x60, 0x0,
    0x0, 0x0, 0x69, 0x0, 0x0,

    /* U+1F603 "😃" */
    0x0, 0x6, 0x90, 0x0, 0x0, 0x24, 0x1, 0x90,
    0x0, 0x60, 0x0, 0x5, 0x0, 0x60, 0x0, 0x0,
    0x50, 0x20, 0x0, 0x0, 0x8, 0x14, 0xd, 0x3,
    0x40, 0x48, 0x3, 0x80, 0xe0, 0x22, 0x0, 0xe0,
    0x38, 0x8, 0x80, 0x20, 0x8, 0x2, 0x20, 0x0,
    0x0, 0x0, 0x88, 0x25, 0x55, 0x55, 0x21, 0x4b,
    0xea, 0xbf, 0x8, 0x20, 0xbe, 0xbf, 0x48, 0x5,
    0x6, 0x55, 0x5, 0x0, 0x60, 0x0, 0x5, 0x0,
    0x2, 0x40, 0x19, 0x0, 0x0, 0x6, 0x90, 0x0,
    0x0,

    /* U+1F604 "😄" */
    0x0, 0x6, 0x90, 0x0, 0x0, 0x24, 0x1, 0x80,
    0x0, 0x60, 0x0, 0x9, 0x0, 0x60, 0x0, 0x0,
    0x50, 0x20, 0x0, 0x0, 0x8, 0x14, 0x0, 0x0,
    0x0, 0x48, 0x2, 0x40, 0x90, 0x22, 0x1, 0x10,
    0x41, 0x8, 0x80, 0x0, 0x0, 0x2, 0x20, 0x0,
    0x0, 0x0, 0x88, 0x25, 0x55, 0x55, 0x21, 0x4b,
    0xea, 0xbf, 0x4, 0x20, 0xbe, 0xbf, 0x48, 0x6,
    0x6, 0x55, 0x5, 0x0, 0x60, 0x0, 0x5, 0x0,
    0x2, 0x40, 0x19, 0x0, 0x0, 0x6, 0xa0, 0x0,
    0x0,

    /* U+1F605 "😅" */
    0x0, 0x6, 0xa4, 0x0, 0x0, 0xa, 0x40, 0x68,
    0x30, 0x2, 0x0, 0x0, 0x28, 0x40, 0x80, 0x0,
    0x1, 0x48, 0x20, 0x0, 0x0, 0x20, 0x12, 0x0,
    0x0, 0x2, 0x2, 0x50, 0x14, 0x5, 0x20, 0x58,
    0x8, 0x51, 0x44, 0x6c, 0x80, 0x0, 0x0, 0x0,
    0x88, 0x0, 0x0, 0x0, 0x8, 0x52, 0x55, 0x55,
    0x61, 0x42, 0x1f, 0xaa, 0xbd, 0x20, 0x20, 0xbf,
    0xbf, 0x82, 0x0, 0x80, 0x95, 0x80, 0x80, 0x2,
    0x0, 0x0, 0x20, 0x0, 0xa, 0x40, 0x68, 0x0,
    0x0, 0x6, 0xa4, 0x0, 0x0,

    /* U+1F606 "😆" */
    0x0, 0x6, 0x90, 0x0, 0x0, 0x24, 0x1, 0x80,
    0x0, 0x60, 0x0, 0x9, 0x0, 0x60, 0x0, 0x0,
    0x50, 0x20, 0x0, 0x0, 0x8, 0x14, 0x40, 0x0,
    0x10, 0x48, 0x6, 0x0, 0x60, 0x22, 0x1, 0xa0,
    0xa4, 0x8, 0x81, 0x40, 0x0, 0x82, 0x20, 0x0,
    0x0, 0x0, 0x88, 0x25, 0x55, 0x55, 0x21, 0x4b,
    0xea, 0xbf, 0x4, 0x20, 0xbe, 0xbf, 0x48, 0x6,
    0x5, 0x5a, 0x5, 0x0, 0x60, 0x0, 0x5, 0x0,
    0x2, 0x40, 0x19, 0x0, 0x0, 0x6, 0xa0, 0x0,
    0x0,

    /* U+1F607 "😇" */
    0x0, 0x0, 0x40, 0x0, 0xb, 0xe5, 0x56, 0xe4,
    0x3c, 0x2a, 0xa9, 0xf, 0x3f, 0xc0, 0x1, 0xee,
    0xf, 0xff, 0xff, 0xf8, 0x8, 0x5, 0x54, 0x8,
    0x20, 0x0, 0x0, 0x5, 0x20, 0x24, 0xa, 0x2,
    0x20, 0x44, 0x10, 0x42, 0x20, 0x0, 0x0, 0x2,
    0x20, 0x0, 0x0, 0x2, 0x20, 0x10, 0x5, 0x1,
    0x14, 0xa, 0xa4, 0x8, 0x8, 0x0, 0x0, 0x8,
    0x2, 0x0, 0x0, 0x60, 0x0, 0xa0, 0x6, 0x40,
    0x0, 0x6, 0xa4, 0x0,

    /* U+1F608 "😈" */
    0x0, 0x0, 0x0, 0x0, 0x6, 0x0, 0x1a, 0x40,
    0x9, 0x89, 0x28, 0x1, 0x92, 0x14, 0x18, 0x0,
    0x2, 0x81, 0x50, 0x0, 0x0, 0x0, 0x42, 0x0,
    0x0, 0x0, 0x8, 0x20, 0x0, 0x0, 0x0, 0x82,
    0x0, 0x0, 0x0, 0x8, 0x20, 0x20, 0x0, 0x40,
    0x82, 0x0, 0xd0, 0x38, 0x8, 0x20, 0xf, 0x7,
    0x80, 0x82, 0x0, 0x40, 0x10, 0x8, 0x20, 0x0,
    0x0, 0x0, 0x40, 0x80, 0x60, 0x60, 0x20, 0x5,
    0x0, 0xa4, 0x5, 0x0, 0x18, 0x0, 0x2, 0x40,
    0x0, 0x64, 0x1, 0x80, 0x0, 0x0, 0x2a, 0x40,
    0x0,

    /* U+1F609 "😉" */
    0x0, 0x6, 0x90, 0x0, 0x0, 0x24, 0x1, 0x80,
    0x0, 0x60, 0x0, 0x9, 0x0, 0x60, 0x0, 0x0,
    0x50, 0x20, 0x80, 0x0, 0x8, 0x14, 0x80, 0x0,
    0x0, 0x48, 0x1, 0x0, 0x20, 0x22, 0x2, 0xc0,
    0x20, 0x8, 0x80, 0x60, 0x1a, 0x42, 0x20, 0x0,
    0x0, 0x0, 0x88, 0x0, 0x0, 0x0, 0x21, 0x41,
    0x80, 0x20, 0x4, 0x20, 0x6, 0x90, 0x8, 0x6,
    0x0, 0x0, 0x5, 0x0, 0x60, 0x0, 0x5, 0x0,
    0x2, 0x40, 0x19, 0x0, 0x0, 0x6, 0xa0, 0x0,
    0x0,

    /* U+1F60A "😊" */
    0x0, 0x6, 0x90, 0x0, 0x0, 0x24, 0x1, 0x80,
    0x0, 0x60, 0x0, 0x9, 0x0, 0x60, 0x0, 0x0,
    0x50, 0x20, 0x0, 0x0, 0x8, 0x14, 0x0, 0x0,
    0x0, 0x48, 0xa, 0x40, 0xa0, 0x22, 0x1, 0x20,
    0x44, 0x8, 0x80, 0x0, 0x0, 0x2, 0x20, 0x54,
    0x0, 0x54, 0x88, 0x0, 0x0, 0x0, 0x21, 0x40,
    0x40, 0x10, 0x4, 0x20, 0xa, 0xa0, 0x8, 0x6,
    0x0, 0x0, 0x5, 0x0, 0x60, 0x0, 0x5, 0x0,
    0x2, 0x40, 0x19, 0x0, 0x0, 0x6, 0xa0, 0x0,
    0x0,

    /* U+1F60B "😋" */
    0x0, 0x6, 0x90, 0x0, 0x0, 0x28, 0x1, 0x90,
    0x0, 0x60, 0x0, 0x6, 0x0, 0x20, 0x0, 0x0,
    0x60, 0x20, 0x0, 0x0, 0x8, 0x14, 0x0, 0x0,
    0x0, 0x88, 0xa, 0x40, 0xa4, 0x22, 0x0, 0x10,
    0x1, 0x4, 0x80, 0x0, 0x0, 0x1, 0x61, 0x0,
    0x0, 0x0, 0x48, 0x80, 0x0, 0x3, 0x21, 0x48,
    0x0, 0x2, 0xa8, 0x20, 0x90, 0x3, 0x4a, 0x6,
    0x6, 0xad, 0x20, 0x80, 0x60, 0x1, 0x80, 0x20,
    0x2, 0x40, 0x2c, 0x20, 0x0, 0x6, 0xa4, 0xa0,
    0x0,

    /* U+1F60C "😌" */
    0x0, 0x6, 0x90, 0x0, 0x0, 0x24, 0x1, 0x80,
    0x0, 0x60, 0x0, 0x9, 0x0, 0x60, 0x0, 0x0,
    0x50, 0x20, 0x80, 0x2, 0x8, 0x14, 0x80, 0x0,
    0x20, 0x48, 0x0, 0x0, 0x0, 0x22, 0x0, 0x0,
    0x0, 0x8, 0x81, 0xa0, 0xa, 0x42, 0x20, 0x0,
    0x0, 0x0, 0x88, 0x0, 0x0, 0x0, 0x21, 0x40,
    0x0, 0x0, 0x4, 0x20, 0x8, 0x24, 0x8, 0x6,
    0x0, 0x60, 0x5, 0x0, 0x60, 0x0, 0x5, 0x0,
    0x2, 0x40, 0x19, 0x0, 0x0, 0x6, 0xa0, 0x0,
    0x0,

    /* U+1F60D "😍" */
    0x0, 0x6, 0x90, 0x0, 0x0, 0x24, 0x1, 0x80,
    0x0, 0x60, 0x0, 0x9, 0x0, 0x60, 0x0, 0x0,
    0x50, 0x20, 0x24, 0x9, 0x8, 0x16, 0xff, 0xb,
    0xfd, 0x48, 0xff, 0xc2, 0xff, 0x62, 0x2f, 0xe0,
    0x7f, 0xc8, 0x82, 0xf0, 0xb, 0xc2, 0x20, 0x0,
    0x0, 0x0, 0x88, 0x0, 0x0, 0x0, 0x21, 0x40,
    0x3f, 0xe0, 0x4, 0x20, 0xf, 0xf4, 0x8, 0x6,
    0x0, 0x50, 0x5, 0x0, 0x60, 0x0, 0x5, 0x0,
    0x2, 0x40, 0x19, 0x0, 0x0, 0x6, 0xa0, 0x0,
    0x0,

    /* U+1F60E "😎" */
    0x0, 0x1, 0xa4, 0x0, 0x0, 0x2, 0x80, 0x19,
    0x0, 0x1, 0x80, 0x0, 0x18, 0x0, 0x20, 0x0,
    0x0, 0x60, 0xc, 0x0, 0x0, 0x2, 0x43, 0xff,
    0xff, 0xff, 0xfe, 0x3d, 0xff, 0x9e, 0xff, 0xc3,
    0xff, 0xf0, 0xbf, 0xfc, 0x3f, 0xfe, 0x7, 0xff,
    0xd2, 0xbf, 0xc0, 0x2f, 0xf8, 0x20, 0x0, 0x0,
    0x0, 0x81, 0x40, 0x80, 0x24, 0x8, 0x8, 0x1,
    0xa8, 0x2, 0x0, 0x60, 0x0, 0x0, 0x60, 0x1,
    0x80, 0x0, 0x18, 0x0, 0x2, 0x40, 0x19, 0x0,
    0x0, 0x1, 0xa9, 0x0, 0x0,

    /* U+1F60F "😏" */
    0x0, 0x6, 0x90, 0x0, 0x0, 0x24, 0x1, 0x80,
    0x0, 0x60, 0x0, 0x9, 0x0, 0x60, 0x0, 0x0,
    0x50, 0x20, 0x0, 0x0, 0x8, 0x14, 0x90, 0x0,
    0x64, 0x48, 0x40, 0x0, 0x1, 0x22, 0x6, 0x80,
    0x2a, 0x8, 0x80, 0xb0, 0x2, 0xc2, 0x20, 0x0,
    0x0, 0x0, 0x88, 0x0, 0x0, 0x0, 0x21, 0x40,
    0x0, 0x4, 0x4, 0x20, 0x0, 0x8, 0x8, 0x6,
    0x6, 0xa8, 0x5, 0x0, 0x60, 0x0, 0x5, 0x0,
    0x2, 0x40, 0x19, 0x0, 0x0, 0x6, 0xa0, 0x0,
    0x0,

    /* U+1F610 "😐" */
    0x0, 0x6, 0x90, 0x0, 0x0, 0x24, 0x1, 0x80,
    0x0, 0x60, 0x0, 0x9, 0x0, 0x60, 0x0, 0x0,
    0x50, 0x20, 0x0, 0x0, 0x8, 0x14, 0x0, 0x0,
    0x0, 0x48, 0x1, 0x0, 0x40, 0x22, 0x2, 0xc0,
    0x3c, 0x8, 0x80, 0x60, 0xa, 0x2, 0x20, 0x0,
    0x0, 0x0, 0x88, 0x0, 0x0, 0x0, 0x21, 0x41,
    0xaa, 0xa4, 0x4, 0x20, 0x0, 0x0, 0x8, 0x6,
    0x0, 0x0, 0x5, 0x0, 0x60, 0x0, 0x5, 0x0,
    0x2, 0x40, 0x19, 0x0, 0x0, 0x6, 0xa0, 0x0,
    0x0,

    /* U+1F611 "😑" */
    0x0, 0x6, 0x90, 0x0, 0x0, 0x24, 0x1, 0x80,
    0x0, 0x60, 0x0, 0x9, 0x0, 0x60, 0x0, 0x0,
    0x50, 0x20, 0x0, 0x0, 0x8, 0x14, 0x0, 0x0,
    0x0, 0x48, 0x0, 0x0, 0x0, 0x22, 0x2, 0xa0,
    0x29, 0x8, 0x80, 0x0, 0x0, 0x2, 0x20, 0x0,
    0x0, 0x0, 0x88, 0x0, 0x0, 0x0, 0x21, 0x41,
    0xaa, 0xa8, 0x4, 0x20, 0x0, 0x0, 0x8, 0x6,
    0x0, 0x0, 0x5, 0x0, 0x60, 0x0, 0x5, 0x0,
    0x2, 0x40, 0x19, 0x0, 0x0, 0x6, 0xa0, 0x0,
    0x0,

    /* U+1F612 "😒" */
    0x0, 0x6, 0x90, 0x0, 0x0, 0x24, 0x1, 0x80,
    0x0, 0x60, 0x0, 0x9, 0x0, 0x60, 0x0, 0x0,
    0x50, 0x20, 0x0, 0x0, 0x8, 0x14, 0x60, 0x0,
    0x50, 0x48, 0x40, 0x0, 0x1, 0x22, 0x7, 0x80,
    0x2e, 0x8, 0x80, 0xb0, 0x2, 0xc2, 0x20, 0x0,
    0x0, 0x0, 0x88, 0x0, 0x0, 0x0, 0x21, 0x40,
    0x0, 0x0, 0x4, 0x20, 0xa, 0xa0, 0x8, 0x6,
    0x0, 0x0, 0x5, 0x0, 0x60, 0x0, 0x5, 0x0,
    0x2, 0x40, 0x19, 0x0, 0x0, 0x6, 0xa0, 0x0,
    0x0,

    /* U+1F613 "😓" */
    0x0, 0x6, 0x90, 0x0, 0x1, 0xe8, 0x1, 0x80,
    0x0, 0x88, 0x0, 0x9, 0x0, 0x82, 0x0, 0x0,
    0x50, 0x30, 0x20, 0x0, 0x8, 0x18, 0x8, 0x0,
    0x0, 0x4a, 0x5, 0x0, 0x0, 0x22, 0x2a, 0x0,
    0x0, 0x8, 0x80, 0x0, 0x0, 0x2, 0x20, 0x69,
    0x2, 0x90, 0x88, 0x0, 0x0, 0x0, 0x21, 0x40,
    0x0, 0x0, 0x4, 0x20, 0x6, 0x90, 0x8, 0x6,
    0x1, 0x5, 0x5, 0x0, 0x60, 0x0, 0x5, 0x0,
    0x2, 0x40, 0x19, 0x0, 0x0, 0x6, 0xa0, 0x0,
    0x0,

    /* U+1F614 "😔" */
    0x0, 0x6, 0x90, 0x0, 0x0, 0x24, 0x1, 0x80,
    0x0, 0x60, 0x0, 0x9, 0x0, 0x60, 0x0, 0x0,
    0x50, 0x20, 0x0, 0x0, 0x8, 0x14, 0x60, 0x0,
    0x50, 0x48, 0x50, 0x0, 0x5, 0x22, 0x0, 0x0,
    0x0, 0x8, 0x80, 0x0, 0x0, 0x2, 0x20, 0x69,
    0x2, 0xa0, 0x88, 0x0, 0x0, 0x0, 0x21, 0x40,
    0x0, 0x0, 0x4, 0x20, 0x0, 0x0, 0x8, 0x6,
    0x2, 0xa8, 0x5, 0x0, 0x60, 0x0, 0x5, 0x0,
    0x2, 0x40, 0x19, 0x0, 0x0, 0x6, 0xa0, 0x0,
    0x0,

    /* U+1F615 "😕" */
    0x0, 0x6, 0x90, 0x0, 0x0, 0x24, 0x1, 0x80,
    0x0, 0x60, 0x0, 0x9, 0x0, 0x60, 0x0, 0x0,
    0x50, 0x20, 0x0, 0x0, 0x8, 0x14, 0x4, 0x1,
    0x0, 0x48, 0xb, 0x0, 0xf0, 0x22, 0x1, 0xc0,
    0x28, 0x8, 0x80, 0x0, 0x0, 0x2, 0x20, 0x0,
    0x0, 0x0, 0x88, 0x0, 0x2a, 0x80, 0x21, 0x40,
    0x90, 0x4, 0x4, 0x20, 0x40, 0x0, 0x8, 0x6,
    0x0, 0x0, 0x5, 0x0, 0x60, 0x0, 0x5, 0x0,
    0x2, 0x40, 0x19, 0x0, 0x0, 0x6, 0xa0, 0x0,
    0x0,

    /* U+1F616 "😖" */
    0x0, 0x6, 0x90, 0x0, 0x0, 0x24, 0x1, 0x80,
    0x0, 0x60, 0x0, 0x9, 0x0, 0x60, 0x0, 0x0,
    0x50, 0x20, 0x0, 0x0, 0x8, 0x14, 0x0, 0x0,
    0x0, 0x48, 0x0, 0x0, 0x0, 0x22, 0x5, 0x0,
    0x5, 0x8, 0x80, 0x60, 0x9, 0x2, 0x20, 0x29,
    0x6, 0x80, 0x88, 0x10, 0x0, 0x4, 0x21, 0x40,
    0x0, 0x0, 0x4, 0x20, 0x8a, 0x72, 0x8, 0x6,
    0x8, 0x52, 0x5, 0x0, 0x60, 0x0, 0x5, 0x0,
    0x2, 0x40, 0x19, 0x0, 0x0, 0x6, 0xa0, 0x0,
    0x0,

    /* U+1F617 "😗" */
    0x0, 0x6, 0x90, 0x0, 0x0, 0x24, 0x1, 0x80,
    0x0, 0x60, 0x0, 0x9, 0x0, 0x60, 0x0, 0x0,
    0x50, 0x20, 0x0, 0x0, 0x8, 0x14, 0x4, 0x0,
    0x0, 0x48, 0xb, 0x0, 0xf0, 0x22, 0x1, 0xc0,
    0x28, 0x8, 0x80, 0x0, 0x0, 0x2, 0x20, 0x0,
    0x10, 0x0, 0x88, 0x0, 0x6, 0x0, 0x21, 0x40,
    0x2, 0x80, 0x4, 0x20, 0x0, 0x20, 0x8, 0x6,
    0x0, 0x20, 0x5, 0x0, 0x60, 0x0, 0x5, 0x0,
    0x2, 0x40, 0x19, 0x0, 0x0, 0x6, 0xa0, 0x0,
    0x0,

    /* U+1F618 "😘" */
    0x0, 0x6, 0x90, 0x0, 0x0, 0x24, 0x1, 0x80,
    0x0, 0x60, 0x0, 0x9, 0x0, 0x61, 0x0, 0x0,
    0x50, 0x22, 0x40, 0x0, 0x8, 0x14, 0x44, 0x0,
    0x50, 0x48, 0xb, 0x0, 0x90, 0x22, 0x1, 0xc0,
    0x29, 0x8, 0x80, 0x0, 0x0, 0x2, 0x20, 0x0,
    0x10, 0x3c, 0x88, 0x0, 0x6, 0x2f, 0xe1, 0x40,
    0x2, 0x87, 0xfc, 0x20, 0x0, 0x21, 0xff, 0x6,
    0x0, 0x20, 0x6a, 0x0, 0x60, 0x0, 0x5, 0x0,
    0x2, 0x40, 0x19, 0x0, 0x0, 0x6, 0xa4, 0x0,
    0x0,

    /* U+1F619 "😙" */
    0x0, 0x6, 0x90, 0x0, 0x0, 0x24, 0x1, 0x80,
    0x0, 0x60, 0x0, 0x9, 0x0, 0x60, 0x0, 0x0,
    0x50, 0x20, 0x0, 0x0, 0x8, 0x14, 0x0, 0x0,
    0x0, 0x48, 0x6, 0x0, 0x90, 0x22, 0x1, 0x20,
    0x85, 0x8, 0x80, 0x0, 0x0, 0x2, 0x20, 0x0,
    0x0, 0x0, 0x88, 0x0, 0x5, 0x0, 0x21, 0x40,
    0x2, 0x40, 0x4, 0x20, 0x0, 0x20, 0x8, 0x6,
    0x0, 0x20, 0x5, 0x0, 0x60, 0x0, 0x5, 0x0,
    0x2, 0x40, 0x19, 0x0, 0x0, 0x6, 0xa0, 0x0,
    0x0,

    /* U+1F61A "😚" */
    0x0, 0x6, 0x90, 0x0, 0x0, 0x24, 0x1, 0x80,
    0x0, 0x60, 0x0, 0x9, 0x0, 0x61, 0x40, 0x14,
    0x50, 0x22, 0x40, 0x0, 0x88, 0x14, 0x0, 0x0,
    0x0, 0x48, 0x6, 0x0, 0x60, 0x22, 0x4, 0x10,
    0x41, 0x8, 0x80, 0x0, 0x0, 0x2, 0x20, 0x54,
    0x0, 0x54, 0x88, 0x0, 0x5, 0x0, 0x21, 0x40,
    0x2, 0x40, 0x4, 0x20, 0x0, 0x20, 0x8, 0x6,
    0x0, 0x20, 0x5, 0x0, 0x60, 0x0, 0x5, 0x0,
    0x2, 0x40, 0x19, 0x0, 0x0, 0x6, 0xa0, 0x0,
    0x0,

    /* U+1F61B "😛" */
    0x0, 0x6, 0x90, 0x0, 0x0, 0x24, 0x1, 0x80,
    0x0, 0x60, 0x0, 0x9, 0x0, 0x60, 0x0, 0x0,
    0x50, 0x20, 0x0, 0x0, 0x8, 0x14, 0x0, 0x0,
    0x0, 0x48, 0x1, 0x0, 0x40, 0x22, 0x2, 0xc0,
    0x3c, 0x8, 0x80, 0x60, 0xa, 0x2, 0x20, 0x0,
    0x0, 0x0, 0x88, 0x15, 0x0, 0x58, 0x21, 0x4f,
    0xeb, 0xbf, 0x44, 0x22, 0xf0, 0x4b, 0xc8, 0x2,
    0x2c, 0x12, 0xc9, 0x0, 0x62, 0x4, 0x89, 0x0,
    0x2, 0xc0, 0x39, 0x0, 0x0, 0xa, 0xa4, 0x0,
    0x0,

    /* U+1F61C "😜" */
    0x0, 0x6, 0x90, 0x0, 0x0, 0x24, 0x1, 0x80,
    0x0, 0x60, 0x0, 0x9, 0x0, 0x60, 0x0, 0x0,
    0x50, 0x20, 0x0, 0x0, 0x8, 0x14, 0x0, 0x6,
    0x90, 0x48, 0x18, 0x1, 0x41, 0x22, 0x2, 0xd1,
    0x34, 0x48, 0x81, 0x0, 0x10, 0x82, 0x20, 0x0,
    0x1, 0x40, 0x88, 0x25, 0x0, 0x58, 0x21, 0x4f,
    0xeb, 0xbf, 0x4, 0x22, 0xf0, 0x4f, 0x88, 0x2,
    0x2c, 0x13, 0x85, 0x0, 0x62, 0x4, 0x89, 0x0,
    0x2, 0xc0, 0x38, 0x0, 0x0, 0xa, 0xa4, 0x0,
    0x0,

    /* U+1F61D "😝" */
    0x0, 0x6, 0x90, 0x0, 0x0, 0x24, 0x1, 0x80,
    0x0, 0x60, 0x0, 0x9, 0x0, 0x60, 0x0, 0x0,
    0x50, 0x20, 0x0, 0x0, 0x8, 0x14, 0x0, 0x0,
    0x0, 0x48, 0x18, 0x0, 0x24, 0x22, 0x0, 0xa0,
    0x60, 0x8, 0x81, 0xa0, 0x6, 0x42, 0x20, 0x0,
    0x0, 0x0, 0x88, 0x25, 0x0, 0x58, 0x21, 0x4f,
    0xeb, 0xbf, 0x4, 0x22, 0xf0, 0x4f, 0x88, 0x2,
    0x2c, 0x13, 0x89, 0x0, 0x62, 0x4, 0x89, 0x0,
    0x2, 0xc0, 0x38, 0x0, 0x0, 0xa, 0xa4, 0x0,
    0x0,

    /* U+1F61E "😞" */
    0x0, 0x6, 0x90, 0x0, 0x0, 0x24, 0x1, 0x80,
    0x0, 0x60, 0x0, 0x9, 0x0, 0x60, 0x0, 0x0,
    0x50, 0x20, 0x0, 0x0, 0x8, 0x14, 0x0, 0x0,
    0x0, 0x48, 0x0, 0x0, 0x0, 0x22, 0x0, 0x0,
    0x0, 0x8, 0x80, 0x0, 0x0, 0x2, 0x20, 0x6,
    0x6, 0x0, 0x88, 0x15, 0x0, 0x18, 0x21, 0x40,
    0x0, 0x0, 0x4, 0x20, 0x6, 0x90, 0x8, 0x6,
    0x1, 0x5, 0x5, 0x0, 0x60, 0x0, 0x5, 0x0,
    0x2, 0x40, 0x19, 0x0, 0x0, 0x6, 0xa0, 0x0,
    0x0,

    /* U+1F61F "😟" */
    0x0, 0x6, 0x90, 0x0, 0x0, 0x24, 0x1, 0x80,
    0x0, 0x60, 0x0, 0x9, 0x0, 0x60, 0x40, 0x0,
    0x50, 0x21, 0x80, 0x2, 0x48, 0x14, 0x0, 0x0,
    0x0, 0x48, 0x0, 0x0, 0x0, 0x22, 0x0, 0xd0,
    0x34, 0x8, 0x80, 0x38, 0xe, 0x2, 0x20, 0x0,
    0x0, 0x0, 0x88, 0x0, 0x0, 0x0, 0x21, 0x40,
    0x6, 0x40, 0x4, 0x20, 0x18, 0x18, 0x8, 0x6,
    0x0, 0x0, 0x5, 0x0, 0x60, 0x0, 0x5, 0x0,
    0x2, 0x40, 0x19, 0x0, 0x0, 0x6, 0xa0, 0x0,
    0x0,

    /* U+1F620 "😠" */
    0x0, 0x6, 0x90, 0x0, 0x0, 0x24, 0x1, 0x80,
    0x0, 0x60, 0x0, 0x9, 0x0, 0x60, 0x0, 0x0,
    0x50, 0x20, 0x0, 0x0, 0x8, 0x14, 0x0, 0x0,
    0x0, 0x48, 0x0, 0x0, 0x0, 0x22, 0x0, 0x0,
    0x0, 0x8, 0x80, 0x90, 0x2, 0x2, 0x20, 0xf,
    0x7, 0x40, 0x88, 0x3, 0x80, 0xe0, 0x21, 0x40,
    0x0, 0x0, 0x4, 0x20, 0x6, 0x90, 0x8, 0x6,
    0x5, 0x2, 0x5, 0x0, 0x60, 0x0, 0x5, 0x0,
    0x2, 0x40, 0x19, 0x0, 0x0, 0x6, 0xa0, 0x0,
    0x0,

    /* U+1F621 "😡" */
    0x0, 0x6, 0x90, 0x0, 0x0, 0x24, 0x1, 0x80,
    0x0, 0x7a, 0x0, 0x9, 0x0, 0x74, 0x20, 0x0,
    0x50, 0x22, 0x8, 0x0, 0x8, 0x15, 0x15, 0x0,
    0x0, 0x48, 0x11, 0x0, 0x0, 0x22, 0x0, 0x0,
    0x0, 0x8, 0x80, 0xa0, 0x6, 0x2, 0x20, 0xf,
    0x7, 0x80, 0x88, 0x3, 0x80, 0xd0, 0x21, 0x40,
    0x0, 0x0, 0x4, 0x20, 0x6, 0x90, 0x8, 0x6,
    0x5, 0x2, 0x5, 0x0, 0x60, 0x0, 0x5, 0x0,
    0x2, 0x40, 0x19, 0x0, 0x0, 0x6, 0xa0, 0x0,
    0x0,

    /* U+1F622 "😢" */
    0x0, 0x6, 0x90, 0x0, 0x0, 0x24, 0x1, 0x80,
    0x0, 0x60, 0x0, 0x9, 0x0, 0x60, 0x0, 0x0,
    0x50, 0x20, 0x80, 0x2, 0x8, 0x14, 0x80, 0x0,
    0x20, 0x48, 0x1, 0x0, 0x40, 0x22, 0x2, 0xc0,
    0x3c, 0x8, 0x80, 0x60, 0xa, 0x2, 0x20, 0x10,
    0x0, 0x0, 0x88, 0x8, 0x0, 0x0, 0x21, 0x48,
    0x9a, 0x40, 0x4, 0x21, 0x24, 0x8, 0x8, 0x3,
    0x1, 0x0, 0x5, 0x0, 0x80, 0x40, 0x9, 0x0,
    0xa, 0xc0, 0x18, 0x0, 0x0, 0x6, 0x90, 0x0,
    0x0,

    /* U+1F623 "😣" */
    0x0, 0x6, 0x90, 0x0, 0x0, 0x24, 0x1, 0x80,
    0x0, 0x60, 0x0, 0x9, 0x0, 0x60, 0x0, 0x0,
    0x50, 0x20, 0x10, 0x0, 0x8, 0x14, 0xa0, 0x0,
    0x60, 0x48, 0x0, 0x0, 0x0, 0x22, 0x1, 0x0,
    0x4, 0x8, 0x80, 0x24, 0x18, 0x2, 0x20, 0x29,
    0x6, 0x90, 0x88, 0x0, 0x0, 0x0, 0x21, 0x40,
    0xa, 0x0, 0x4, 0x20, 0x18, 0x14, 0x8, 0x6,
    0x0, 0x0, 0x5, 0x0, 0x60, 0x0, 0x5, 0x0,
    0x2, 0x40, 0x19, 0x0, 0x0, 0x6, 0xa0, 0x0,
    0x0,

    /* U+1F624 "😤" */
    0x0, 0x1, 0xa4, 0x0, 0x0, 0x2, 0x40, 0x18,
    0x0, 0x1, 0x80, 0x0, 0x24, 0x0, 0x51, 0x80,
    0x24, 0x80, 0x8, 0x2, 0x8, 0x2, 0x1, 0x0,
    0x0, 0x0, 0x14, 0x20, 0x0, 0x0, 0x0, 0x82,
    0x2, 0x90, 0x68, 0x8, 0x20, 0x0, 0x0, 0x0,
    0x82, 0x1, 0x40, 0x14, 0x8, 0x3a, 0xa0, 0x0,
    0xaa, 0xc5, 0x2, 0x2a, 0x88, 0x4, 0x60, 0x10,
    0x0, 0x40, 0x88, 0x2, 0x0, 0x8, 0x1, 0x6a,
    0x90, 0x0, 0x6a, 0x80, 0x6, 0x40, 0x19, 0x0,
    0x0, 0x6, 0xa8, 0x0, 0x0,

    /* U+1F625 "😥" */
    0x0, 0x6, 0xa4, 0x0, 0x0, 0x29, 0x1, 0xa0,
    0x0, 0x20, 0x0, 0x2, 0x0, 0x20, 0x0, 0x0,
    0x20, 0x20, 0x60, 0x2, 0x2, 0x8, 0x90, 0x0,
    0x18, 0x84, 0x0, 0x0, 0x0, 0x16, 0x10, 0x40,
    0x4, 0x2, 0x9c, 0x38, 0xb, 0x0, 0xa8, 0x8d,
    0x1, 0xc0, 0x2c, 0x14, 0x0, 0x0, 0x16, 0x2,
    0x0, 0x0, 0x8, 0x80, 0x82, 0x90, 0x2, 0x20,
    0x52, 0x2, 0x2, 0x1, 0xb0, 0x0, 0x2, 0x0,
    0x2, 0x80, 0x1a, 0x0, 0x0, 0x6, 0xa4, 0x0,
    0x0,

    /* U+1F626 "😦" */
    0x0, 0x6, 0x90, 0x0, 0x0, 0x24, 0x1, 0x80,
    0x0, 0x60, 0x0, 0x9, 0x0, 0x60, 0x0, 0x0,
    0x50, 0x20, 0x0, 0x0, 0x8, 0x14, 0x0, 0x0,
    0x0, 0x48, 0x0, 0x0, 0x0, 0x22, 0x2, 0xc0,
    0x38, 0x8, 0x80, 0xb0, 0xf, 0x2, 0x20, 0x0,
    0x0, 0x0, 0x88, 0x0, 0x0, 0x0, 0x21, 0x40,
    0x2f, 0x80, 0x4, 0x20, 0x2f, 0xfc, 0x8, 0x6,
    0xb, 0xae, 0x5, 0x0, 0x60, 0x0, 0x5, 0x0,
    0x2, 0x40, 0x19, 0x0, 0x0, 0x6, 0xa0, 0x0,
    0x0,

    /* U+1F627 "😧" */
    0x0, 0x6, 0x90, 0x0, 0x0, 0x24, 0x1, 0x80,
    0x0, 0x60, 0x0, 0x9, 0x0, 0x62, 0x40, 0x8,
    0x50, 0x22, 0x0, 0x0, 0x48, 0x14, 0x0, 0x0,
    0x0, 0x48, 0x0, 0x0, 0x0, 0x22, 0x2, 0xc0,
    0x38, 0x8, 0x80, 0xb0, 0xe, 0x2, 0x20, 0x0,
    0x0, 0x0, 0x88, 0x0, 0x0, 0x0, 0x21, 0x40,
    0x1f, 0x80, 0x4, 0x20, 0x2f, 0xf8, 0x8, 0x6,
    0x7, 0xfe, 0x5, 0x0, 0x60, 0x0, 0x5, 0x0,
    0x2, 0x40, 0x19, 0x0, 0x0, 0x6, 0xa0, 0x0,
    0x0,

    /* U+1F628 "😨" */
    0x0, 0x6, 0xa0, 0x0, 0x0, 0x3d, 0x5b, 0xc0,
    0x0, 0x75, 0x45, 0x5d, 0x0, 0x37, 0x91, 0x6e,
    0xd0, 0x37, 0x94, 0x56, 0xec, 0x19, 0x54, 0x15,
    0x55, 0x48, 0x0, 0x0, 0x0, 0x22, 0x2, 0xc0,
    0x38, 0x8, 0x80, 0xb0, 0xe, 0x2, 0x20, 0x0,
    0x0, 0x0, 0x88, 0x0, 0x0, 0x0, 0x21, 0x40,
    0x1b, 0x80, 0x4, 0x20, 0x1f, 0xf8, 0x8, 0x6,
    0x7, 0xfe, 0x5, 0x0, 0x60, 0x0, 0x5, 0x0,
    0x2, 0x40, 0x19, 0x0, 0x0, 0x6, 0xa0, 0x0,
    0x0,

    /* U+1F629 "😩" */
    0x0, 0x6, 0x90, 0x0, 0x0, 0x24, 0x1, 0x80,
    0x0, 0x60, 0x0, 0x9, 0x0, 0x60, 0x20, 0x10,
    0x50, 0x20, 0x60, 0x6, 0x8, 0x14, 0x0, 0x0,
    0x0, 0x48, 0x0, 0x81, 0x0, 0x22, 0x2, 0x80,
    0x29, 0x8, 0x80, 0x0, 0x0, 0x2, 0x20, 0x1,
    0x54, 0x0, 0x88, 0x1, 0x0, 0x50, 0x21, 0x42,
    0xff, 0xfc, 0x4, 0x20, 0xff, 0xff, 0x48, 0x6,
    0x29, 0x6, 0x85, 0x0, 0x60, 0x0, 0x5, 0x0,
    0x2, 0x40, 0x19, 0x0, 0x0, 0x6, 0xa0, 0x0,
    0x0,

    /* U+1F62A "😪" */
    0x0, 0x6, 0x90, 0x0, 0x0, 0x24, 0x1, 0x80,
    0x0, 0x60, 0x0, 0x9, 0x0, 0x60, 0x0, 0x0,
    0x90, 0x20, 0x40, 0x0, 0x8, 0x15, 0x80, 0x0,
    0x14, 0x48, 0x0, 0x0, 0x0, 0x22, 0x4, 0x10,
    0x1, 0x8, 0x80, 0xa0, 0x6, 0x42, 0x20, 0x0,
    0x0, 0x69, 0x88, 0x0, 0x0, 0xc0, 0x71, 0x0,
    0xa, 0x14, 0x4, 0x20, 0xf, 0xf1, 0x0, 0x45,
    0x1, 0x98, 0x20, 0x80, 0x60, 0x0, 0x7, 0x80,
    0x2, 0x40, 0x19, 0x0, 0x0, 0x6, 0xa0, 0x0,
    0x0,

    /* U+1F62B "😫" */
    0x0, 0x6, 0x90, 0x0, 0x0, 0x24, 0x1, 0x80,
    0x0, 0x60, 0x0, 0x9, 0x0, 0x60, 0x80, 0x20,
    0x50, 0x20, 0x80, 0x1, 0x48, 0x14, 0x0, 0x0,
    0x0, 0x48, 0xa, 0x0, 0x64, 0x22, 0x0, 0x90,
    0x64, 0x8, 0x80, 0x40, 0x1, 0x42, 0x20, 0x1,
    0x54, 0x0, 0x88, 0x1, 0x0, 0x50, 0x21, 0x42,
    0xff, 0xfc, 0x4, 0x20, 0xff, 0xff, 0x48, 0x6,
    0x29, 0x6, 0x85, 0x0, 0x60, 0x0, 0x5, 0x0,
    0x2, 0x40, 0x19, 0x0, 0x0, 0x6, 0xa0, 0x0,
    0x0,

    /* U+1F62C "😬" */
    0x0, 0x6, 0x90, 0x0, 0x0, 0x24, 0x1, 0x80,
    0x0, 0x60, 0x0, 0x9, 0x0, 0x60, 0x0, 0x0,
    0x50, 0x20, 0x0, 0x0, 0x8, 0x14, 0x4, 0x1,
    0x0, 0x48, 0xb, 0x40, 0xf0, 0x22, 0x1, 0xc0,
    0x28, 0x8, 0x80, 0x0, 0x0, 0x2, 0x20, 0x66,
    0xaa, 0x90, 0x88, 0x28, 0x9a, 0x68, 0x21, 0x4a,
    0x26, 0x9a, 0x44, 0x22, 0xef, 0xff, 0x88, 0x6,
    0x0, 0x0, 0x5, 0x0, 0x60, 0x0, 0x5, 0x0,
    0x2, 0x40, 0x19, 0x0, 0x0, 0x6, 0xa0, 0x0,
    0x0,

    /* U+1F62D "😭" */
    0x0, 0x6, 0x90, 0x0, 0x0, 0x28, 0x1, 0x90,
    0x0, 0x60, 0x0, 0x6, 0x0, 0x60, 0x0, 0x0,
    0x60, 0x22, 0x40, 0x0, 0x94, 0x15, 0x10, 0x0,
    0x44, 0x88, 0x3b, 0x40, 0xed, 0x22, 0x4, 0x80,
    0x12, 0x4, 0x82, 0x20, 0x4, 0x81, 0x60, 0x8e,
    0xab, 0x20, 0x48, 0x23, 0x0, 0xc8, 0x21, 0x48,
    0xff, 0xf2, 0x8, 0x22, 0x3f, 0xfc, 0x88, 0x2,
    0x8c, 0x2, 0x25, 0x0, 0xe2, 0x0, 0x87, 0x40,
    0x20, 0x30, 0x90, 0x50, 0x6, 0xaa, 0xaa, 0xa0,
    0x0,

    /* U+1F62E "😮" */
    0x0, 0x6, 0x90, 0x0, 0x0, 0x24, 0x1, 0x80,
    0x0, 0x60, 0x0, 0x9, 0x0, 0x60, 0x0, 0x0,
    0x50, 0x20, 0x0, 0x0, 0x8, 0x14, 0x4, 0x1,
    0x0, 0x48, 0xb, 0x0, 0xf0, 0x22, 0x1, 0xc0,
    0x28, 0x8, 0x80, 0x0, 0x0, 0x2, 0x20, 0x0,
    0x0, 0x0, 0x88, 0x0, 0xbe, 0x0, 0x21, 0x40,
    0x7f, 0xe0, 0x4, 0x20, 0x1f, 0xf8, 0x8, 0x6,
    0x1, 0xa8, 0x5, 0x0, 0x60, 0x0, 0x5, 0x0,
    0x2, 0x40, 0x19, 0x0, 0x0, 0x6, 0xa0, 0x0,
    0x0,

    /* U+1F62F "😯" */
    0x0, 0x6, 0x90, 0x0, 0x0, 0x24, 0x1, 0x80,
    0x0, 0x60, 0x0, 0x9, 0x0, 0x61, 0x40, 0x4,
    0x50, 0x22, 0x0, 0x0, 0x48, 0x14, 0x0, 0x0,
    0x0, 0x48, 0x5, 0x0, 0x10, 0x22, 0x3, 0xc0,
    0x2c, 0x8, 0x80, 0xa0, 0x6, 0x2, 0x20, 0x0,
    0x0, 0x0, 0x88, 0x0, 0x0, 0x0, 0x21, 0x40,
    0xf, 0x40, 0x4, 0x20, 0x7, 0xe0, 0x8, 0x6,
    0x1, 0xf8, 0x5, 0x0, 0x60, 0x4, 0x5, 0x0,
    0x2, 0x40, 0x19, 0x0, 0x0, 0x6, 0xa0, 0x0,
    0x0,

    /* U+1F630 "😰" */
    0x0, 0x6, 0xa4, 0x0, 0x0, 0x1e, 0x96, 0xe0,
    0x0, 0x39, 0x55, 0x57, 0x0, 0x35, 0x55, 0x54,
    0x70, 0x29, 0xb5, 0x57, 0x9b, 0xd, 0x95, 0x55,
    0x19, 0xc5, 0x0, 0x0, 0x0, 0x5, 0x10, 0xe0,
    0x2c, 0x2, 0xac, 0x38, 0xb, 0x0, 0xa8, 0x80,
    0x0, 0x0, 0x28, 0x14, 0x0, 0x0, 0x6, 0x2,
    0x1f, 0xe0, 0x8, 0x80, 0x8f, 0xfd, 0x2, 0x20,
    0x53, 0xef, 0x2, 0x1, 0xb0, 0x0, 0x2, 0x0,
    0x2, 0x90, 0x1a, 0x0, 0x0, 0x6, 0xa4, 0x0,
    0x0,

    /* U+1F631 "😱" */
    0x0, 0x2, 0xa8, 0x0, 0x0, 0x0, 0xf5, 0x6f,
    0x40, 0x0, 0x1d, 0x41, 0x57, 0x40, 0x0, 0xd5,
    0x5, 0x57, 0x40, 0xd, 0x54, 0x15, 0x57, 0x0,
    0x66, 0xf0, 0x5f, 0xd6, 0x2, 0x8, 0x20, 0x51,
    0x48, 0x8, 0x50, 0x82, 0x2, 0x20, 0x21, 0x42,
    0x5, 0x8, 0x80, 0xe2, 0xa0, 0xa, 0x87, 0xe,
    0xa0, 0x5, 0x0, 0xb7, 0x2a, 0x60, 0x3c, 0x5,
    0x98, 0x96, 0x60, 0xf4, 0x61, 0xa1, 0x40, 0x67,
    0xd5, 0x1, 0x82, 0x0, 0x8b, 0x20, 0x8, 0x2,
    0x2, 0x40, 0xc0, 0x90, 0x2, 0xa9, 0xa5, 0xa8,
    0x0,

    /* U+1F632 "😲" */
    0x0, 0x6, 0x90, 0x0, 0x0, 0x24, 0x1, 0x80,
    0x0, 0x60, 0x0, 0x9, 0x0, 0x66, 0x40, 0x19,
    0x50, 0x21, 0x0, 0x0, 0x48, 0x14, 0x0, 0x0,
    0x0, 0x48, 0xb, 0x0, 0xe0, 0x22, 0x2, 0xc0,
    0x3c, 0x8, 0x80, 0x20, 0x5, 0x2, 0x20, 0x0,
    0x0, 0x0, 0x88, 0x0, 0x29, 0x0, 0x21, 0x40,
    0x25, 0x80, 0x4, 0x20, 0xb, 0xf0, 0x8, 0x6,
    0x2, 0xfc, 0x5, 0x0, 0x60, 0x3d, 0x5, 0x0,
    0x2, 0x40, 0x19, 0x0, 0x0, 0x6, 0xa0, 0x0,
    0x0,

    /* U+1F633 "😳" */
    0x0, 0x6, 0x90, 0x0, 0x0, 0x24, 0x1, 0x80,
    0x0, 0x60, 0x0, 0x9, 0x0, 0x66, 0x80, 0x19,
    0x50, 0x20, 0x0, 0x0, 0x8, 0x14, 0x10, 0x0,
    0x50, 0x48, 0x51, 0x40, 0x81, 0x22, 0x13, 0x10,
    0x49, 0x88, 0x84, 0x84, 0x12, 0x62, 0x21, 0x45,
    0x2, 0x4, 0x88, 0x9, 0x0, 0x14, 0x21, 0x45,
    0x40, 0x5, 0x44, 0x20, 0x0, 0x0, 0x8, 0x6,
    0x0, 0xa4, 0x5, 0x0, 0x60, 0x0, 0x5, 0x0,
    0x2, 0x40, 0x19, 0x0, 0x0, 0x6, 0xa0, 0x0,
    0x0,

    /* U+1F634 "😴" */
    0x0, 0x6, 0x90, 0x5, 0x0, 0x24, 0x1, 0x0,
    0x80, 0x60, 0x0, 0x18, 0xc0, 0x60, 0x0, 0x88,
    0x4, 0x20, 0x0, 0x91, 0x44, 0x14, 0x0, 0x14,
    0x0, 0x48, 0x0, 0x0, 0x0, 0x22, 0x4, 0x10,
    0x1, 0x8, 0x80, 0xa0, 0x6, 0x2, 0x20, 0x0,
    0x0, 0x0, 0x88, 0x0, 0x0, 0x0, 0x21, 0x40,
    0xb, 0x40, 0x4, 0x20, 0xf, 0xf0, 0x8, 0x6,
    0x1, 0x58, 0x5, 0x0, 0x60, 0x0, 0x9, 0x0,
    0x2, 0x40, 0x18, 0x0, 0x0, 0x6, 0x90, 0x0,
    0x0,

    /* U+1F635 "😵" */
    0x0, 0x6, 0x90, 0x0, 0x0, 0x24, 0x1, 0x80,
    0x0, 0x60, 0x0, 0x9, 0x0, 0x61, 0x80, 0x14,
    0x50, 0x22, 0x40, 0x0, 0x88, 0x14, 0x0, 0x0,
    0x0, 0x48, 0x24, 0x81, 0x88, 0x22, 0x2, 0xc0,
    0x3c, 0x8, 0x80, 0x98, 0x26, 0x42, 0x20, 0x40,
    0x0, 0x10, 0x88, 0x0, 0x28, 0x0, 0x21, 0x40,
    0x3f, 0xc0, 0x4, 0x20, 0xf, 0xf4, 0x8, 0x6,
    0x1, 0xf8, 0x5, 0x0, 0x60, 0x0, 0x5, 0x0,
    0x2, 0x40, 0x19, 0x0, 0x0, 0x6, 0xa0, 0x0,
    0x0,

    /* U+1F636 "😶" */
    0x0, 0x6, 0x90, 0x0, 0x0, 0x24, 0x1, 0x80,
    0x0, 0x60, 0x0, 0x9, 0x0, 0x60, 0x0, 0x0,
    0x50, 0x20, 0x0, 0x0, 0x8, 0x14, 0x0, 0x0,
    0x0, 0x48, 0x6, 0x0, 0xa0, 0x22, 0x2, 0xc0,
    0x3c, 0x8, 0x80, 0x10, 0x4, 0x2, 0x20, 0x0,
    0x0, 0x0, 0x88, 0x0, 0x0, 0x0, 0x21, 0x40,
    0x0, 0x0, 0x4, 0x20, 0x0, 0x0, 0x8, 0x6,
    0x0, 0x0, 0x5, 0x0, 0x60, 0x0, 0x5, 0x0,
    0x2, 0x40, 0x19, 0x0, 0x0, 0x6, 0xa0, 0x0,
    0x0,

    /* U+1F637 "😷" */
    0x0, 0x6, 0x90, 0x0, 0x0, 0x24, 0x1, 0x80,
    0x0, 0x60, 0x0, 0x9, 0x0, 0x60, 0x0, 0x0,
    0x50, 0x20, 0x0, 0x0, 0x8, 0x14, 0x4, 0x0,
    0x0, 0x48, 0x7, 0x40, 0xf0, 0x22, 0x1, 0xc0,
    0x38, 0x8, 0xc0, 0x1a, 0xa4, 0x2, 0x39, 0xe4,
    0x1, 0xb6, 0xc8, 0x30, 0x0, 0x9, 0x21, 0x48,
    0x0, 0x2, 0x4, 0x22, 0x0, 0x0, 0x88, 0x7,
    0xe0, 0x0, 0x7d, 0x0, 0x62, 0xaa, 0x85, 0x0,
    0x2, 0x40, 0x19, 0x0, 0x0, 0x6, 0xa0, 0x0,
    0x0,

    /* U+1F638 "😸" */
    0xa, 0x40, 0x0, 0x1a, 0x1, 0x9, 0x0, 0x9,
    0x20, 0x23, 0x2b, 0xfa, 0x19, 0x42, 0x3c, 0x7a,
    0xd3, 0x94, 0x23, 0x42, 0x5c, 0x19, 0x1, 0x40,
    0x0, 0x0, 0x20, 0x8, 0x0, 0x0, 0x2, 0x7,
    0x82, 0x80, 0x28, 0x38, 0x1c, 0x0, 0x0, 0x7,
    0x7, 0xc0, 0xf, 0x0, 0x79, 0xc, 0x19, 0xf6,
    0x47, 0x6, 0xc2, 0xa5, 0xa8, 0x68, 0x2, 0xf,
    0x6f, 0x8, 0x0, 0x9, 0x5, 0x6, 0x0, 0x0,
    0x1a, 0xaa, 0x40, 0x0, 0x0, 0x0, 0x0, 0x0,

    /* U+1F639 "😹" */
    0xa, 0x80, 0x0, 0xa, 0x0, 0x20, 0x80, 0x0,
    0x82, 0x1, 0x64, 0xaf, 0xe8, 0xc8, 0x5, 0xb0,
    0xf7, 0x4f, 0x20, 0x6, 0x42, 0x9c, 0xc, 0x80,
    0x20, 0x0, 0x0, 0x2, 0x0, 0x80, 0x0, 0x0,
    0x14, 0xb, 0xa, 0x0, 0xa4, 0x38, 0xd, 0x0,
    0x0, 0x12, 0xc1, 0xbb, 0x2, 0xc0, 0xab, 0x42,
    0x8, 0x9b, 0x65, 0x49, 0x8, 0x5a, 0x86, 0x62,
    0x8, 0x2b, 0xf, 0x6f, 0xe, 0x80, 0x2, 0x41,
    0x40, 0x90, 0x0, 0x0, 0xaa, 0xa4, 0x0, 0x0,
    0x0, 0x0, 0x0, 0x0,

    /* U+1F63A "😺" */
    0xa, 0x40, 0x0, 0x1a, 0x1, 0x9, 0x0, 0x9,
    0x20, 0x23, 0x2b, 0xfa, 0x19, 0x42, 0x3c, 0x7a,
    0xc3, 0x94, 0x12, 0x3, 0x68, 0x19, 0x1, 0x40,
    0x0, 0x0, 0x20, 0x8, 0x0, 0x0, 0x2, 0x1,
    0x42, 0x80, 0x38, 0x20, 0x7c, 0x14, 0x1, 0x7,
    0x42, 0xc0, 0xe, 0x0, 0x74, 0x8, 0xa, 0xaa,
    0x2, 0x0, 0xe0, 0x30, 0xc0, 0xf0, 0x22, 0x0,
    0x90, 0x8, 0x40, 0x9, 0x0, 0x6, 0x0, 0x0,
    0x1a, 0xaa, 0x0, 0x0, 0x0, 0x0, 0x0, 0x0,

    /* U+1F63B "😻" */
    0xa, 0x40, 0x0, 0x1a, 0x1, 0x9, 0x0, 0x9,
    0x20, 0x23, 0x2b, 0xff, 0x19, 0x42, 0x3c, 0x3a,
    0xc3, 0xd4, 0x13, 0x1, 0x54, 0x19, 0x1, 0x45,
    0xd0, 0xb5, 0x20, 0x9, 0xff, 0xf, 0xf6, 0x0,
    0x4f, 0xe0, 0xbf, 0x20, 0x7c, 0x7c, 0x3, 0xd3,
    0x92, 0xc0, 0xe, 0x0, 0x74, 0x48, 0xf, 0xae,
    0x2, 0x0, 0xf0, 0x20, 0x80, 0xf0, 0x26, 0x0,
    0x90, 0x9, 0x80, 0x9, 0x0, 0x6, 0x0, 0x0,
    0x1a, 0xaa, 0x40, 0x0, 0x0, 0x0, 0x0, 0x0,

    /* U+1F63C "😼" */
    0xa, 0x40, 0x0, 0x1a, 0x1, 0x9, 0x0, 0x9,
    0x20, 0x23, 0x2b, 0xfa, 0x19, 0x42, 0x3c, 0x7a,
    0xc3, 0x94, 0x12, 0x3, 0x68, 0x19, 0x1, 0x40,
    0x0, 0x0, 0x20, 0x8, 0x0, 0x0, 0x2, 0x1,
    0x43, 0x80, 0x38, 0x20, 0x7c, 0x14, 0x1, 0x7,
    0x42, 0xc0, 0xe, 0x0, 0x74, 0x58, 0x0, 0x52,
    0x2, 0x0, 0xe0, 0x1a, 0x80, 0xf0, 0x12, 0x0,
    0x50, 0x8, 0x40, 0x9, 0x0, 0x6, 0x0, 0x0,
    0x1a, 0xaa, 0x40, 0x0, 0x0, 0x0, 0x0, 0x0,

    /* U+1F63D "😽" */
    0xa, 0x40, 0x0, 0x1a, 0x1, 0x9, 0x0, 0x9,
    0x20, 0x23, 0x2b, 0xfa, 0x19, 0x42, 0x3c, 0x7a,
    0xd3, 0x94, 0x23, 0x3, 0x5c, 0x19, 0x1, 0x40,
    0x0, 0x0, 0x20, 0x8, 0x0, 0x0, 0x2, 0x7,
    0x82, 0x80, 0x28, 0x38, 0x1c, 0x0, 0x0, 0x7,
    0x7, 0xc0, 0xb, 0x0, 0x79, 0xc, 0x0, 0x8,
    0x7, 0x6, 0xc0, 0x1, 0x40, 0x68, 0x2, 0x0,
    0x10, 0x8, 0x0, 0x9, 0x0, 0x6, 0x0, 0x0,
    0x1a, 0xaa, 0x40, 0x0, 0x0, 0x0, 0x0, 0x0,

    /* U+1F63E "😾" */
    0x0, 0x0, 0x0, 0x0, 0x0, 0xb4, 0x0, 0x1,
    0xe0, 0x16, 0x80, 0x0, 0x29, 0x42, 0x22, 0xbf,
    0xe8, 0x88, 0x22, 0x7, 0xad, 0x8, 0x81, 0x20,
    0x2a, 0x81, 0x84, 0x9, 0x0, 0x0, 0x6, 0x40,
    0xc0, 0x0, 0x0, 0x30, 0x78, 0x38, 0x2, 0xc2,
    0xd1, 0xc1, 0x40, 0x10, 0x34, 0x7c, 0x0, 0xd0,
    0x3, 0xd0, 0xc0, 0x8, 0x0, 0x30, 0x6c, 0x2,
    0xe8, 0x3, 0x90, 0x20, 0x0, 0x0, 0x80, 0x0,
    0x90, 0x0, 0x60, 0x0, 0x1, 0xaa, 0xa4, 0x0,
    0x0, 0x0, 0x0, 0x0, 0x0,

    /* U+1F63F "😿" */
    0x1a, 0x0, 0x0, 0xa, 0x42, 0xa, 0x0, 0x6,
    0x8, 0x23, 0x4a, 0xee, 0x49, 0x81, 0x2c, 0x3d,
    0xd3, 0xc8, 0x8, 0x2, 0x9c, 0x5, 0x40, 0x80,
    0x0, 0x0, 0x20, 0x8, 0x8, 0x1, 0x42, 0x0,
    0x82, 0xc0, 0x1c, 0x20, 0x7c, 0x0, 0x50, 0x2,
    0xd0, 0xd0, 0x7, 0x0, 0x34, 0x2d, 0x30, 0x60,
    0x2, 0x80, 0xe9, 0x99, 0x80, 0x70, 0xa, 0x88,
    0x0, 0x9, 0x40, 0x8, 0x80, 0x6, 0x0, 0x0,
    0xae, 0xaa, 0x40, 0x0, 0x0, 0x0, 0x0, 0x0,

    /* U+1F640 "🙀" */
    0xa, 0x0, 0x0, 0x19, 0x1, 0x48, 0x0, 0x2,
    0x20, 0x23, 0x2b, 0xfe, 0x89, 0x2, 0x3c, 0x79,
    0xd3, 0x94, 0x12, 0x43, 0x5c, 0x19, 0x1, 0x46,
    0x80, 0x28, 0x20, 0x8, 0x82, 0x8, 0x22, 0x7,
    0x89, 0x55, 0x55, 0x38, 0x1c, 0x14, 0xf1, 0x43,
    0x7, 0xca, 0x86, 0x2a, 0x79, 0xe, 0x45, 0xa4,
    0x17, 0x6, 0xd4, 0x5f, 0x41, 0x78, 0x3, 0x45,
    0xf5, 0x28, 0x0, 0x18, 0x85, 0x22, 0x0, 0x2,
    0xd, 0x5b, 0x14, 0x0, 0x0, 0x0, 0x0, 0x0,

    /* U+1F641 "🙁" */
    0x0, 0x6, 0x90, 0x0, 0x0, 0x24, 0x1, 0x80,
    0x0, 0x60, 0x0, 0x9, 0x0, 0x60, 0x0, 0x0,
    0x50, 0x20, 0x0, 0x0, 0x8, 0x14, 0x4, 0x0,
    0x0, 0x48, 0xb, 0x0, 0xf0, 0x22, 0x1, 0xc0,
    0x28, 0x8, 0x80, 0x0, 0x0, 0x2, 0x20, 0x0,
    0x0, 0x0, 0x88, 0x0, 0x0, 0x0, 0x21, 0x40,
    0x6a, 0x90, 0x4, 0x20, 0x10, 0x1, 0x8, 0x6,
    0x0, 0x0, 0x5, 0x0, 0x60, 0x0, 0x5, 0x0,
    0x2, 0x40, 0x19, 0x0, 0x0, 0x6, 0xa0, 0x0,
    0x0,

    /* U+1F642 "🙂" */
    0x0, 0x6, 0x90, 0x0, 0x0, 0x24, 0x1, 0x80,
    0x0, 0x60, 0x0, 0x9, 0x0, 0x60, 0x0, 0x0,
    0x50, 0x20, 0x0, 0x0, 0x8, 0x14, 0x4, 0x0,
    0x0, 0x48, 0xb, 0x0, 0xf0, 0x22, 0x1, 0xc0,
    0x28, 0x8, 0x80, 0x0, 0x0, 0x2, 0x20, 0x0,
    0x0, 0x0, 0x88, 0x0, 0x0, 0x0, 0x21, 0x40,
    0x90, 0x24, 0x4, 0x20, 0x6, 0x90, 0x8, 0x6,
    0x0, 0x0, 0x5, 0x0, 0x60, 0x0, 0x5, 0x0,
    0x2, 0x40, 0x19, 0x0, 0x0, 0x6, 0xa0, 0x0,
    0x0,

    /* U+1F643 "🙃" */
    0x0, 0x6, 0x90, 0x0, 0x0, 0x24, 0x1, 0x80,
    0x0, 0x60, 0x0, 0x9, 0x0, 0x60, 0x0, 0x0,
    0x50, 0x20, 0x6, 0x90, 0x8, 0x14, 0x9, 0x2,
    0x40, 0x48, 0x0, 0x0, 0x0, 0x22, 0x0, 0x0,
    0x0, 0x8, 0x80, 0x0, 0x0, 0x2, 0x20, 0x18,
    0x2, 0x80, 0x88, 0xb, 0x0, 0xf0, 0x21, 0x40,
    0x40, 0x14, 0x4, 0x20, 0x0, 0x0, 0x8, 0x6,
    0x0, 0x0, 0x5, 0x0, 0x60, 0x0, 0x5, 0x0,
    0x2, 0x40, 0x19, 0x0, 0x0, 0x6, 0xa0, 0x0,
    0x0,

    /* U+1F644 "🙄" */
    0x0, 0x6, 0x90, 0x0, 0x0, 0x24, 0x1, 0x80,
    0x0, 0x60, 0x0, 0x9, 0x0, 0x60, 0x0, 0x0,
    0x50, 0x20, 0x0, 0x0, 0x8, 0x14, 0x3c, 0x3,
    0xd0, 0x48, 0x2f, 0x82, 0xf9, 0x22, 0x8, 0x14,
    0x84, 0x88, 0x82, 0x8, 0x20, 0x52, 0x20, 0x29,
    0x2, 0x90, 0x88, 0x0, 0x0, 0x0, 0x21, 0x40,
    0x0, 0x0, 0x4, 0x20, 0x0, 0x0, 0x8, 0x6,
    0x2, 0xa8, 0x5, 0x0, 0x60, 0x0, 0x5, 0x0,
    0x2, 0x40, 0x19, 0x0, 0x0, 0x6, 0xa0, 0x0,
    0x0,

    /* U+1F645 "🙅" */
    0x0, 0x1, 0xa9, 0x0, 0x0, 0x0, 0x60, 0x6,
    0x0, 0x0, 0x5, 0x0, 0x2, 0x0, 0x0, 0x20,
    0x0, 0x2, 0x0, 0x2, 0x5, 0x2, 0x5, 0x0,
    0x14, 0x28, 0x1c, 0x8, 0x0, 0x80, 0x0, 0x0,
    0x8, 0x8, 0x9a, 0x2c, 0x65, 0x54, 0x52, 0x2,
    0x59, 0x5, 0x22, 0x2, 0x41, 0xc0, 0x80, 0x58,
    0x1, 0x81, 0x98, 0x0, 0xa0, 0xaa, 0x80, 0xaa,
    0x41, 0x40, 0x0, 0x80, 0x0, 0x20, 0x90, 0x7,
    0x90, 0x6, 0x40, 0x1a, 0x40, 0x1a, 0x90, 0x0,

    /* U+1F646 "🙆" */
    0x0, 0x10, 0x0, 0x50, 0x0, 0xa, 0xa4, 0xaa,
    0x0, 0x0, 0x40, 0x94, 0x4, 0x0, 0x20, 0x20,
    0x90, 0x50, 0x8, 0x24, 0x0, 0x81, 0x42, 0x8,
    0x2a, 0x92, 0x8, 0x21, 0x64, 0x1, 0x88, 0x14,
    0x28, 0x0, 0x2, 0x82, 0x43, 0x44, 0x1, 0x9,
    0x28, 0x10, 0xa0, 0x70, 0x12, 0x40, 0x0, 0x0,
    0x0, 0x21, 0x0, 0x50, 0x10, 0x1, 0x20, 0x1,
    0xa4, 0x0, 0x40, 0x80, 0x0, 0x0, 0x4, 0x6,
    0x0, 0x0, 0x6, 0x0, 0xa, 0x40, 0x6, 0x40,
    0x0, 0x6, 0xa9, 0x0, 0x0,

    /* U+1F647 "🙇" */
    0x0, 0x0, 0x0, 0x0, 0x0, 0x0, 0x1, 0x0,
    0x40, 0x0, 0x0, 0x2, 0x0, 0x80, 0x0, 0x2,
    0x0, 0x0, 0x0, 0x80, 0x0, 0x81, 0xaa, 0x81,
    0x0, 0x0, 0x8, 0x0, 0x24, 0x0, 0x0, 0x20,
    0x0, 0x9, 0x0, 0x0, 0x80, 0x0, 0x2, 0x0,
    0x2, 0x0, 0x0, 0x0, 0x90, 0x8, 0x0, 0x0,
    0x0, 0x14, 0x20, 0x5, 0x40, 0x50, 0x8, 0x40,
    0x1, 0x0, 0x40, 0x2, 0x82, 0x7, 0x0, 0x90,
    0x82, 0x41, 0x94, 0x0, 0x16, 0x42, 0x20, 0x1,
    0x82, 0x40, 0x8, 0xa, 0xaa, 0xd7, 0xaa, 0xa0,
    0x0, 0x0, 0x0, 0x0, 0x0,

    /* U+1F648 "🙈" */
    0x0, 0x2, 0xaa, 0x80, 0x0, 0x0, 0x18, 0x0,
    0x24, 0x0, 0x0, 0x60, 0x0, 0x9, 0x0, 0x0,
    0x9f, 0xd7, 0xf6, 0x0, 0x1, 0xd2, 0xff, 0x87,
    0x40, 0xb, 0x40, 0x28, 0x1, 0xe0, 0x26, 0x0,
    0x28, 0x0, 0x98, 0x28, 0x1, 0x96, 0x40, 0x2c,
    0x30, 0x29, 0x14, 0x68, 0xc, 0x22, 0xa1, 0xff,
    0x4a, 0x44, 0x46, 0x94, 0x69, 0x26, 0x91, 0x88,
    0x66, 0xaa, 0x89, 0x22, 0x42, 0x9a, 0x45, 0xa6,
    0x81, 0x20, 0x8, 0x14, 0x20, 0x8, 0xa, 0xa0,
    0x0, 0xa, 0xa0, 0x0, 0x0, 0x0, 0x0, 0x0,

    /* U+1F649 "🙉" */
    0x0, 0x1, 0xaa, 0x80, 0x0, 0x0, 0x9, 0x0,
    0x18, 0x0, 0x0, 0x20, 0x0, 0x2, 0x0, 0x0,
    0x5a, 0x96, 0xa1, 0x40, 0x2, 0xd4, 0x4, 0x9,
    0xe0, 0x8, 0x94, 0x80, 0x8a, 0x8, 0x8, 0x88,
    0x80, 0xc9, 0x48, 0x8, 0x94, 0x8, 0x9, 0x48,
    0x8, 0xa0, 0x6a, 0x4a, 0x8, 0x14, 0xe0, 0xbf,
    0x88, 0xc4, 0x22, 0x59, 0x0, 0x26, 0x62, 0x22,
    0x31, 0xaa, 0x8a, 0x22, 0x22, 0x97, 0x51, 0xb6,
    0x92, 0x24, 0x6, 0x15, 0x20, 0x5, 0xa, 0xa4,
    0x0, 0xa, 0xa4, 0x0, 0x0, 0x0, 0x0, 0x0,

    /* U+1F64A "🙊" */
    0x0, 0xa, 0xaa, 0x0, 0x0, 0x6, 0x0, 0x9,
    0x0, 0x1, 0x80, 0x0, 0x14, 0x0, 0x22, 0xa5,
    0xa8, 0x80, 0x5, 0x50, 0x0, 0x25, 0x2, 0x45,
    0x90, 0x61, 0x18, 0x8c, 0x15, 0x5, 0x53, 0x24,
    0x85, 0x5, 0x1, 0x22, 0x28, 0x8a, 0xbe, 0x22,
    0x80, 0x57, 0x40, 0x8e, 0x10, 0x3, 0x80, 0x5,
    0x2c, 0x0, 0xa0, 0x0, 0x80, 0x60, 0x20, 0x2,
    0xbd, 0x0, 0x82, 0x2, 0x9a, 0x58, 0x8, 0x1a,
    0x80, 0x0, 0x2a, 0x80, 0x0, 0x0, 0x0, 0x0,

    /* U+1F64B "🙋" */
    0xa, 0x0, 0x0, 0x2, 0x8, 0x0, 0x0, 0x10,
    0xc0, 0x0, 0x5, 0x5, 0x0, 0x0, 0x12, 0x86,
    0x90, 0x5, 0x22, 0x40, 0x90, 0x42, 0x84, 0x1,
    0x48, 0x30, 0xc1, 0x8, 0x80, 0x0, 0x30, 0x48,
    0x1, 0x0, 0x5, 0x40, 0xa, 0x90, 0x41, 0x0,
    0x0, 0x8, 0x20, 0x0, 0x0, 0x82, 0x0, 0x0,
    0x4, 0x8, 0x0, 0x0, 0x50, 0x24, 0x0, 0x68,
    0x0, 0x1a, 0xa4, 0x0,

    /* U+1F64C "🙌" */
    0x0, 0x0, 0x4, 0x0, 0x0, 0x0, 0x0, 0x4,
    0x10, 0x0, 0x0, 0x2, 0x4, 0x80, 0x0, 0x0,
    0x50, 0x40, 0x42, 0x0, 0x2, 0xf4, 0x0, 0xd,
    0xd0, 0xd, 0xa8, 0x0, 0x29, 0xb8, 0x28, 0xa8,
    0x0, 0x25, 0xa8, 0x24, 0xa8, 0x0, 0x25, 0xa5,
    0x25, 0xe8, 0x0, 0x26, 0xa5, 0x25, 0xa, 0x92,
    0xa0, 0x61, 0x20, 0x29, 0x52, 0x28, 0x2, 0x20,
    0x81, 0x40, 0x82, 0x2, 0x20, 0x2, 0x0, 0x80,
    0x5, 0x14, 0x5, 0x0, 0x20, 0x8, 0x8, 0x8,
    0x0, 0x14, 0x8, 0x8, 0x8, 0x0, 0x14, 0x8,
    0x4, 0x4, 0x0, 0x0, 0x4,

    /* U+1F64D "🙍" */
    0x0, 0x6, 0xaa, 0x0, 0x0, 0x2, 0x40, 0x8,
    0x0, 0x0, 0x80, 0x0, 0x20, 0x0, 0x14, 0x0,
    0x0, 0x40, 0x2, 0x0, 0x0, 0x8, 0x0, 0x80,
    0x90, 0x64, 0x20, 0x14, 0x0, 0x50, 0x0, 0x82,
    0x0, 0x10, 0x40, 0x4, 0x40, 0x0, 0x0, 0x0,
    0x28, 0x0, 0x0, 0x0, 0x2, 0x60, 0x0, 0x0,
    0x0, 0x51, 0x90, 0x0, 0x0, 0x64, 0x1, 0xaa,
    0xaa, 0xa4, 0x0,

    /* U+1F64E "🙎" */
    0x0, 0x1, 0xa9, 0x0, 0x0, 0x0, 0x60, 0x6,
    0x0, 0x0, 0x5, 0x0, 0x2, 0x0, 0x0, 0x20,
    0x0, 0x2, 0x0, 0x2, 0x0, 0x1, 0x5, 0x0,
    0x14, 0x2c, 0x1c, 0x8, 0x0, 0x80, 0x0, 0x0,
    0x8, 0x8, 0x0, 0x6a, 0x0, 0x14, 0x50, 0x1,
    0x0, 0x0, 0x22, 0x0, 0xa9, 0x6a, 0x40, 0x58,
    0x8, 0x1c, 0x1, 0x40, 0xa0, 0xb0, 0x80, 0xab,
    0x41, 0x40, 0x14, 0x18, 0x0, 0x20, 0xa0, 0x6,
    0xe0, 0x6, 0x0, 0x1a, 0x50, 0x1a, 0x90, 0x0,

    /* U+1F64F "🙏" */
    0x0, 0x2, 0xe0, 0x0, 0x0, 0x2, 0xbc, 0x0,
    0x0, 0x0, 0xde, 0x40, 0x0, 0x0, 0x3b, 0xd0,
    0x0, 0x0, 0xc, 0xd8, 0x0, 0x0, 0x2, 0x32,
    0x0, 0x0, 0x0, 0x8c, 0x80, 0x0, 0x0, 0x53,
    0x20, 0x0, 0x0, 0x20, 0xc5, 0x0, 0x0, 0x8,
    0x30, 0x40, 0x0, 0x2d, 0xc, 0x2e, 0x0, 0x92,
    0x3, 0x5, 0x28, 0x0, 0x51, 0xc2, 0x0, 0x0,
    0xa, 0x4e, 0x40, 0x0, 0x0, 0xe3, 0x40, 0x0,
    0x0, 0x24, 0xa0, 0x0, 0x0, 0x10, 0x4, 0x0,
    0x0,

    /* U+1F680 "🚀" */
    0x0, 0x0, 0x0, 0xaa, 0x0, 0x0, 0xa, 0x2,
    0x0, 0x0, 0x22, 0x2, 0x0, 0x1, 0x81, 0x42,
    0x0, 0x6, 0x18, 0x6c, 0x0, 0x8, 0x3d, 0x14,
    0x1, 0xb4, 0x3c, 0x20, 0x14, 0x98, 0x0, 0x80,
    0x51, 0xc6, 0x2, 0x0, 0x69, 0xc0, 0x98, 0x0,
    0x3, 0xf0, 0x70, 0x0, 0x8, 0xbf, 0x60, 0x0,
    0x20, 0x68, 0x10, 0x0, 0x39, 0x88, 0x40, 0x0,
    0x5, 0x9, 0x40, 0x0, 0x0, 0x1, 0x0, 0x0,

    /* U+1F681 "🚁" */
    0x0, 0x1, 0xc0, 0x0, 0x0, 0x2a, 0xaf, 0xfe,
    0xaa, 0x0, 0x1, 0xa0, 0x86, 0x90, 0x0, 0x0,
    0x2, 0xea, 0x0, 0x29, 0x0, 0x3, 0xc1, 0x40,
    0x24, 0x0, 0x1b, 0xaa, 0xea, 0x88, 0x1, 0xe5,
    0x11, 0x0, 0x8, 0x3, 0xda, 0xb4, 0x1a, 0x44,
    0xe, 0x89, 0x60, 0x60, 0x88, 0x20, 0x40, 0x0,
    0x80, 0x2c, 0x14, 0x0, 0x2, 0x0, 0x0, 0x6,
    0xaa, 0xb4, 0x0, 0x0, 0x0, 0x20, 0x10, 0x0,
    0x0, 0x0, 0x20, 0x8, 0x0, 0x0, 0x6, 0xba,
    0xae, 0x80, 0x0,

    /* U+1F682 "🚂" */
    0x0, 0x26, 0x98, 0x0, 0x0, 0x18, 0x41, 0x20,
    0x0, 0x2, 0x54, 0x2, 0x0, 0x0, 0x2b, 0xea,
    0x90, 0x0, 0x1, 0xb8, 0x1, 0x55, 0x50, 0xf,
    0x0, 0x3f, 0xfe, 0x0, 0xb0, 0x2, 0x19, 0x10,
    0xb, 0x0, 0x22, 0x21, 0x0, 0xfa, 0xef, 0x22,
    0x10, 0x1e, 0x88, 0xf3, 0xa1, 0x3, 0xe8, 0x8f,
    0x95, 0xb0, 0xf, 0x99, 0xf5, 0x5a, 0x1, 0xe6,
    0xff, 0xff, 0xe0, 0x3d, 0x16, 0xef, 0xff, 0xa,
    0xff, 0xfb, 0xff, 0xb2, 0x2a, 0xf9, 0xdc, 0xdd,
    0x29, 0x21, 0x46, 0x6, 0x40,

    /* U+1F683 "🚃" */
    0xa, 0xaa, 0xaa, 0xaa, 0xa0, 0x2f, 0xff, 0xff,
    0xff, 0xfc, 0x20, 0x0, 0x0, 0x0, 0x8, 0x20,
    0x0, 0x0, 0x0, 0x8, 0x20, 0x0, 0x0, 0x0,
    0x8, 0x22, 0xa3, 0xa3, 0xa6, 0xc8, 0x22, 0x22,
    0x22, 0x24, 0x48, 0x22, 0xa2, 0x92, 0x96, 0x88,
    0x20, 0x0, 0x0, 0x0, 0x8, 0x3a, 0xaa, 0xaa,
    0xaa, 0xac, 0x20, 0x0, 0x0, 0x0, 0x8, 0x25,
    0x55, 0x55, 0x55, 0x58, 0x3f, 0xff, 0xff, 0xff,
    0xfd, 0x5, 0x88, 0x81, 0x52, 0x20, 0x2, 0x42,
    0x0, 0x90, 0x80,

    /* U+1F684 "🚄" */
    0x0, 0x0, 0x0, 0x5, 0x0, 0x0, 0x0, 0x2d,
    0x80, 0x0, 0x0, 0xa9, 0x20, 0x0, 0x2, 0x89,
    0x8, 0x0, 0x6, 0x9, 0x2, 0x0, 0x9, 0x28,
    0x0, 0x80, 0xe, 0xa0, 0x0, 0x20, 0xe, 0x40,
    0x0, 0x8, 0x8, 0x0, 0x0, 0x2, 0x8, 0xd0,
    0x6f, 0xff, 0xc8, 0x6, 0xe4, 0x0, 0x23, 0x5e,
    0x40, 0x0, 0x8, 0xf8, 0x0, 0x0, 0x2, 0xa,
    0xaa, 0xaa, 0xaa, 0xc2, 0x0, 0x0, 0xaa, 0xb1,
    0xaa, 0xaa, 0xf0, 0xfc, 0x0, 0x0, 0x1, 0x40,
    0x0,

    /* U+1F685 "🚅" */
    0x0, 0x0, 0x0, 0x6a, 0x0, 0x0, 0x0, 0x90,
    0x40, 0x0, 0x0, 0xea, 0x50, 0x0, 0x0, 0x82,
    0x24, 0x0, 0x1a, 0xaa, 0xa5, 0x0, 0x64, 0x0,
    0x0, 0x80, 0xc0, 0x0, 0x0, 0xb0, 0xa0, 0x0,
    0x0, 0xfc, 0x89, 0x0, 0x0, 0x7f, 0x22, 0x90,
    0x0, 0x5, 0xc8, 0x80, 0x0, 0x0, 0x10, 0xa0,
    0x0, 0x0, 0x4, 0xf, 0xff, 0xff, 0xff, 0x44,
    0x0, 0x0, 0x0, 0x42, 0x0, 0xf, 0xff, 0xf0,
    0xaa, 0xa9, 0x4a, 0x54, 0x0, 0x0, 0x19, 0x0,
    0x0,

    /* U+1F686 "🚆" */
    0x1, 0xaa, 0x50, 0x9, 0x0, 0x7, 0x2, 0x29,
    0x68, 0x80, 0x8f, 0x9f, 0x20, 0x21, 0x41, 0x48,
    0x8, 0x80, 0x22, 0x3, 0x40, 0x0, 0xc0, 0xda,
    0xaa, 0x60, 0x25, 0x0, 0x64, 0x8, 0x0, 0x5,
    0x42, 0x55, 0x55, 0x90, 0xff, 0xff, 0xf0, 0x20,
    0x0, 0x8, 0xb, 0xbf, 0xfb, 0x1, 0x1f, 0xf8,
    0x80, 0x45, 0x55, 0x0, 0x93, 0xff, 0xd7, 0x0,

    /* U+1F687 "🚇" */
    0x0, 0x6, 0x90, 0x0, 0x0, 0x2f, 0xff, 0xd0,
    0x0, 0x78, 0x0, 0x1e, 0x0, 0x39, 0xc6, 0x29,
    0xe0, 0x3d, 0x61, 0x48, 0x7c, 0x1f, 0x58, 0x46,
    0x1f, 0x8b, 0xd6, 0x11, 0x87, 0xf3, 0xf5, 0x84,
    0x61, 0xfc, 0xfd, 0xa3, 0x9a, 0x7f, 0x3f, 0x10,
    0xf4, 0x4f, 0xcb, 0xc4, 0x29, 0x13, 0xf1, 0xf9,
    0x6f, 0x95, 0xf8, 0x3d, 0x1, 0x40, 0x3c, 0x3,
    0xeb, 0xff, 0xbd, 0x0, 0x20, 0xff, 0x45, 0x0,
    0x0, 0xff, 0xf0, 0x0, 0x0, 0x5, 0x50, 0x0,
    0x0,

    /* U+1F688 "🚈" */
    0x15, 0x55, 0xb5, 0x55, 0x41, 0x55, 0x5f, 0x55,
    0x54, 0x0, 0x1, 0x48, 0x0, 0x0, 0x0, 0x1f,
    0xc0, 0x0, 0x0, 0x15, 0xfd, 0x55, 0x40, 0x29,
    0x40, 0x0, 0x8, 0x7, 0xb8, 0x0, 0x0, 0x80,
    0xd7, 0xb, 0xab, 0xac, 0x4, 0x22, 0x20, 0x20,
    0x81, 0x8, 0x52, 0x2, 0x8, 0x21, 0x89, 0x75,
    0x75, 0x82, 0xb0, 0x0, 0x0, 0x8, 0x39, 0x0,
    0x0, 0x0, 0x82, 0x80, 0x0, 0x0, 0x8, 0xe,
    0x55, 0x55, 0x55, 0xc2, 0x0, 0x0, 0x0, 0x8,
    0x2a, 0xaa, 0xaa, 0xaa, 0x80,

    /* U+1F689 "🚉" */
    0x0, 0x2a, 0x40, 0x0, 0x0, 0x2, 0x64, 0x0,
    0x0, 0x2, 0xfb, 0xf8, 0x0, 0x0, 0xff, 0xaf,
    0xf0, 0x0, 0x1d, 0x0, 0x7, 0x2b, 0xa0, 0x5a,
    0x9b, 0x23, 0xb2, 0x6, 0x4, 0x12, 0x26, 0xf0,
    0x60, 0x41, 0x20, 0x2, 0x7, 0xfa, 0xf2, 0x0,
    0x20, 0x4a, 0xaa, 0x20, 0x2, 0x4, 0x0, 0x2,
    0x0, 0x22, 0x4c, 0x6, 0x35, 0x56, 0x70, 0x0,
    0x3, 0xe0, 0x27, 0xff, 0xff, 0xf5, 0xa2, 0x7b,
    0x7f, 0xaf, 0xe0, 0xb7, 0x57, 0xfd, 0x2f, 0xd2,
    0x70, 0x7f, 0xc0, 0xff, 0xa0,

    /* U+1F68A "🚊" */
    0x0, 0x6, 0xa0, 0x0, 0x0, 0x0, 0xdc, 0x0,
    0x0, 0x7, 0xe7, 0xf4, 0x0, 0xb, 0xf9, 0xbf,
    0x80, 0x3, 0x0, 0x0, 0x30, 0x0, 0x8e, 0x66,
    0x88, 0x0, 0x22, 0x4, 0x22, 0x0, 0x8, 0x81,
    0x8, 0x80, 0x2, 0x3e, 0x7f, 0x20, 0x0, 0x8a,
    0xaa, 0x48, 0x0, 0x20, 0x0, 0x42, 0x0, 0x8,
    0x60, 0x20, 0x80, 0x2, 0x0, 0x0, 0x20, 0x0,
    0xff, 0xff, 0xfc, 0x0, 0x7f, 0x7f, 0x7f, 0x40,
    0x7c, 0x2f, 0xd4, 0xf4, 0x29, 0xa, 0xa4, 0x1a,
    0x0,

    /* U+1F68B "🚋" */
    0x55, 0x7d, 0x55, 0x55, 0x15, 0x5f, 0x55, 0x55,
    0x40, 0x8, 0x10, 0x0, 0x0, 0x2, 0xf4, 0x0,
    0x0, 0x5, 0xbe, 0x55, 0x54, 0xf, 0xff, 0xff,
    0xff, 0x8b, 0xff, 0xff, 0xff, 0xf2, 0x0, 0x15,
    0x50, 0x8, 0x80, 0x2a, 0xa8, 0x2, 0x22, 0x84,
    0x51, 0x69, 0x88, 0x91, 0xd7, 0x5a, 0x62, 0x0,
    0x65, 0xd4, 0x8, 0x80, 0x11, 0x45, 0x2, 0x20,
    0x4, 0x51, 0x40, 0x89, 0xa6, 0x69, 0xaa, 0x65,
    0x7b, 0xff, 0xf7, 0xb4, 0x6, 0x0, 0x0, 0x60,
    0x0,

    /* U+1F68C "🚌" */
    0x0, 0x1, 0xaa, 0x0, 0x0, 0x2f, 0xdf, 0xff,
    0x55, 0x3, 0xff, 0xff, 0xff, 0xff, 0xc, 0x8,
    0x80, 0x20, 0xc, 0x70, 0x22, 0x0, 0x80, 0x31,
    0xc0, 0x88, 0x2, 0x0, 0xcb, 0x2, 0x3a, 0xae,
    0xab, 0x3a, 0xa8, 0x80, 0x0, 0x4, 0xe0, 0x22,
    0x0, 0x0, 0x37, 0x89, 0xe8, 0x0, 0x64, 0xde,
    0xcf, 0xfa, 0xab, 0x3a, 0x47, 0x35, 0x55, 0x58,
    0xd0, 0x7, 0x40, 0x0, 0x1c, 0x0,

    /* U+1F68D "🚍" */
    0x0, 0xaa, 0xaa, 0x90, 0x0, 0x2f, 0xff, 0xff,
    0x40, 0x9, 0x40, 0x0, 0x56, 0x0, 0x86, 0xaa,
    0xa9, 0x20, 0x38, 0x15, 0x55, 0x52, 0xd, 0x8e,
    0xba, 0xea, 0x20, 0xd9, 0x42, 0x8, 0x16, 0x0,
    0x94, 0x20, 0x89, 0x67, 0x9, 0x42, 0xa, 0xf6,
    0x70, 0x9a, 0xaa, 0xbf, 0x66, 0xd, 0x0, 0x0,
    0x7, 0x40, 0x96, 0xaa, 0xa9, 0x70, 0xa, 0x30,
    0x0, 0xd6, 0x0, 0xea, 0xaa, 0xaa, 0xb0, 0x8,
    0x0, 0x0, 0x2, 0x0, 0xbf, 0xaa, 0xab, 0xd0,
    0x1, 0x80, 0x0, 0x24, 0x0,

    /* U+1F68E "🚎" */
    0x6a, 0xaa, 0xaa, 0xbe, 0x40, 0x0, 0x0, 0x28,
    0x0, 0x0, 0x0, 0x20, 0x0, 0x0, 0x0, 0x70,
    0x0, 0x1, 0x83, 0xfe, 0x0, 0x2, 0x4a, 0xff,
    0xea, 0x87, 0xfe, 0xaa, 0xaa, 0xb6, 0xb4, 0x82,
    0x2, 0x1d, 0xbc, 0x20, 0x80, 0x87, 0x4f, 0x8,
    0x20, 0x21, 0xd3, 0xea, 0xaa, 0xaa, 0xb4, 0x80,
    0x6a, 0xaa, 0xae, 0x3a, 0x40, 0x0, 0x1, 0x54,
    0x0, 0x0, 0x0, 0x14, 0xa8, 0x0, 0xa, 0x44,
    0x73, 0xaa, 0xaa, 0x34, 0x6, 0x40, 0x0, 0x60,
    0x0,

    /* U+1F68F "🚏" */
    0x0, 0x8, 0x6, 0x42, 0xaa, 0x30, 0x81, 0x88,
    0x8, 0xc8, 0x55, 0x65, 0x6f, 0xf2, 0x62, 0xd5,
    0x8c, 0x8a, 0x87, 0xab, 0x31, 0x81, 0xc0, 0x0,
    0xc0, 0xa8, 0x0, 0x2b, 0xa4, 0x0, 0x0, 0x91,
    0x20, 0x0, 0x2, 0x48, 0x80, 0x0, 0xa, 0x72,
    0x0, 0x0, 0x24, 0x48, 0x0, 0x0, 0x92, 0x20,
    0x0, 0x3, 0xba, 0x80, 0x0, 0x0, 0xc0, 0x0,
    0x0, 0x3, 0x0, 0x0, 0x0, 0x8, 0x0, 0x0,

    /* U+1F690 "🚐" */
    0x0, 0x1a, 0xaa, 0xaa, 0x90, 0x0, 0x20, 0x0,
    0x0, 0x20, 0x0, 0x20, 0x0, 0x0, 0x10, 0x0,
    0x22, 0x8a, 0xaa, 0x44, 0x0, 0x88, 0x84, 0x0,
    0x88, 0x0, 0x84, 0x84, 0x0, 0x88, 0x2, 0x2a,
    0xce, 0xaa, 0xc8, 0x24, 0x0, 0x0, 0x0, 0x4,
    0x39, 0x0, 0x0, 0x0, 0xd, 0x23, 0xaa, 0xaa,
    0xaa, 0xb5, 0x39, 0x55, 0x55, 0x55, 0x72, 0x7f,
    0xe0, 0x0, 0xb, 0xff, 0x3d, 0x3f, 0xff, 0xfc,
    0x7d, 0x9, 0x30, 0x0, 0x8, 0x20, 0x2, 0x90,
    0x0, 0x2, 0x80,

    /* U+1F691 "🚑" */
    0x0, 0x0, 0xa8, 0x0, 0x0, 0x0, 0x1, 0xff,
    0xaa, 0x90, 0x0, 0xa, 0x0, 0x0, 0x8, 0x0,
    0xf, 0xaa, 0xaa, 0xac, 0x0, 0x24, 0x0, 0x0,
    0x8, 0x0, 0x22, 0xa4, 0xc, 0x8, 0x0, 0x88,
    0x4, 0x3f, 0x85, 0x1, 0x54, 0x14, 0x3f, 0x41,
    0x6, 0x15, 0x50, 0xc, 0x41, 0x1e, 0x80, 0x0,
    0x0, 0x2, 0x10, 0xff, 0xff, 0xff, 0xff, 0x1f,
    0xea, 0xaa, 0xaa, 0xab, 0x3a, 0x90, 0x0, 0x1,
    0x6a, 0x3f, 0xfd, 0x0, 0xb, 0xfe, 0x2b, 0xf,
    0xaa, 0xaf, 0x3c, 0x2, 0x8, 0x0, 0x2, 0x20,
    0x0, 0xa0, 0x0, 0x1, 0x90,

    /* U+1F692 "🚒" */
    0x0, 0x1, 0xaa, 0xaa, 0x90, 0x0, 0x2, 0x55,
    0x54, 0x20, 0x0, 0x2, 0x59, 0x89, 0x20, 0x1,
    0x6a, 0xaa, 0xb5, 0x20, 0x2, 0xff, 0x55, 0x54,
    0x20, 0x5, 0x55, 0x75, 0x56, 0x70, 0xa, 0x1a,
    0x20, 0x0, 0x14, 0x8, 0x60, 0x60, 0x0, 0x4,
    0x8, 0x61, 0x60, 0x0, 0x4, 0xe, 0x15, 0x20,
    0x0, 0x4, 0x38, 0x0, 0x20, 0xaa, 0xa4, 0x28,
    0x0, 0x21, 0x40, 0x4, 0x3d, 0x0, 0x22, 0x0,
    0x9, 0x66, 0x7f, 0xb8, 0x1f, 0x2, 0x67, 0xc3,
    0x75, 0x70, 0xd6, 0x0, 0xc3, 0x40, 0x70, 0xc0,
    0x0, 0x28, 0x0, 0xa, 0x0,

    /* U+1F693 "🚓" */
    0x0, 0x1, 0x15, 0x44, 0x0, 0x0, 0x0, 0x11,
    0x10, 0x0, 0x0, 0x2, 0x29, 0xc4, 0x0, 0x0,
    0x1, 0xba, 0xe4, 0x0, 0x0, 0x9, 0x6a, 0x96,
    0x0, 0x0, 0x22, 0x42, 0x18, 0x80, 0x1, 0x98,
    0x2, 0x5, 0x64, 0x29, 0x1e, 0xaa, 0xa8, 0x5,
    0x78, 0x0, 0x0, 0x0, 0x2b, 0x53, 0xff, 0xfa,
    0xff, 0xf2, 0x7f, 0xff, 0xe0, 0xff, 0xff, 0x7f,
    0xaf, 0xf1, 0xfe, 0xff, 0x3f, 0xf, 0xff, 0xfc,
    0x3d, 0x2, 0x8, 0x0, 0x8, 0x20, 0x0, 0xa0,
    0x0, 0x2, 0x80,

    /* U+1F694 "🚔" */
    0x1, 0x55, 0x55, 0x44, 0x0, 0x12, 0x56, 0x58,
    0x50, 0x1, 0x43, 0x9, 0x4, 0x0, 0x2, 0xba,
    0xe9, 0x0, 0x0, 0x80, 0x0, 0x24, 0x0, 0x22,
    0xc0, 0x38, 0xc0, 0x67, 0xbf, 0xab, 0xef, 0x97,
    0xea, 0xaa, 0xaa, 0xbe, 0xf, 0x94, 0x1, 0x6f,
    0x40, 0xff, 0xff, 0xff, 0xf8, 0xc, 0x30, 0x0,
    0x92, 0x81, 0xd7, 0x0, 0xd, 0x68, 0xf, 0xff,
    0xff, 0xff, 0x80, 0x40, 0x15, 0x40, 0x14, 0xf,
    0x95, 0x55, 0x6f, 0x0, 0xf0, 0x15, 0x50, 0xf0,
    0xb, 0x0, 0x0, 0xf, 0x0,

    /* U+1F695 "🚕" */
    0x0, 0x0, 0x0, 0x0, 0x0, 0x0, 0x0, 0x1f,
    0xe0, 0x0, 0x0, 0x0, 0x7f, 0xf0, 0x0, 0x0,
    0x2, 0x40, 0x6, 0x0, 0x0, 0x8, 0x6b, 0xa4,
    0x80, 0x0, 0x22, 0x42, 0x5, 0x60, 0xa, 0x95,
    0x2, 0x2, 0x1d, 0x20, 0x2, 0xaa, 0xa9, 0x2,
    0x78, 0x0, 0x44, 0x40, 0xb, 0x68, 0x1, 0x66,
    0x60, 0x7, 0x50, 0xa8, 0x0, 0x2, 0x92, 0x52,
    0x5, 0x0, 0x8, 0x32, 0x2b, 0x7, 0xaa, 0xac,
    0x39, 0x0, 0xa8, 0x0, 0x3, 0xd0,

    /* U+1F696 "🚖" */
    0x0, 0x2, 0x90, 0x0, 0x0, 0x2, 0x45, 0x0,
    0x0, 0x0, 0x95, 0x80, 0x0, 0x2, 0xba, 0xb8,
    0x0, 0x2, 0x0, 0x0, 0x80, 0x0, 0x89, 0x2,
    0x94, 0x0, 0xbf, 0xea, 0xfb, 0x12, 0xf5, 0x55,
    0x55, 0xfc, 0x20, 0x0, 0x0, 0x8, 0x8, 0x0,
    0x0, 0x2, 0x3, 0xa7, 0xff, 0xda, 0xc0, 0xea,
    0xbf, 0xe6, 0xb0, 0x34, 0x0, 0x0, 0x1c, 0xd,
    0x6a, 0xaa, 0x97, 0x2, 0xfa, 0xaa, 0xab, 0xc0,
    0x74, 0x0, 0x0, 0xf0, 0x8, 0x0, 0x0, 0x24,
    0x0,

    /* U+1F697 "🚗" */
    0x0, 0x0, 0x0, 0x0, 0x0, 0x0, 0x19, 0x56,
    0x80, 0x0, 0x1, 0x9a, 0xa8, 0x80, 0x0, 0x1a,
    0x42, 0x9, 0x90, 0x6, 0x4e, 0xae, 0xa4, 0xb0,
    0xf0, 0x0, 0x0, 0x2, 0x88, 0x80, 0x0, 0x0,
    0xa, 0x39, 0x0, 0x0, 0x0, 0xc, 0xc1, 0x90,
    0x0, 0x1a, 0x21, 0x58, 0x60, 0x1, 0x86, 0x81,
    0xd1, 0xd5, 0x5d, 0xd, 0x0, 0xa8, 0x0, 0xa,
    0xc0, 0x0, 0x0, 0x0, 0x0, 0x0,

    /* U+1F698 "🚘" */
    0x0, 0x0, 0x0, 0x0, 0x0, 0x0, 0x1a, 0xaa,
    0xa8, 0x0, 0x0, 0x50, 0x0, 0x2, 0x0, 0x0,
    0x86, 0x0, 0x61, 0x0, 0x0, 0x8f, 0x80, 0xf8,
    0x40, 0x39, 0xff, 0xff, 0xff, 0xdc, 0x2b, 0x56,
    0xaa, 0xa5, 0xb8, 0x2, 0xa8, 0x0, 0x1a, 0x60,
    0x8, 0x88, 0x0, 0x20, 0xa0, 0x8, 0x68, 0x55,
    0x1a, 0x14, 0x8, 0x2, 0xff, 0xc0, 0x4, 0x8,
    0x0, 0xff, 0x40, 0x14, 0xe, 0xaa, 0x55, 0x6a,
    0xa0, 0xa, 0x0, 0x0, 0x0, 0x70, 0x7, 0xda,
    0xaa, 0xaa, 0xf0, 0x7, 0x80, 0x0, 0x0, 0xf0,
    0x0, 0x0, 0x0, 0x0, 0x0,

    /* U+1F699 "🚙" */
    0x0, 0x0, 0x6a, 0xaa, 0x90, 0x0, 0x1, 0x40,
    0x0, 0x20, 0x0, 0x6, 0x2a, 0xaa, 0x60, 0x0,
    0x8, 0x80, 0xa0, 0xa0, 0x0, 0x63, 0x0, 0xa4,
    0xa8, 0x25, 0x41, 0x55, 0x45, 0x6d, 0x38, 0x0,
    0x0, 0x0, 0x3d, 0x28, 0x0, 0x0, 0x0, 0x3e,
    0x20, 0x50, 0x0, 0x1a, 0xc, 0x37, 0xfc, 0x0,
    0xbf, 0xc8, 0x3f, 0xf, 0xff, 0xf0, 0xfc, 0x3,
    0x8, 0x0, 0x21, 0x80, 0x0, 0xa0, 0x0, 0xa,
    0x0,

    /* U+1F69A "🚚" */
    0x0, 0x0, 0x2b, 0xae, 0xea, 0x0, 0x0, 0x21,
    0x48, 0x82, 0x0, 0x0, 0x21, 0x48, 0x82, 0x0,
    0x15, 0x61, 0x48, 0x82, 0x1, 0x95, 0x61, 0x48,
    0x82, 0x2, 0x2b, 0x21, 0x48, 0x82, 0x8, 0x82,
    0x21, 0x48, 0x82, 0x18, 0x82, 0x21, 0x48, 0x82,
    0x31, 0xaa, 0x21, 0x48, 0x82, 0x28, 0x55, 0x76,
    0x9d, 0xdb, 0x35, 0xff, 0xf0, 0x0, 0x2, 0x3b,
    0xff, 0xf1, 0x5a, 0x95, 0x3f, 0xdf, 0xfb, 0x2d,
    0xb4, 0x1, 0x48, 0x0, 0x2c, 0x34, 0x0, 0xb8,
    0x0, 0x7, 0xc0, 0x0, 0x0, 0x0, 0x0, 0x0,

    /* U+1F69B "🚛" */
    0x0, 0x8, 0xaa, 0xaa, 0xa0, 0x1, 0x62, 0x0,
    0x0, 0x50, 0x58, 0x8e, 0xaa, 0xab, 0x49, 0x42,
    0x25, 0x55, 0x59, 0x26, 0x88, 0x80, 0x0, 0x15,
    0x62, 0x22, 0x0, 0x0, 0x58, 0x88, 0x88, 0x0,
    0x1, 0x66, 0x92, 0x20, 0x0, 0x5, 0x80, 0x8,
    0xff, 0xff, 0xf7, 0x80, 0x22, 0x0, 0x0, 0x5b,
    0xff, 0xcf, 0xeb, 0xff, 0x7f, 0xff, 0x6f, 0xf,
    0xf8, 0xff, 0xff, 0xfe, 0xbf, 0xf0, 0x27, 0x2,
    0x72, 0x7c, 0xc0, 0x24, 0x2, 0x42, 0x49, 0x0,

    /* U+1F69C "🚜" */
    0x0, 0x0, 0x0, 0x0, 0x0, 0x0, 0x5, 0xf,
    0xff, 0xc0, 0x0, 0x1, 0x14, 0x88, 0x40, 0x0,
    0x6, 0x20, 0xc8, 0x40, 0x0, 0x6, 0x21, 0xc8,
    0x50, 0x0, 0x6, 0x82, 0x8, 0x10, 0x0, 0xaf,
    0xeb, 0x8, 0x20, 0x6, 0x0, 0x2, 0x6e, 0xb0,
    0x8, 0x0, 0x3, 0x81, 0x8, 0x8, 0x6a, 0x3,
    0x2f, 0xe8, 0xf, 0xb8, 0x85, 0xb0, 0x38, 0xbc,
    0xa, 0x44, 0xcb, 0x88, 0xb5, 0xe6, 0x10, 0xcf,
    0xcc, 0x35, 0xe7, 0xba, 0xc7, 0x48, 0x1d, 0xe,
    0x0, 0x70, 0x74, 0x6, 0xe4, 0x0, 0x1b, 0x90,
    0x0, 0x0, 0x0, 0x0, 0x0,

    /* U+1F69D "🚝" */
    0x0, 0x1a, 0xaa, 0xaa, 0x0, 0x74, 0x0, 0x0,
    0x50, 0x22, 0x2a, 0xea, 0xb4, 0x21, 0x18, 0x20,
    0x25, 0x9, 0x66, 0x59, 0x5a, 0x4b, 0x4b, 0x55,
    0x55, 0x93, 0x7, 0xd0, 0x0, 0x14, 0xbf, 0xff,
    0xff, 0xfd, 0x57, 0x40, 0x0, 0x1, 0x60, 0x60,
    0x0, 0x0, 0x9e, 0xab, 0xea, 0xaa, 0xb6, 0x0,
    0x0, 0x0, 0x5, 0x80, 0x0, 0x0, 0x1, 0x7a,
    0xbe, 0xab, 0xea, 0xd5, 0x8, 0x0, 0x24, 0x20,
    0x82, 0x0, 0x2, 0x4, 0x2a, 0x40, 0x0, 0xa8,
    0x0,

    /* U+1F69E "🚞" */
    0x6a, 0xaa, 0xaa, 0xa9, 0x21, 0x90, 0x0, 0x0,
    0x8a, 0x46, 0x40, 0x2a, 0x17, 0x0, 0x9, 0xa4,
    0x25, 0x80, 0x0, 0xd0, 0x7, 0x67, 0xff, 0xff,
    0xfe, 0x5a, 0x0, 0x0, 0x0, 0x96, 0x85, 0x14,
    0x55, 0x25, 0xa1, 0x52, 0x45, 0x19, 0x68, 0xa5,
    0x96, 0x96, 0x5a, 0x0, 0x0, 0x0, 0x96, 0xea,
    0xaa, 0xaa, 0xb5, 0xa0, 0x0, 0x0, 0x9, 0x6b,
    0xff, 0xff, 0xff, 0x5d, 0xbb, 0xd7, 0xdf, 0x67,
    0x7d, 0xdf, 0x7a, 0xdc, 0x6a, 0xba, 0xae, 0xaa,
    0x0,

    /* U+1F69F "🚟" */
    0x3a, 0xaa, 0xfa, 0xaa, 0xd2, 0x80, 0x9, 0x40,
    0x19, 0x2b, 0x5b, 0xb, 0x8b, 0x12, 0x9f, 0x60,
    0x5f, 0xb1, 0x3f, 0xff, 0x5b, 0xff, 0x92, 0xb,
    0x0, 0x7, 0x5, 0x3a, 0xfa, 0xaa, 0xfa, 0x90,
    0xa, 0x0, 0x7, 0x0, 0xf, 0xff, 0xff, 0xff,
    0x43, 0xff, 0xff, 0xff, 0xfd, 0x20, 0x0, 0x0,
    0x0, 0x12, 0x58, 0xa2, 0x61, 0x51, 0x24, 0x45,
    0x29, 0x51, 0x12, 0x54, 0xa2, 0xd5, 0x51, 0x3a,
    0xaa, 0xa0, 0xea, 0x92, 0x0, 0x2, 0x4, 0x5,
    0x2a, 0xaa, 0xba, 0xaa, 0x80,

    /* U+1F6A0 "🚠" */
    0x50, 0x90, 0x0, 0x0, 0x5, 0xbf, 0xf9, 0x0,
    0x0, 0x1, 0xff, 0xfc, 0x0, 0x0, 0xb, 0x1e,
    0x90, 0x0, 0x2, 0xc0, 0x1, 0x0, 0x0, 0xf0,
    0x0, 0x0, 0x0, 0x3d, 0x0, 0x0, 0x0, 0x2f,
    0xc0, 0x0, 0x6, 0xff, 0xff, 0x90, 0x9, 0x55,
    0x55, 0x56, 0x6, 0xa2, 0x59, 0x8a, 0xd1, 0x48,
    0x82, 0x22, 0x14, 0x52, 0x20, 0x88, 0x85, 0x14,
    0x88, 0x22, 0x21, 0x47, 0xa2, 0x8, 0x8a, 0xd0,
    0x80, 0x82, 0x20, 0x20, 0x6, 0xba, 0xee, 0x90,
    0x0,

    /* U+1F6A1 "🚡" */
    0x50, 0xe4, 0x0, 0x0, 0x1, 0xbf, 0xfa, 0x40,
    0x0, 0x0, 0xbf, 0xf8, 0x0, 0x0, 0x9, 0xa,
    0xa4, 0x0, 0x2, 0x0, 0x0, 0x0, 0x0, 0x80,
    0x0, 0x0, 0x0, 0x20, 0x0, 0x0, 0x0, 0x3,
    0x40, 0x0, 0x0, 0xb, 0xfd, 0x0, 0x0, 0x25,
    0x55, 0x60, 0x0, 0xe, 0x26, 0x2c, 0x0, 0x2,
    0x18, 0x8a, 0x0, 0x0, 0x86, 0x22, 0x80, 0x0,
    0x21, 0x88, 0xa0, 0x0, 0xe, 0x62, 0x2c, 0x0,
    0x1, 0x48, 0x86, 0x0, 0x0, 0x1b, 0xb9, 0x0,
    0x0,

    /* U+1F6A2 "🚢" */
    0x0, 0x1, 0x90, 0x0, 0x0, 0x0, 0x2a, 0x19,
    0x0, 0x0, 0x3, 0xf2, 0x60, 0x0, 0x0, 0x3f,
    0x2f, 0x0, 0x1, 0xaa, 0xfb, 0xf4, 0x0, 0x2a,
    0xac, 0x0, 0x70, 0x2, 0x0, 0x81, 0x56, 0x0,
    0x3a, 0xac, 0x0, 0x20, 0x2, 0x1, 0x41, 0x52,
    0x40, 0xba, 0xb5, 0x40, 0x8, 0x6e, 0xab, 0x95,
    0x4, 0x8b, 0xff, 0xff, 0xff, 0xec, 0x60, 0x1,
    0x56, 0xaf, 0xf3, 0xff, 0xff, 0xa9, 0x5a, 0x3f,
    0xff, 0xff, 0xff, 0xe1, 0xff, 0xff, 0xff, 0xfd,
    0x7, 0xff, 0xff, 0xff, 0x80,

    /* U+1F6A3 "🚣" */
    0x0, 0xb4, 0x0, 0x0, 0x0, 0x7, 0xf0, 0x0,
    0x0, 0x0, 0x1f, 0xc0, 0x0, 0x0, 0x0, 0x2e,
    0xc, 0x0, 0x0, 0x0, 0xbf, 0xf0, 0x0, 0x0,
    0x2, 0xf1, 0x0, 0x0, 0x5, 0x5f, 0xee, 0xaa,
    0xa9, 0x20, 0x0, 0x10, 0x0, 0x8, 0x50, 0x2,
    0x0, 0x0, 0x10, 0x80, 0x2d, 0x0, 0x2, 0x0,
    0x9a, 0xf8, 0x1a, 0xa8, 0xa, 0x40, 0x2a, 0x40,
    0x18, 0x0, 0x0, 0x0, 0x0, 0x0, 0x0, 0x68,
    0x2, 0xa0, 0x0, 0x68, 0xa, 0x90, 0x14, 0x0,

    /* U+1F6A4 "🚤" */
    0x0, 0x0, 0x0, 0x0, 0x0, 0x0, 0x0, 0xa4,
    0x0, 0x0, 0x1, 0xab, 0x7, 0x94, 0x28, 0x38,
    0x0, 0xa6, 0x42, 0xbd, 0x36, 0x50, 0x6, 0xfc,
    0x7c, 0x1d, 0x55, 0x55, 0x54, 0xd, 0x6, 0x6,
    0xa9, 0x40, 0x56, 0x0, 0xa0, 0x2, 0xea, 0xaa,
    0x0, 0x6, 0x90, 0x0, 0x9, 0x0, 0x0, 0x6,
    0xaa, 0xac,

    /* U+1F6A5 "🚥" */
    0x6a, 0xaa, 0xaa, 0xaa, 0xa9, 0x81, 0x50, 0x14,
    0x1, 0x42, 0x85, 0x94, 0x59, 0x5, 0x92, 0x89,
    0x20, 0x92, 0x8, 0x62, 0x88, 0x8, 0x82, 0x8,
    0x22, 0x88, 0x14, 0x82, 0x8, 0x22, 0x82, 0xa0,
    0x29, 0x2, 0x82, 0x80, 0x0, 0x0, 0x0, 0x2,
    0x6a, 0xaa, 0xaa, 0xaa, 0xa9,

    /* U+1F6A6 "🚦" */
    0x2a, 0xa9, 0x81, 0x82, 0x86, 0x92, 0x84, 0x22,
    0x84, 0x22, 0x82, 0x82, 0x82, 0x82, 0x86, 0x92,
    0x84, 0x22, 0x84, 0x22, 0x82, 0x82, 0x82, 0x92,
    0x86, 0x92, 0x84, 0x22, 0x84, 0x22, 0x81, 0x82,
    0x2a, 0xa9,

    /* U+1F6A7 "🚧" */
    0x19, 0x0, 0x0, 0x18, 0x15, 0x80, 0x0, 0x24,
    0x89, 0xd4, 0x0, 0xa, 0xd5, 0x98, 0x0, 0x2,
    0x58, 0x3f, 0x0, 0x0, 0x3e, 0x3f, 0xfe, 0xaf,
    0xef, 0xe8, 0x2e, 0x7, 0xc0, 0xfa, 0x2e, 0x7,
    0xc0, 0xf2, 0xae, 0x7, 0xc0, 0xf0, 0xbe, 0x7,
    0xc0, 0xf0, 0x2b, 0xfa, 0xaa, 0xab, 0xf4, 0x88,
    0x0, 0x0, 0x48, 0x22, 0x0, 0x0, 0x12, 0x8,
    0x80, 0x0, 0x4, 0x82, 0x20, 0x0, 0x1, 0x20,
    0x88, 0x0, 0x0, 0x48, 0x19, 0x0, 0x0, 0x28,
    0x0,

    /* U+1F6A8 "🚨" */
    0x0, 0x2b, 0xe9, 0x0, 0x1, 0xff, 0xbf, 0x80,
    0x3, 0xbf, 0xbd, 0xc0, 0x3, 0xdf, 0x77, 0xd0,
    0x7, 0xf1, 0x17, 0xe0, 0xa, 0xa0, 0xa, 0xb0,
    0xb, 0x80, 0x1, 0xf0, 0xf, 0xe0, 0x7, 0xf0,
    0xf, 0x80, 0x1, 0xf4, 0xd, 0x74, 0x4e, 0x74,
    0xf, 0xf3, 0xcf, 0xf4, 0x1f, 0xf7, 0xfb, 0xf8,
    0x3f, 0xef, 0xfb, 0xfd, 0x11, 0x6a, 0xa9, 0x42,
    0x50, 0x0, 0x0, 0x2, 0x29, 0x0, 0x0, 0x59,
    0x1, 0x6a, 0xa9, 0x40,

    /* U+1F6A9 "🚩" */
    0x86, 0x90, 0x0, 0x0, 0x38, 0x2, 0x40, 0x2b,
    0x88, 0x0, 0x1a, 0x91, 0x81, 0x40, 0x0, 0x1,
    0x40, 0x50, 0x0, 0x1, 0x80, 0x8, 0x0, 0x1,
    0x80, 0x2, 0x0, 0x2, 0x80, 0x0, 0xc0, 0xa,
    0x0, 0x0, 0x31, 0xa4, 0x0, 0x0, 0xe, 0x40,
    0x0, 0x0, 0x2, 0x40, 0x0, 0x0, 0x0, 0x50,
    0x0, 0x0, 0x0, 0x14, 0x0, 0x0, 0x0, 0x2,
    0x0, 0x0, 0x0, 0x0, 0x80, 0x0, 0x0, 0x0,
    0x30, 0x0, 0x0, 0x0, 0x0, 0x0, 0x0, 0x0,
    0x0,

    /* U+1F6AA "🚪" */
    0x6a, 0xaa, 0x98, 0x0, 0x2, 0x8a, 0xaa, 0x28,
    0x80, 0x22, 0x88, 0x2, 0x28, 0x80, 0x22, 0x88,
    0x2, 0x28, 0x6a, 0x92, 0x88, 0x0, 0x28, 0x6a,
    0x92, 0x88, 0x2, 0x28, 0x80, 0x22, 0x88, 0x2,
    0x28, 0x80, 0x22, 0x8a, 0xaa, 0x28, 0x0, 0x2,
    0x6a, 0xaa, 0x90,

    /* U+1F6AB "🚫" */
    0x0, 0x6, 0x90, 0x0, 0x0, 0x28, 0x1, 0x90,
    0x0, 0x60, 0x0, 0x9, 0x0, 0x78, 0x0, 0x0,
    0x90, 0x21, 0x80, 0x0, 0x8, 0x14, 0x18, 0x0,
    0x0, 0x48, 0x1, 0x80, 0x0, 0x22, 0x0, 0x18,
    0x0, 0x8, 0x80, 0x1, 0x80, 0x2, 0x20, 0x0,
    0x18, 0x0, 0x88, 0x0, 0x1, 0x80, 0x21, 0x40,
    0x0, 0x18, 0x4, 0x20, 0x0, 0x1, 0x88, 0x2,
    0x0, 0x0, 0x1d, 0x0, 0x60, 0x0, 0xa, 0x0,
    0x2, 0x40, 0x19, 0x0, 0x0, 0x6, 0xa0, 0x0,
    0x0,

    /* U+1F6AC "🚬" */
    0x0, 0x0, 0x0, 0x0, 0x1c, 0x0, 0x0, 0x0,
    0xb, 0x40, 0x0, 0x0, 0x2, 0x5a, 0xa9, 0x40,
    0x0, 0x85, 0x0, 0x6, 0x0, 0x10, 0x16, 0x90,
    0x20, 0x2, 0x40, 0x1, 0x88, 0x0, 0x6, 0xa4,
    0x6, 0x0, 0x0, 0x8, 0x82, 0x40, 0x0, 0x68,
    0x23, 0x80, 0x0, 0x82, 0xf9, 0x0, 0x0, 0xaa,
    0x40, 0x0, 0x0, 0x10, 0x0, 0x0, 0x0, 0x1f,
    0xea, 0xaa, 0xbf, 0xce, 0xe0, 0x0, 0x3, 0xfe,
    0xf4, 0x0, 0x0, 0xfe, 0x1e, 0xaa, 0xaa, 0xff,
    0x0,

    /* U+1F6AD "🚭" */
    0x0, 0x6, 0x90, 0x0, 0x0, 0x28, 0x1, 0x93,
    0x0, 0x60, 0x0, 0x7, 0x80, 0x38, 0x0, 0x0,
    0xf0, 0x21, 0x80, 0x0, 0x3c, 0x14, 0x8, 0x0,
    0xd, 0x88, 0x0, 0x80, 0x6, 0x22, 0x0, 0x18,
    0x0, 0x8, 0x83, 0xff, 0xfd, 0xe1, 0x20, 0xaa,
    0xbe, 0x54, 0x88, 0x0, 0x0, 0x80, 0x21, 0x40,
    0x0, 0x8, 0x8, 0x20, 0x0, 0x0, 0x88, 0x2,
    0x0, 0x0, 0xd, 0x0, 0x60, 0x0, 0x6, 0x0,
    0x2, 0x40, 0x19, 0x0, 0x0, 0x6, 0xa4, 0x0,
    0x0,

    /* U+1F6AE "🚮" */
    0x7f, 0xff, 0xff, 0xfe, 0x3f, 0xff, 0xff, 0xff,
    0xdf, 0xff, 0xff, 0x2f, 0xf7, 0xff, 0xff, 0x43,
    0xfd, 0xff, 0xff, 0xe2, 0xff, 0x7f, 0xff, 0xf9,
    0x7f, 0xdf, 0xff, 0xf4, 0x3, 0xf7, 0xff, 0x81,
    0x0, 0xfd, 0xff, 0xff, 0xc0, 0xaf, 0x7e, 0xfb,
    0xb0, 0x33, 0xdf, 0x7b, 0xec, 0x8f, 0xf7, 0xdf,
    0xef, 0x23, 0xfd, 0xfb, 0xf7, 0xc8, 0xff, 0x7f,
    0xbd, 0xf2, 0x3f, 0xdf, 0xd5, 0xbd, 0x9f, 0xf7,
    0xff, 0xff, 0xff, 0xfd, 0x7f, 0xff, 0xff, 0xfe,
    0x0,

    /* U+1F6AF "🚯" */
    0x0, 0x6, 0x90, 0x0, 0x0, 0xa0, 0x6, 0x0,
    0x6, 0x0, 0x10, 0x90, 0xa, 0x0, 0xb4, 0x24,
    0x20, 0x80, 0x60, 0x8, 0x50, 0x20, 0xb8, 0x5,
    0x80, 0x1a, 0xfc, 0x2, 0x80, 0x2b, 0xfa, 0x2,
    0x80, 0x0, 0xfa, 0x2, 0x80, 0x40, 0xf8, 0x2,
    0x81, 0x0, 0xec, 0x2, 0x50, 0x0, 0xda, 0x5,
    0x20, 0x40, 0xd8, 0x88, 0x8, 0x0, 0xd4, 0x34,
    0x6, 0x0, 0x0, 0x90, 0x0, 0x90, 0x6, 0x0,
    0x0, 0x6, 0xa0, 0x0,

    /* U+1F6B0 "🚰" */
    0x15, 0x55, 0x55, 0x54, 0x3f, 0xff, 0xff, 0xff,
    0xcf, 0xff, 0xa8, 0x9f, 0xf7, 0xff, 0xe9, 0x27,
    0xfd, 0xff, 0xff, 0x8f, 0xef, 0x7f, 0xfe, 0x80,
    0xa7, 0xdf, 0xf8, 0x0, 0x1, 0xf7, 0xfc, 0xbc,
    0x1f, 0x7d, 0xff, 0x7f, 0xff, 0xff, 0x7f, 0xff,
    0xff, 0xff, 0xde, 0x6a, 0x7f, 0xff, 0xf7, 0xef,
    0xef, 0xff, 0xfd, 0xf5, 0x57, 0xff, 0xff, 0x7d,
    0x1, 0xff, 0xff, 0xdf, 0x80, 0xbf, 0xff, 0xf7,
    0xff, 0xff, 0xff, 0xfd, 0x7f, 0xff, 0xff, 0xfe,
    0x0,

    /* U+1F6B1 "🚱" */
    0x0, 0x6, 0x90, 0x0, 0x0, 0xa0, 0x6, 0x0,
    0x6, 0x0, 0x10, 0x90, 0xe, 0xa, 0xfa, 0x24,
    0x20, 0x84, 0x31, 0x8, 0x50, 0x20, 0xf4, 0x85,
    0x80, 0x3f, 0xff, 0xc2, 0x80, 0xa7, 0xf8, 0xc2,
    0x80, 0x80, 0xd0, 0x2, 0x80, 0x0, 0x20, 0x2,
    0x82, 0x58, 0x8, 0x2, 0x52, 0x54, 0x2, 0x5,
    0x23, 0xf0, 0x0, 0x88, 0x8, 0x40, 0x0, 0x34,
    0x6, 0x0, 0x0, 0x90, 0x0, 0x90, 0x6, 0x0,
    0x0, 0x6, 0xa0, 0x0,

    /* U+1F6B2 "🚲" */
    0x2, 0xa9, 0x0, 0x0, 0x0, 0x20, 0x54, 0x2e,
    0x80, 0x0, 0x82, 0x50, 0x3c, 0x0, 0x0, 0x9,
    0xaa, 0x20, 0x0, 0x0, 0x19, 0x58, 0x40, 0x0,
    0x2f, 0x58, 0x29, 0xf8, 0x3, 0x6b, 0xd9, 0x6d,
    0x6d, 0x29, 0xab, 0x9d, 0xf6, 0x4c, 0xc7, 0xcd,
    0xef, 0x7f, 0x73, 0x1a, 0x35, 0xfe, 0xb8, 0xca,
    0x51, 0xcc, 0x25, 0x17, 0xd, 0x9d, 0x20, 0x3c,
    0xb4, 0xb, 0x80, 0x0, 0x2f, 0x0,

    /* U+1F6B3 "🚳" */
    0x0, 0x6, 0x90, 0x0, 0x0, 0xa0, 0x6, 0x0,
    0x6, 0x0, 0x0, 0x90, 0xd, 0x0, 0x0, 0x24,
    0x21, 0x44, 0x0, 0x8, 0x50, 0x70, 0x34, 0x5,
    0x80, 0x3d, 0x74, 0x2, 0x81, 0x75, 0x5d, 0x42,
    0x85, 0x19, 0xd4, 0x12, 0x84, 0x44, 0x76, 0x12,
    0x84, 0x4, 0x34, 0x12, 0x51, 0x14, 0x1a, 0x55,
    0x20, 0x50, 0x2, 0x88, 0x8, 0x0, 0x0, 0x74,
    0x6, 0x0, 0x0, 0x90, 0x0, 0x90, 0x6, 0x0,
    0x0, 0x6, 0xa0, 0x0,

    /* U+1F6B4 "🚴" */
    0x0, 0x15, 0x0, 0x0, 0x0, 0x50, 0x80, 0x0,
    0x0, 0x40, 0x80, 0x0, 0x0, 0xbf, 0xc0, 0x0,
    0x0, 0x3e, 0xf4, 0x0, 0x0, 0xb, 0xfc, 0x0,
    0x0, 0x2e, 0xfe, 0x0, 0x3, 0xf4, 0xbf, 0x40,
    0x1, 0xa9, 0xfd, 0x80, 0x1, 0x16, 0xfd, 0x0,
    0x2, 0x5b, 0xd5, 0x0, 0x1a, 0xf7, 0xea, 0xe4,
    0x21, 0xab, 0xed, 0x89, 0x85, 0x27, 0xe5, 0x52,
    0x41, 0x25, 0x6d, 0x42, 0x20, 0x91, 0x45, 0x8,
    0xa, 0x40, 0x1, 0xa0,

    /* U+1F6B5 "🚵" */
    0x0, 0x1, 0x40, 0x0, 0x0, 0x0, 0x20, 0x40,
    0x0, 0x0, 0x1, 0x2, 0xa, 0x40, 0x0, 0x7,
    0xfd, 0x80, 0x80, 0x0, 0x7, 0xbd, 0x0, 0x80,
    0x19, 0x7, 0xfd, 0x0, 0x81, 0x42, 0xff, 0xfc,
    0x1, 0x8, 0x3f, 0x8b, 0xf4, 0x4, 0x80, 0x36,
    0x7f, 0x60, 0x12, 0x0, 0x45, 0xfa, 0x0, 0x48,
    0x5, 0x9f, 0x58, 0x1, 0x20, 0xb7, 0x7e, 0x9e,
    0x44, 0x88, 0xab, 0xfa, 0x92, 0x52, 0x51, 0x8b,
    0xe5, 0x62, 0x48, 0x44, 0x19, 0xf5, 0x9, 0x22,
    0x42, 0x14, 0x60, 0x84, 0x6b, 0xfa, 0xaa, 0xfe,
    0x90,

    /* U+1F6B6 "🚶" */
    0x0, 0x10, 0x0, 0x1f, 0xd0, 0x3, 0xff, 0x0,
    0x3f, 0xf0, 0x3, 0xfe, 0x0, 0xf, 0xc0, 0x0,
    0xfd, 0x0, 0x2f, 0xf4, 0x7, 0xff, 0xc1, 0xdf,
    0xde, 0x28, 0xfd, 0xe0, 0x1f, 0xd5, 0x3, 0xff,
    0x0, 0x38, 0xb8, 0xf, 0x3, 0xd7, 0xd0, 0x1e,
    0x28, 0x0, 0xc0,

    /* U+1F6B7 "🚷" */
    0x0, 0x6, 0x90, 0x0, 0x0, 0xa0, 0x6, 0x0,
    0x6, 0x0, 0x0, 0x90, 0xd, 0x2, 0xc0, 0x24,
    0x21, 0x42, 0xc0, 0x8, 0x50, 0x51, 0x80, 0x5,
    0x80, 0x1f, 0xfc, 0x2, 0x80, 0xf, 0xdc, 0x2,
    0x80, 0xa3, 0xd4, 0x2, 0x80, 0x3, 0xf0, 0x2,
    0x80, 0xa, 0x68, 0x2, 0x50, 0xc, 0x66, 0x5,
    0x20, 0xc, 0x25, 0x88, 0x8, 0x5, 0xc, 0x74,
    0x6, 0x0, 0x0, 0x90, 0x0, 0x90, 0x6, 0x0,
    0x0, 0x6, 0xa0, 0x0,

    /* U+1F6B8 "🚸" */
    0x0, 0x1, 0x40, 0x0, 0x0, 0x2, 0x48, 0x0,
    0x0, 0x2, 0x40, 0x80, 0x0, 0x2, 0x40, 0x48,
    0x0, 0x2, 0x40, 0x70, 0x80, 0x2, 0x45, 0x18,
    0x18, 0x2, 0x41, 0x8f, 0x81, 0x81, 0x40, 0xa7,
    0xd4, 0x18, 0x80, 0xae, 0xf0, 0x2, 0x14, 0xb,
    0x25, 0x1, 0x82, 0x42, 0x4c, 0xc1, 0x80, 0x25,
    0x4d, 0x20, 0x80, 0x2, 0x40, 0x0, 0x80, 0x0,
    0x24, 0x0, 0x80, 0x0, 0x2, 0x40, 0x80, 0x0,
    0x0, 0x24, 0x80, 0x0, 0x0, 0x1, 0x80, 0x0,
    0x0,

    /* U+1F6B9 "🚹" */
    0x7f, 0xff, 0xff, 0xfe, 0x3f, 0xff, 0xff, 0xff,
    0xdf, 0xff, 0xd3, 0xff, 0xf7, 0xff, 0xf0, 0xbf,
    0xfd, 0xff, 0xfe, 0x7f, 0xff, 0x7f, 0xfe, 0x7,
    0xff, 0xdf, 0xff, 0x40, 0xff, 0xf7, 0xff, 0xc0,
    0x2f, 0xfd, 0xff, 0xe4, 0x17, 0xff, 0x7f, 0xfb,
    0xa, 0xff, 0xdf, 0xff, 0xc6, 0xff, 0xf7, 0xff,
    0xf1, 0xbf, 0xfd, 0xff, 0xfc, 0x6f, 0xff, 0x7f,
    0xff, 0x2b, 0xff, 0xdf, 0xff, 0xff, 0xff, 0xf7,
    0xff, 0xff, 0xff, 0xfd, 0x6a, 0xaa, 0xaa, 0xaa,
    0x0,

    /* U+1F6BA "🚺" */
    0x7f, 0xff, 0xff, 0xfe, 0x3f, 0xff, 0xff, 0xff,
    0xdf, 0xff, 0xd7, 0xff, 0xf7, 0xff, 0xf0, 0xbf,
    0xfd, 0xff, 0xfe, 0x7f, 0xff, 0x7f, 0xff, 0xb,
    0xff, 0xdf, 0xff, 0x40, 0xff, 0xf7, 0xff, 0xc0,
    0x2f, 0xfd, 0xff, 0xe4, 0x17, 0xff, 0x7f, 0xf9,
    0x6, 0xff, 0xdf, 0xff, 0x40, 0xff, 0xf7, 0xff,
    0xe0, 0x7f, 0xfd, 0xff, 0xfc, 0x6f, 0xff, 0x7f,
    0xff, 0x2b, 0xff, 0xdf, 0xff, 0xff, 0xff, 0xf7,
    0xff, 0xff, 0xff, 0xfc, 0x6a, 0xaa, 0xaa, 0xaa,
    0x0,

    /* U+1F6BB "🚻" */
    0x7f, 0xff, 0xff, 0xfe, 0x3f, 0xff, 0xff, 0xff,
    0xdf, 0xf2, 0xff, 0xcb, 0xf7, 0xf8, 0x3f, 0xd0,
    0xfd, 0xff, 0x6f, 0xfd, 0xbf, 0x7f, 0x43, 0xfd,
    0xf, 0xdf, 0xc0, 0x7e, 0x2, 0xf7, 0xd0, 0xf,
    0x40, 0x3d, 0xf1, 0x7, 0xc4, 0x1f, 0x7e, 0x43,
    0xf8, 0xb, 0xdf, 0xd4, 0xff, 0x2, 0xf7, 0xf5,
    0x3f, 0xc0, 0xfd, 0xfd, 0x4f, 0xf5, 0x3f, 0x7f,
    0xa3, 0xfd, 0x8f, 0xdf, 0xff, 0xff, 0xff, 0xf7,
    0xff, 0xff, 0xff, 0xfd, 0x6a, 0xaa, 0xaa, 0xaa,
    0x0,

    /* U+1F6BC "🚼" */
    0x6a, 0xaa, 0xaa, 0xa9, 0x3f, 0xff, 0xff, 0xff,
    0xcf, 0xff, 0xc3, 0xff, 0xf3, 0xff, 0xd0, 0x7f,
    0xfc, 0xff, 0xf8, 0x1f, 0xff, 0x3f, 0xff, 0xaf,
    0xff, 0xcf, 0xdf, 0x41, 0xf7, 0xf3, 0xf4, 0x0,
    0x0, 0xfc, 0xff, 0xb0, 0xe, 0xff, 0x3f, 0xfe,
    0xab, 0xff, 0xcf, 0xff, 0x40, 0xff, 0xf3, 0xff,
    0x24, 0x8b, 0xfc, 0xff, 0xc7, 0xe3, 0xff, 0x3f,
    0xfc, 0xf2, 0xff, 0xcf, 0xff, 0xff, 0xff, 0xf3,
    0xff, 0xff, 0xff, 0xfc, 0x2a, 0xaa, 0xaa, 0xa9,
    0x0,

    /* U+1F6BD "🚽" */
    0x0, 0x0, 0x69, 0x0, 0x0, 0x20, 0x40, 0x0,
    0x8, 0x20, 0x0, 0x3, 0xac, 0x0, 0x0, 0x82,
    0x0, 0x0, 0x20, 0x80, 0x0, 0x8, 0x20, 0x0,
    0x2, 0x8, 0xbf, 0xfe, 0xff, 0x25, 0x55, 0x55,
    0x88, 0x0, 0x0, 0x20, 0x80, 0x5, 0x14, 0x8,
    0x29, 0x14, 0x2, 0x0, 0x8, 0x0, 0x80, 0x2,
    0x0, 0x40, 0x0, 0x80, 0x1a, 0xaa, 0xa0, 0x0,

    /* U+1F6BE "🚾" */
    0x15, 0x55, 0x55, 0x54, 0x3f, 0xff, 0xff, 0xff,
    0xcf, 0xff, 0xff, 0xff, 0xf7, 0xff, 0xff, 0xff,
    0xfd, 0xff, 0xff, 0xff, 0xff, 0x7f, 0xff, 0xff,
    0xff, 0xdf, 0x3c, 0xb2, 0x80, 0xf7, 0xda, 0x1c,
    0xcb, 0xfd, 0xf9, 0x62, 0x33, 0xff, 0x7f, 0xd,
    0x2c, 0xbf, 0xdf, 0xc3, 0x8f, 0x80, 0xf7, 0xff,
    0xff, 0xff, 0xfd, 0xff, 0xff, 0xff, 0xff, 0x7f,
    0xff, 0xff, 0xff, 0xdf, 0xff, 0xff, 0xff, 0xf7,
    0xff, 0xff, 0xff, 0xfc, 0x15, 0x55, 0x55, 0x55,
    0x0,

    /* U+1F6BF "🚿" */
    0x0, 0x0, 0x0, 0x1, 0x90, 0x0, 0x0, 0x0,
    0x92, 0x0, 0x0, 0x69, 0xb4, 0x90, 0x2, 0xe8,
    0x19, 0xa0, 0x0, 0x26, 0x60, 0x28, 0x0, 0x0,
    0x89, 0x90, 0x80, 0x0, 0x6, 0x26, 0x48, 0x0,
    0xe, 0x18, 0x98, 0x80, 0x0, 0xc0, 0x22, 0x68,
    0x0, 0x0, 0x20, 0x89, 0x80, 0x0, 0xb, 0x2,
    0x28, 0x0, 0x70, 0x0, 0x6, 0x0, 0x5, 0x0,
    0x74, 0x0, 0x0, 0x2, 0x81, 0x0, 0x0, 0x4,
    0x30, 0x0, 0x0, 0x3, 0x80, 0x0, 0x0, 0x0,
    0x20, 0x0, 0x0, 0x0, 0x0,

    /* U+1F6C0 "🛀" */
    0x0, 0x1, 0x80, 0x0, 0x0, 0x0, 0x90, 0x0,
    0x0, 0x0, 0x0, 0x40, 0x0, 0x4, 0x0, 0x18,
    0x0, 0x2f, 0x82, 0x49, 0x0, 0xf, 0xf5, 0x20,
    0x26, 0x3, 0xfd, 0x10, 0x0, 0x80, 0xff, 0x80,
    0x3e, 0x20, 0x9a, 0x55, 0x5a, 0x95, 0x6a, 0xaa,
    0xaa, 0xaa, 0xc5, 0x0, 0x0, 0x0, 0x20, 0x80,
    0x0, 0x0, 0x8, 0x14, 0x0, 0x0, 0x8, 0x1,
    0xea, 0xaa, 0xbc, 0x0, 0x90, 0x0, 0x3, 0x0,

    /* U+1F6C1 "🛁" */
    0x0, 0x0, 0x2, 0x40, 0x0, 0x0, 0x1b, 0x58,
    0x0, 0x0, 0x2c, 0x29, 0x0, 0x0, 0x8, 0x99,
    0x40, 0x0, 0x24, 0x57, 0x50, 0x0, 0x9, 0x51,
    0x74, 0x0, 0x28, 0x2d, 0x66, 0x0, 0x6d, 0x60,
    0x9f, 0x64, 0x95, 0xec, 0x18, 0xe6, 0x1d, 0xa5,
    0xbb, 0xff, 0xc2, 0x1, 0xa4, 0x0, 0x14, 0x40,
    0x1, 0x5a, 0x9c, 0x10, 0x0, 0x0, 0x2, 0x1,
    0x0, 0x0, 0x0, 0x80, 0x7d, 0x0, 0xb, 0xc0,
    0xe, 0x55, 0x55, 0xd0, 0x6, 0x0, 0x0, 0x18,
    0x0,

    /* U+1F6C2 "🛂" */
    0x7f, 0xff, 0xff, 0xfe, 0x3f, 0xff, 0xff, 0xff,
    0xdf, 0xff, 0xf8, 0x7, 0xf7, 0xff, 0xff, 0xaa,
    0xfd, 0xfe, 0xbf, 0x80, 0x3f, 0x7d, 0xab, 0xf4,
    0x1f, 0xde, 0xa, 0xff, 0xf, 0xf7, 0x82, 0xbf,
    0xff, 0xfd, 0xf0, 0xff, 0x41, 0xaf, 0x7f, 0xbe,
    0x0, 0x83, 0xdf, 0xc0, 0x8, 0xc4, 0xf7, 0xfa,
    0xaf, 0x81, 0x3d, 0xff, 0xff, 0xd0, 0x4f, 0x7f,
    0xff, 0xfa, 0xa3, 0xdf, 0xff, 0xfc, 0x9, 0xf7,
    0xff, 0xff, 0xff, 0xfd, 0x7f, 0xff, 0xff, 0xfe,
    0x0,

    /* U+1F6C3 "🛃" */
    0x7f, 0xff, 0xff, 0xfe, 0x3f, 0xff, 0xff, 0xff,
    0xdf, 0xff, 0xf8, 0x7, 0xf7, 0xff, 0xff, 0xaa,
    0xfd, 0xff, 0xff, 0x80, 0x3f, 0x7f, 0xff, 0xf4,
    0x1f, 0xdf, 0xff, 0xff, 0xf, 0xf7, 0xff, 0xff,
    0xff, 0xfd, 0xfb, 0xff, 0x41, 0xaf, 0x78, 0xfe,
    0x1, 0x83, 0xde, 0x30, 0xc, 0xc4, 0xf7, 0x8f,
    0xff, 0xc1, 0x3d, 0xe3, 0xff, 0xd0, 0x4f, 0x7d,
    0xaa, 0xfa, 0xa3, 0xdf, 0xc0, 0x2c, 0x9, 0xf7,
    0xff, 0xff, 0xff, 0xfd, 0x7f, 0xff, 0xff, 0xfe,
    0x0,

    /* U+1F6C4 "🛄" */
    0x6a, 0xaa, 0xaa, 0xa9, 0x3f, 0xff, 0xff, 0xff,
    0xcf, 0xff, 0x95, 0xff, 0xf7, 0xff, 0xdf, 0xbf,
    0xfd, 0xf8, 0xc0, 0x3, 0xf, 0x7d, 0x30, 0x0,
    0xc3, 0xdf, 0x4c, 0x0, 0x30, 0xf7, 0xd3, 0x0,
    0xc, 0x3d, 0xf4, 0xc0, 0x3, 0xf, 0x7d, 0x30,
    0x0, 0xc3, 0xdf, 0x4c, 0x0, 0x30, 0xf7, 0xf7,
    0x55, 0x5d, 0xbd, 0xff, 0xff, 0xff, 0xff, 0x7d,
    0xb3, 0x9c, 0xb3, 0xdf, 0xff, 0xff, 0xff, 0xf7,
    0xff, 0xff, 0xff, 0xfc, 0x2a, 0xaa, 0xaa, 0xa9,
    0x0,

    /* U+1F6C5 "🛅" */
    0x1a, 0xaa, 0xaa, 0xa9, 0x3f, 0xff, 0xff, 0xff,
    0xcf, 0xfd, 0xaf, 0xff, 0xf7, 0xff, 0x66, 0xaf,
    0xfd, 0xff, 0xff, 0xff, 0xff, 0x7d, 0x55, 0x55,
    0x57, 0xdf, 0xbf, 0xeb, 0xff, 0xb7, 0xff, 0xeb,
    0x7f, 0xed, 0xfe, 0x30, 0xc, 0x3b, 0x7f, 0x8c,
    0x3, 0xe, 0xdf, 0xe3, 0x0, 0xc3, 0xb7, 0xf8,
    0xc0, 0x30, 0xed, 0xfe, 0x30, 0xc, 0x3b, 0x7f,
    0xee, 0xab, 0xbe, 0xdf, 0x6a, 0xaa, 0xa9, 0xf7,
    0xff, 0xff, 0xff, 0xfd, 0x7f, 0xff, 0xff, 0xfe,
    0x0,

    /* U+1F6CB "🛋" */
    0x0, 0x0, 0x6, 0x80, 0x0, 0x0, 0x1, 0x42,
    0x0, 0x0, 0x0, 0x24, 0x20, 0x0, 0x0, 0x3,
    0x76, 0x40, 0x0, 0x0, 0x1b, 0xa0, 0x0, 0x0,
    0x0, 0x20, 0x0, 0x0, 0x6a, 0xab, 0x90, 0x0,
    0x14, 0x8, 0x1, 0x40, 0x1, 0x0, 0x80, 0x14,
    0x2, 0xf0, 0x8, 0x1, 0xb9, 0x8a, 0xaa, 0xea,
    0xa6, 0x28, 0xfa, 0xae, 0xaa, 0xf2, 0x88, 0x0,
    0x80, 0x2, 0x28, 0xea, 0xae, 0xaa, 0xb2, 0x80,
    0x0, 0x0, 0x0, 0x22, 0xbe, 0xaa, 0xab, 0xe8,
    0x3, 0x80, 0x0, 0x2c, 0x0,

    /* U+1F6CC "🛌" */
    0x68, 0x0, 0x0, 0x0, 0x8, 0x98, 0x0, 0x0,
    0x0, 0x88, 0x80, 0x0, 0x0, 0x8, 0x8b, 0xd0,
    0x0, 0x0, 0x8e, 0x3f, 0xba, 0x40, 0x8, 0xd0,
    0xc2, 0x1, 0x68, 0x8a, 0xa4, 0x80, 0x0, 0x28,
    0x82, 0x4, 0x0, 0x2, 0x8a, 0xaa, 0xaa, 0xaa,
    0xb8, 0x0, 0x0, 0x0, 0x2, 0x8e, 0xaa, 0xaa,
    0xab, 0x28, 0xc0, 0x0, 0x0, 0x22, 0xa4, 0x0,
    0x0, 0x0, 0xa0,

    /* U+1F6CD "🛍" */
    0x0, 0x50, 0x0, 0x0, 0x0, 0x8b, 0x80, 0x0,
    0x0, 0x22, 0x98, 0x0, 0x0, 0xaf, 0xff, 0xf8,
    0x0, 0x2b, 0xf9, 0x46, 0x0, 0x9, 0x10, 0xb,
    0xc0, 0x2, 0x44, 0x1, 0xbd, 0x0, 0x92, 0x7,
    0xff, 0xfc, 0x24, 0x81, 0x64, 0x2, 0x9, 0x20,
    0x54, 0x0, 0x82, 0x48, 0x15, 0x0, 0x20, 0x72,
    0x5, 0x40, 0x8, 0x65, 0x81, 0x50, 0x2, 0x28,
    0xa0, 0xb4, 0x0, 0x82, 0x9c, 0x76, 0x0, 0x20,
    0xb, 0x5d, 0xc1, 0x68, 0x0, 0x0, 0x39, 0x40,
    0x0,

    /* U+1F6CE "🛎" */
    0x0, 0x1, 0xa8, 0x0, 0x0, 0x0, 0x2b, 0xc0,
    0x0, 0x0, 0x0, 0x70, 0x0, 0x0, 0x0, 0x6b,
    0xa0, 0x0, 0x0, 0x60, 0x0, 0xa0, 0x0, 0x8,
    0x80, 0x1, 0x80, 0x2, 0x20, 0x0, 0x8, 0x0,
    0x20, 0x0, 0x0, 0x10, 0x7, 0x0, 0x0, 0x2,
    0x0, 0x9a, 0xa8, 0x0, 0x24, 0xf, 0x40, 0x0,
    0x1f, 0x42, 0xbf, 0xff, 0xff, 0xf8, 0x20, 0x15,
    0x55, 0x40, 0x22, 0x0, 0x0, 0x0, 0x6, 0x6,
    0xaa, 0xaa, 0xa9, 0x0, 0x0, 0x0, 0x0, 0x0,

    /* U+1F6CF "🛏" */
    0x68, 0x0, 0x0, 0x0, 0x8, 0xa8, 0x0, 0x0,
    0x0, 0x88, 0x80, 0x0, 0x0, 0x8, 0x8d, 0x0,
    0x0, 0x0, 0x8e, 0x19, 0x55, 0x55, 0x8, 0xd0,
    0x9a, 0x55, 0x58, 0x8e, 0xb4, 0x80, 0x0, 0x28,
    0x82, 0x14, 0x0, 0x2, 0x8a, 0xaa, 0xaa, 0xaa,
    0xb8, 0x0, 0x0, 0x0, 0x2, 0x8e, 0xaa, 0xaa,
    0xab, 0x68, 0xc0, 0x0, 0x0, 0x26, 0xa4, 0x0,
    0x0, 0x1, 0xa0,

    /* U+1F6D0 "🛐" */
    0x6a, 0xaa, 0xaa, 0xaa, 0x3f, 0xff, 0xff, 0xff,
    0xcf, 0xff, 0xeb, 0xff, 0xf7, 0xfe, 0x5b, 0x96,
    0xfd, 0xf6, 0xff, 0xbf, 0x9f, 0x7f, 0xff, 0xf,
    0xff, 0xdf, 0xff, 0xc3, 0xff, 0xf7, 0xfe, 0xbd,
    0x7f, 0xfd, 0xff, 0xcd, 0xf, 0xff, 0x7f, 0xf8,
    0x2, 0xff, 0xdf, 0xff, 0xb8, 0x7f, 0xf7, 0xff,
    0xff, 0xf, 0xfd, 0xff, 0xff, 0x47, 0xff, 0x7f,
    0xff, 0x2, 0xbf, 0xdf, 0xff, 0x40, 0x1f, 0xf7,
    0xff, 0xff, 0xff, 0xfd, 0x7f, 0xff, 0xff, 0xfe,
    0x0,

    /* U+1F6D1 "🛑" */
    0x0, 0xbf, 0xfe, 0x0, 0x0, 0xa0, 0x0, 0xa0,
    0x0, 0xb2, 0xff, 0x8a, 0x0, 0x73, 0xff, 0xfd,
    0xe0, 0x77, 0xff, 0xff, 0xdd, 0x37, 0xff, 0xff,
    0xfd, 0xce, 0xff, 0xff, 0xff, 0xb3, 0xbf, 0xff,
    0xff, 0xec, 0xef, 0xff, 0xff, 0xfb, 0x3b, 0xff,
    0xff, 0xfe, 0xce, 0xff, 0xff, 0xff, 0xb3, 0x7f,
    0xff, 0xff, 0xdc, 0x77, 0xff, 0xff, 0xdd, 0x7,
    0x3f, 0xff, 0xde, 0x0, 0xb3, 0xff, 0xca, 0x0,
    0xa, 0x0, 0xa, 0x0, 0x0, 0xbf, 0xfe, 0x0,
    0x0,

    /* U+1F6D2 "🛒" */
    0x0, 0x0, 0x0, 0x1, 0x0, 0x0, 0x0, 0x1e,
    0x0, 0x0, 0x0, 0x20, 0x1, 0x5a, 0xae, 0xd0,
    0x3d, 0x98, 0x44, 0x80, 0x39, 0xdd, 0xde, 0x80,
    0x28, 0x84, 0x42, 0x0, 0x3d, 0xef, 0xb7, 0x0,
    0x24, 0x51, 0x15, 0x0, 0x2e, 0xfb, 0xec, 0x0,
    0x0, 0x0, 0x88, 0x0, 0x0, 0x0, 0x82, 0x0,
    0x0, 0x0, 0x52, 0x0, 0x2f, 0xaa, 0xb8, 0x0,
    0xf, 0x0, 0x38, 0x0, 0x1a, 0x0, 0x98, 0x0,
    0x5, 0x0, 0x24, 0x0,

    /* U+1F6D5 "🛕" */
    0x0, 0x4, 0x0, 0x0, 0x3, 0x0, 0x0, 0x2,
    0xd0, 0x0, 0x3, 0x99, 0x0, 0x0, 0xff, 0x80,
    0x0, 0x90, 0x10, 0x0, 0x90, 0x2, 0x40, 0xb0,
    0x30, 0xb0, 0x3c, 0x1c, 0x1d, 0xe, 0xf, 0xc7,
    0x82, 0x46, 0x61, 0x61, 0xe3, 0xab, 0x68, 0xa8,
    0x99, 0x9b, 0x11, 0x2b, 0xa4, 0x48, 0x8f, 0xee,
    0x63, 0x57, 0xab, 0x56, 0xaa, 0x95, 0xaa, 0x40,

    /* U+1F6D6 "🛖" */
    0x0, 0x0, 0xa4, 0x0, 0x0, 0x0, 0xa0, 0x60,
    0x0, 0x0, 0x20, 0x0, 0x90, 0x0, 0x8, 0x0,
    0x22, 0x40, 0x2, 0x4, 0x0, 0x8, 0x0, 0x80,
    0x0, 0x1, 0x20, 0x14, 0x0, 0x1, 0x4, 0x82,
    0x0, 0x0, 0x0, 0x4, 0x50, 0x0, 0x0, 0x10,
    0x28, 0x0, 0x0, 0x0, 0x2, 0x84, 0x51, 0x10,
    0x44, 0x22, 0xe5, 0x99, 0x96, 0x6d, 0x4, 0x0,
    0xa4, 0x0, 0x80, 0x40, 0x1f, 0xc0, 0x8, 0x2e,
    0xab, 0xfe, 0xaa, 0xc2, 0x0, 0x1f, 0xc0, 0x5,
    0x2a, 0xaa, 0xfe, 0xaa, 0x80,

    /* U+1F6D7 "🛗" */
    0x2a, 0xaa, 0xaa, 0xa9, 0x3f, 0xff, 0xff, 0xff,
    0xcf, 0xfe, 0x7f, 0x7f, 0xf7, 0xff, 0x9f, 0xdf,
    0xfd, 0xff, 0xfb, 0xf3, 0xff, 0x7f, 0xff, 0xff,
    0xff, 0xdf, 0x95, 0x55, 0x55, 0xf7, 0xdf, 0xff,
    0xff, 0x7d, 0xf7, 0xef, 0xbe, 0xdf, 0x7d, 0xd3,
    0x4c, 0x37, 0xdf, 0x74, 0xd3, 0xd, 0xf7, 0xdf,
    0x79, 0xeb, 0x7d, 0xf7, 0xde, 0x7a, 0xdf, 0x7d,
    0xff, 0xff, 0xf7, 0xdf, 0x95, 0x55, 0x55, 0xf7,
    0xff, 0xff, 0xff, 0xfd, 0x7f, 0xff, 0xff, 0xfe,
    0x0,

    /* U+1F6DC "🛜" */
    0x7f, 0xff, 0xff, 0xfe, 0x3f, 0xff, 0xff, 0xff,
    0xdf, 0xff, 0xff, 0xff, 0xf7, 0xff, 0xea, 0xbf,
    0xfd, 0xff, 0x5b, 0xe5, 0xbf, 0x7e, 0x7f, 0xff,
    0xe7, 0xdf, 0xff, 0x96, 0xff, 0xf7, 0xff, 0x6f,
    0x9b, 0xfd, 0xff, 0x7f, 0xfe, 0xbf, 0x7f, 0xfe,
    0x57, 0xff, 0xdf, 0xfe, 0xbe, 0x7f, 0xf7, 0xff,
    0xff, 0xff, 0xfd, 0xff, 0xfd, 0x3f, 0xff, 0x7f,
    0xff, 0xaf, 0xff, 0xdf, 0xff, 0xff, 0xff, 0xf7,
    0xff, 0xff, 0xff, 0xfd, 0x7f, 0xff, 0xff, 0xfe,
    0x0,

    /* U+1F6DD "🛝" */
    0x0, 0x6, 0x0, 0x0, 0x1, 0x8, 0x40, 0x0,
    0x5, 0x8e, 0xc0, 0x0, 0xe, 0xfe, 0x20, 0x0,
    0xc, 0xa0, 0x88, 0x0, 0x9, 0xc8, 0x18, 0x0,
    0xe, 0xa4, 0x21, 0x0, 0x14, 0x72, 0x12, 0x0,
    0x29, 0x26, 0xa, 0x0, 0x26, 0x99, 0x48, 0x40,
    0x30, 0x48, 0x81, 0x80, 0x10, 0x5, 0x82, 0x28,
    0x0, 0x3, 0x24, 0xa5, 0x0, 0x3, 0x86, 0xe,
    0x0, 0x2, 0x2b, 0xac, 0x0, 0x0, 0x2, 0x4,
    0x0, 0x0, 0x1, 0x0,

    /* U+1F6DE "🛞" */
    0x0, 0x5, 0x90, 0x0, 0x0, 0x29, 0x1, 0x90,
    0x0, 0x61, 0xae, 0x86, 0x0, 0x22, 0x82, 0x1d,
    0x50, 0x22, 0x20, 0x88, 0x98, 0x16, 0x82, 0x25,
    0x1c, 0x88, 0x89, 0x5a, 0x25, 0x62, 0x50, 0x6f,
    0xa0, 0x24, 0x9a, 0xaa, 0x7a, 0xa9, 0x65, 0x6,
    0xf9, 0x2, 0x48, 0x89, 0x6a, 0x25, 0x61, 0x68,
    0x22, 0x41, 0xc8, 0x22, 0x14, 0x88, 0x58, 0x6,
    0x28, 0x21, 0xd6, 0x0, 0x62, 0xae, 0x86, 0x0,
    0x2, 0x40, 0x19, 0x0, 0x0, 0x6, 0xa4, 0x0,
    0x0,

    /* U+1F6DF "🛟" */
    0x0, 0xa, 0xa0, 0x0, 0x0, 0x26, 0x9, 0x80,
    0x0, 0x60, 0x82, 0x9, 0x0, 0x20, 0x20, 0x80,
    0x50, 0x20, 0x5, 0x20, 0x8, 0x14, 0x2, 0xec,
    0x0, 0x4e, 0x96, 0x0, 0x96, 0xb3, 0x3, 0x40,
    0xc, 0xc, 0x80, 0x80, 0x2, 0x2, 0x3a, 0xb0,
    0x0, 0xea, 0xc8, 0x2, 0x0, 0x20, 0x21, 0x40,
    0x60, 0x60, 0x4, 0x20, 0x7, 0xb0, 0x8, 0x6,
    0x1, 0x8, 0x5, 0x0, 0x60, 0x82, 0x5, 0x0,
    0x2, 0x60, 0x99, 0x0, 0x0, 0xa, 0xa0, 0x0,
    0x0,

    /* U+1F6E0 "🛠" */
    0x0, 0x1, 0xa4, 0x19, 0x0, 0x0, 0x96, 0x48,
    0x30, 0x0, 0x62, 0x42, 0x8, 0x0, 0x18, 0x14,
    0x20, 0x81, 0x1, 0x1, 0x42, 0x6, 0xa1, 0xa0,
    0xb8, 0x20, 0x9, 0x50, 0x9c, 0x38, 0x6a, 0x45,
    0x8, 0x26, 0x8, 0x0, 0x21, 0x41, 0xc3, 0x0,
    0x0, 0x50, 0x60, 0x98, 0x0, 0x0, 0x18, 0x24,
    0x50, 0x0, 0x5, 0x5, 0x81, 0x40, 0x2, 0x41,
    0x82, 0x9, 0x0, 0x90, 0x20, 0x8, 0x24, 0x8,
    0xc8, 0x0, 0x20, 0x80, 0x82, 0x0, 0x1, 0x48,
    0x2, 0x80, 0x0, 0x6, 0x0,

    /* U+1F6E1 "🛡" */
    0x0, 0x1, 0x0, 0x0, 0x2, 0x99, 0x0, 0x6a,
    0x40, 0x1a, 0x98, 0x1, 0xb8, 0x2, 0x8a, 0x43,
    0xff, 0x28, 0x80, 0x3f, 0xf2, 0x48, 0x3, 0xff,
    0x21, 0x40, 0x3f, 0xe1, 0x21, 0x3, 0xfd, 0x52,
    0x20, 0x3f, 0xc8, 0x11, 0x3, 0xf8, 0x80, 0x88,
    0x3f, 0x14, 0x8, 0x53, 0xe2, 0x0, 0x21, 0xb8,
    0x80, 0x0, 0x81, 0x24, 0x0, 0x2, 0x49, 0x0,
    0x0, 0x5, 0x0, 0x0,

    /* U+1F6E2 "🛢" */
    0x1, 0xaa, 0x40, 0x29, 0x0, 0x68, 0x53, 0x80,
    0x5, 0x90, 0x2, 0x86, 0x79, 0x0, 0x7d, 0x41,
    0x6b, 0xfd, 0x80, 0x2, 0xfa, 0x40, 0x1, 0x95,
    0x40, 0x0, 0x6d, 0x40, 0x6b, 0xfd, 0x80, 0x2,
    0xf6, 0x40, 0x1, 0x5d, 0x40, 0x6a, 0xfd, 0x40,
    0x2, 0xfe, 0x50, 0x2, 0xfd, 0x29, 0x2, 0xf8,
    0x1, 0xaa, 0x40,

    /* U+1F6E3 "🛣" */
    0x6a, 0xaa, 0xaa, 0xa9, 0x20, 0x0, 0x0, 0x0,
    0x88, 0x5e, 0x55, 0x75, 0x16, 0x3f, 0x30, 0xda,
    0xc5, 0x89, 0xc4, 0x13, 0xa1, 0x63, 0xb1, 0x4,
    0xed, 0x5d, 0x86, 0xaa, 0xa2, 0x76, 0x79, 0x0,
    0x6, 0xc5, 0xfe, 0xb5, 0x5e, 0x7f, 0x77, 0x5a,
    0xba, 0x5d, 0x98, 0x81, 0xae, 0x42, 0x16, 0x1,
    0x7f, 0xa8, 0x5, 0x80, 0xa7, 0xdd, 0x41, 0x60,
    0x8e, 0xff, 0x60, 0x58, 0x67, 0x3e, 0x76, 0x16,
    0x33, 0xaf, 0xdc, 0xc4, 0x6e, 0xff, 0xff, 0xfd,
    0x0,

    /* U+1F6E4 "🛤" */
    0x6a, 0xaa, 0xaa, 0xa9, 0x20, 0x0, 0x0, 0x0,
    0x48, 0x0, 0x0, 0x0, 0x16, 0x0, 0x0, 0x0,
    0x5, 0xe0, 0x0, 0x0, 0x1, 0x62, 0x40, 0x0,
    0x1, 0xd8, 0x14, 0x0, 0x2, 0x57, 0x9, 0x90,
    0x1f, 0x45, 0xeb, 0xbf, 0xef, 0xeb, 0x79, 0x49,
    0xe9, 0x42, 0x5f, 0x48, 0xeb, 0x23, 0xd7, 0x55,
    0x7a, 0xf2, 0x15, 0x82, 0xbf, 0xff, 0x41, 0x61,
    0x4d, 0x3, 0x48, 0x58, 0xbf, 0xff, 0xfd, 0x56,
    0x47, 0x55, 0x5d, 0x24, 0x6a, 0xaa, 0xaa, 0xa9,
    0x0,

    /* U+1F6E5 "🛥" */
    0x0, 0x0, 0x0, 0x0, 0x0, 0x0, 0x0, 0x2f,
    0x80, 0x0, 0x0, 0x0, 0x3b, 0x40, 0x0, 0x0,
    0x0, 0x89, 0x68, 0x0, 0x3b, 0xb1, 0x49, 0xc8,
    0x0, 0x3b, 0xbb, 0x59, 0x8, 0x0, 0x20, 0x0,
    0x56, 0xaf, 0x40, 0x1d, 0x6a, 0xaa, 0x50, 0x79,
    0x9, 0x0, 0x0, 0x5, 0xbe, 0x2, 0x40, 0x0,
    0x0, 0x1d, 0x0, 0x2a, 0xaa, 0xaa, 0xad, 0x0,
    0x0, 0x0, 0x0, 0xc, 0x0, 0x0, 0x0, 0x0,
    0x0,

    /* U+1F6E9 "🛩" */
    0x4, 0x0, 0x0, 0x0, 0x10, 0xa, 0x4a, 0x0,
    0x1, 0x49, 0x4, 0xe1, 0x80, 0x5, 0x8, 0x5,
    0x22, 0x0, 0x24, 0x14, 0xb, 0x1b, 0xa4, 0x80,
    0x60, 0x14, 0x80, 0x3, 0x80, 0x80, 0x60, 0xa6,
    0x0, 0x32, 0x0, 0x1a, 0x9, 0x35, 0xbd, 0x0,
    0x0, 0x1, 0x43, 0x79, 0x88, 0x0, 0x1, 0xa9,
    0x0, 0x74, 0x0, 0x2, 0x2, 0xd0, 0x70, 0x0,
    0x8, 0x6, 0xda, 0xd0, 0x0, 0x20, 0x24, 0xd2,
    0x80, 0x0, 0x80, 0x90, 0x1, 0x0, 0x1, 0x42,
    0x0, 0x0, 0x0, 0x3, 0x58, 0x0, 0x0, 0x0,
    0x0, 0x50, 0x0, 0x0, 0x0,

    /* U+1F6EB "🛫" */
    0x0, 0x0, 0x0, 0x1, 0x90, 0x0, 0x0, 0x0,
    0x19, 0x68, 0x0, 0x0, 0x1, 0x80, 0x8, 0x0,
    0x80, 0x18, 0x0, 0x61, 0x0, 0xf6, 0xfa, 0x83,
    0xf8, 0x2f, 0xff, 0xf6, 0x2f, 0xd0, 0x0, 0x70,
    0x3f, 0x81, 0x40, 0x6, 0xfa, 0xa4, 0x0, 0x0,
    0x0, 0x0, 0x0, 0x0, 0x0, 0x0, 0x0, 0x0,
    0x0, 0x0, 0x0, 0x0, 0x0, 0x0, 0x0, 0x0,
    0x0, 0x0, 0x0, 0x0, 0x0, 0x1, 0xa4, 0x0,
    0x0, 0x1, 0xbe, 0xaf, 0xe5, 0x0, 0x0, 0x6f,
    0xfe, 0x95, 0x80, 0x0, 0x0, 0x69, 0x54, 0x0,
    0x0, 0x0, 0x1, 0x40, 0x0,

    /* U+1F6EC "🛬" */
    0x1, 0x0, 0x0, 0x0, 0x0, 0x14, 0x0, 0x0,
    0x0, 0x0, 0xc0, 0x0, 0x0, 0x0, 0x2f, 0xe9,
    0x9, 0x0, 0x1b, 0x94, 0x7, 0xe0, 0x0, 0x2,
    0x40, 0x0, 0x60, 0x0, 0xb, 0xfc, 0x0, 0xc2,
    0xaf, 0xfe, 0xfa, 0x56, 0x0, 0xe, 0x45, 0x17,
    0x40, 0x0, 0x10, 0x0, 0x10, 0x0, 0x0, 0x0,
    0x0, 0x0, 0x0, 0x0, 0x0, 0x0, 0x0, 0x1,
    0x40, 0x0, 0x0, 0x17, 0x91, 0xf9, 0x0, 0x1,
    0x56, 0xea, 0xff, 0x0, 0x0, 0x6f, 0xfa, 0x40,
    0x0, 0x0, 0x6, 0x0, 0x0,

    /* U+1F6F0 "🛰" */
    0x0, 0x0, 0x0, 0x0, 0x39, 0x0, 0x4, 0x0,
    0x8, 0x68, 0x1f, 0xb8, 0x2, 0x2, 0xf2, 0x8b,
    0x0, 0x83, 0x5e, 0x0, 0xc0, 0x2b, 0xc1, 0xd3,
    0xb0, 0x0, 0xb0, 0x3c, 0x86, 0x40, 0xa, 0x87,
    0x20, 0xd, 0xb, 0x81, 0xe8, 0x7, 0x45, 0x24,
    0x72, 0x4b, 0xd0, 0x2, 0xa0, 0x1b, 0xf4, 0x0,
    0x0, 0x0, 0x1d, 0x0, 0x0, 0x0, 0x0, 0x0,

    /* U+1F6F3 "🛳" */
    0x0, 0x0, 0x10, 0x0, 0x0, 0x0, 0x2, 0x0,
    0x0, 0x0, 0x0, 0xd0, 0x0, 0x0, 0x2a, 0xaf,
    0x40, 0x40, 0x2, 0x1, 0xfc, 0xc, 0x0, 0x1d,
    0x5c, 0xe6, 0xc0, 0x1, 0x7c, 0xa6, 0xfa, 0x0,
    0x20, 0xd, 0x5, 0x20, 0x2, 0x28, 0xbb, 0xff,
    0xc0, 0x21, 0x55, 0x6, 0x88, 0x3b, 0xaf, 0xa9,
    0x40, 0x82, 0x10, 0x54, 0x5, 0xfd, 0x20, 0x0,
    0xaa, 0xa5, 0x13, 0xea, 0xa5, 0x0, 0x5, 0x2f,
    0xff, 0xff, 0xfe, 0xc0, 0xff, 0xff, 0xff, 0xfc,
    0x2, 0xaa, 0xaa, 0xaa, 0x40,

    /* U+1F6F4 "🛴" */
    0x0, 0x6, 0x0, 0x0, 0x5, 0xdf, 0xc0, 0x0,
    0x3, 0xf2, 0x50, 0x0, 0x0, 0x9, 0x0, 0x0,
    0x0, 0x2, 0x40, 0x0, 0x0, 0x0, 0xf0, 0x0,
    0x0, 0x0, 0x48, 0x0, 0x0, 0x0, 0x11, 0x0,
    0x0, 0x0, 0x5, 0x40, 0x0, 0x0, 0x1, 0x80,
    0x0, 0x0, 0x0, 0x48, 0x0, 0x0, 0x0, 0x45,
    0x40, 0x2, 0xa8, 0x23, 0x60, 0x2, 0x1a, 0x1c,
    0xe3, 0x95, 0xee, 0xa, 0xb7, 0x15, 0x5a, 0xa2,
    0x9c, 0x6a, 0xab, 0xd8, 0x28, 0x0, 0x0, 0x28,
    0x0,

    /* U+1F6F5 "🛵" */
    0x0, 0x0, 0x40, 0x0, 0x0, 0x0, 0x28, 0x0,
    0x0, 0x0, 0x6a, 0x0, 0x0, 0x0, 0x6, 0x3a,
    0x0, 0x0, 0x0, 0x2b, 0x0, 0x0, 0x0, 0x6,
    0xb0, 0x0, 0x0, 0x0, 0x84, 0x0, 0x4, 0x0,
    0x10, 0x81, 0xaf, 0xe0, 0x2, 0x8, 0x3f, 0xff,
    0x0, 0x20, 0x81, 0x40, 0x38, 0x9, 0x8, 0x8,
    0x0, 0x83, 0x90, 0x91, 0x80, 0x8, 0x3f, 0xc7,
    0xf4, 0x0, 0x58, 0x6e, 0x4, 0x1e, 0xec, 0x89,
    0x8a, 0xa9, 0x98, 0x86, 0x18, 0x0, 0x9, 0x24,
    0x1a, 0x0, 0x0, 0x29, 0x0,

    /* U+1F6F6 "🛶" */
    0x0, 0x0, 0x24, 0x0, 0x0, 0x0, 0x0, 0x88,
    0x0, 0x0, 0x0, 0x0, 0x64, 0x0, 0x0, 0x0,
    0x0, 0x22, 0x0, 0x0, 0x0, 0x0, 0x9, 0x40,
    0x0, 0x1e, 0x50, 0x5, 0x81, 0xad, 0x29, 0xfe,
    0xbf, 0x3b, 0xea, 0x22, 0xf8, 0xbf, 0x97, 0xd2,
    0x20, 0x16, 0xff, 0xca, 0x2, 0x14, 0x0, 0x0,
    0x42, 0x8, 0x6, 0x90, 0x0, 0x10, 0xe0, 0x0,
    0x16, 0xaa, 0xb0, 0x20, 0x0, 0x0, 0x0, 0x14,
    0x20, 0x0, 0x0, 0x0, 0x8, 0x20, 0x0, 0x0,
    0x0, 0x2, 0x40,

    /* U+1F6F7 "🛷" */
    0x0, 0x0, 0x1, 0x0, 0x0, 0x0, 0x0, 0x9,
    0xb9, 0x0, 0x0, 0x0, 0x21, 0x49, 0xa0, 0x0,
    0x0, 0x85, 0x20, 0xc0, 0x0, 0x6, 0x14, 0x82,
    0x80, 0x0, 0x1c, 0x92, 0x8, 0x24, 0x0, 0xab,
    0x48, 0x20, 0x38, 0x2, 0x49, 0xfb, 0xc0, 0x60,
    0x6c, 0xe, 0x2, 0xc0, 0x80, 0x48, 0x1c, 0x8,
    0x82, 0x0, 0x2c, 0x62, 0xf0, 0x6c, 0x0, 0x6,
    0x88, 0x50, 0x30, 0x0, 0x0, 0x6, 0x80, 0x80,
    0x0, 0x0, 0x1, 0xc2, 0x0, 0x0, 0x0, 0x0,
    0x28, 0x0, 0x0,

    /* U+1F6F8 "🛸" */
    0x0, 0x0, 0x0, 0x0, 0x0, 0x0, 0xaa, 0x40,
    0x0, 0x0, 0x81, 0x64, 0x0, 0x5, 0xb9, 0x82,
    0x0, 0xf5, 0x3, 0xf8, 0x80, 0x2a, 0x40, 0x1f,
    0xf0, 0x2, 0x19, 0x0, 0x9, 0x0, 0x91, 0x68,
    0x0, 0x80, 0x8, 0x41, 0x69, 0x8, 0x0, 0xa0,
    0x81, 0x6a, 0xc0, 0x2, 0x80, 0x80, 0x90, 0x0,
    0x6, 0xaa, 0x40, 0x0, 0x0, 0x0, 0x0, 0x0,

    /* U+1F6F9 "🛹" */
    0x0, 0x0, 0x0, 0x1a, 0x90, 0x0, 0x0, 0x2,
    0x40, 0x50, 0x0, 0x0, 0x60, 0x0, 0x80, 0x0,
    0x28, 0x0, 0x2, 0x0, 0xa, 0x0, 0x0, 0x14,
    0x2, 0x80, 0x0, 0x7, 0x42, 0xa0, 0x0, 0x0,
    0xfd, 0x20, 0x10, 0x0, 0x29, 0xc8, 0x80, 0x0,
    0x19, 0x2, 0x80, 0x80, 0x6, 0x40, 0x0, 0x0,
    0xfe, 0xf8, 0x0, 0x0, 0x0, 0x43, 0xa0, 0x0,
    0x0, 0x0, 0x7, 0x80, 0x0, 0x0,

    /* U+1F6FA "🛺" */
    0x2, 0xa9, 0x0, 0x0, 0x0, 0x2, 0xd1, 0xaa,
    0xaa, 0x90, 0x0, 0xb4, 0x0, 0x0, 0x4, 0x0,
    0x69, 0xaa, 0xaa, 0x4, 0x0, 0x89, 0x2, 0x2,
    0x0, 0x0, 0x89, 0x2, 0x2, 0x0, 0x0, 0xe9,
    0x2, 0x2, 0x0, 0x0, 0x41, 0x2, 0x2, 0x0,
    0x0, 0xeb, 0x43, 0x7, 0xa8, 0x19, 0xff, 0x3f,
    0xf, 0x6c, 0x1d, 0xbf, 0x2f, 0xf, 0xfc, 0x3f,
    0xff, 0x2f, 0xf, 0xfc, 0x2f, 0xff, 0xbf, 0xaf,
    0xfc, 0x18, 0x20, 0x0, 0x3c, 0x3c, 0x20, 0x20,
    0x0, 0x8, 0x20, 0x8, 0x20, 0x0, 0x8, 0x20,
    0x6, 0x80, 0x0, 0x2, 0x80,

    /* U+1F6FB "🛻" */
    0x0, 0x0, 0x0, 0x0, 0x0, 0x0, 0x6, 0xaa,
    0x0, 0x0, 0x0, 0x5, 0xa2, 0x0, 0x0, 0x0,
    0x21, 0x22, 0x0, 0x0, 0x0, 0x18, 0x22, 0x0,
    0x0, 0x1a, 0x8d, 0x73, 0x55, 0x54, 0x34, 0x0,
    0x2, 0x0, 0x8, 0x28, 0x0, 0x2, 0x0, 0xd,
    0x28, 0x0, 0x2, 0x0, 0xd, 0x34, 0x50, 0x2,
    0x5, 0x59, 0x3f, 0xfc, 0x2, 0xf, 0xff, 0x3f,
    0xf, 0xab, 0xbc, 0x3f, 0x2, 0xc, 0x0, 0x8,
    0x20, 0x1, 0xf4, 0x0, 0x7, 0xd0,

    /* U+1F6FC "🛼" */
    0x0, 0x68, 0x0, 0x0, 0x6, 0x55, 0x28, 0x0,
    0x0, 0x7a, 0x9b, 0xc0, 0x0, 0x6, 0x5a, 0x6e,
    0x80, 0x0, 0x60, 0x13, 0xe8, 0x0, 0x3, 0x54,
    0xf, 0x0, 0x0, 0x3e, 0x40, 0x3e, 0x0, 0x2,
    0x6, 0x80, 0xed, 0x0, 0x75, 0x2, 0x0, 0xd9,
    0x7, 0xff, 0x54, 0x0, 0x24, 0x30, 0x5, 0x40,
    0x0, 0x41, 0xff, 0xff, 0xff, 0xf4, 0xf, 0xf4,
    0x2f, 0xf7, 0x80, 0xcb, 0x0, 0xcb, 0x3d, 0x8,
    0x20, 0x14, 0x31, 0x80, 0x85, 0x0, 0x86, 0x0,
    0x2, 0x80, 0x2, 0x80, 0x0,

    /* U+1F7E0 "🟠" */
    0x0, 0x6, 0xd0, 0x0, 0x0, 0x3c, 0x37, 0x80,
    0x0, 0x63, 0xa, 0xc9, 0x0, 0x2c, 0xa2, 0x30,
    0xd0, 0x23, 0xa2, 0xca, 0x28, 0x1c, 0x9c, 0x32,
    0x2c, 0x48, 0xa3, 0x8a, 0xc3, 0x22, 0x1c, 0x9a,
    0x30, 0xac, 0xc2, 0xa1, 0xca, 0x23, 0x28, 0x8c,
    0x3a, 0x2c, 0x88, 0xe3, 0x89, 0xc3, 0x21, 0x4c,
    0x8a, 0x38, 0xb8, 0x22, 0xb0, 0xc9, 0xa8, 0x2,
    0x8c, 0x3a, 0x1d, 0x0, 0x72, 0x88, 0xcb, 0x0,
    0x2, 0xcb, 0x3d, 0x0, 0x0, 0x6, 0xe0, 0x0,
    0x0,

    /* U+1F7E1 "🟡" */
    0x0, 0x6, 0x90, 0x0, 0x0, 0x28, 0x1, 0x90,
    0x0, 0x64, 0x45, 0x16, 0x0, 0x30, 0x44, 0x11,
    0xa0, 0x20, 0x0, 0x0, 0x8, 0x1c, 0x51, 0x14,
    0x45, 0x88, 0x0, 0x0, 0x0, 0x33, 0x0, 0x0,
    0x0, 0x8, 0x91, 0x44, 0x51, 0x15, 0x60, 0x0,
    0x0, 0x0, 0x8c, 0x41, 0x10, 0x41, 0x31, 0x84,
    0x11, 0x44, 0x18, 0x20, 0x0, 0x0, 0x8, 0x3,
    0x4, 0x41, 0x1a, 0x0, 0x64, 0x41, 0x16, 0x0,
    0x2, 0x40, 0x19, 0x0, 0x0, 0x6, 0xa4, 0x0,
    0x0,

    /* U+1F7E2 "🟢" */
    0x0, 0x6, 0xd0, 0x0, 0x0, 0x3b, 0x19, 0x80,
    0x0, 0x69, 0x21, 0x89, 0x0, 0x34, 0x92, 0x8,
    0x90, 0x22, 0x49, 0x20, 0x88, 0x1d, 0x24, 0x52,
    0x9, 0x48, 0x91, 0x45, 0x24, 0xb3, 0x85, 0x18,
    0x62, 0x4c, 0x88, 0x61, 0x86, 0x26, 0x30, 0x86,
    0x18, 0x21, 0xca, 0x8, 0x60, 0x82, 0x31, 0x60,
    0x82, 0x8, 0x38, 0x22, 0x48, 0x20, 0x88, 0x2,
    0x24, 0x82, 0xd, 0x0, 0x62, 0x48, 0x29, 0x0,
    0x2, 0x64, 0xad, 0x0, 0x0, 0x7, 0xa4, 0x0,
    0x0,

    /* U+1F7E3 "🟣" */
    0x0, 0x6, 0x90, 0x0, 0x0, 0x25, 0x83, 0x80,
    0x0, 0x60, 0x82, 0xd, 0x0, 0x20, 0x82, 0x8,
    0x90, 0x20, 0x82, 0x8, 0x2c, 0x15, 0x82, 0x8,
    0x24, 0x49, 0x82, 0x8, 0x20, 0x73, 0x86, 0x8,
    0x20, 0x98, 0xc6, 0x8, 0x20, 0x92, 0x26, 0x8,
    0x20, 0x91, 0xcd, 0x18, 0x20, 0x81, 0x61, 0x58,
    0x20, 0x82, 0x44, 0x38, 0x20, 0x82, 0x48, 0x6,
    0x60, 0x82, 0x45, 0x0, 0x70, 0x82, 0x9, 0x0,
    0x2, 0xc2, 0x59, 0x0, 0x0, 0x6, 0xe0, 0x0,
    0x0,

    /* U+1F7E4 "🟤" */
    0x0, 0x6, 0x90, 0x0, 0x0, 0x38, 0x61, 0x90,
    0x0, 0x66, 0x6, 0x6, 0x0, 0x3e, 0xfa, 0xfa,
    0xd0, 0x22, 0x42, 0x2, 0x8, 0x1e, 0xbe, 0xbe,
    0xba, 0xc8, 0x82, 0x42, 0x42, 0x22, 0x8, 0x14,
    0x24, 0x28, 0xfa, 0xfb, 0xeb, 0xeb, 0x68, 0x8,
    0x18, 0x14, 0x48, 0x90, 0x90, 0x81, 0xa1, 0xef,
    0xaf, 0xbe, 0xbc, 0x20, 0x90, 0x50, 0x88, 0x3,
    0xaf, 0xaf, 0xae, 0x0, 0x60, 0x60, 0x66, 0x0,
    0x2, 0x46, 0x1d, 0x0, 0x0, 0x6, 0xe4, 0x0,
    0x0,

    /* U+1F7E5 "🟥" */
    0x6e, 0xba, 0xee, 0xb9, 0x22, 0x8, 0x22, 0x8,
    0x88, 0x82, 0x8, 0x82, 0x22, 0x20, 0x82, 0x20,
    0x88, 0x88, 0x20, 0x88, 0x22, 0x22, 0x8, 0x22,
    0x8, 0x88, 0x82, 0x8, 0x82, 0x22, 0x20, 0x82,
    0x20, 0x88, 0x88, 0x20, 0x88, 0x22, 0x22, 0x8,
    0x22, 0x8, 0x88, 0x82, 0x8, 0x82, 0x22, 0x20,
    0x82, 0x20, 0x88, 0x88, 0x20, 0x88, 0x22, 0x22,
    0x8, 0x22, 0x8, 0x88, 0x82, 0x8, 0x82, 0x22,
    0x20, 0x82, 0x20, 0x88, 0x6e, 0xba, 0xee, 0xb9,
    0x0,

    /* U+1F7E6 "🟦" */
    0x6a, 0xaa, 0xaa, 0xa9, 0x20, 0x0, 0x0, 0x0,
    0x8e, 0xaa, 0xaa, 0xaa, 0xb2, 0x0, 0x0, 0x0,
    0x8, 0x80, 0x0, 0x0, 0x1, 0x3a, 0xaa, 0xaa,
    0xaa, 0xc8, 0x0, 0x0, 0x0, 0x13, 0xaa, 0xaa,
    0xaa, 0xac, 0x80, 0x0, 0x0, 0x1, 0x3a, 0xaa,
    0xaa, 0xaa, 0xc8, 0x0, 0x0, 0x0, 0x13, 0xaa,
    0xaa, 0xaa, 0xac, 0x80, 0x0, 0x0, 0x1, 0x20,
    0x0, 0x0, 0x0, 0x4e, 0xaa, 0xaa, 0xaa, 0xb2,
    0x0, 0x0, 0x0, 0x8, 0x6a, 0xaa, 0xaa, 0xa9,
    0x0,

    /* U+1F7E7 "🟧" */
    0x6b, 0xfa, 0xef, 0xb9, 0x38, 0x9c, 0x32, 0x68,
    0x49, 0xa3, 0x4a, 0xc7, 0x16, 0x1c, 0x96, 0x30,
    0xe5, 0xc3, 0xa1, 0xca, 0x27, 0x78, 0x9c, 0x36,
    0x2c, 0x98, 0xe3, 0x89, 0xc3, 0x16, 0xc, 0x9a,
    0x34, 0xa5, 0xc2, 0xa1, 0xca, 0x63, 0x69, 0x8c,
    0x3a, 0x2c, 0x58, 0xb3, 0x89, 0xc3, 0x57, 0xc,
    0x8a, 0x38, 0xa9, 0xe2, 0xb0, 0xc9, 0xa3, 0x66,
    0x8c, 0x3a, 0x1c, 0x58, 0x72, 0x88, 0xc3, 0x96,
    0xe, 0x8b, 0x38, 0x9c, 0x6b, 0xfa, 0xef, 0xfa,
    0x0,

    /* U+1F7E8 "🟨" */
    0x6a, 0xaa, 0xaa, 0xa9, 0x20, 0x0, 0x0, 0x0,
    0x49, 0x10, 0x45, 0x11, 0x57, 0x10, 0x44, 0x11,
    0x9, 0x80, 0x0, 0x0, 0x1, 0x64, 0x51, 0x14,
    0x45, 0x5c, 0x0, 0x0, 0x0, 0x17, 0x0, 0x44,
    0x10, 0x9, 0x91, 0x44, 0x51, 0x15, 0x60, 0x0,
    0x0, 0x0, 0x5c, 0x41, 0x10, 0x44, 0x26, 0x44,
    0x11, 0x44, 0x55, 0x80, 0x0, 0x0, 0x1, 0x71,
    0x4, 0x41, 0x10, 0x99, 0x10, 0x44, 0x11, 0x16,
    0x0, 0x0, 0x0, 0x4, 0x6a, 0xaa, 0xaa, 0xa9,
    0x0,

    /* U+1F7E9 "🟩" */
    0x6b, 0xba, 0xeb, 0xad, 0x30, 0x92, 0x18, 0x52,
    0x8a, 0x49, 0x20, 0x86, 0x36, 0x24, 0x92, 0x8,
    0x65, 0xd2, 0x45, 0x20, 0x87, 0x69, 0x14, 0x52,
    0x48, 0x5c, 0x91, 0x46, 0x24, 0x97, 0x85, 0x18,
    0x62, 0x4d, 0x88, 0x61, 0x86, 0x15, 0x70, 0x86,
    0x8, 0x21, 0xda, 0x8, 0x60, 0x82, 0x26, 0x24,
    0x82, 0x8, 0x25, 0xe2, 0x48, 0x20, 0x83, 0x66,
    0x24, 0x82, 0x8, 0x5c, 0x61, 0x49, 0x20, 0xa7,
    0x82, 0x18, 0x92, 0xd, 0x6e, 0xfb, 0xae, 0xb9,
    0x0,

    /* U+1F7EA "🟪" */
    0x6e, 0xeb, 0xae, 0xb9, 0x38, 0x21, 0x89, 0x20,
    0xdc, 0x61, 0x49, 0x20, 0x96, 0x62, 0x48, 0x20,
    0x85, 0xe2, 0x48, 0x20, 0x83, 0x72, 0x48, 0x20,
    0x82, 0x5a, 0x8, 0x60, 0x82, 0x27, 0x8, 0x61,
    0x82, 0x1d, 0x88, 0x61, 0x86, 0x15, 0x78, 0x51,
    0x46, 0x24, 0xdc, 0x51, 0x46, 0x24, 0xa6, 0x92,
    0x45, 0x24, 0x85, 0xd2, 0x45, 0x20, 0x87, 0x62,
    0x49, 0x20, 0x86, 0x5a, 0x9, 0x20, 0x86, 0x37,
    0x9, 0x21, 0x85, 0x28, 0x6b, 0xba, 0xeb, 0xad,
    0x0,

    /* U+1F7EB "🟫" */
    0x6b, 0xab, 0xab, 0xa9, 0x30, 0x20, 0x60, 0x90,
    0x8a, 0x2, 0x6, 0x5, 0x13, 0xbe, 0xba, 0xfa,
    0xfc, 0xc2, 0x42, 0x2, 0x7, 0x3e, 0xbe, 0xbe,
    0xfa, 0xc8, 0x82, 0x42, 0x42, 0x12, 0x8, 0x14,
    0x24, 0x28, 0xfa, 0xeb, 0xeb, 0xeb, 0x68, 0x8,
    0x18, 0x14, 0x48, 0x90, 0x80, 0x81, 0x93, 0xaf,
    0xaf, 0xbe, 0xbc, 0xd0, 0x90, 0x90, 0x82, 0x7f,
    0xaf, 0xaf, 0xaf, 0xc8, 0x60, 0x50, 0x50, 0xa2,
    0x2, 0x6, 0x6, 0xc, 0x6a, 0xfa, 0xea, 0xe9,
    0x0,

    /* U+1F7F0 "🟰" */
    0x15, 0x55, 0x55, 0x54, 0xbf, 0xff, 0xff, 0xff,
    0xbf, 0xff, 0xff, 0xff, 0xbf, 0xff, 0xff, 0xff,
    0x6a, 0xaa, 0xaa, 0xaa, 0x0, 0x0, 0x0, 0x0,
    0x0, 0x0, 0x0, 0x0, 0xbf, 0xff, 0xff, 0xff,
    0xbf, 0xff, 0xff, 0xff, 0xbf, 0xff, 0xff, 0xff,
    0x7f, 0xff, 0xff, 0xfe,

    /* U+1F90C "🤌" */
    0x0, 0x0, 0x5, 0x0, 0x0, 0x0, 0xb5, 0x0,
    0x0, 0x2b, 0x66, 0x0, 0x0, 0xa6, 0x55, 0x0,
    0x8, 0x48, 0x88, 0x0, 0x52, 0x88, 0xa0, 0x2,
    0xa, 0x22, 0x80, 0x20, 0xfc, 0x47, 0x1, 0x1,
    0x24, 0x4c, 0x8, 0x6, 0xa0, 0x10, 0x50, 0x80,
    0x1, 0x2, 0x8, 0x0, 0x8, 0x14, 0x0, 0x1,
    0x80, 0x40, 0x0, 0x24, 0x0, 0x0, 0x1a, 0x0,
    0x0, 0x2, 0x40, 0x0, 0x0, 0x4, 0x0, 0x0,

    /* U+1F90D "🤍" */
    0x1, 0xa4, 0x0, 0x68, 0x0, 0x80, 0x60, 0x60,
    0x24, 0x20, 0x0, 0x94, 0x0, 0x95, 0x0, 0x6,
    0x0, 0x2, 0x80, 0x0, 0x0, 0x0, 0x28, 0x0,
    0x0, 0x0, 0x2, 0x40, 0x0, 0x0, 0x0, 0x22,
    0x0, 0x0, 0x0, 0x1, 0x20, 0x0, 0x0, 0x0,
    0x80, 0x80, 0x0, 0x0, 0x14, 0x5, 0x0, 0x0,
    0x2, 0x0, 0x24, 0x0, 0x0, 0x80, 0x0, 0x90,
    0x0, 0x20, 0x0, 0x2, 0x40, 0x8, 0x0, 0x0,
    0x5, 0x2, 0x0, 0x0, 0x0, 0x19, 0x80, 0x0,
    0x0, 0x0, 0x10, 0x0, 0x0,

    /* U+1F90E "🤎" */
    0x1, 0xa0, 0x0, 0x78, 0x0, 0xe2, 0xa0, 0x71,
    0xa4, 0x3b, 0xdf, 0xee, 0xeb, 0xd5, 0x81, 0x1a,
    0x82, 0xa, 0xeb, 0xad, 0xf7, 0xae, 0xba, 0x8,
    0x21, 0x44, 0x22, 0xae, 0xba, 0xeb, 0x79, 0xf3,
    0x14, 0x82, 0x8, 0x52, 0x3d, 0xf7, 0xae, 0xbb,
    0xc0, 0xe1, 0x45, 0x20, 0x94, 0x7, 0xeb, 0x7d,
    0xeb, 0x0, 0x26, 0x8, 0x52, 0xc0, 0x0, 0xbe,
    0xb7, 0xf0, 0x0, 0x2, 0x60, 0x8c, 0x0, 0x0,
    0x7, 0xeb, 0x0, 0x0, 0x0, 0x1b, 0x80, 0x0,
    0x0, 0x0, 0x10, 0x0, 0x0,

    /* U+1F90F "🤏" */
    0x0, 0x0, 0xa9, 0x0, 0x0, 0x6, 0x74, 0x6c,
    0x0, 0x2, 0x42, 0x21, 0xb4, 0x2, 0x40, 0x62,
    0x0, 0x50, 0x80, 0x3a, 0x21, 0xa5, 0x46, 0x68,
    0x72, 0x20, 0x8, 0x18, 0x1, 0xf2, 0x0, 0x56,
    0x59, 0x16, 0x72, 0x42, 0x20, 0x5, 0x6, 0x8,
    0x20, 0xa0, 0x0, 0x1e, 0x2, 0x0, 0x80, 0x2,
    0x0, 0x50, 0x2, 0x0, 0x40, 0x8, 0x0, 0x8,
    0x0, 0x1, 0x40, 0x0, 0x20, 0x0, 0xa0, 0x0,
    0x0, 0xaa, 0xa0, 0x0, 0x0, 0x0, 0x0, 0x0,

    /* U+1F910 "🤐" */
    0x0, 0x6, 0x90, 0x0, 0x0, 0x24, 0x1, 0x80,
    0x0, 0x60, 0x0, 0x9, 0x0, 0x60, 0x0, 0x0,
    0x90, 0x20, 0x0, 0x0, 0x8, 0x14, 0x8, 0x2,
    0x40, 0x48, 0xb, 0x0, 0xf0, 0x22, 0x1, 0xc0,
    0x28, 0x8, 0x80, 0x0, 0x0, 0x2, 0x20, 0x0,
    0x0, 0x0, 0x88, 0x33, 0x28, 0xcc, 0x21, 0x4f,
    0xff, 0xff, 0x94, 0x20, 0xcc, 0x33, 0x2a, 0x6,
    0x0, 0x0, 0xa, 0x40, 0x60, 0x0, 0x9, 0x10,
    0x2, 0x40, 0x19, 0x0, 0x0, 0x6, 0x90, 0x0,
    0x0,

    /* U+1F911 "🤑" */
    0x0, 0x6, 0x90, 0x0, 0x0, 0x24, 0x1, 0x80,
    0x0, 0x60, 0x0, 0x9, 0x0, 0x62, 0x80, 0x29,
    0x50, 0x20, 0x0, 0x0, 0x8, 0x14, 0x1c, 0x2,
    0x80, 0x48, 0xa, 0x0, 0x90, 0x22, 0x0, 0x90,
    0x8, 0x8, 0x80, 0x70, 0xa, 0x2, 0x20, 0x0,
    0x0, 0x0, 0x88, 0x25, 0x0, 0x58, 0x21, 0x4f,
    0xea, 0xbf, 0x44, 0x22, 0xf0, 0x8b, 0xc8, 0x2,
    0x2c, 0x52, 0xc9, 0x0, 0x62, 0xc, 0x89, 0x0,
    0x2, 0xc2, 0x39, 0x0, 0x0, 0xa, 0xa4, 0x0,
    0x0,

    /* U+1F912 "🤒" */
    0x0, 0x1, 0xa4, 0x0, 0x0, 0x6, 0x40, 0x18,
    0x0, 0x1, 0x80, 0x0, 0x24, 0x0, 0x50, 0x0,
    0x0, 0x90, 0x8, 0x14, 0x1, 0x42, 0x2, 0x8,
    0x0, 0x2, 0x18, 0x20, 0x18, 0x2, 0x41, 0x12,
    0x2, 0xc0, 0x38, 0x5c, 0x20, 0x4, 0x1, 0x16,
    0x82, 0x0, 0x0, 0x6, 0x88, 0x20, 0x0, 0x1,
    0xb0, 0x82, 0x0, 0xaa, 0xbc, 0x14, 0x8, 0x0,
    0x0, 0x2, 0x0, 0x50, 0x0, 0x0, 0x90, 0x1,
    0x40, 0x0, 0x24, 0x0, 0x6, 0x40, 0x18, 0x0,
    0x0, 0x2, 0xa4, 0x0, 0x0,

    /* U+1F913 "🤓" */
    0x0, 0x1, 0xa4, 0x0, 0x0, 0x6, 0x40, 0x28,
    0x0, 0x1, 0x40, 0x0, 0x24, 0x0, 0x50, 0x0,
    0x0, 0x80, 0x2e, 0xaa, 0xa, 0xab, 0x83, 0x41,
    0xa, 0x80, 0xc, 0x34, 0x74, 0x54, 0xf0, 0xc3,
    0x83, 0x4, 0x8e, 0x1c, 0x29, 0x6, 0x9, 0x6,
    0x82, 0x19, 0x40, 0x16, 0x48, 0x20, 0x95, 0x55,
    0x54, 0x81, 0x4b, 0xea, 0xbf, 0x4, 0x8, 0x2f,
    0xaf, 0xc2, 0x0, 0x60, 0x65, 0x50, 0x50, 0x1,
    0x80, 0x0, 0x14, 0x0, 0x2, 0x40, 0x19, 0x0,
    0x0, 0x1, 0xa8, 0x0, 0x0,

    /* U+1F914 "🤔" */
    0x0, 0x3e, 0xa8, 0x0, 0x0, 0x25, 0x80, 0xa0,
    0x0, 0x60, 0x1, 0x92, 0x0, 0x20, 0xf0, 0x1,
    0x20, 0x20, 0x3c, 0x9, 0x2, 0x4, 0x0, 0x3,
    0xc0, 0x84, 0x0, 0x0, 0x40, 0x16, 0x0, 0x0,
    0x0, 0x2, 0x80, 0x1a, 0xa0, 0x0, 0xb4, 0x0,
    0x1, 0x0, 0x29, 0x46, 0xa4, 0x0, 0x16, 0x29,
    0x5, 0x0, 0x8, 0x40, 0x34, 0x0, 0x1, 0x10,
    0x5, 0x0, 0x2, 0x4, 0x1, 0x80, 0x2, 0x0,
    0x80, 0x70, 0x1a, 0x0, 0x1a, 0xa6, 0xa4, 0x0,
    0x0,

    /* U+1F915 "🤕" */
    0x0, 0x6, 0x90, 0x0, 0x0, 0x24, 0xb, 0x80,
    0x0, 0x60, 0x7e, 0xad, 0x0, 0x7a, 0x54, 0x0,
    0x50, 0x20, 0x0, 0x0, 0x8, 0x14, 0x0, 0x15,
    0xab, 0x8e, 0xaa, 0xfc, 0x0, 0x23, 0x1, 0xd0,
    0x10, 0x8, 0x82, 0xf0, 0xf, 0x2, 0x26, 0x18,
    0x2, 0x80, 0x8d, 0x0, 0x0, 0x0, 0x21, 0x40,
    0x0, 0x0, 0x4, 0x20, 0xa, 0xa4, 0x8, 0x6,
    0x0, 0x0, 0x45, 0x0, 0x60, 0x0, 0x5, 0x0,
    0x2, 0x40, 0x19, 0x0, 0x0, 0x6, 0xa0, 0x0,
    0x0,

    /* U+1F916 "🤖" */
    0x0, 0x1, 0x80, 0x0, 0x0, 0x1, 0x48, 0x0,
    0x0, 0x0, 0x86, 0x0, 0x0, 0x0, 0xb, 0x40,
    0x0, 0x5, 0x56, 0xd5, 0x50, 0x5, 0x55, 0x55,
    0x56, 0x2, 0x0, 0x0, 0x0, 0x82, 0xc1, 0x90,
    0x28, 0x39, 0xa0, 0x88, 0x20, 0x88, 0xa8, 0x22,
    0x4, 0x22, 0x2a, 0x2, 0x58, 0xa0, 0x8a, 0x80,
    0x6, 0x0, 0x22, 0xa0, 0x3f, 0xfe, 0x8, 0xa8,
    0x9, 0x55, 0x82, 0x27, 0x2, 0xef, 0xd0, 0xe0,
    0x40, 0x0, 0x0, 0x20, 0xa, 0xaa, 0xaa, 0xa4,
    0x0,

    /* U+1F917 "🤗" */
    0x0, 0x0, 0x69, 0x0, 0x0, 0x0, 0x19, 0x0,
    0x64, 0x0, 0x0, 0x60, 0x0, 0x9, 0x0, 0x1,
    0x80, 0x0, 0x2, 0x40, 0x2, 0x0, 0x2, 0x90,
    0x80, 0x5, 0xa, 0x41, 0x0, 0x50, 0x8, 0x10,
    0x0, 0x0, 0x20, 0x8, 0x0, 0x0, 0x18, 0x20,
    0x8, 0x10, 0x0, 0x90, 0x20, 0x8, 0x6, 0xaa,
    0x0, 0x20, 0x2d, 0x54, 0x0, 0x15, 0x78, 0x31,
    0x54, 0x0, 0x15, 0x18, 0x55, 0x1, 0x0, 0x40,
    0x56, 0x65, 0x2, 0x0, 0x80, 0x19, 0x44, 0x2,
    0x0, 0x80, 0x12, 0x24, 0x3, 0x0, 0xc0, 0x18,
    0x6, 0xa9, 0x69, 0x6a, 0x90,

    /* U+1F918 "🤘" */
    0x0, 0x0, 0x8, 0x0, 0x0, 0x8, 0x80, 0x0,
    0x2, 0x20, 0xa0, 0x0, 0x48, 0x82, 0x0, 0x52,
    0x10, 0x80, 0x10, 0x85, 0x3a, 0xec, 0x21, 0x4c,
    0x22, 0x4, 0x13, 0xd, 0xd5, 0x8, 0xa9, 0x7,
    0x42, 0x1c, 0x0, 0x20, 0x81, 0xa8, 0x8, 0x20,
    0x2, 0xc2, 0x8, 0x0, 0x81, 0x40, 0x80, 0x0,
    0x80, 0x18, 0x1, 0x80, 0x0, 0x6a, 0x40, 0x0,

    /* U+1F919 "🤙" */
    0x0, 0xa, 0x40, 0x0, 0x0, 0x8, 0x80, 0x0,
    0x0, 0x8, 0x80, 0x0, 0x0, 0x8, 0x80, 0x0,
    0x0, 0x20, 0x80, 0x0, 0x1, 0x81, 0xaa, 0x0,
    0x6, 0x0, 0x0, 0x80, 0x94, 0x0, 0x5, 0x20,
    0x80, 0x0, 0x0, 0xa0, 0x80, 0x0, 0x0, 0x10,
    0x80, 0x0, 0xa, 0xa0, 0x80, 0x0, 0x0, 0x20,
    0x80, 0x0, 0x0, 0x20, 0x5a, 0x40, 0xb, 0xc0,
    0x0, 0x69, 0x0, 0x68, 0x0, 0x1, 0xa9, 0x2,
    0x0, 0x0, 0x1, 0x69,

    /* U+1F91A "🤚" */
    0x0, 0x9, 0x0, 0x0, 0x8, 0x80, 0x0, 0x2b,
    0x3a, 0x0, 0x8, 0x88, 0xa4, 0x2, 0x22, 0x32,
    0x0, 0x88, 0x88, 0x46, 0x22, 0x22, 0x22, 0x28,
    0x88, 0x88, 0x87, 0x0, 0x2, 0x20, 0xd1, 0x11,
    0x84, 0x0, 0x0, 0x21, 0x40, 0x0, 0x8, 0x20,
    0x0, 0x2, 0x8, 0x0, 0x0, 0x81, 0x40, 0x0,
    0x50, 0x18, 0x0, 0x60, 0x0, 0x6a, 0x90, 0x0,

    /* U+1F91B "🤛" */
    0x0, 0x0, 0x0, 0x0, 0x0, 0x0, 0x6a, 0xaa,
    0xa9, 0x6, 0x90, 0x0, 0x0, 0x12, 0x40, 0x0,
    0x0, 0x1, 0x80, 0x0, 0x0, 0x0, 0x28, 0x0,
    0xa0, 0x0, 0x2, 0x80, 0x1b, 0x40, 0x0, 0x28,
    0x9, 0x8, 0x0, 0x2, 0x80, 0x1, 0x40, 0x6,
    0xa8, 0x0, 0x20, 0x6, 0x0, 0x40, 0x8, 0x2,
    0x40, 0x5, 0x6, 0x0, 0x90, 0x0, 0x19, 0x80,
    0x20, 0x0, 0x0, 0x2, 0xa8, 0x0, 0x0,

    /* U+1F91C "🤜" */
    0x0, 0x0, 0x0, 0x0, 0x0, 0xaa, 0xaa, 0xa5,
    0x0, 0x2, 0x0, 0x0, 0x6, 0x90, 0x8, 0x0,
    0x0, 0x0, 0x24, 0x20, 0x0, 0x0, 0x0, 0x20,
    0x80, 0x0, 0x18, 0x0, 0x82, 0x0, 0x0, 0xe4,
    0x2, 0x4, 0x0, 0x2, 0x9, 0x8, 0x3a, 0x40,
    0x8, 0x0, 0x20, 0x1, 0x80, 0x14, 0x0, 0x80,
    0x0, 0x80, 0x14, 0x2, 0x0, 0x0, 0x80, 0x18,
    0x8, 0x0, 0x0, 0x90, 0x26, 0x80, 0x0, 0x0,
    0x6a, 0x40, 0x0,

    /* U+1F91D "🤝" */
    0x24, 0x0, 0x0, 0x1, 0x94, 0x6a, 0xaf, 0xaa,
    0x42, 0x80, 0x6, 0x0, 0x0, 0x28, 0x1, 0x40,
    0x0, 0x2, 0x80, 0x14, 0xaa, 0x0, 0x24, 0x0,
    0x50, 0x8, 0x2, 0x20, 0x0, 0x0, 0x20, 0x51,
    0xa4, 0x0, 0x0, 0xa8, 0x8, 0xdd, 0x1, 0x86,
    0x0, 0x34, 0xa4, 0x86, 0x50, 0x1, 0xf3, 0xe2,
    0x64, 0x0, 0x2, 0xed, 0xa8, 0x0, 0x0, 0x0,
    0x28, 0x0, 0x0,

    /* U+1F91E "🤞" */
    0x0, 0x6, 0x28, 0x0, 0x8, 0xd2, 0x0, 0x4,
    0x82, 0x0, 0x8, 0x14, 0x0, 0x8, 0x28, 0x0,
    0x1, 0x28, 0x0, 0xa7, 0x18, 0x2b, 0xf, 0x8,
    0x22, 0xd, 0x88, 0x21, 0xae, 0xad, 0x37, 0xc0,
    0x2, 0x20, 0x6a, 0x2, 0x20, 0x1, 0xd2, 0x14,
    0x2, 0x2, 0x8, 0x0, 0x5, 0x2, 0x40, 0x24,
    0x0, 0x6a, 0x40,

    /* U+1F91F "🤟" */
    0x0, 0x0, 0x28, 0x0, 0x0, 0x0, 0x82, 0x0,
    0x0, 0x0, 0x82, 0x0, 0x28, 0x0, 0x82, 0x0,
    0x52, 0x0, 0x82, 0x0, 0x52, 0x0, 0x82, 0x0,
    0x12, 0xaa, 0xc2, 0x0, 0x12, 0x8, 0x82, 0x0,
    0x22, 0x8, 0x83, 0xa8, 0x21, 0x8, 0xa8, 0x2,
    0x20, 0xaa, 0xc0, 0x28, 0x20, 0x2, 0x0, 0x80,
    0x20, 0x5, 0x2, 0x0, 0x14, 0x4, 0x2, 0x0,
    0x8, 0x0, 0x8, 0x0, 0x2, 0x40, 0x60, 0x0,
    0x0, 0x6a, 0x40, 0x0,

    /* U+1F920 "🤠" */
    0x0, 0x9, 0x64, 0x0, 0x0, 0x8, 0x12, 0x40,
    0x0, 0x8, 0x0, 0x20, 0x2, 0xeb, 0xea, 0xaf,
    0xac, 0xb0, 0x5a, 0xa9, 0x4b, 0x2f, 0x40, 0x0,
    0xb, 0xcb, 0xe9, 0x0, 0x6b, 0xf0, 0xf0, 0x6a,
    0x90, 0x74, 0x24, 0x24, 0xc, 0xc, 0x4, 0xe,
    0x3, 0x2, 0x1, 0x1, 0x0, 0x40, 0x80, 0x50,
    0x0, 0x0, 0x20, 0x8, 0x95, 0x56, 0x14, 0x1,
    0x5f, 0xff, 0x88, 0x0, 0x20, 0xbf, 0x48, 0x0,
    0x2, 0x80, 0x18, 0x0, 0x0, 0x6, 0xa0, 0x0,
    0x0,

    /* U+1F921 "🤡" */
    0x0, 0x0, 0x50, 0x0, 0x0, 0x2b, 0xf5, 0x5f,
    0xed, 0x3, 0xff, 0xc0, 0x2f, 0xfd, 0x1f, 0xfd,
    0x0, 0x2f, 0xf8, 0xbf, 0xc0, 0x0, 0x3f, 0xf3,
    0xfd, 0x0, 0x0, 0x2f, 0xc7, 0xc2, 0xc0, 0x3c,
    0x2e, 0x8, 0x7, 0x18, 0xa0, 0x10, 0x20, 0x1,
    0xf8, 0x0, 0x50, 0x80, 0xb, 0xf0, 0x1, 0x2,
    0x0, 0xb, 0x0, 0x8, 0x5, 0x5, 0x0, 0x60,
    0x20, 0x8, 0x21, 0xa9, 0x81, 0x0, 0x18, 0x64,
    0x9, 0x18, 0x0, 0x18, 0x1a, 0x41, 0x80, 0x0,
    0x9, 0x0, 0x64, 0x0, 0x0, 0x1, 0xa9, 0x0,
    0x0,

    /* U+1F922 "🤢" */
    0x0, 0x6, 0x90, 0x0, 0x0, 0x24, 0x1, 0x80,
    0x0, 0x60, 0x0, 0x9, 0x0, 0x60, 0x0, 0x0,
    0x50, 0x20, 0x0, 0x0, 0x8, 0x14, 0x0, 0x0,
    0x90, 0x48, 0x9, 0x0, 0x4, 0x22, 0x4, 0x0,
    0x0, 0x8, 0x80, 0x70, 0xa, 0x2, 0x20, 0x2c,
    0x2, 0xc0, 0x88, 0x0, 0x0, 0x0, 0x21, 0x40,
    0x0, 0x0, 0x4, 0x20, 0x2e, 0xac, 0x8, 0x6,
    0x2, 0x2, 0x5, 0x0, 0x60, 0x40, 0x45, 0x0,
    0x2, 0x40, 0x19, 0x0, 0x0, 0x6, 0xa0, 0x0,
    0x0,

    /* U+1F923 "🤣" */
    0x0, 0x6, 0x90, 0x0, 0x0, 0x28, 0x1, 0x90,
    0x0, 0x60, 0x0, 0x6, 0x0, 0x20, 0x2, 0x6,
    0xf0, 0x20, 0x0, 0x9c, 0x2, 0x14, 0x0, 0x76,
    0x80, 0xc8, 0x0, 0x0, 0x2f, 0xb2, 0x0, 0x0,
    0x17, 0x44, 0x82, 0xa0, 0x6, 0xd1, 0x60, 0x20,
    0x6, 0xf0, 0x48, 0xc, 0x6, 0xe8, 0x21, 0x9,
    0x96, 0xd4, 0x8, 0x25, 0x3b, 0xf4, 0x5, 0x7,
    0x3, 0xf4, 0x2, 0x0, 0x80, 0x80, 0x6, 0x0,
    0x8, 0x60, 0x19, 0x0, 0x0, 0x56, 0xa4, 0x0,
    0x0,

    /* U+1F924 "🤤" */
    0x0, 0x6, 0x90, 0x0, 0x0, 0x24, 0x1, 0x80,
    0x0, 0x60, 0x0, 0x9, 0x0, 0x60, 0x0, 0x18,
    0x50, 0x20, 0x90, 0x0, 0x88, 0x14, 0x80, 0x0,
    0x0, 0x48, 0x0, 0x0, 0x0, 0x22, 0x2, 0x90,
    0x69, 0x8, 0x80, 0x0, 0x0, 0x2, 0x20, 0x0,
    0x0, 0x0, 0x88, 0x0, 0x0, 0x0, 0x21, 0x40,
    0x90, 0x14, 0x4, 0x20, 0x1f, 0xac, 0x8, 0x2,
    0x0, 0x62, 0x5, 0x0, 0x60, 0x8, 0x85, 0x0,
    0x2, 0x82, 0x2d, 0x0, 0x0, 0x6, 0xe8, 0x0,
    0x0,

    /* U+1F925 "🤥" */
    0x0, 0x6, 0xa4, 0x0, 0x0, 0xa, 0x40, 0x68,
    0x0, 0x2, 0x0, 0x0, 0x20, 0x0, 0x80, 0x0,
    0x64, 0x80, 0x20, 0xa0, 0x0, 0x42, 0x2, 0x10,
    0x0, 0x0, 0x20, 0x50, 0x24, 0x7, 0x0, 0x48,
    0x3, 0xc1, 0xf5, 0x5c, 0x80, 0x10, 0x15, 0x55,
    0x68, 0x0, 0x1, 0x55, 0x55, 0x50, 0x0, 0x0,
    0x1, 0x82, 0x0, 0x0, 0x0, 0x20, 0x20, 0x0,
    0x50, 0x2, 0x0, 0x80, 0x60, 0x0, 0x80, 0x2,
    0x0, 0x0, 0x20, 0x0, 0xa, 0x40, 0x28, 0x0,
    0x0, 0x6, 0xa4, 0x0, 0x0,

    /* U+1F926 "🤦" */
    0x0, 0x6, 0xa4, 0x0, 0x0, 0x6, 0x40, 0x60,
    0x0, 0x1, 0x80, 0x0, 0x80, 0x0, 0x20, 0x68,
    0x2, 0x0, 0x8, 0x8, 0x20, 0x14, 0x0, 0x47,
    0x1, 0xa0, 0x80, 0x20, 0x14, 0x2, 0x2, 0x2,
    0x0, 0x80, 0x20, 0x14, 0x50, 0x1f, 0x2, 0x0,
    0x88, 0x0, 0x14, 0x8, 0x1, 0x40, 0x0, 0x80,
    0x10, 0x25, 0x0, 0x6, 0x0, 0x2, 0x20, 0x0,
    0x14, 0x0, 0x50, 0xa4, 0x0, 0xb4, 0x18, 0x0,
    0x6a, 0x94, 0x69, 0x0,

    /* U+1F927 "🤧" */
    0x0, 0x1, 0xa5, 0x0, 0x0, 0x2, 0x90, 0x1a,
    0x0, 0x0, 0x80, 0x0, 0x8, 0x0, 0x20, 0x0,
    0x0, 0x20, 0x8, 0x0, 0x0, 0x0, 0x80, 0x80,
    0x0, 0x0, 0x8, 0x14, 0x19, 0x1, 0x90, 0x52,
    0x1, 0xa0, 0x29, 0x2, 0x20, 0x10, 0x50, 0x10,
    0x22, 0x0, 0xa4, 0x80, 0x2, 0x1a, 0x91, 0x8,
    0x14, 0x52, 0x41, 0x90, 0x52, 0x48, 0x22, 0x90,
    0x2a, 0x90, 0x82, 0x80, 0x52, 0x80, 0x20, 0x10,
    0x18, 0x50, 0x8, 0x0, 0x9d, 0x18, 0x1a, 0x0,
    0x1, 0x6b, 0x65, 0x0, 0x0,

    /* U+1F928 "🤨" */
    0x0, 0x6, 0x90, 0x0, 0x0, 0x24, 0x1, 0x80,
    0x0, 0x60, 0x0, 0x9, 0x0, 0x60, 0x0, 0x19,
    0x50, 0x20, 0x0, 0x14, 0x48, 0x14, 0xa9, 0x0,
    0x0, 0x48, 0x0, 0x0, 0x50, 0x22, 0x2, 0xc0,
    0x3c, 0x8, 0x80, 0xb0, 0xf, 0x2, 0x20, 0x4,
    0x0, 0x0, 0x88, 0x0, 0x0, 0x0, 0x21, 0x40,
    0x0, 0x0, 0x4, 0x20, 0xa, 0xa0, 0x8, 0x6,
    0x0, 0x0, 0x5, 0x0, 0x60, 0x0, 0x5, 0x0,
    0x2, 0x40, 0x19, 0x0, 0x0, 0x6, 0xa0, 0x0,
    0x0,

    /* U+1F929 "🤩" */
    0x0, 0x6, 0x90, 0x0, 0x0, 0x24, 0x1, 0x80,
    0x0, 0x60, 0x0, 0xd, 0x0, 0x67, 0x0, 0x3,
    0x50, 0x37, 0xfc, 0x1f, 0xec, 0x1b, 0xfd, 0x2,
    0xff, 0x48, 0x3f, 0x40, 0xbe, 0x22, 0xd, 0x50,
    0x26, 0x88, 0x80, 0x0, 0x0, 0x2, 0x20, 0x0,
    0x0, 0x0, 0x88, 0x25, 0x55, 0x56, 0x21, 0x4b,
    0xea, 0xbf, 0x44, 0x20, 0xbf, 0xbf, 0x48, 0x6,
    0x2, 0x56, 0x5, 0x0, 0x60, 0x0, 0x5, 0x0,
    0x2, 0x40, 0x19, 0x0, 0x0, 0x6, 0xa0, 0x0,
    0x0,

    /* U+1F92A "🤪" */
    0x0, 0x6, 0x90, 0x0, 0x0, 0x24, 0x1, 0x80,
    0x0, 0x60, 0x0, 0x9, 0x0, 0x60, 0x0, 0x98,
    0x50, 0x20, 0x0, 0x84, 0x88, 0x14, 0x50, 0x13,
    0x10, 0x48, 0x52, 0x8, 0x8, 0x22, 0x16, 0x40,
    0xa8, 0x8, 0x84, 0x20, 0x0, 0x52, 0x20, 0x50,
    0x0, 0xb8, 0x88, 0x0, 0x6, 0xfe, 0x21, 0x41,
    0xaa, 0x2f, 0x4, 0x21, 0xf0, 0x4b, 0x48, 0x2,
    0x2c, 0x11, 0x89, 0x0, 0x62, 0x0, 0x49, 0x0,
    0x2, 0xc0, 0x39, 0x0, 0x0, 0xa, 0xa4, 0x0,
    0x0,

    /* U+1F92B "🤫" */
    0x0, 0x6, 0x90, 0x0, 0x0, 0xa0, 0x6, 0x40,
    0x6, 0x0, 0x0, 0x90, 0x8, 0x0, 0x0, 0x14,
    0x20, 0x0, 0x0, 0x8, 0x50, 0x20, 0x5, 0x1,
    0x80, 0xb4, 0xf, 0x2, 0x80, 0x12, 0x85, 0x2,
    0x80, 0x2, 0x20, 0x2, 0x80, 0x9, 0x34, 0x2,
    0x40, 0x5, 0xb8, 0x2, 0x20, 0x8, 0x5a, 0x5,
    0x20, 0x4, 0x46, 0x48, 0x8, 0x20, 0x2f, 0x60,
    0x2, 0x60, 0x7, 0x80, 0x0, 0x7c, 0x1e, 0x0,
    0x0, 0x2, 0xa4, 0x0,

    /* U+1F92C "🤬" */
    0x0, 0x6, 0x90, 0x0, 0x0, 0x24, 0x1, 0x80,
    0x0, 0x60, 0x0, 0x9, 0x0, 0x60, 0x0, 0x0,
    0x50, 0x20, 0x0, 0x0, 0x8, 0x14, 0x0, 0x0,
    0x0, 0x48, 0xa, 0x0, 0x60, 0x22, 0x1, 0xd0,
    0x38, 0x8, 0x80, 0xb0, 0xe, 0x2, 0x20, 0x0,
    0x0, 0x0, 0x88, 0xff, 0xa5, 0x40, 0x21, 0x7d,
    0xeb, 0xff, 0xc4, 0x2e, 0x3b, 0xba, 0xe8, 0x7,
    0xee, 0xad, 0xbd, 0x0, 0xff, 0xff, 0xbf, 0x0,
    0x2, 0x95, 0xbf, 0x40, 0x0, 0x6, 0xa0, 0x0,
    0x0,

    /* U+1F92D "🤭" */
    0x0, 0x6, 0x90, 0x0, 0x0, 0x24, 0x1, 0x80,
    0x0, 0x60, 0x0, 0x9, 0x0, 0x60, 0x0, 0x0,
    0x50, 0x20, 0x0, 0x0, 0x8, 0x14, 0x29, 0x6,
    0x80, 0x48, 0x0, 0x41, 0x4, 0x22, 0x0, 0x50,
    0x0, 0x8, 0x80, 0x18, 0x99, 0x42, 0x20, 0x22,
    0x42, 0x20, 0x88, 0x20, 0xa, 0x28, 0x21, 0x44,
    0x0, 0x62, 0x4, 0x24, 0x0, 0x6, 0x48, 0x7,
    0x0, 0x5, 0x55, 0x0, 0xa0, 0x0, 0x99, 0x0,
    0x5, 0x2, 0xa8, 0x0, 0x0, 0x1b, 0x90, 0x0,
    0x0,

    /* U+1F92E "🤮" */
    0x0, 0x6, 0xa4, 0x0, 0x0, 0x64, 0x1, 0x90,
    0x0, 0x60, 0x0, 0x6, 0x0, 0x60, 0x40, 0x20,
    0x50, 0x21, 0x90, 0x2, 0x88, 0x14, 0x0, 0x0,
    0x0, 0x88, 0x8, 0x0, 0x14, 0x22, 0x0, 0xa0,
    0xb4, 0x8, 0x80, 0xa4, 0x1a, 0x42, 0x20, 0x1,
    0xa4, 0x0, 0x88, 0x2, 0x40, 0x80, 0x21, 0x42,
    0x55, 0x5c, 0x8, 0x20, 0xf5, 0x5f, 0x8, 0x6,
    0x3c, 0x45, 0xc6, 0x0, 0x76, 0x3, 0x6b, 0x0,
    0x58, 0x4, 0x0, 0x80, 0x6, 0xaa, 0xaa, 0xb0,
    0x0,

    /* U+1F92F "🤯" */
    0x0, 0x1, 0xa0, 0x1, 0x0, 0x42, 0x80, 0xa9,
    0x54, 0x21, 0x80, 0x0, 0x15, 0x0, 0x48, 0x0,
    0x0, 0x84, 0x0, 0x40, 0x1, 0x9, 0x40, 0x10,
    0x0, 0x20, 0x40, 0x5, 0xb0, 0x8, 0x28, 0x41,
    0x50, 0xba, 0xe8, 0x15, 0x0, 0x69, 0x5a, 0x90,
    0x42, 0xb5, 0x3f, 0xc4, 0xe8, 0x21, 0x36, 0x5,
    0xc4, 0x82, 0x4, 0x20, 0x81, 0x48, 0x8, 0x24,
    0x1, 0x91, 0x0, 0x90, 0x1f, 0x40, 0x20, 0x2,
    0x42, 0xf4, 0x18, 0x0, 0x6, 0x40, 0x19, 0x0,
    0x0, 0x6, 0xa9, 0x0, 0x0,

    /* U+1F930 "🤰" */
    0x0, 0x69, 0x0, 0x2, 0xff, 0x80, 0x7, 0xff,
    0xc0, 0xb, 0xff, 0xd0, 0x7, 0xff, 0xd0, 0x3,
    0xff, 0xc0, 0x0, 0xff, 0x0, 0x0, 0x2f, 0x40,
    0x0, 0xbf, 0xe0, 0x1, 0xff, 0xfc, 0x7, 0xff,
    0x7d, 0x1f, 0xfe, 0x1e, 0x3f, 0xfe, 0x3d, 0x3f,
    0xff, 0xf4, 0x3f, 0xff, 0xf0, 0x2f, 0xff, 0xe0,
    0x5, 0x55, 0x0,

    /* U+1F931 "🤱" */
    0x0, 0xa0, 0x0, 0xb, 0xfd, 0x0, 0xf, 0xff,
    0x0, 0x1f, 0xff, 0x40, 0x1f, 0xff, 0x40, 0xf,
    0xff, 0x0, 0x7, 0xfd, 0x0, 0x1, 0xf9, 0x0,
    0x7, 0xff, 0xc0, 0x1f, 0xff, 0xf0, 0x3f, 0xff,
    0xf8, 0x35, 0xff, 0xfc, 0x40, 0x36, 0xfe, 0x40,
    0x9, 0x7f, 0x90, 0x3f, 0xf, 0x7a, 0xff, 0xbf,
    0x2f, 0xe6, 0xfd,

    /* U+1F932 "🤲" */
    0x0, 0x0, 0x0, 0x0, 0x0, 0xa, 0x0, 0x1a,
    0x40, 0x6, 0xaa, 0xb, 0x26, 0x0, 0x8a, 0x3a,
    0xd6, 0x20, 0x1c, 0xa2, 0xc9, 0x63, 0x45, 0x8a,
    0x2c, 0x95, 0x25, 0x88, 0xf6, 0xca, 0xf6, 0x28,
    0x80, 0x7c, 0xd0, 0x22, 0x85, 0x0, 0xc0, 0x9,
    0x28, 0x18, 0xc, 0x3, 0x42, 0x40, 0x50, 0xc0,
    0xc0, 0x11, 0x0, 0xc, 0x0, 0x4, 0x20, 0x0,
    0xa0, 0x0, 0x80, 0x80, 0x61, 0x80, 0x60, 0x1,
    0xa4, 0x1, 0xa4, 0x0,

    /* U+1F933 "🤳" */
    0x0, 0x0, 0x29, 0x0, 0x0, 0x2, 0x42, 0x0,
    0x0, 0x8, 0x8, 0x0, 0x0, 0x20, 0x20, 0x0,
    0x0, 0x89, 0xc0, 0x0, 0x2, 0x29, 0x40, 0x0,
    0xa, 0x91, 0x0, 0x0, 0x29, 0x41, 0x0, 0x0,
    0xaa, 0x4, 0x0, 0x0, 0x54, 0x10, 0x0, 0x0,
    0xb5, 0xa, 0x90, 0x28, 0x88, 0x80, 0x1b, 0x1,
    0x92, 0x0, 0x10, 0x2, 0x8, 0x0, 0x0, 0x60,
    0x9, 0x40, 0x19, 0x0, 0x1, 0x6a, 0x40, 0x0,

    /* U+1F934 "🤴" */
    0x0, 0x1, 0x0, 0x0, 0x8, 0x71, 0x80, 0x30,
    0xda, 0x64, 0xb3, 0xae, 0x17, 0xe9, 0x30, 0x46,
    0x4, 0xa2, 0x5a, 0xaa, 0x58, 0x24, 0x0, 0x1,
    0xc2, 0xea, 0xaa, 0xac, 0x8, 0x0, 0x10, 0x80,
    0x86, 0x6, 0x8, 0x8, 0x0, 0x0, 0x80, 0x82,
    0x4, 0x8, 0x8, 0x6, 0x0, 0x80, 0x80, 0x0,
    0x8, 0x8, 0x0, 0x0, 0x80, 0x24, 0x0, 0x64,
    0x0, 0x1a, 0x94, 0x0,

    /* U+1F935 "🤵" */
    0x0, 0x69, 0x0, 0x2, 0x41, 0x80, 0x8, 0x0,
    0x20, 0x20, 0x0, 0x8, 0x20, 0x0, 0x8, 0x50,
    0x0, 0x4, 0x42, 0x42, 0x44, 0x41, 0x1, 0x44,
    0x40, 0x0, 0x4, 0x40, 0x69, 0x4, 0x50, 0x0,
    0x4, 0x76, 0x1, 0xac, 0x73, 0xff, 0xcd, 0x33,
    0x96, 0x9f, 0x30, 0x10, 0xf, 0x19, 0x0, 0x1c,
    0x1, 0xaa, 0x40,

    /* U+1F936 "🤶" */
    0x0, 0x5, 0x0, 0x0, 0x1f, 0xff, 0x0, 0x7,
    0xff, 0xfc, 0x0, 0xff, 0xff, 0xf0, 0x24, 0x0,
    0x1f, 0x44, 0x0, 0x0, 0x38, 0xaa, 0xaa, 0xab,
    0x83, 0x0, 0x0, 0x38, 0x20, 0xc0, 0xc7, 0x92,
    0x0, 0x0, 0x42, 0x20, 0x40, 0x47, 0x92, 0x1,
    0x90, 0x20, 0x20, 0x0, 0x2, 0x2, 0x0, 0x0,
    0x20, 0x14, 0x0, 0x2, 0x0, 0x90, 0x1, 0x90,
    0x0, 0x6a, 0x90, 0x0,

    /* U+1F937 "🤷" */
    0x0, 0x0, 0x69, 0x0, 0x0, 0x0, 0x6, 0x1,
    0x80, 0x0, 0x0, 0x8, 0x0, 0x20, 0x0, 0x0,
    0x20, 0x0, 0x8, 0x0, 0x64, 0x80, 0x0, 0x2,
    0x19, 0x86, 0x82, 0x42, 0x82, 0x92, 0x20, 0x80,
    0x0, 0x2, 0x8, 0x14, 0x20, 0x28, 0x8, 0x14,
    0xc, 0x20, 0x0, 0x8, 0x30, 0xa, 0x14, 0x0,
    0x10, 0xa0, 0x12, 0x8, 0x0, 0x20, 0x84, 0x10,
    0x8, 0x0, 0x20, 0x8, 0x10, 0x8, 0x0, 0x20,
    0x4, 0x8, 0x2e, 0xaa, 0xb8, 0x20, 0x2, 0x90,
    0x0, 0x6, 0x80,

    /* U+1F938 "🤸" */
    0x0, 0x0, 0x4, 0x0, 0x0, 0x0, 0x3, 0x40,
    0x0, 0x0, 0x1, 0x80, 0x0, 0x0, 0x0, 0x90,
    0x0, 0x0, 0x0, 0x34, 0x0, 0x4, 0x0, 0x1c,
    0x0, 0xf, 0xf4, 0xf, 0x0, 0x0, 0xb, 0xff,
    0xc0, 0x0, 0x0, 0x2f, 0xfe, 0x40, 0x0, 0x1,
    0xff, 0xaf, 0x40, 0x0, 0x2f, 0xf4, 0xb0, 0x0,
    0xa, 0xbf, 0x4, 0x0, 0x1, 0x9f, 0x80, 0x0,
    0x0, 0x61, 0x40, 0x0, 0x0, 0x18, 0x0, 0x0,
    0x0, 0xe, 0x0, 0x0, 0x0, 0xb, 0x40, 0x0,
    0x0,

    /* U+1F939 "🤹" */
    0x0, 0x0, 0x20, 0x0, 0x0, 0xb, 0x0, 0x0,
    0x0, 0x0, 0x0, 0x0, 0xa0, 0x0, 0x0, 0x60,
    0x50, 0x7, 0x8, 0x2, 0x0, 0x72, 0x40, 0x18,
    0x60, 0x24, 0x1, 0x8f, 0x0, 0xff, 0xf0, 0x7,
    0x7, 0xfd, 0x0, 0xb4, 0x1f, 0x80, 0x9b, 0x47,
    0xfd, 0xf, 0x79, 0xff, 0xf0, 0xf3, 0xff, 0xff,
    0x8e, 0xa, 0xff, 0xff, 0xd0, 0xf, 0xff, 0xb8,
    0x0, 0x6a, 0x90, 0x0,

    /* U+1F93A "🤺" */
    0x0, 0x0, 0x2, 0xd0, 0x0, 0x0, 0x0, 0xbf,
    0x40, 0x0, 0x0, 0xb, 0xf8, 0x0, 0x0, 0x0,
    0x3f, 0xa, 0x0, 0x0, 0x2, 0xf4, 0xe1, 0xa6,
    0xd0, 0xbf, 0xfd, 0x0, 0x6f, 0x5f, 0xfa, 0x80,
    0x0, 0x1f, 0xff, 0x40, 0x0, 0x0, 0x7, 0xf4,
    0x0, 0x0, 0x0, 0xff, 0x80, 0x0, 0x0, 0x2e,
    0xb8, 0x0, 0x0, 0x7, 0x83, 0xc0, 0x0, 0x0,
    0xb0, 0x3c, 0x0, 0x0, 0xb, 0x2, 0xc0, 0x0,
    0x0, 0x70, 0x1c, 0x0, 0x0, 0x7, 0x0, 0xc0,
    0x0, 0x1, 0xf0, 0xd, 0x0,

    /* U+1F93C "🤼" */
    0x0, 0x0, 0x0, 0x0, 0x0, 0xb, 0xc0, 0xf4,
    0x0, 0x1, 0xfe, 0x3f, 0xc0, 0x0, 0x1f, 0xe3,
    0xfc, 0x0, 0x0, 0xfc, 0x1f, 0x80, 0x0, 0x1f,
    0xff, 0xfc, 0x0, 0x3, 0xf4, 0x57, 0xe0, 0x0,
    0x7f, 0xd7, 0xff, 0x0, 0x3, 0xe9, 0x17, 0xf0,
    0x0, 0x3f, 0x80, 0xbf, 0x0, 0x2, 0xfd, 0x1e,
    0xf8, 0x2, 0xf8, 0xc1, 0xc3, 0xfd, 0x78, 0xc,
    0xd, 0x0, 0xd3, 0x40, 0xf3, 0xe0, 0x8, 0x0,
    0x0, 0x0, 0x0, 0x0,

    /* U+1F93D "🤽" */
    0x0, 0x64, 0x0, 0x0, 0x0, 0x2a, 0xa0, 0x0,
    0x0, 0x3, 0x77, 0x0, 0x0, 0x0, 0x2a, 0xb0,
    0x0, 0x0, 0x1, 0xa9, 0x3e, 0x0, 0x0, 0xb,
    0x8f, 0xf8, 0x0, 0x0, 0x70, 0xff, 0x80, 0x0,
    0xf, 0xf, 0xf4, 0x0, 0x0, 0xff, 0xfe, 0x0,
    0x0, 0x2, 0xff, 0xfd, 0x0, 0x0, 0xb, 0xff,
    0xf4, 0x0, 0x0, 0xbf, 0xe7, 0xc0, 0x20, 0x6f,
    0xfe, 0xfe, 0x40, 0x64, 0x2, 0x8b, 0x40, 0x0,
    0x0, 0x0, 0x50, 0x0, 0x42, 0xa4, 0xa, 0xa4,
    0x6, 0x40, 0x29, 0x0, 0x0,

    /* U+1F93E "🤾" */
    0x0, 0x0, 0x14, 0x0, 0xa0, 0x42, 0x3, 0xfc,
    0x83, 0x3, 0xfe, 0x2f, 0x3, 0xfd, 0x7e, 0x1,
    0xff, 0xf8, 0x7, 0xff, 0xc0, 0x2f, 0xff, 0x0,
    0x7c, 0xbf, 0x40, 0xb0, 0xbf, 0xc0, 0x0, 0xff,
    0xc0, 0x3, 0xff, 0xc0, 0x3, 0xef, 0xc0, 0x3,
    0x87, 0xff, 0x7, 0x81, 0xff, 0xf, 0x80, 0x0,
    0xa, 0x0, 0x0,

    /* U+1F93F "🤿" */
    0x0, 0x0, 0x0, 0xa, 0x0, 0x0, 0x0, 0x8,
    0x40, 0x0, 0x0, 0x2, 0x10, 0x0, 0x0, 0x0,
    0x7c, 0x0, 0x55, 0x50, 0x16, 0x6, 0x55, 0x55,
    0x95, 0x85, 0x6a, 0xaa, 0x96, 0x62, 0x10, 0x0,
    0x5, 0xfc, 0x90, 0x1a, 0x80, 0xb1, 0x21, 0x26,
    0x98, 0x5f, 0xc5, 0x62, 0x8, 0x96, 0x60, 0x6b,
    0x96, 0xe9, 0x58, 0x0, 0x5, 0x0, 0x12, 0x0,
    0x9, 0x60, 0x9, 0x40, 0x1, 0xae, 0xa4, 0x80,
    0x0, 0x15, 0x56, 0x80, 0x0, 0xa, 0x54, 0x0,
    0x0,

    /* U+1F940 "🥀" */
    0x0, 0x0, 0x0, 0x0, 0x2, 0x7f, 0x0, 0x0,
    0x82, 0xfd, 0x0, 0x8, 0x3b, 0x20, 0x0, 0x43,
    0x10, 0x80, 0x8, 0x21, 0x2, 0x6, 0xc2, 0x2a,
    0xb2, 0x88, 0x23, 0xec, 0x48, 0x65, 0xde, 0x8,
    0x82, 0x61, 0x8, 0x88, 0x26, 0x80, 0xc6, 0x2,
    0x48, 0x8, 0x0, 0x22, 0x80, 0x0, 0x2, 0x8,
    0xc0, 0x0, 0x20, 0xb, 0x0, 0x1, 0x0, 0x10,
    0x0, 0x0, 0x0, 0x0,

    /* U+1F941 "🥁" */
    0x10, 0x0, 0x0, 0x0, 0x20, 0x0, 0x0, 0x8,
    0x8, 0x0, 0x0, 0x20, 0x2, 0x5, 0x54, 0x50,
    0x7, 0xd4, 0x17, 0xd0, 0x24, 0xea, 0xab, 0x18,
    0x52, 0x20, 0x8, 0x95, 0x88, 0x2c, 0x3c, 0x22,
    0x56, 0x4, 0x0, 0x91, 0x34, 0xaa, 0xaa, 0xc,
    0x36, 0x50, 0x5, 0x99, 0x30, 0x3a, 0xac, 0x8,
    0x70, 0x30, 0xc, 0xe, 0xb0, 0x30, 0xd, 0xe,
    0x34, 0x20, 0x8, 0xc, 0xa, 0x60, 0x9, 0xa0,
    0x0, 0x5a, 0xa5, 0x0,

    /* U+1F942 "🥂" */
    0x0, 0x0, 0x6, 0x80, 0x0, 0x0, 0x1b, 0xe8,
    0x10, 0x0, 0x6, 0xf0, 0x11, 0x0, 0x0, 0x82,
    0xeb, 0x14, 0x0, 0x20, 0x34, 0x21, 0x40, 0x3,
    0xab, 0x42, 0x0, 0x0, 0x80, 0x59, 0x14, 0x0,
    0x8, 0x8, 0x41, 0x40, 0x0, 0x81, 0x42, 0x14,
    0x0, 0x8, 0x20, 0xb, 0x0, 0x0, 0xe8, 0x0,
    0x30, 0x0, 0x8, 0x0, 0x2, 0x0, 0x1, 0x40,
    0x0, 0x14, 0x1, 0x30, 0x0, 0x2, 0xe8, 0x56,
    0x0, 0x0, 0x96, 0x41, 0x84, 0x0, 0x5, 0x40,
    0x1, 0x80, 0x0, 0x0, 0x0,

    /* U+1F943 "🥃" */
    0x1, 0x6a, 0x94, 0x2, 0x90, 0x0, 0x59, 0x90,
    0x0, 0x0, 0x79, 0xaa, 0xaa, 0xa6, 0x40, 0x0,
    0x0, 0x25, 0x0, 0x0, 0x1, 0x10, 0x0, 0x0,
    0x12, 0x0, 0x0, 0x5, 0x20, 0xaf, 0xe4, 0x42,
    0x39, 0xbf, 0xd8, 0x22, 0xff, 0xf8, 0x82, 0x35,
    0x55, 0x98, 0x13, 0xff, 0xfd, 0x81, 0x6f, 0xff,
    0xc8, 0x14, 0xaf, 0xe0, 0x80, 0xa0, 0x0, 0x60,
    0x0, 0x6a, 0x90, 0x0,

    /* U+1F944 "🥄" */
    0x29, 0x0, 0x0, 0x0, 0x3f, 0xf4, 0x0, 0x0,
    0xd, 0xff, 0x40, 0x0, 0x3, 0xaf, 0xf0, 0x0,
    0x0, 0x73, 0xfd, 0x0, 0x0, 0xf, 0x2f, 0x80,
    0x0, 0x0, 0xff, 0xe0, 0x0, 0x0, 0x6, 0xfd,
    0x0, 0x0, 0x0, 0x3, 0xd0, 0x0, 0x0, 0x0,
    0x3d, 0x0, 0x0, 0x0, 0x3, 0xd0, 0x0, 0x0,
    0x0, 0x3e, 0x0, 0x0, 0x0, 0x3, 0xf0, 0x0,
    0x0, 0x0, 0x3f, 0x0, 0x0, 0x0, 0x7, 0xf0,
    0x0, 0x0, 0x0, 0x7c, 0x0, 0x0, 0x0, 0x4,
    0x0,

    /* U+1F945 "🥅" */
    0x2a, 0xaa, 0xaa, 0xaa, 0xa8, 0x4a, 0xaa, 0xaa,
    0xaa, 0xa1, 0x8d, 0x5, 0x10, 0x10, 0xb2, 0x8a,
    0x45, 0x51, 0x21, 0x62, 0x88, 0xd9, 0xaa, 0x67,
    0x22, 0x8d, 0xc9, 0x56, 0x63, 0x72, 0x88, 0x84,
    0x1, 0x12, 0x22, 0x8d, 0xda, 0x56, 0x67, 0x72,
    0x88, 0x84, 0x1, 0x12, 0x22, 0x8d, 0xd9, 0x1,
    0x27, 0x72, 0x88, 0x85, 0x56, 0x12, 0x22, 0x88,
    0xd9, 0xaa, 0x67, 0x22, 0xae, 0x40, 0x0, 0x1,
    0xba,

    /* U+1F947 "🥇" */
    0xaa, 0x86, 0xa1, 0x41, 0x7f, 0x82, 0x3, 0xfc,
    0x5, 0xf, 0xe0, 0x8, 0xf, 0x0, 0x2e, 0xbd,
    0x0, 0x80, 0x8, 0x0, 0xbf, 0x80, 0x1, 0xed,
    0x0, 0x24, 0x2, 0x1, 0x7, 0x2, 0x8, 0x18,
    0x8, 0x20, 0x20, 0x20, 0x80, 0x80, 0x81, 0x41,
    0x5, 0x1, 0x80, 0x90, 0x0, 0xa8, 0x0,

    /* U+1F948 "🥈" */
    0xaa, 0x86, 0xa1, 0x41, 0x7f, 0x82, 0x3, 0xfc,
    0x5, 0xf, 0xe0, 0x8, 0xf, 0x0, 0x2e, 0xbd,
    0x0, 0x80, 0x8, 0x0, 0xbf, 0x80, 0x1, 0xed,
    0x0, 0x24, 0x6, 0x1, 0xa, 0x81, 0x8, 0x2,
    0x8, 0x20, 0x14, 0x20, 0x81, 0x40, 0x81, 0x4a,
    0x85, 0x1, 0x80, 0x90, 0x0, 0xa8, 0x0,

    /* U+1F949 "🥉" */
    0xaa, 0x86, 0xa1, 0x42, 0x7f, 0x82, 0x3, 0xfc,
    0x5, 0xf, 0xe0, 0x8, 0xf, 0x0, 0x2e, 0xbd,
    0x0, 0x80, 0x18, 0x0, 0xbf, 0x80, 0x1, 0xed,
    0x0, 0x24, 0x6, 0x1, 0x6, 0x81, 0x8, 0x2,
    0x8, 0x20, 0x28, 0x20, 0x80, 0x20, 0x81, 0x45,
    0x45, 0x1, 0x80, 0x90, 0x0, 0xa8, 0x0,

    /* U+1F94A "🥊" */
    0x1, 0xa9, 0x0, 0x19, 0x0, 0x60, 0x20, 0x0,
    0x10, 0x40, 0x0, 0xb8, 0x80, 0x0, 0x29, 0x80,
    0x0, 0x82, 0x80, 0x0, 0x82, 0x40, 0x0, 0x1,
    0x50, 0x0, 0x4, 0x20, 0x0, 0x8, 0x20, 0x0,
    0x20, 0xd, 0x1, 0xc0, 0x9, 0x64, 0x80, 0x8,
    0x64, 0x80, 0x8, 0xfc, 0x80, 0x9, 0x0, 0x80,
    0x1, 0xa9, 0x0,

    /* U+1F94B "🥋" */
    0x0, 0x3, 0xac, 0x0, 0x0, 0x2, 0xff, 0xf8,
    0x0, 0x1, 0xca, 0xf6, 0x34, 0x0, 0x58, 0x8f,
    0x52, 0x50, 0x8, 0x2, 0xa8, 0x2, 0x2, 0x8,
    0x2d, 0x42, 0x8, 0x20, 0xe2, 0x60, 0xa0, 0x84,
    0x19, 0x58, 0xa, 0x41, 0x8a, 0x29, 0x40, 0x8e,
    0x25, 0x23, 0x60, 0x8, 0x85, 0x3b, 0x3f, 0xff,
    0xce, 0xc2, 0x62, 0x2f, 0x89, 0x98, 0x14, 0x53,
    0x5c, 0x41, 0x40, 0x8, 0x70, 0xd2, 0x0, 0x0,
    0x85, 0x4, 0x20, 0x0, 0x6, 0x40, 0x19, 0x0,
    0x0, 0x6, 0xa9, 0x0, 0x0,

    /* U+1F94C "🥌" */
    0x0, 0x0, 0x1, 0xaa, 0xa0, 0x0, 0x0, 0x24,
    0x0, 0x10, 0x0, 0x1, 0xc0, 0x16, 0x90, 0x0,
    0x6b, 0x46, 0xbe, 0x0, 0x2, 0x86, 0x8, 0x0,
    0xd0, 0xa, 0x4, 0x8, 0x0, 0x28, 0x16, 0x0,
    0x0, 0x0, 0x18, 0x21, 0x80, 0x0, 0x0, 0x82,
    0x20, 0x64, 0x0, 0xa, 0x2, 0x36, 0x6, 0xaa,
    0x90, 0x2, 0x39, 0x80, 0x0, 0x0, 0xe, 0x3f,
    0x45, 0x0, 0x0, 0xbe, 0x1f, 0xfa, 0x55, 0x6f,
    0xfc, 0x9, 0xff, 0xff, 0xff, 0x98, 0x2, 0x46,
    0xff, 0xe4, 0x60, 0x0, 0x69, 0x0, 0x1a, 0x40,
    0x0, 0x1, 0xaa, 0x90, 0x0,

    /* U+1F94D "🥍" */
    0x5, 0x40, 0x4, 0x50, 0x2, 0x46, 0x0, 0xb3,
    0x80, 0x10, 0x20, 0x1e, 0x96, 0x5, 0x1, 0x2,
    0x89, 0xe8, 0x20, 0x20, 0x35, 0xec, 0x81, 0x99,
    0x7, 0xa1, 0x7c, 0x0, 0x1, 0xd4, 0x93, 0x90,
    0x0, 0x29, 0xef, 0xa0, 0x0, 0x1b, 0xde, 0x40,
    0x0, 0x0, 0x38, 0xc0, 0x0, 0x0, 0xf, 0xd0,
    0x0, 0x0, 0x2, 0x44, 0x0, 0x0, 0x0, 0x90,
    0x0, 0x0, 0x0, 0x24, 0x0, 0x0, 0x0, 0x9,
    0x0, 0x0, 0x0, 0x3, 0x80, 0x0, 0x0, 0x0,
    0x10, 0x0, 0x0, 0x0, 0x0,

    /* U+1F94E "🥎" */
    0x0, 0x6, 0xa4, 0x0, 0x0, 0x2f, 0x7f, 0xd0,
    0x0, 0x7f, 0xf2, 0xfe, 0x0, 0x3f, 0xff, 0x5f,
    0xe0, 0x3f, 0xff, 0xe7, 0xfd, 0x1d, 0xbf, 0xff,
    0x4f, 0xc9, 0x14, 0xff, 0xe5, 0xb2, 0xfd, 0x5b,
    0xff, 0x4d, 0xff, 0xf0, 0xff, 0xfe, 0x7f, 0xff,
    0x7f, 0xff, 0xdb, 0xff, 0xd2, 0xff, 0xf1, 0xff,
    0xfd, 0xff, 0xfc, 0x3f, 0xff, 0x5f, 0xfd, 0x3,
    0xff, 0xeb, 0xfe, 0x0, 0x7f, 0xf4, 0xfe, 0x0,
    0x2, 0xff, 0xbd, 0x0, 0x0, 0x6, 0xa4, 0x0,
    0x0,

    /* U+1F94F "🥏" */
    0x0, 0x5, 0x50, 0x0, 0x0, 0x1, 0x50, 0x0,
    0x1, 0x40, 0x0, 0x0, 0x2, 0xaa, 0x80, 0x0,
    0xa5, 0x50, 0x90, 0x19, 0x90, 0x20, 0x81, 0x64,
    0x0, 0x82, 0x9, 0x0, 0x5, 0x8, 0x88, 0x0,
    0x90, 0x22, 0xa, 0xa4, 0x2, 0x8, 0x0, 0x0,
    0x30, 0x20, 0x0, 0x7, 0x0, 0x34, 0x6, 0xd0,
    0x0, 0x1a, 0x90, 0x0, 0x0, 0x15, 0x50, 0x0,
    0x0, 0x0, 0x50, 0x0, 0x0, 0x4, 0x0, 0x0,

    /* U+1F950 "🥐" */
    0x0, 0x1a, 0x59, 0x0, 0x0, 0x9, 0x7, 0x8,
    0x0, 0x2, 0x14, 0x14, 0x38, 0x0, 0x25, 0x0,
    0x80, 0x54, 0x3, 0x40, 0x2, 0x8, 0x80, 0x82,
    0x80, 0x20, 0x8c, 0x20, 0x2, 0x0, 0x4, 0xa2,
    0x10, 0x8, 0x1, 0x12, 0x22, 0x0, 0x40, 0xb4,
    0x22, 0x5, 0x0, 0x20, 0x82, 0x19, 0x19, 0x28,
    0x2, 0x81, 0x0, 0xa, 0x0, 0x0, 0x14, 0x0,
    0x40, 0x0, 0x0, 0x92, 0x92, 0x0, 0x0, 0x0,
    0xc0, 0x8, 0x0, 0x0, 0x6, 0x2, 0x40, 0x0,
    0x0, 0x6, 0x80, 0x0, 0x0,

    /* U+1F951 "🥑" */
    0x0, 0x0, 0x1, 0xa0, 0x0, 0x0, 0xa, 0x42,
    0x40, 0x0, 0x28, 0x0, 0x30, 0x1, 0x90, 0x0,
    0xc, 0x2, 0x40, 0x0, 0x7, 0x2, 0x0, 0x0,
    0x3, 0xc2, 0x1, 0xf8, 0x1, 0xd1, 0x41, 0xbf,
    0x0, 0xb0, 0x80, 0xdf, 0xc0, 0x38, 0x30, 0x2f,
    0xf0, 0x1d, 0xc, 0x3, 0xf0, 0xf, 0x2, 0x80,
    0x0, 0x7, 0xc0, 0x74, 0x0, 0x7, 0xd0, 0xf,
    0x80, 0xb, 0xf0, 0x1, 0xff, 0xff, 0xf0, 0x0,
    0xf, 0xff, 0xe0, 0x0, 0x0, 0x5a, 0x40, 0x0,
    0x0,

    /* U+1F952 "🥒" */
    0x0, 0x0, 0x1, 0xa4, 0x0, 0x0, 0x2, 0x40,
    0x80, 0x0, 0x2, 0x14, 0x10, 0x0, 0x2, 0x18,
    0x84, 0x0, 0x6, 0x58, 0x22, 0x0, 0x2, 0x8,
    0x21, 0x40, 0x2, 0x48, 0x20, 0x80, 0x2, 0x8,
    0x24, 0x60, 0x6, 0x18, 0x0, 0x90, 0x9, 0x28,
    0x20, 0x80, 0x5, 0x24, 0x61, 0x80, 0x2, 0x20,
    0x91, 0x80, 0x0, 0x80, 0x42, 0x40, 0x0, 0x14,
    0xa, 0x40, 0x0, 0x1, 0xa8, 0x0, 0x0, 0x0,

    /* U+1F953 "🥓" */
    0x0, 0x0, 0x0, 0x6, 0x40, 0x0, 0x0, 0x0,
    0x8, 0xb4, 0x0, 0x0, 0x6, 0x64, 0x95, 0x0,
    0x0, 0x8, 0x1, 0x88, 0x0, 0x0, 0x4, 0x6e,
    0x14, 0x0, 0x0, 0x20, 0xc1, 0x90, 0x0, 0x19,
    0x41, 0x89, 0x0, 0x0, 0x21, 0xaf, 0x20, 0x0,
    0x0, 0x23, 0x40, 0x60, 0x0, 0x0, 0x8a, 0x1a,
    0x40, 0x0, 0x1a, 0x1d, 0x50, 0x0, 0x0, 0x26,
    0x98, 0x80, 0x0, 0x0, 0xd, 0xa2, 0x0, 0x0,
    0x0, 0x3, 0x48, 0x0, 0x0, 0x0, 0x0, 0x90,
    0x0, 0x0, 0x0,

    /* U+1F954 "🥔" */
    0x0, 0x0, 0x6, 0x90, 0x0, 0x0, 0x6, 0x40,
    0x90, 0x0, 0x1, 0x41, 0x91, 0x40, 0x0, 0x91,
    0x80, 0x8, 0x0, 0x24, 0x10, 0x0, 0x20, 0x28,
    0x0, 0x8, 0x2, 0x8, 0x5, 0x0, 0x2, 0x22,
    0x0, 0x0, 0x0, 0x2, 0x50, 0x0, 0x0, 0x0,
    0x28, 0x8, 0x0, 0x0, 0x5, 0x80, 0x0, 0x0,
    0x0, 0x88, 0x40, 0x1, 0x0, 0x14, 0x51, 0x0,
    0x20, 0x86, 0x2, 0x0, 0x0, 0x1, 0x80, 0x18,
    0x50, 0x0, 0x90, 0x0, 0x64, 0x1, 0xa0, 0x0,
    0x0, 0x6a, 0x50, 0x0, 0x0,

    /* U+1F955 "🥕" */
    0x0, 0x0, 0x0, 0x24, 0x0, 0x0, 0x0, 0x68,
    0x20, 0x0, 0x0, 0x8, 0x2, 0x0, 0x0, 0x0,
    0x80, 0x8, 0x0, 0x0, 0x2, 0x5, 0x20, 0x0,
    0x5, 0x90, 0x38, 0x0, 0x2, 0x4a, 0xd2, 0x0,
    0x0, 0x84, 0x31, 0x80, 0x0, 0x34, 0x12, 0x0,
    0x0, 0x8, 0x40, 0x80, 0x0, 0x2, 0x40, 0x60,
    0x0, 0x0, 0x91, 0x24, 0x0, 0x0, 0x1c, 0x28,
    0x0, 0x0, 0x6, 0x28, 0x0, 0x0, 0x0, 0x68,
    0x0, 0x0, 0x0, 0x0,

    /* U+1F956 "🥖" */
    0x0, 0x0, 0x0, 0x2a, 0x0, 0x0, 0x2, 0x82,
    0x0, 0x0, 0xf, 0x84, 0x0, 0x0, 0x7e, 0x48,
    0x0, 0x1, 0x80, 0x20, 0x0, 0x5, 0x0, 0x80,
    0x0, 0x2f, 0xe1, 0x40, 0x0, 0x79, 0x2, 0x0,
    0x1, 0x40, 0x8, 0x0, 0x2, 0x10, 0x20, 0x0,
    0xf, 0xf0, 0x80, 0x0, 0x2e, 0x2, 0x0, 0x0,
    0x20, 0x18, 0x0, 0x0, 0x40, 0x90, 0x0, 0x0,
    0x69, 0x0, 0x0, 0x0, 0x0, 0x0, 0x0, 0x0,

    /* U+1F957 "🥗" */
    0x0, 0x0, 0x0, 0x0, 0x0, 0x2, 0xba, 0xa4,
    0x0, 0x0, 0x36, 0xc0, 0x36, 0xa4, 0x1, 0xd4,
    0xbe, 0x95, 0x88, 0x64, 0x0, 0x94, 0x9a, 0xa2,
    0x52, 0x47, 0x67, 0x87, 0xcb, 0x5d, 0x9e, 0x55,
    0xb3, 0x1c, 0xf4, 0x78, 0x5, 0x7c, 0x3b, 0x16,
    0x52, 0x58, 0xb0, 0x8b, 0x48, 0x2f, 0x74, 0x82,
    0x1, 0xaa, 0xad, 0x2, 0x5, 0x0, 0x0, 0x0,
    0x14, 0x8, 0x0, 0x0, 0x0, 0x80, 0x8, 0x0,
    0x0, 0x8, 0x0, 0x9, 0x0, 0x1, 0x80, 0x0,
    0x2, 0xaa, 0xa0, 0x0, 0x0, 0x0, 0x0, 0x0,
    0x0,

    /* U+1F958 "🥘" */
    0x0, 0x0, 0x0, 0x0, 0x6, 0x9b, 0xff, 0x40,
    0x2, 0x2e, 0x40, 0x7c, 0x0, 0x6d, 0x8, 0x2,
    0xc0, 0x3c, 0x20, 0x10, 0x2c, 0xe, 0x0, 0xf0,
    0x3, 0x43, 0x11, 0x30, 0x20, 0xa1, 0xc8, 0x51,
    0x81, 0x1c, 0x71, 0x11, 0x14, 0x3, 0x1c, 0x0,
    0xf0, 0x85, 0xc3, 0x1c, 0x0, 0x10, 0xa0, 0xe0,
    0x11, 0x4, 0x34, 0x1c, 0x10, 0xd0, 0x2d, 0x2,
    0xc0, 0x1, 0x2c, 0x80, 0x2e, 0x40, 0x7c, 0x20,
    0x0, 0xbf, 0xfa, 0xa0, 0x0, 0x0, 0x0, 0x0,
    0x0,

    /* U+1F959 "🥙" */
    0x0, 0x1, 0x40, 0x0, 0x1, 0x96, 0xd, 0x40,
    0x2, 0x1b, 0x3, 0x6c, 0x0, 0x6f, 0x6, 0x2b,
    0x80, 0x1b, 0x9f, 0xf0, 0x88, 0xf, 0xcf, 0xfc,
    0x81, 0x47, 0xfe, 0x68, 0xd0, 0x23, 0xe3, 0x7b,
    0xd0, 0x8, 0xb0, 0x4f, 0xd1, 0x16, 0x20, 0x7,
    0xc0, 0x9, 0x8c, 0xb, 0x43, 0x0, 0x22, 0xa4,
    0x0, 0x0, 0x8, 0x20, 0x0, 0x0, 0x8, 0x5,
    0x3, 0x40, 0x5, 0x0, 0x90, 0x4, 0x5, 0x0,
    0x6, 0x40, 0x19, 0x0, 0x0, 0x1a, 0x90, 0x0,
    0x0,

    /* U+1F95A "🥚" */
    0x0, 0x29, 0x0, 0x0, 0x60, 0x60, 0x0, 0x90,
    0x2, 0x0, 0x22, 0x0, 0x20, 0x22, 0x0, 0x5,
    0x8, 0x80, 0x4, 0x88, 0x40, 0x0, 0x22, 0x10,
    0x0, 0x5, 0x80, 0x0, 0x14, 0x60, 0x0, 0x0,
    0x28, 0x0, 0x0, 0x6, 0x0, 0x0, 0x5, 0x84,
    0x1, 0x12, 0x8, 0x1, 0x0, 0x81, 0x48, 0x0,
    0x80, 0x19, 0x1, 0x80, 0x0, 0x6a, 0x0, 0x0,

    /* U+1F95B "🥛" */
    0x5, 0xa9, 0x1, 0x90, 0x2, 0x8c, 0x0, 0x3,
    0x79, 0x0, 0x6c, 0x85, 0xa9, 0x22, 0x0, 0x0,
    0x86, 0xaa, 0xaa, 0x2c, 0x0, 0xc, 0x6a, 0xaa,
    0xa0, 0x40, 0x0, 0x82, 0x0, 0x2, 0x8, 0x40,
    0x4, 0x21, 0x0, 0x10, 0x84, 0x1, 0x42, 0x10,
    0x4, 0x5, 0x0, 0x60, 0x1, 0xa9, 0x0,

    /* U+1F95C "🥜" */
    0x0, 0x0, 0x1, 0xa4, 0x0, 0x0, 0x1, 0x90,
    0x18, 0x0, 0x0, 0x60, 0x0, 0x20, 0x0, 0x8,
    0x0, 0x12, 0x0, 0x2, 0x0, 0x0, 0x20, 0x0,
    0x50, 0x2, 0x1, 0x0, 0x18, 0x0, 0x0, 0x80,
    0x19, 0x0, 0x81, 0x14, 0x9, 0x0, 0x0, 0x46,
    0x2, 0x0, 0x21, 0x46, 0x40, 0x20, 0x0, 0x2,
    0x40, 0x4, 0x5, 0x0, 0x80, 0x0, 0x80, 0x2,
    0x8, 0x0, 0x4, 0x8, 0x2, 0x0, 0x0, 0x20,
    0x0, 0x50, 0x0, 0x1, 0x80, 0x24, 0x0, 0x0,
    0x1, 0xa4, 0x0, 0x0, 0x0,

    /* U+1F95D "🥝" */
    0x0, 0x1, 0xa4, 0x0, 0x0, 0xa, 0x0, 0xa0,
    0x0, 0x28, 0x0, 0x2, 0x0, 0x24, 0x0, 0x0,
    0x20, 0x24, 0x0, 0x54, 0x8, 0x8, 0x1, 0x0,
    0x41, 0x88, 0x5, 0x0, 0x0, 0x72, 0x0, 0x0,
    0x20, 0x1c, 0x80, 0x80, 0x0, 0xb, 0x20, 0x0,
    0x8, 0x3, 0xc8, 0x1, 0x10, 0x2, 0xf1, 0xc0,
    0x0, 0x2, 0xfc, 0x2c, 0x0, 0x3, 0xfe, 0x3,
    0xe4, 0x1b, 0xff, 0x40, 0x3f, 0xff, 0xff, 0x40,
    0x1, 0xff, 0xff, 0x40, 0x0, 0x5, 0xa9, 0x0,
    0x0,

    /* U+1F95E "🥞" */
    0x0, 0x2f, 0xf9, 0x0, 0x6, 0xbf, 0xbf, 0xf0,
    0x24, 0xb0, 0xf, 0xf8, 0x47, 0xf0, 0xb, 0x82,
    0x86, 0xbc, 0x6f, 0xc2, 0x50, 0xb, 0xbf, 0x92,
    0x78, 0x2, 0xbe, 0xde, 0x8f, 0xd0, 0xb, 0xf6,
    0x81, 0xff, 0xff, 0xf2, 0x70, 0x0, 0x6f, 0xde,
    0x9f, 0x40, 0x3, 0xfa, 0x82, 0xff, 0xff, 0xf2,
    0x60, 0x5, 0x6f, 0xe6, 0x18, 0x0, 0x1, 0xfc,
    0x2, 0x94, 0x1b, 0xfc, 0x0, 0x7, 0xff, 0xf4,
    0x0, 0x0, 0xaf, 0x80,

    /* U+1F95F "🥟" */
    0x0, 0x0, 0x0, 0x0, 0x0, 0x1a, 0xaa, 0x40,
    0x0, 0x50, 0x0, 0x64, 0xa, 0x5, 0x8, 0x6,
    0x8, 0x0, 0x0, 0x2, 0x4, 0x86, 0xa9, 0x2,
    0x20, 0x18, 0x0, 0x8, 0x80, 0x20, 0x0, 0x24,
    0x84, 0x50, 0x0, 0x80, 0x80, 0x80, 0x6, 0x0,
    0x50, 0x40, 0x24, 0x0, 0x40, 0x2, 0x80, 0x0,
    0x50, 0x28, 0x0, 0x0, 0x2a, 0x80, 0x0, 0x0,

    /* U+1F960 "🥠" */
    0x0, 0x0, 0x28, 0x0, 0x0, 0x0, 0xa0, 0x80,
    0x0, 0x0, 0x80, 0x8, 0x0, 0x2, 0x40, 0x2,
    0x0, 0x9, 0x0, 0x20, 0x24, 0x8, 0x0, 0x28,
    0x2, 0x5, 0x0, 0xc, 0x0, 0x22, 0x0, 0x7,
    0x0, 0x8, 0x80, 0x3, 0x40, 0x2, 0x20, 0x2,
    0xc0, 0x4, 0x85, 0x2, 0x60, 0xe, 0x50, 0x86,
    0x8, 0x19, 0xa0, 0x9, 0x2, 0x2c, 0x18, 0x0,
    0x0, 0x82, 0x1, 0x80, 0x0, 0x20, 0x70, 0x80,
    0x0, 0x2, 0x96, 0x80, 0x0, 0x0, 0x0, 0x40,
    0x0,

    /* U+1F961 "🥡" */
    0x0, 0x1, 0xd0, 0x0, 0x0, 0x69, 0x99, 0x0,
    0x1a, 0x40, 0x95, 0xe0, 0xa0, 0x6, 0x55, 0x59,
    0xff, 0xb8, 0x0, 0x1b, 0x91, 0xa4, 0x7, 0x91,
    0x50, 0x1e, 0xaa, 0x0, 0x20, 0x2, 0x48, 0x4,
    0x31, 0xc1, 0x8, 0x4, 0x30, 0xf1, 0x2, 0x4,
    0x22, 0xe2, 0x3, 0x4, 0x20, 0xf6, 0x6, 0x90,
    0x15, 0xb2, 0x8, 0xa0, 0xc, 0x2, 0x20, 0xa0,
    0x2, 0x82, 0x56, 0x0, 0x0, 0x2b, 0xe4, 0x0,
    0x0, 0x3, 0x40, 0x0,

    /* U+1F962 "🥢" */
    0x0, 0x0, 0x0, 0x10, 0x0, 0x0, 0x0, 0x7,
    0x40, 0x0, 0x0, 0x0, 0xd0, 0x0, 0x0, 0x0,
    0x14, 0x0, 0x0, 0x0, 0xc, 0x1, 0xc0, 0x0,
    0x3, 0x40, 0x74, 0x0, 0x0, 0xd0, 0xd, 0x0,
    0x0, 0x34, 0x9, 0x0, 0x0, 0xd, 0x2, 0x80,
    0x0, 0x3, 0x40, 0xe0, 0x0, 0x0, 0x90, 0x34,
    0x0, 0x0, 0x24, 0xd, 0x0, 0x0, 0x9, 0x7,
    0x0, 0x0, 0x2, 0x41, 0x80, 0x0, 0x0, 0x0,
    0x60, 0x0, 0x0, 0x0, 0x24, 0x0, 0x0, 0x0,
    0x1, 0x0, 0x0, 0x0, 0x0,

    /* U+1F963 "🥣" */
    0x0, 0x0, 0x0, 0x0, 0x0, 0x0, 0x0, 0x0,
    0xa, 0x80, 0x0, 0x0, 0x0, 0x96, 0x0, 0x0,
    0x0, 0x8, 0x20, 0x0, 0x0, 0x0, 0x52, 0x0,
    0x1, 0x6a, 0xad, 0x30, 0x2, 0xff, 0xff, 0xf3,
    0xf8, 0x2f, 0xff, 0xff, 0x3f, 0xfc, 0x86, 0xbf,
    0xff, 0xe9, 0x22, 0x0, 0x0, 0x0, 0x0, 0x84,
    0x20, 0x0, 0x0, 0x1, 0x8, 0x50, 0x0, 0x0,
    0x20, 0x24, 0x80, 0x0, 0x0, 0x80, 0x24, 0x0,
    0x0, 0x8, 0x0, 0x18, 0x0, 0x2, 0x80, 0x0,
    0x6, 0xaa, 0xa0, 0x0, 0x0, 0x0, 0x0, 0x0,
    0x0,

    /* U+1F964 "🥤" */
    0x0, 0x0, 0x5, 0x0, 0x0, 0xa4, 0x5, 0xa7,
    0x0, 0x64, 0x7, 0x40, 0xd0, 0x9, 0xc0, 0xaa,
    0xae, 0x80, 0x40, 0x0, 0x80, 0x50, 0x0, 0x80,
    0x50, 0x0, 0x80, 0x10, 0x0, 0x40, 0x20, 0x0,
    0x40, 0x21, 0x1, 0x40, 0x21, 0x1, 0x0, 0x21,
    0x1, 0x0, 0x21, 0x2, 0x0, 0x24, 0x6, 0x0,
    0x6, 0xa4, 0x0,

    /* U+1F965 "🥥" */
    0x0, 0x0, 0x4, 0x0, 0x0, 0x0, 0x3, 0x0,
    0x0, 0x0, 0x2f, 0xf9, 0x40, 0x4, 0xa4, 0x1,
    0xe0, 0x3, 0xd2, 0xe9, 0x1c, 0x1, 0xd2, 0x40,
    0x73, 0x43, 0xd2, 0x0, 0x8, 0xf0, 0x32, 0x0,
    0x2, 0x3c, 0x18, 0x80, 0x1, 0x4f, 0x6, 0x10,
    0x1, 0x8a, 0xc1, 0xac, 0x7, 0x4b, 0x71, 0xf0,
    0xf9, 0x5b, 0x68, 0xf, 0xc0, 0x6f, 0xdd, 0x0,
    0xff, 0xff, 0x7f, 0x0, 0xf, 0x7d, 0xeb, 0x40,
    0x0, 0xab, 0xbf, 0x80, 0x0, 0x2, 0xba, 0x40,
    0x0,

    /* U+1F966 "🥦" */
    0x0, 0x50, 0x25, 0x0, 0x6, 0x86, 0xa1, 0x20,
    0x5, 0x0, 0x0, 0xb, 0x42, 0x20, 0x0, 0x8b,
    0xf0, 0x80, 0x10, 0x7, 0xfc, 0x20, 0x80, 0xff,
    0xff, 0x8, 0x5, 0xff, 0xff, 0xc1, 0xad, 0xfc,
    0xff, 0xf0, 0x3f, 0x3c, 0x3f, 0x2, 0x7, 0xc9,
    0x3f, 0x0, 0x40, 0x20, 0x4, 0x12, 0x10, 0x20,
    0x1, 0xb4, 0x8, 0x20, 0x43, 0xfc, 0x2, 0x14,
    0x82, 0x7f, 0x42, 0x2, 0x82, 0x2, 0xea, 0x0,
    0x72, 0x0, 0x0, 0x0, 0x2, 0x40, 0x0, 0x0,
    0x0,

    /* U+1F967 "🥧" */
    0x0, 0x0, 0x1, 0x0, 0x0, 0x0, 0x0, 0xa4,
    0x0, 0x0, 0x0, 0xa0, 0x80, 0x0, 0x0, 0x20,
    0xa0, 0x0, 0x0, 0x2, 0x60, 0x0, 0x0, 0x0,
    0x8, 0x0, 0x0, 0x0, 0x5, 0x65, 0x0, 0x0,
    0xa, 0x50, 0x5a, 0x40, 0x6, 0x9, 0x22, 0x6,
    0x3, 0xc0, 0x2, 0x0, 0x1d, 0x89, 0x0, 0x0,
    0x6, 0x25, 0x19, 0x40, 0x5, 0x86, 0x28, 0x56,
    0xaa, 0x52, 0xc0, 0x99, 0x0, 0x6, 0x94, 0x8,
    0x5, 0xa9, 0x2, 0x0, 0x29, 0x0, 0x5, 0x80,
    0x0, 0x16, 0xaa, 0x40, 0x0,

    /* U+1F968 "🥨" */
    0x0, 0x0, 0x0, 0x0, 0x0, 0xa, 0xa8, 0x29,
    0x69, 0x1, 0x84, 0x4e, 0x41, 0x5, 0x8, 0x0,
    0x20, 0x0, 0x8, 0x88, 0xab, 0x42, 0xa8, 0x4a,
    0x8, 0x8, 0x54, 0x8, 0x28, 0x10, 0x20, 0x80,
    0x20, 0xa4, 0x40, 0x69, 0x80, 0x82, 0x82, 0x2,
    0x12, 0x2, 0x5, 0x15, 0x20, 0x1e, 0x11, 0x82,
    0x1b, 0x13, 0x82, 0xc2, 0x5, 0x20, 0x26, 0x1,
    0xa0, 0xa, 0x42, 0x43, 0x0, 0xc0, 0xc, 0x25,
    0xa6, 0x2, 0x0, 0x11, 0xc0, 0x3, 0x54, 0x0,
    0xa9, 0xaa, 0xa1, 0x0, 0x0, 0x0, 0x0, 0x0,
    0x0,

    /* U+1F969 "🥩" */
    0x0, 0x0, 0x0, 0x19, 0x0, 0x0, 0x0, 0x1d,
    0x8, 0x0, 0x0, 0x7, 0x45, 0x50, 0x0, 0x7,
    0xc0, 0xf2, 0x1, 0xa9, 0x41, 0xdb, 0x20, 0x90,
    0x56, 0x2e, 0x72, 0x24, 0xbf, 0xf8, 0x40, 0x23,
    0x1f, 0xff, 0xc1, 0x82, 0x22, 0xff, 0xf4, 0xbc,
    0x93, 0x1f, 0xfd, 0x2f, 0x8c, 0x30, 0x19, 0xb,
    0xf3, 0x83, 0xd0, 0x7, 0xf8, 0xb0, 0x2f, 0xe2,
    0xfd, 0x2d, 0x0, 0xff, 0x19, 0x1f, 0x40, 0x7,
    0xf8, 0x1f, 0xd0, 0x0, 0x1f, 0xff, 0xe0, 0x0,
    0x0, 0x1a, 0x90, 0x0, 0x0,

    /* U+1F96A "🥪" */
    0x0, 0x1, 0x40, 0x0, 0x0, 0x0, 0x20, 0x69,
    0x0, 0x0, 0x6, 0x0, 0x1, 0xa0, 0x0, 0x90,
    0x0, 0x0, 0x30, 0x8, 0x0, 0x0, 0x2, 0xc0,
    0x80, 0x0, 0x0, 0x2e, 0x43, 0x80, 0x0, 0x3,
    0xca, 0x7, 0xfd, 0x0, 0x3c, 0x88, 0x2d, 0x1f,
    0xab, 0x89, 0x32, 0x2c, 0xb, 0xe4, 0x96, 0xc6,
    0x4a, 0xff, 0x98, 0x57, 0xb, 0x80, 0x14, 0x49,
    0xb0, 0x25, 0xbf, 0xd0, 0x8b, 0x0, 0x79, 0x7,
    0xf9, 0xf0, 0x0, 0x6f, 0x80, 0x6e, 0x0, 0x0,
    0x3, 0xff, 0xd0, 0x0, 0x0, 0x1, 0x54, 0x0,
    0x0,

    /* U+1F96B "🥫" */
    0x5, 0xa9, 0x2, 0x40, 0x19, 0x80, 0x0, 0x2a,
    0x40, 0x1b, 0x85, 0xa9, 0x28, 0x0, 0x2, 0x80,
    0x0, 0x28, 0xff, 0xf6, 0x8d, 0x3, 0x68, 0xff,
    0xf6, 0x8e, 0x7, 0x68, 0xd0, 0x36, 0x8e, 0x7,
    0x68, 0xff, 0xf2, 0x80, 0x50, 0x22, 0x40, 0x19,
    0x6, 0xa9, 0x0,

    /* U+1F96C "🥬" */
    0x0, 0x0, 0x64, 0x0, 0x1, 0x6f, 0x98, 0x0,
    0x23, 0xff, 0x88, 0x1, 0x6e, 0xef, 0x60, 0x14,
    0xeb, 0xbf, 0xc0, 0x87, 0x7b, 0xee, 0x82, 0x2e,
    0x9d, 0xfa, 0x8, 0xad, 0x1f, 0xd8, 0x22, 0xb0,
    0xaf, 0x20, 0x8d, 0x4f, 0xb1, 0x45, 0xf0, 0x2f,
    0x48, 0x27, 0x47, 0xe4, 0x80, 0xa8, 0x79, 0x68,
    0x0, 0xe3, 0xe4, 0x0, 0xb, 0xff, 0x40, 0x0,
    0xf, 0xd0, 0x0, 0x0, 0x8, 0x0, 0x0, 0x0,

    /* U+1F96D "🥭" */
    0x0, 0x0, 0x6e, 0x0, 0x0, 0x2, 0xfa, 0xf4,
    0x0, 0xb, 0xea, 0xaf, 0xd0, 0x1f, 0xff, 0xff,
    0xf4, 0x1, 0xba, 0x94, 0x6, 0x0, 0x20, 0x0,
    0x0, 0x50, 0x14, 0x80, 0x0, 0x8, 0x8, 0x20,
    0x0, 0x2, 0x8, 0x20, 0x0, 0x0, 0x82, 0x14,
    0x0, 0x0, 0x56, 0x4, 0x0, 0x0, 0x22, 0x0,
    0x0, 0x0, 0x8, 0x80, 0x0, 0x0, 0x8, 0x20,
    0x0, 0x0, 0x8, 0x2, 0x0, 0x0, 0x18, 0x0,
    0x19, 0x0, 0x64, 0x0, 0x0, 0x6a, 0x50, 0x0,
    0x0,

    /* U+1F96E "🥮" */
    0x0, 0x19, 0x24, 0x0, 0x0, 0x14, 0x61, 0x80,
    0x0, 0x64, 0xf7, 0x9a, 0x0, 0x27, 0xba, 0xea,
    0x40, 0x25, 0xf5, 0x6b, 0x89, 0x22, 0x21, 0x64,
    0x85, 0x88, 0x8d, 0xc6, 0xb2, 0x62, 0x8f, 0xc6,
    0x1f, 0x1c, 0x91, 0xae, 0xbd, 0x8a, 0x2b, 0x67,
    0x4a, 0x5b, 0x85, 0x4d, 0x1c, 0x34, 0xa1, 0x52,
    0x66, 0xa8, 0x28, 0x28, 0x80, 0x42, 0x9, 0xb,
    0x20, 0x10, 0x87, 0x0, 0x98, 0x4, 0x22, 0x0,
    0x6, 0x46, 0x1d, 0x0, 0x0, 0x19, 0x68, 0x0,
    0x0,

    /* U+1F96F "🥯" */
    0x0, 0x6, 0xaa, 0xa4, 0x0, 0x0, 0xa0, 0x0,
    0x2, 0x80, 0x6, 0x0, 0x21, 0x10, 0x20, 0x8,
    0x15, 0x0, 0x4, 0x8, 0x22, 0x0, 0xaa, 0x41,
    0x2, 0x20, 0x21, 0x92, 0xc8, 0x52, 0x22, 0x5,
    0x19, 0x0, 0x2, 0x30, 0x0, 0x2, 0x10, 0x42,
    0x34, 0x11, 0x10, 0x4, 0xb, 0x39, 0x0, 0x11,
    0x0, 0x2b, 0x35, 0x90, 0x0, 0x1, 0x8d, 0xe,
    0x1a, 0x95, 0xa9, 0x2c, 0x7, 0xaa, 0x40, 0x6a,
    0xb0, 0x0, 0x90, 0x6a, 0x2, 0x80, 0x0, 0xa,
    0xaa, 0xa4, 0x0, 0x0, 0x0, 0x0, 0x0, 0x0,

    /* U+1F970 "🥰" */
    0x0, 0x0, 0x69, 0x0, 0x78, 0x0, 0x19, 0x0,
    0x5a, 0xfc, 0x0, 0x90, 0x0, 0x3f, 0xfd, 0x1,
    0x40, 0x0, 0x3f, 0xfc, 0x2, 0x0, 0x0, 0x1f,
    0xfc, 0x8, 0xa, 0x41, 0xa6, 0xf4, 0x8, 0x0,
    0x0, 0x0, 0x0, 0x8, 0x0, 0x0, 0x0, 0x20,
    0x0, 0xfc, 0x0, 0x1, 0x20, 0x1f, 0xfd, 0x0,
    0x28, 0x20, 0x3f, 0xff, 0xaa, 0x40, 0x20, 0x3f,
    0xfc, 0x0, 0x7d, 0x20, 0x1f, 0xf8, 0x0, 0xff,
    0x40, 0x2, 0xf0, 0x0, 0xff, 0xf0, 0x0, 0x10,
    0x0, 0xff, 0xf4, 0x0, 0x19, 0x0, 0xbf, 0xf0,
    0x0, 0x0, 0x69, 0x3f, 0x80, 0x0, 0x0, 0x0,
    0x0, 0x0,

    /* U+1F971 "🥱" */
    0x0, 0x6, 0x90, 0x0, 0x0, 0x24, 0x1, 0x80,
    0x0, 0x60, 0x0, 0x9, 0x0, 0x20, 0x0, 0x0,
    0x50, 0x20, 0x0, 0x0, 0x8, 0x14, 0x29, 0x6,
    0x80, 0x48, 0x20, 0x0, 0x8, 0x22, 0x0, 0x0,
    0x0, 0x8, 0x80, 0x1, 0x40, 0x2, 0x20, 0x2f,
    0xfe, 0x0, 0x88, 0x16, 0xd3, 0x90, 0x21, 0x48,
    0xa, 0x3c, 0x4, 0x28, 0x0, 0x67, 0x8, 0x3,
    0x0, 0x5b, 0x45, 0x0, 0x80, 0x4, 0x89, 0x0,
    0x14, 0x2, 0xe8, 0x0, 0x1, 0xab, 0xd0, 0x0,
    0x0,

    /* U+1F972 "🥲" */
    0x0, 0x6, 0x90, 0x0, 0x0, 0x24, 0x1, 0x80,
    0x0, 0x60, 0x0, 0x9, 0x0, 0x20, 0x0, 0x0,
    0x50, 0x20, 0x0, 0x0, 0x8, 0x14, 0x0, 0x0,
    0x0, 0x48, 0xb, 0x0, 0xf0, 0x22, 0x2, 0xc0,
    0x38, 0x8, 0x80, 0x0, 0x0, 0x2, 0x20, 0x10,
    0x0, 0x0, 0x88, 0x18, 0x0, 0x0, 0x21, 0x48,
    0xd0, 0x24, 0x4, 0x21, 0x1a, 0x90, 0x8, 0x7,
    0x1, 0x0, 0x5, 0x0, 0x80, 0x40, 0x9, 0x0,
    0xa, 0xc0, 0x18, 0x0, 0x0, 0x6, 0x90, 0x0,
    0x0,

    /* U+1F973 "🥳" */
    0x0, 0x0, 0x0, 0x2, 0x0, 0x0, 0x0, 0x3,
    0xc0, 0xa0, 0x9, 0xb, 0x90, 0x0, 0x1a, 0xb8,
    0x20, 0x0, 0x64, 0x31, 0x5c, 0x0, 0x92, 0x3,
    0x56, 0x0, 0x50, 0x0, 0x21, 0x40, 0x30, 0x40,
    0x11, 0xd4, 0x14, 0x88, 0x22, 0x8, 0x5, 0x0,
    0x0, 0x9, 0x41, 0x50, 0x0, 0x2, 0xa0, 0x50,
    0x2, 0x0, 0x28, 0xc, 0x0, 0x95, 0x78, 0x11,
    0x40, 0x20, 0x8, 0x0, 0x24, 0x0, 0x8, 0x0,
    0x22, 0x80, 0x18, 0x10, 0x0, 0x6, 0xa0, 0x0,
    0x0,

    /* U+1F974 "🥴" */
    0x0, 0x6, 0x90, 0x0, 0x0, 0x24, 0x1, 0x80,
    0x0, 0x60, 0x0, 0x9, 0x0, 0x60, 0x0, 0x0,
    0x50, 0x20, 0x0, 0x0, 0x8, 0x14, 0x8, 0x0,
    0x90, 0x48, 0x18, 0x0, 0x44, 0x22, 0x1, 0xd0,
    0xb0, 0x8, 0x80, 0x70, 0x1c, 0x2, 0x20, 0x0,
    0x0, 0x0, 0x88, 0x0, 0x0, 0x0, 0x21, 0x5c,
    0x0, 0x3, 0x44, 0x21, 0xaa, 0x82, 0x48, 0x6,
    0x0, 0x6, 0x45, 0x0, 0x60, 0x0, 0x5, 0x0,
    0x2, 0x40, 0x19, 0x0, 0x0, 0x6, 0xa0, 0x0,
    0x0,

    /* U+1F975 "🥵" */
    0x0, 0x1, 0xa4, 0x0, 0x0, 0x0, 0x90, 0x6,
    0x0, 0x0, 0x18, 0x0, 0x1, 0x68, 0x1, 0x40,
    0x0, 0x3, 0x10, 0x8, 0x14, 0x0, 0x88, 0x20,
    0x42, 0x40, 0x0, 0x90, 0x82, 0x0, 0x40, 0x10,
    0x42, 0x8, 0xb, 0x40, 0xf2, 0x68, 0x28, 0x1c,
    0x2, 0x40, 0x80, 0xe4, 0x0, 0x0, 0x2, 0x5,
    0x20, 0x0, 0x0, 0x8, 0x20, 0x53, 0xae, 0xd0,
    0x20, 0x80, 0xac, 0x12, 0xc2, 0x2, 0x5, 0x70,
    0x4a, 0x14, 0x1, 0xa4, 0x81, 0x21, 0x80, 0x0,
    0x1b, 0x0, 0xe4, 0x0, 0x0, 0x6, 0xa9, 0x0,
    0x0,

    /* U+1F976 "🥶" */
    0x0, 0x2a, 0xaa, 0x80, 0x0, 0x0, 0x80, 0x0,
    0x20, 0x0, 0x2, 0x0, 0x1a, 0xa5, 0x50, 0x3,
    0x6, 0x90, 0x9, 0xa0, 0x6, 0xa4, 0x0, 0x19,
    0x68, 0xc, 0x0, 0x0, 0x19, 0x28, 0x2a, 0x9,
    0x1, 0x89, 0xa0, 0x95, 0x4e, 0x2, 0xc1, 0x60,
    0x92, 0x44, 0x0, 0x40, 0x20, 0xaa, 0x40, 0x0,
    0x0, 0x10, 0x29, 0xab, 0xbb, 0xa0, 0x50, 0x8,
    0xea, 0x66, 0xa4, 0x80, 0x8, 0xd5, 0x11, 0x50,
    0x40, 0x3, 0x6a, 0xaa, 0x92, 0x0, 0x6, 0x90,
    0x0, 0x8, 0x0, 0x9, 0xb8, 0x1, 0xa0, 0x0,
    0x2, 0x81, 0xa9, 0x0, 0x0, 0x0, 0x0, 0x0,
    0x0, 0x0,

    /* U+1F977 "🥷" */
    0x0, 0x0, 0x54, 0x0, 0x0, 0x2, 0xff, 0xd3,
    0x0, 0x2, 0xff, 0xff, 0xc0, 0x1, 0xff, 0xff,
    0xf8, 0x0, 0xbf, 0xff, 0xf4, 0x0, 0x2d, 0x0,
    0x1e, 0x0, 0xd, 0x0, 0x1, 0x80, 0x2, 0x1c,
    0xc, 0x20, 0x29, 0x80, 0x54, 0x8, 0x26, 0xa6,
    0xff, 0xe1, 0x6, 0x1f, 0xff, 0xff, 0x40, 0x56,
    0xff, 0xff, 0xd0, 0x5, 0xbf, 0xff, 0xf4, 0x0,
    0x3f, 0xff, 0xff, 0x0, 0xb, 0xff, 0xff, 0xc0,
    0x0, 0xff, 0xff, 0xd0, 0x0, 0x6, 0xfe, 0x80,
    0x0,

    /* U+1F978 "🥸" */
    0x0, 0x1, 0xa4, 0x0, 0x0, 0x2, 0x40, 0x18,
    0x0, 0x2, 0xe4, 0x1, 0x7c, 0x0, 0xff, 0xc0,
    0x3f, 0xf0, 0xf, 0xfc, 0x3, 0xff, 0x1, 0xd4,
    0x20, 0x55, 0x38, 0x39, 0x1, 0xfc, 0x1, 0xc3,
    0x80, 0x28, 0xc0, 0x1c, 0x28, 0x3, 0x4c, 0x2,
    0x82, 0x25, 0xa0, 0xb5, 0x88, 0x20, 0x5, 0x5,
    0x0, 0x81, 0x41, 0xb0, 0xf5, 0x4, 0x8, 0x3f,
    0xff, 0xc2, 0x0, 0x60, 0x79, 0xd4, 0x50, 0x1,
    0x80, 0x0, 0x14, 0x0, 0x2, 0x40, 0x19, 0x0,
    0x0, 0x1, 0xa8, 0x0, 0x0,

    /* U+1F979 "🥹" */
    0x0, 0x6, 0x90, 0x0, 0x0, 0x24, 0x1, 0x90,
    0x0, 0x60, 0x0, 0x9, 0x0, 0x60, 0x0, 0x0,
    0x50, 0x20, 0x90, 0x2, 0x8, 0x14, 0x80, 0x0,
    0x20, 0x48, 0x1a, 0x0, 0xa8, 0x22, 0x14, 0x70,
    0x83, 0x88, 0x89, 0x2d, 0x32, 0xf2, 0x22, 0x7b,
    0x4a, 0xd8, 0x88, 0x10, 0x81, 0x45, 0x21, 0x41,
    0x40, 0x14, 0x8, 0x20, 0x4, 0x0, 0x8, 0x5,
    0x1, 0xa8, 0x5, 0x0, 0x60, 0x0, 0x5, 0x0,
    0x6, 0x40, 0x19, 0x0, 0x0, 0x6, 0xa4, 0x0,
    0x0,

    /* U+1F97A "🥺" */
    0x0, 0x6, 0x90, 0x0, 0x0, 0x24, 0x1, 0x80,
    0x0, 0x60, 0x0, 0x9, 0x0, 0x60, 0x0, 0x0,
    0x50, 0x20, 0x50, 0x2, 0x8, 0x14, 0x80, 0x0,
    0x10, 0x48, 0x5, 0x0, 0x50, 0x22, 0x4, 0x70,
    0x47, 0x8, 0x83, 0x3d, 0x32, 0xd2, 0x20, 0xff,
    0xf, 0xf4, 0x88, 0xf, 0x40, 0xf8, 0x21, 0x40,
    0x0, 0x0, 0x4, 0x20, 0x0, 0x0, 0x8, 0x6,
    0x1, 0xa4, 0x5, 0x0, 0x60, 0x0, 0x5, 0x0,
    0x2, 0x40, 0x19, 0x0, 0x0, 0x6, 0xa0, 0x0,
    0x0,

    /* U+1F97B "🥻" */
    0x1, 0x96, 0x40, 0x0, 0xa7, 0xe6, 0x40, 0x20,
    0x58, 0x4d, 0x6, 0x42, 0x6, 0xb0, 0x2f, 0x91,
    0x2e, 0x0, 0x65, 0x16, 0x50, 0x3, 0x14, 0x61,
    0x0, 0x69, 0x56, 0x4, 0x5, 0x21, 0x21, 0x40,
    0x85, 0x11, 0x18, 0x9, 0x8, 0xd, 0x80, 0x85,
    0x0, 0xd0, 0xd, 0x40, 0x8, 0x0, 0x90, 0x1,
    0x80, 0x4, 0x8, 0x4, 0x0, 0x94, 0x5, 0x80,
    0x0, 0x1a, 0x0, 0x0,

    /* U+1F97C "🥼" */
    0x0, 0x2, 0xd0, 0x0, 0x0, 0x2, 0xfa, 0x0,
    0x0, 0x7, 0x2c, 0x70, 0x0, 0x9, 0xdb, 0x2a,
    0x40, 0x1, 0x15, 0xc8, 0x20, 0x2, 0x5, 0x72,
    0x5, 0x0, 0x80, 0x99, 0x40, 0x80, 0x22, 0xf,
    0x82, 0x20, 0x14, 0xc1, 0xd8, 0xc8, 0x8, 0x70,
    0x20, 0x31, 0x2, 0x28, 0x18, 0xd, 0x10, 0x8a,
    0x27, 0x62, 0x88, 0x15, 0x81, 0xc0, 0xa2, 0xb,
    0x20, 0x70, 0x26, 0x80, 0x8, 0x1c, 0x8, 0x0,
    0x2, 0x7, 0x2, 0x0, 0x0, 0x6a, 0x69, 0x40,
    0x0,

    /* U+1F97D "🥽" */
    0x0, 0x0, 0x0, 0x0, 0x0, 0x6, 0xa5, 0x5a,
    0xa8, 0x0, 0x85, 0x55, 0x5a, 0x58, 0x9, 0x91,
    0x69, 0x40, 0x94, 0x29, 0x54, 0x1, 0x56, 0x10,
    0xbb, 0xff, 0xff, 0xfe, 0x8b, 0xfa, 0xaa, 0xab,
    0xff, 0x2f, 0x5a, 0xaa, 0xa9, 0xfc, 0x3a, 0xff,
    0xff, 0xfd, 0xc0, 0x9d, 0xdf, 0xff, 0xf7, 0x0,
    0x7a, 0xf5, 0x7f, 0xd8, 0x2, 0xbb, 0x65, 0xff,
    0x50, 0x5, 0xb6, 0x9, 0xa6, 0x0, 0x6, 0xa0,
    0xa, 0xa0, 0x0,

    /* U+1F97E "🥾" */
    0x6, 0xa4, 0x0, 0x0, 0x0, 0xbf, 0xfe, 0x40,
    0x0, 0x3, 0xbf, 0x42, 0x0, 0x0, 0xd, 0x0,
    0x4, 0x0, 0x0, 0x21, 0x2, 0xb4, 0x0, 0x0,
    0xe0, 0x7a, 0xd0, 0x0, 0x2, 0x50, 0x1b, 0xc0,
    0x0, 0x8, 0x1, 0xeb, 0xc0, 0x0, 0x20, 0x0,
    0xa6, 0x0, 0x0, 0x80, 0xb, 0xaf, 0x40, 0x2,
    0x0, 0x2, 0x81, 0xa8, 0x2e, 0x40, 0x0, 0x0,
    0x14, 0x2f, 0xd0, 0x0, 0x0, 0x30, 0x7, 0xf4,
    0x1, 0x53, 0xc0, 0x0, 0x7d, 0x1, 0xbd, 0x0,
    0x0, 0x6f, 0xff, 0x80, 0x0, 0x0, 0x11, 0x0,
    0x0,

    /* U+1F97F "🥿" */
    0x1e, 0x40, 0x0, 0x0, 0x2, 0xbf, 0x40, 0x0,
    0x0, 0x21, 0xff, 0x40, 0x0, 0x2, 0x2, 0xff,
    0x91, 0x0, 0x20, 0x1, 0xff, 0xda, 0x2, 0x40,
    0x0, 0x0, 0x8, 0x1f, 0xe4, 0x0, 0x0, 0x10,
    0x1b, 0xe9, 0x0, 0x2, 0x0, 0x0, 0x6, 0xaa,
    0x80,

    /* U+1F980 "🦀" */
    0x0, 0x6, 0xa, 0x0, 0x0, 0x1, 0x84, 0x21,
    0x80, 0x0, 0x14, 0x25, 0x90, 0x80, 0x0, 0x80,
    0x15, 0x1, 0x0, 0x2, 0x2, 0x8, 0x1, 0x0,
    0x8, 0x60, 0x6, 0x14, 0x0, 0x3e, 0x25, 0x83,
    0xe0, 0x0, 0x88, 0x96, 0x15, 0x40, 0x6, 0x27,
    0xad, 0xc9, 0x0, 0x9f, 0x95, 0x55, 0xb5, 0x42,
    0xa8, 0x0, 0x0, 0xa8, 0x24, 0x90, 0x0, 0x3,
    0x8, 0x1b, 0x80, 0x0, 0xe, 0x80, 0x87, 0x0,
    0x0, 0xa2, 0x0, 0x52, 0x0, 0x9, 0x20, 0x2,
    0x2, 0xaa, 0x90, 0x80, 0x4, 0x0, 0x0, 0x1,
    0x0,

    /* U+1F981 "🦁" */
    0x0, 0x10, 0x1, 0x0, 0x2, 0x7f, 0xbe, 0x0,
    0x6, 0xff, 0xff, 0xe0, 0xf, 0xff, 0xff, 0xf0,
    0x18, 0x6b, 0xea, 0x1c, 0x37, 0x0, 0x0, 0x9c,
    0x2c, 0x18, 0x18, 0x38, 0x2c, 0x0, 0x0, 0x3c,
    0x3d, 0x1, 0x80, 0x3c, 0x2f, 0x2, 0xc0, 0xbc,
    0xf, 0x82, 0x81, 0xf8, 0xf, 0xf0, 0xb, 0xf0,
    0x3, 0xf4, 0xf, 0xe0, 0x1, 0xfd, 0x7f, 0x80,
    0x0, 0x3f, 0xfe, 0x0, 0x0, 0x7, 0xd0, 0x0,
    0x0, 0x0, 0x40, 0x0,

    /* U+1F982 "🦂" */
    0x0, 0x1, 0xa4, 0x0, 0x0, 0xd, 0x47, 0x0,
    0x0, 0x16, 0xd8, 0x40, 0x0, 0x21, 0x1f, 0x40,
    0x0, 0xa, 0x71, 0x40, 0x0, 0x5, 0x9b, 0x90,
    0x0, 0x26, 0xd7, 0x90, 0x1, 0xaf, 0x7, 0x54,
    0x0, 0x4f, 0xa3, 0xa0, 0xf, 0xe8, 0xb, 0x94,
    0x20, 0xf1, 0x7, 0xf9, 0x40, 0xf6, 0x7, 0x82,
    0x80, 0x49, 0x5, 0x42, 0x80, 0x81, 0x92, 0x2,
    0x26, 0xc0, 0xe, 0x45, 0x1a, 0x0, 0x2, 0x14,
    0x1, 0x0, 0x6, 0x80,

    /* U+1F983 "🦃" */
    0x1, 0x40, 0x15, 0x0, 0x0, 0xfa, 0x29, 0x6,
    0x40, 0xe, 0xd, 0x19, 0xa, 0x2, 0xd4, 0x49,
    0x1a, 0x20, 0xe, 0x6, 0x59, 0x4, 0x82, 0xd1,
    0x7f, 0xfc, 0x88, 0x24, 0x3f, 0xff, 0xd4, 0x52,
    0x13, 0xff, 0xfe, 0x55, 0x39, 0x7f, 0xe6, 0xf1,
    0x41, 0x3, 0xf4, 0x8, 0x88, 0x8, 0x4, 0x0,
    0x35, 0x40, 0x90, 0x0, 0x2, 0x60, 0x1, 0x80,
    0x0, 0xa4, 0x0, 0x1, 0xfb, 0x90, 0x0, 0x0,
    0xd, 0x30, 0x0, 0x0, 0x2, 0x5b, 0x40, 0x0,
    0x0, 0x2, 0x40, 0x0, 0x0,

    /* U+1F984 "🦄" */
    0x3, 0x0, 0x40, 0x0, 0x0, 0xb8, 0x94, 0x40,
    0x0, 0x3b, 0xd2, 0x34, 0x0, 0x3f, 0x74, 0xfd,
    0x0, 0xd, 0xe9, 0x3f, 0xd0, 0x0, 0x28, 0xf,
    0xfc, 0x0, 0x24, 0x3, 0xff, 0xd0, 0x24, 0x24,
    0x3f, 0xf4, 0x24, 0x0, 0x3, 0xfc, 0x15, 0x0,
    0x8, 0xff, 0xc8, 0x0, 0x18, 0x3f, 0xf2, 0x6,
    0xac, 0xb, 0xfc, 0x28, 0x1, 0x0, 0xff, 0x0,
    0x1, 0x0, 0xf, 0x40, 0x0, 0x80, 0x0, 0xc0,
    0x0, 0x20, 0x0, 0x30, 0x0, 0x1, 0xaa, 0x90,
    0x0,

    /* U+1F985 "🦅" */
    0x1, 0x0, 0x0, 0x0, 0x1e, 0x0, 0x0, 0x0,
    0x3d, 0xc0, 0x0, 0x0, 0x7f, 0xd0, 0x2a, 0xaa,
    0xbf, 0xf0, 0x80, 0x6, 0xbf, 0xf6, 0x0, 0x8,
    0x7e, 0xfa, 0x0, 0x14, 0x35, 0x2d, 0x0, 0x60,
    0x9, 0x8, 0x1, 0x40, 0x1e, 0x8, 0x2, 0x0,
    0x0, 0xa8, 0x8, 0x0, 0x0, 0x90, 0x34, 0x0,
    0x0, 0x40, 0x3c, 0x0, 0x1, 0x88, 0x7f, 0x0,
    0x7, 0xe7, 0xff, 0x0, 0x0, 0x47, 0x0, 0x0,
    0x0, 0x0, 0x0, 0x0,

    /* U+1F986 "🦆" */
    0x0, 0x19, 0x0, 0x0, 0x0, 0x91, 0x80, 0x0,
    0x17, 0x44, 0x80, 0x0, 0x3f, 0x40, 0x80, 0x0,
    0x0, 0x90, 0x80, 0x0, 0x0, 0x37, 0x40, 0x24,
    0x0, 0x82, 0xa9, 0x68, 0x2, 0x3, 0xff, 0xd2,
    0x2, 0x3, 0xff, 0x42, 0x2, 0x3, 0xff, 0x41,
    0x2, 0x0, 0xbd, 0x8, 0x1, 0x40, 0x0, 0x14,
    0x0, 0x64, 0x1, 0x90, 0x0, 0x7, 0xb4, 0x0,
    0x0, 0xb, 0x20, 0x0, 0x0, 0x18, 0xb0, 0x0,
    0x0, 0x0, 0xe0, 0x0,

    /* U+1F987 "🦇" */
    0x0, 0x4, 0x0, 0x4, 0x0, 0x0, 0x1c, 0x62,
    0x4c, 0x0, 0x0, 0x98, 0x62, 0x49, 0x80, 0x2,
    0x6, 0x3f, 0x54, 0x20, 0x8, 0x2, 0xee, 0xa0,
    0x8, 0x10, 0x1, 0xff, 0x90, 0x4, 0x20, 0x0,
    0x92, 0x40, 0x2, 0x20, 0x0, 0x81, 0x40, 0x2,
    0x39, 0xa0, 0x81, 0x42, 0x5a, 0x1, 0xa, 0xbf,
    0xa8, 0x10, 0x0, 0x0, 0x73, 0x0, 0x0, 0x0,
    0x0, 0x19, 0x0, 0x0, 0x0, 0x0, 0x4, 0x0,
    0x0,

    /* U+1F988 "🦈" */
    0x0, 0x0, 0x0, 0x10, 0x0, 0x0, 0x0, 0x2f,
    0x0, 0x0, 0x6f, 0xff, 0xf0, 0x0, 0x7b, 0xff,
    0xff, 0x80, 0x2f, 0x69, 0xfb, 0xff, 0x7, 0xf4,
    0x45, 0x2f, 0xbc, 0x3c, 0x60, 0x0, 0xf5, 0xd0,
    0xbc, 0x0, 0x3, 0x4e, 0x0, 0xaa, 0xba, 0x40,
    0xa0, 0x0, 0x2, 0x85, 0xd, 0x0, 0x0, 0x0,
    0x23, 0xc0, 0x1b, 0xff, 0xff, 0xe0, 0x1, 0xab,
    0xf9, 0x40, 0x0, 0x0, 0xe, 0x0, 0x0, 0x0,
    0x0, 0xd0, 0x0, 0x0, 0x0, 0xc, 0x0, 0x0,
    0x0, 0x0, 0x0, 0x0, 0x0,

    /* U+1F989 "🦉" */
    0x0, 0x0, 0x0, 0x1, 0xb6, 0xf9, 0xe0, 0xf,
    0xff, 0xff, 0x0, 0xc6, 0xf9, 0x30, 0x16, 0x5f,
    0x59, 0x2, 0x29, 0xf6, 0x94, 0x22, 0x9f, 0xa9,
    0x41, 0x40, 0xa0, 0x20, 0x2e, 0x95, 0xab, 0xc3,
    0xc0, 0xa0, 0x3c, 0x3c, 0x90, 0x63, 0xc1, 0xc0,
    0x0, 0x34, 0x8, 0x14, 0x52, 0x0, 0x20, 0x0,
    0x80, 0x2, 0xd0, 0x34, 0x0, 0x3a, 0xf6, 0xc0,
    0x2, 0xa5, 0xa8, 0x0,

    /* U+1F98A "🦊" */
    0x0, 0x0, 0x0, 0x0, 0x0, 0xf, 0x40, 0x7,
    0xc0, 0x1, 0xfd, 0x1, 0xfd, 0x0, 0x2f, 0x70,
    0x2b, 0xd0, 0x2, 0x78, 0xa8, 0xf2, 0x0, 0x22,
    0x0, 0x2, 0x20, 0x1, 0x0, 0x0, 0x1, 0x0,
    0x20, 0x0, 0x0, 0x10, 0x2, 0x0, 0x1, 0x2,
    0x0, 0x50, 0xa0, 0x34, 0x14, 0xe, 0x90, 0x0,
    0x1a, 0xc2, 0x5, 0x90, 0x29, 0x2, 0x20, 0x15,
    0xfc, 0x50, 0x20, 0xa6, 0x7, 0x2, 0x68, 0x0,
    0xa5, 0x99, 0x64, 0x0, 0x0, 0x6a, 0xa4, 0x0,
    0x0, 0x0, 0x0, 0x0, 0x0,

    /* U+1F98B "🦋" */
    0x0, 0x0, 0x2, 0x80, 0x0, 0x0, 0x90, 0x21,
    0x0, 0x0, 0x5, 0x60, 0x40, 0x1a, 0x0, 0x0,
    0x54, 0x2, 0x55, 0x0, 0x0, 0x90, 0x20, 0x63,
    0x6a, 0x2, 0xd2, 0x55, 0x89, 0x1, 0x97, 0xe7,
    0x22, 0x9, 0x8e, 0x7f, 0x31, 0x44, 0x21, 0x86,
    0x3d, 0x2d, 0x80, 0x21, 0x50, 0xb1, 0x5d, 0x0,
    0x62, 0x91, 0xc5, 0x90, 0x0, 0x6a, 0x67, 0x74,
    0x90, 0x0, 0x21, 0xcd, 0x48, 0x80, 0x0, 0x94,
    0x79, 0xc2, 0x0, 0x2, 0xc, 0xf5, 0x20, 0x0,
    0x9, 0x8, 0x59, 0x0, 0x0, 0x6, 0x80, 0x0,
    0x0,

    /* U+1F98C "🦌" */
    0x0, 0x0, 0x0, 0x28, 0x1d, 0x0, 0x7d, 0x7e,
    0x0, 0x9a, 0xf5, 0x0, 0x20, 0x2a, 0x0, 0x20,
    0x8, 0x0, 0x60, 0x19, 0x50, 0x1c, 0x14, 0x2a,
    0x8, 0x0, 0x2, 0x8, 0x0, 0x5, 0x4, 0x0,
    0x8, 0x2, 0x4b, 0xc5, 0x1, 0x8b, 0xa2, 0x5,
    0x8a, 0xe2, 0x8, 0x86, 0xa2, 0x9, 0x57, 0x62,
    0x0, 0x50, 0x18,

    /* U+1F98D "🦍" */
    0x2, 0x40, 0x0, 0x0, 0x20, 0x80, 0x0, 0x3,
    0x50, 0x80, 0x0, 0x15, 0x43, 0x40, 0x0, 0x74,
    0x24, 0x80, 0x2, 0x90, 0x81, 0x0, 0xb, 0x44,
    0x2, 0x40, 0x2e, 0x0, 0x0, 0x60, 0x7c, 0x50,
    0x0, 0x41, 0xfe, 0x0, 0x80, 0x4b, 0xe8, 0x2,
    0x2, 0x3f, 0x50, 0x7c, 0x8, 0xbc, 0x82, 0xf8,
    0x21, 0xf2, 0x16, 0xf4, 0x43, 0x88, 0x4b, 0xe1,
    0xf, 0x20, 0xab, 0x5c, 0x0, 0x68, 0x1, 0x40,

    /* U+1F98E "🦎" */
    0x9, 0x0, 0x0, 0x2, 0x24, 0x0, 0x0, 0x21,
    0xc0, 0x0, 0x3, 0x49, 0xe0, 0x0, 0x10, 0x5a,
    0x0, 0x2, 0x2, 0xe0, 0x0, 0x9, 0x7, 0x1,
    0x41, 0x51, 0x19, 0x68, 0x73, 0x1, 0x3f, 0x5,
    0xfa, 0x5, 0x80, 0x0, 0x2c, 0x8, 0x0, 0x3,
    0xf1, 0x80, 0x0, 0x7c, 0x88, 0x40, 0x6, 0x4c,
    0x4a, 0x0, 0x0, 0x52, 0x60, 0x0, 0x2, 0x42,
    0x0, 0x0, 0x6, 0x40,

    /* U+1F98F "🦏" */
    0x0, 0x0, 0x0, 0x0, 0x0, 0x0, 0x1c, 0x65,
    0x6, 0x80, 0x0, 0xe, 0x95, 0xa4, 0x20, 0x0,
    0x24, 0x0, 0x0, 0x8, 0x21, 0x60, 0x0, 0x0,
    0x5, 0x32, 0xc0, 0x0, 0x0, 0x2, 0x37, 0x80,
    0x4, 0x0, 0x2, 0x3e, 0x6, 0x4, 0x0, 0x12,
    0x3d, 0x0, 0x20, 0x0, 0x82, 0x38, 0x40, 0x20,
    0x0, 0x82, 0x21, 0x2, 0xe0, 0x7, 0xc2, 0x24,
    0x2f, 0xc8, 0x3b, 0xc2, 0x6, 0x43, 0xe4, 0x27,
    0x42, 0x0, 0x3, 0xf0, 0x8f, 0x2, 0x0, 0x7,
    0xf0, 0x81, 0xa8, 0x0, 0x0, 0x2a, 0x80, 0x0,
    0x0, 0x0, 0x0, 0x0, 0x0,

    /* U+1F990 "🦐" */
    0x0, 0x0, 0x0, 0x1, 0x0, 0x0, 0x6, 0xaa,
    0xa4, 0x0, 0x10, 0x64, 0x5, 0x0, 0x0, 0x6a,
    0x46, 0x95, 0x6a, 0x40, 0x57, 0x79, 0x0, 0x0,
    0x0, 0x20, 0x55, 0x68, 0x15, 0x0, 0x14, 0x14,
    0x3, 0xb4, 0x90, 0x2, 0x40, 0x2, 0x48, 0x30,
    0x0, 0xc0, 0x0, 0x88, 0x18, 0x6, 0x78, 0x0,
    0x8a, 0x85, 0x0, 0x9b, 0xb6, 0xef, 0x85, 0x0,
    0x94, 0x90, 0x10, 0x84, 0x2, 0x21, 0x40, 0x2,
    0xac, 0x0, 0x21, 0x0, 0x8, 0x8, 0x0, 0x11,
    0x0, 0x1a, 0x8, 0x0, 0x0, 0x0, 0x1, 0x60,
    0x0, 0x0, 0x0, 0x6, 0x40,

    /* U+1F991 "🦑" */
    0x0, 0x6, 0x0, 0x0, 0x0, 0x0, 0xd8, 0x15,
    0x50, 0x0, 0xc, 0x8f, 0xd1, 0x0, 0x0, 0x89,
    0x80, 0x10, 0x0, 0x26, 0xa0, 0x2, 0x0, 0x9,
    0x98, 0x1, 0x30, 0x1, 0x62, 0x0, 0xb, 0x2,
    0xb5, 0x21, 0x11, 0x60, 0x25, 0x6d, 0x4, 0x50,
    0x0, 0xd9, 0x40, 0x29, 0x99, 0x12, 0x40, 0x74,
    0x57, 0xd0, 0x84, 0x3, 0x16, 0x50, 0x2, 0x85,
    0x49, 0x80, 0x0, 0x1, 0x87, 0xa4, 0x0, 0x0,
    0x22, 0x88, 0x0, 0x0, 0x1, 0xaa, 0x80, 0x0,
    0x0, 0x0, 0x14, 0x0, 0x0,

    /* U+1F992 "🦒" */
    0x2, 0x80, 0x0, 0x0, 0x2b, 0x90, 0x0, 0x2,
    0x21, 0x80, 0x0, 0x20, 0x9, 0x0, 0x0, 0x68,
    0x20, 0x0, 0x0, 0x9, 0x60, 0x0, 0x0, 0x21,
    0x60, 0x0, 0x0, 0x25, 0x2a, 0x0, 0x0, 0x96,
    0x92, 0x0, 0x3, 0xb2, 0x6a, 0x0, 0xd, 0x55,
    0x3c, 0x0, 0x3d, 0xb5, 0xdc, 0x0, 0xf2, 0x5b,
    0xb0, 0x3, 0x9a, 0x36, 0x40, 0xd, 0x68, 0x9c,
    0x0, 0x39, 0xa5, 0xa0, 0x0, 0x9, 0xa0, 0x0,

    /* U+1F993 "🦓" */
    0x0, 0x1a, 0x50, 0x0, 0x0, 0x57, 0x6b, 0x80,
    0x0, 0x8, 0x72, 0xdc, 0x0, 0x0, 0x9a, 0x57,
    0x80, 0x0, 0x2d, 0x8b, 0x28, 0x0, 0x32, 0xb,
    0x9e, 0x0, 0x2c, 0x2, 0xac, 0x60, 0x16, 0x68,
    0x27, 0xe8, 0xf, 0x82, 0x1d, 0x73, 0xf, 0xfd,
    0x50, 0x5b, 0xcb, 0xf0, 0x88, 0x96, 0xb3, 0xec,
    0x3f, 0x86, 0x3c, 0xbf, 0xa6, 0x9, 0x27, 0x6,
    0x0, 0x98, 0x22, 0xc0, 0x0, 0x34, 0x20, 0x70,
    0x0, 0xc, 0xa0, 0x98, 0x0, 0x1, 0xaa, 0xa4,
    0x0,

    /* U+1F994 "🦔" */
    0x0, 0x0, 0x0, 0x0, 0x0, 0x0, 0x4, 0xb,
    0xb0, 0x0, 0x0, 0x1e, 0xef, 0xff, 0x80, 0x1,
    0xfb, 0xfa, 0xff, 0x40, 0x6, 0xfb, 0xeb, 0xeb,
    0xf4, 0xf, 0xff, 0xff, 0xff, 0xf4, 0x7, 0xaf,
    0xaf, 0xf7, 0xfd, 0x18, 0x1, 0x8f, 0x5f, 0xfc,
    0xa0, 0x20, 0x5c, 0xbd, 0x7d, 0xf0, 0x0, 0xbf,
    0xff, 0xfc, 0x30, 0x0, 0xff, 0xfe, 0xb8, 0x9,
    0x2, 0x41, 0xbf, 0xf8, 0x1, 0xbd, 0x0, 0xf,
    0xd0, 0x0, 0xbc, 0x0, 0x2, 0xd0, 0x2, 0xf8,
    0x19, 0x2, 0x0, 0x1, 0x9e, 0x90, 0xe9, 0x0,
    0x0, 0x0, 0x0, 0x0, 0x0,

    /* U+1F995 "🦕" */
    0x2, 0x0, 0x0, 0x0, 0x6, 0x20, 0x0, 0x0,
    0x2, 0x12, 0x0, 0x0, 0x2, 0x0, 0x80, 0x0,
    0x0, 0x8a, 0x80, 0x0, 0x0, 0x22, 0x0, 0x0,
    0x0, 0x8, 0x80, 0x0, 0x0, 0x1, 0x49, 0x0,
    0x0, 0x0, 0x20, 0x6a, 0x90, 0x64, 0x2, 0x0,
    0x6, 0x19, 0x80, 0x51, 0x11, 0x20, 0xa0, 0xc,
    0x2, 0x2, 0xa4, 0x3, 0xc0, 0x0, 0x2, 0x0,
    0xf0, 0x0, 0x5a, 0x0, 0x78, 0xff, 0x20, 0x0,
    0x3c, 0x26, 0x88, 0x0, 0x1, 0xa0, 0x29, 0x0,
    0x0,

    /* U+1F996 "🦖" */
    0x9, 0x20, 0x0, 0x0, 0x0, 0x20, 0x58, 0x0,
    0x0, 0x0, 0x36, 0x42, 0x0, 0x1, 0xa0, 0x1e,
    0x60, 0x80, 0x3, 0x49, 0x1a, 0x80, 0xae, 0xe0,
    0x62, 0x1a, 0x5, 0x4, 0x5a, 0x82, 0x8, 0x5c,
    0x0, 0x0, 0x5, 0x6, 0x6c, 0x20, 0x0, 0x24,
    0x0, 0xbe, 0x81, 0x2, 0x40, 0x0, 0xe7, 0x8,
    0x48, 0x0, 0x0, 0x83, 0xf0, 0x14, 0x0, 0x0,
    0x3, 0xfa, 0x14, 0x0, 0x0, 0x0, 0xb6, 0x10,
    0x0, 0x0, 0x0, 0x34, 0x50, 0x0, 0x0, 0x1,
    0xba, 0x8, 0x0, 0x0, 0x7, 0xee, 0x18, 0x0,
    0x0, 0x0, 0x0, 0x80, 0x0,

    /* U+1F997 "🦗" */
    0x1, 0x0, 0x0, 0x0, 0x0, 0x88, 0x0, 0x0,
    0x0, 0x0, 0x90, 0x0, 0x0, 0x0, 0x2, 0x10,
    0x0, 0x0, 0x0, 0x1, 0x80, 0xe, 0x24, 0x0,
    0xa, 0x0, 0xfe, 0x20, 0x0, 0x9a, 0xb, 0x70,
    0x90, 0xc, 0x1, 0xfe, 0x29, 0x40, 0x73, 0x80,
    0xf2, 0xf2, 0x0, 0x84, 0x82, 0x2f, 0xc9, 0x41,
    0x42, 0x7f, 0x40, 0x78, 0x3, 0xe3, 0x5c, 0x2,
    0x40, 0xfa, 0x16, 0xbd, 0xa8, 0x90, 0x28, 0x80,
    0x74, 0x10, 0x82, 0x8, 0x0, 0x90, 0x29, 0x1,
    0x40, 0x0, 0xf4, 0x0, 0x0, 0x0, 0x1, 0x90,
    0x0,

    /* U+1F998 "🦘" */
    0x0, 0x60, 0x0, 0x0, 0x0, 0x16, 0x80, 0x0,
    0x0, 0x2, 0x48, 0x0, 0x0, 0x0, 0x81, 0x4a,
    0x68, 0x0, 0xa0, 0x26, 0x0, 0x20, 0x9, 0x10,
    0x40, 0x81, 0x40, 0x15, 0x80, 0x60, 0x8, 0x0,
    0x2, 0x5b, 0x9, 0x20, 0x0, 0xf, 0xf8, 0xe2,
    0x40, 0x0, 0xf9, 0xd8, 0x86, 0x0, 0x2, 0x47,
    0x22, 0xa0, 0x0, 0x0, 0xb5, 0x0, 0x0, 0x0,
    0xd, 0x80, 0x0, 0x0, 0x3, 0xa0, 0x0, 0x0,
    0x0, 0x8, 0x0, 0x0,

    /* U+1F999 "🦙" */
    0x1, 0x0, 0x0, 0x0, 0x3, 0xc0, 0x0, 0x0,
    0x2, 0xfc, 0x0, 0x0, 0x2, 0x12, 0x80, 0x0,
    0x0, 0x92, 0x20, 0x0, 0x0, 0xb, 0x82, 0x14,
    0x0, 0x0, 0xc0, 0x55, 0x6b, 0xd0, 0x30, 0x0,
    0x0, 0xac, 0x4, 0x0, 0x0, 0xf, 0x0, 0x88,
    0x2, 0x2, 0x0, 0xd, 0x0, 0x80, 0x80, 0x0,
    0x82, 0x20, 0x20, 0x0, 0x8, 0xf9, 0x14, 0x0,
    0x2, 0x78, 0xad, 0x0, 0x0, 0x36, 0xd, 0x40,
    0x0, 0x9, 0x42, 0x50, 0x0, 0x2, 0x0, 0x80,
    0x0,

    /* U+1F99A "🦚" */
    0x0, 0x1, 0x80, 0x0, 0x0, 0x1, 0xab, 0x0,
    0x0, 0x7b, 0xe2, 0xaf, 0x0, 0x36, 0x5e, 0x8c,
    0xd0, 0xa, 0x7b, 0xff, 0x70, 0x3, 0xbd, 0x6,
    0xed, 0x2, 0xca, 0x1a, 0x32, 0xd3, 0x5f, 0x5b,
    0x4f, 0x5c, 0xaa, 0xc2, 0x83, 0xaa, 0x3, 0x25,
    0xd2, 0xce, 0x0, 0xaf, 0xf5, 0xfe, 0x0, 0x22,
    0x7f, 0x8c, 0x90, 0xd, 0xef, 0xfa, 0x74, 0x0,
    0x9b, 0xff, 0x54, 0x0, 0x0, 0x3f, 0x0, 0x0,
    0x0, 0x5, 0x40, 0x0, 0x0, 0x1, 0x0, 0x0,
    0x0,

    /* U+1F99B "🦛" */
    0x0, 0x28, 0x10, 0x0, 0x0, 0x0, 0x56, 0x85,
    0xaa, 0x0, 0x1, 0x81, 0xd, 0x0, 0x80, 0x6,
    0x0, 0x4, 0x0, 0x20, 0xd, 0x0, 0x8, 0x0,
    0xa, 0xe, 0xc, 0x8, 0x0, 0x2, 0x1c, 0x0,
    0x8, 0x0, 0x9, 0x51, 0xa1, 0x80, 0x0, 0x8,
    0x84, 0x42, 0x0, 0x0, 0x8, 0x50, 0x3, 0x0,
    0x2, 0x88, 0x24, 0x1f, 0xe1, 0xbd, 0x88, 0x6,
    0x9f, 0x52, 0x3d, 0x44, 0x0, 0xf, 0x52, 0x1,
    0xa0, 0x0, 0x1e, 0x22, 0x0, 0x0, 0x0, 0x0,
    0x28, 0x0, 0x0,

    /* U+1F99C "🦜" */
    0x2, 0x90, 0x0, 0x0, 0x20, 0x60, 0x0, 0x3,
    0x0, 0x50, 0x0, 0x23, 0x30, 0x80, 0x0, 0x8c,
    0x2, 0x0, 0x2, 0xe0, 0xc, 0x0, 0x3, 0x1,
    0x98, 0x0, 0x8, 0x8, 0x24, 0x0, 0x20, 0x50,
    0x20, 0x0, 0x81, 0x40, 0x50, 0x1, 0x2, 0x0,
    0x80, 0x2, 0x5, 0x11, 0x80, 0x2, 0x6, 0x83,
    0x80, 0x3, 0xd7, 0x9f, 0xe0, 0x9, 0x35, 0xbf,
    0x41, 0xa9, 0xd0, 0x0, 0x0, 0x19, 0x40, 0x0,

    /* U+1F99D "🦝" */
    0x0, 0x40, 0x0, 0x0, 0x40, 0x0, 0x9a, 0x1a,
    0x46, 0x58, 0x0, 0x2a, 0x24, 0x5, 0x36, 0x0,
    0x9, 0xd0, 0x0, 0x2d, 0x80, 0x2, 0x10, 0x0,
    0x1, 0x50, 0x0, 0x80, 0x40, 0x4, 0x14, 0x0,
    0x66, 0x59, 0x29, 0x67, 0x0, 0x34, 0x2f, 0xcf,
    0xe0, 0xb0, 0x24, 0x3d, 0x37, 0x2e, 0x9, 0x8,
    0x2f, 0xec, 0xef, 0xd0, 0x81, 0x9f, 0xfc, 0xf,
    0xfc, 0xc0, 0xc7, 0xfc, 0xb5, 0xff, 0xc, 0x18,
    0xfe, 0x3e, 0x3f, 0x88, 0x1, 0x9f, 0x6b, 0x9b,
    0x98, 0x0, 0xa, 0x80, 0x0, 0xa4, 0x0, 0x0,
    0x1a, 0xaa, 0x90, 0x0, 0x0, 0x0, 0x0, 0x0,
    0x0, 0x0,

    /* U+1F99E "🦞" */
    0x14, 0x20, 0x50, 0x80, 0x69, 0x22, 0x58, 0x88,
    0x90, 0x88, 0xa1, 0x62, 0x52, 0x22, 0x1, 0x81,
    0x8, 0x88, 0xa, 0x8, 0x3e, 0x14, 0x18, 0x60,
    0xdc, 0x32, 0xb, 0xc8, 0x20, 0xf4, 0x7, 0xe8,
    0xbe, 0x0, 0x22, 0x40, 0xd5, 0x0, 0x1a, 0x3,
    0x90, 0x2, 0xa8, 0xe, 0x80, 0x2, 0x7a, 0xa5,
    0x0, 0x5, 0xea, 0x64, 0x0, 0x9, 0x2, 0x40,
    0x0, 0x20, 0x2, 0x0, 0x0, 0x6a, 0x60, 0x0,

    /* U+1F99F "🦟" */
    0x0, 0x0, 0x0, 0x0, 0x0, 0x0, 0x0, 0x0,
    0x70, 0x0, 0x0, 0x0, 0x7, 0x70, 0x0, 0x0,
    0x0, 0x3b, 0x80, 0x0, 0x0, 0x3, 0xfe, 0xa0,
    0x0, 0x0, 0xbf, 0x80, 0x24, 0x0, 0x6f, 0xf0,
    0x2, 0x9, 0x7, 0xdb, 0xd6, 0x90, 0x41, 0xe4,
    0x1a, 0xc0, 0x1, 0x57, 0x5b, 0xc1, 0x40, 0x0,
    0x1b, 0xb1, 0x42, 0x0, 0x1, 0x88, 0x81, 0x2,
    0x80, 0x8, 0x22, 0x8, 0x0, 0xa0, 0x12, 0x54,
    0x18, 0x0, 0x0, 0x21, 0x80, 0x14, 0x0, 0x0,
    0x8, 0x0, 0x14, 0x0, 0x0, 0x0, 0x0, 0x0,
    0x0,

    /* U+1F9A0 "🦠" */
    0x0, 0x40, 0x0, 0x0, 0x1, 0x21, 0x10, 0x0,
    0x1, 0x2e, 0xb0, 0x0, 0x0, 0x38, 0x7, 0x40,
    0x0, 0x6c, 0x74, 0x98, 0x0, 0x3, 0x2f, 0xc,
    0x40, 0x5, 0xc7, 0xc0, 0xd4, 0x0, 0x34, 0x2,
    0x1a, 0x0, 0x13, 0x81, 0x1, 0xa0, 0x0, 0x4d,
    0x9, 0x1d, 0x40, 0x5, 0x70, 0x1, 0xc0, 0x0,
    0x25, 0x60, 0x38, 0x0, 0x2, 0xc0, 0x8c, 0x0,
    0x0, 0x2c, 0xd, 0x40, 0x0, 0x12, 0xfd, 0x40,
    0x0, 0x0, 0x52, 0x40, 0x0, 0x0, 0x4, 0x0,
    0x0,

    /* U+1F9A1 "🦡" */
    0x0, 0x0, 0x0, 0x0, 0x0, 0x2, 0xe8, 0x6,
    0xa4, 0x0, 0x6, 0x5e, 0xa4, 0x6, 0x40, 0x8,
    0xff, 0x81, 0x0, 0x80, 0x22, 0xab, 0xc0, 0x11,
    0x20, 0x75, 0x42, 0xc0, 0x0, 0x8, 0x30, 0x0,
    0xbe, 0x90, 0x2, 0x1a, 0xb4, 0x19, 0x6a, 0xb6,
    0x0, 0x1f, 0x16, 0xfa, 0x20, 0x0, 0xf, 0x20,
    0xf2, 0x20, 0x0, 0x2d, 0x20, 0xf2, 0x50, 0x0,
    0xa, 0x80, 0x41, 0x40,

    /* U+1F9A2 "🦢" */
    0x0, 0xa0, 0x0, 0x0, 0x0, 0x6, 0x9, 0x0,
    0x0, 0x0, 0xe, 0x42, 0x0, 0x0, 0x0, 0xf,
    0x92, 0x0, 0x0, 0x0, 0x1f, 0x52, 0x0, 0x0,
    0x0, 0x38, 0x85, 0x0, 0x0, 0x0, 0x2, 0x8,
    0x0, 0x0, 0x0, 0x5, 0x20, 0x1a, 0xaa, 0x40,
    0x8, 0x66, 0x40, 0x0, 0x60, 0x14, 0xa0, 0x0,
    0x0, 0x29, 0x20, 0x0, 0x1, 0x80, 0x5, 0x20,
    0x9, 0x2, 0x2, 0x8, 0x20, 0x51, 0xa8, 0x18,
    0x8, 0x20, 0x19, 0x0, 0x60, 0x20, 0x8, 0x0,
    0x6a, 0x0, 0x90, 0x2, 0x90, 0x0, 0x1a, 0x0,
    0x0, 0x16, 0xaa, 0x40, 0x0,

    /* U+1F9A3 "🦣" */
    0x0, 0x19, 0x0, 0x0, 0x0, 0x8, 0xa, 0x40,
    0x0, 0x3, 0x40, 0xa, 0x0, 0x0, 0x3a, 0x8a,
    0x1c, 0x0, 0x1, 0x10, 0x8, 0x68, 0x0, 0x81,
    0x1, 0xc0, 0x20, 0x8, 0x0, 0x24, 0x0, 0xc3,
    0xc0, 0x1, 0x0, 0xd, 0xbc, 0x3e, 0x0, 0x0,
    0xe7, 0x8a, 0x80, 0x6, 0xe, 0x29, 0xcd, 0x2,
    0xf4, 0x93, 0x55, 0xf8, 0x3e, 0x48, 0x1b, 0xbe,
    0x83, 0xd0, 0x80, 0x97, 0xd8, 0x3e, 0x8, 0x1,
    0x3e, 0x83, 0x9a, 0x80, 0x2, 0x98, 0x20, 0x0,
    0x0, 0x0, 0x68, 0x0, 0x0,

    /* U+1F9A4 "🦤" */
    0x14, 0x14, 0x0, 0x0, 0x1f, 0xa9, 0x40, 0x0,
    0xa, 0xc6, 0x20, 0x0, 0x0, 0xa, 0x88, 0x0,
    0x0, 0x2, 0x48, 0x0, 0x0, 0x2, 0x3, 0xa9,
    0x6a, 0x82, 0x0, 0x0, 0x70, 0x20, 0x80, 0x0,
    0x0, 0x6c, 0x24, 0x8, 0x21, 0x52, 0x2, 0x1,
    0x48, 0x90, 0x80, 0x20, 0x25, 0x29, 0x90, 0x5,
    0x6, 0x41, 0xc0, 0x0, 0x68, 0x1, 0x80, 0x0,
    0x0, 0x82, 0x40, 0x0, 0x0, 0x1f, 0x0, 0x0,
    0x0, 0xf, 0x0, 0x0, 0x0, 0x2a, 0x80, 0x0,
    0x0,

    /* U+1F9A5 "🦥" */
    0x25, 0x80, 0x0, 0x0, 0x15, 0xfa, 0xa9, 0x0,
    0x1, 0xbd, 0x61, 0xaa, 0x0, 0x3, 0xe2, 0x64,
    0x60, 0x1f, 0xf8, 0xa3, 0xf8, 0x8, 0x13, 0x28,
    0xb8, 0xb, 0x93, 0xc8, 0x4f, 0x3, 0x59, 0x72,
    0x23, 0xc0, 0xd0, 0x20, 0x88, 0x3e, 0x26, 0xa8,
    0x29, 0x4, 0x88, 0x5, 0x0, 0x0, 0x21, 0x40,
    0x0, 0x0, 0x20, 0x20, 0x0, 0x0, 0x4, 0x6,
    0x9, 0x60, 0x8, 0x0, 0x74, 0x42, 0x89, 0x0,
    0x1, 0xf6, 0xa9, 0x0, 0x0, 0x1, 0x80, 0x0,
    0x0,

    /* U+1F9A6 "🦦" */
    0x0, 0x0, 0x0, 0x0, 0x0, 0x2, 0xaa, 0x0,
    0x2, 0x40, 0x8, 0x1, 0x40, 0x5, 0x60, 0x20,
    0x5, 0xd0, 0x2, 0x8, 0x51, 0xb1, 0xd0, 0x1,
    0x48, 0x50, 0x74, 0x90, 0x34, 0x81, 0x39, 0xb,
    0x89, 0x7e, 0xc2, 0x1c, 0x2a, 0x2, 0x7f, 0x82,
    0x4, 0x66, 0xaa, 0xff, 0x2, 0x1, 0x8, 0x0,
    0x0, 0x2, 0x2, 0x4, 0x0, 0x0, 0x75, 0x1,
    0x88, 0x0, 0x1a, 0xee, 0x0, 0xa0, 0x41, 0x20,
    0xf8, 0x0, 0x20, 0x10, 0x0, 0xf8, 0x0, 0x6,
    0x0, 0x41, 0x80, 0x0, 0x0, 0x6a, 0xa8, 0x0,
    0x0, 0x0, 0x0, 0x0, 0x0,

    /* U+1F9A7 "🦧" */
    0x0, 0x0, 0x9, 0x0, 0x0, 0x0, 0x3, 0x5a,
    0xa0, 0x0, 0x0, 0xbc, 0x0, 0x90, 0x0, 0xd,
    0x69, 0x42, 0x0, 0x2, 0xaa, 0xd8, 0x10, 0x0,
    0x71, 0xf, 0x8, 0x0, 0x2c, 0x14, 0x30, 0x40,
    0x5, 0x84, 0x12, 0x10, 0x1, 0x47, 0xd6, 0xf2,
    0x0, 0x60, 0xbf, 0xfc, 0xc0, 0x8, 0x15, 0xff,
    0x48, 0x1, 0x3, 0x95, 0x40, 0x10, 0x20, 0xb1,
    0xe0, 0x6b, 0x2, 0x25, 0x3d, 0x28, 0x4, 0x3f,
    0x2b, 0xa6, 0xc2, 0x1, 0x40, 0x17, 0xfe, 0x80,
    0x0, 0x0, 0xa, 0x0, 0x0,

    /* U+1F9A8 "🦨" */
    0x0, 0x0, 0x15, 0x40, 0x0, 0x1, 0xc0, 0x20,
    0x0, 0x6, 0x3, 0xfc, 0x0, 0x8, 0xb, 0xfd,
    0x0, 0x8, 0xb, 0xfe, 0x0, 0x8, 0x2c, 0x1d,
    0x0, 0xa, 0x74, 0x4, 0x0, 0x26, 0x70, 0x0,
    0x0, 0x84, 0x18, 0x0, 0x10, 0x81, 0xf8, 0x0,
    0x3a, 0x47, 0xf8, 0x0, 0x57, 0xef, 0xf8, 0x0,
    0x7a, 0xff, 0xf4, 0x0, 0x6f, 0xff, 0x70, 0x0,
    0x7, 0xfc, 0x0, 0x0, 0x3, 0xb4, 0x0, 0x0,
    0x1, 0x60, 0x0, 0x0,

    /* U+1F9A9 "🦩" */
    0x0, 0xa0, 0x0, 0x0, 0xfe, 0x20, 0x0, 0xb,
    0xb4, 0x80, 0x0, 0x0, 0x22, 0x0, 0x0, 0x2,
    0x21, 0xa4, 0x0, 0x14, 0x98, 0x8, 0x0, 0x82,
    0x80, 0x18, 0x2, 0x0, 0x59, 0x44, 0x8, 0x1,
    0x0, 0x20, 0x8, 0x19, 0x52, 0x80, 0x6, 0x7e,
    0x69, 0x0, 0x0, 0x8a, 0x0, 0x0, 0x3, 0xa4,
    0x0, 0x0, 0x6c, 0x0, 0x0, 0x2, 0x60, 0x0,
    0x0, 0x0, 0x80, 0x0, 0x0, 0xe, 0x0, 0x0,
    0x0, 0x0, 0x0, 0x0,

    /* U+1F9AA "🦪" */
    0x0, 0x0, 0x1, 0xa8, 0x0, 0x0, 0xb, 0xff,
    0xc0, 0x0, 0x2f, 0xff, 0xf0, 0x0, 0x7f, 0xf2,
    0xfd, 0x0, 0xbf, 0x5, 0xf, 0x1, 0x9b, 0x0,
    0x83, 0xc0, 0x86, 0x82, 0x21, 0xe0, 0x82, 0x8,
    0x24, 0xf4, 0x81, 0x0, 0xa0, 0x7c, 0x20, 0x80,
    0x0, 0x6f, 0x8, 0x20, 0x0, 0x63, 0xc1, 0x45,
    0x0, 0x90, 0xe0, 0x20, 0x6a, 0x80, 0x30, 0x1,
    0x0, 0x0, 0x14, 0x0, 0x80, 0x0, 0x18, 0x0,
    0xa, 0x60, 0x50, 0x0, 0x0, 0x2, 0x90, 0x0,
    0x0,

    /* U+1F9AB "🦫" */
    0x5, 0x90, 0x0, 0x0, 0xf, 0x7, 0xc0, 0x0,
    0x3, 0x8, 0x70, 0x0, 0x2, 0x8, 0x9, 0x0,
    0x0, 0x8e, 0x0, 0x50, 0x0, 0x21, 0x42, 0x5,
    0x0, 0x8, 0x1, 0x0, 0x80, 0x2, 0x36, 0x0,
    0x8, 0x2e, 0xb9, 0xe0, 0x1, 0xbf, 0xd0, 0x5,
    0x0, 0x3f, 0xd5, 0x0, 0x94, 0xf, 0xd0, 0x80,
    0x0, 0x3, 0x40, 0x20, 0x0, 0x2, 0x0, 0x3,
    0x80, 0x1, 0x40, 0x7, 0xfa, 0x46, 0x40, 0x0,
    0x12, 0xfd, 0x0, 0x0, 0x0, 0x14, 0x0, 0x0,
    0x0,

    /* U+1F9AC "🦬" */
    0x0, 0x6, 0x40, 0x0, 0x1, 0x5b, 0xdf, 0x40,
    0x0, 0x4f, 0xfd, 0x7f, 0x0, 0x4, 0xff, 0xc7,
    0xf8, 0x0, 0x2f, 0xfe, 0xff, 0x1a, 0x0, 0xff,
    0xf2, 0xf0, 0x8, 0xf, 0xfd, 0x1f, 0x0, 0x80,
    0x80, 0xf, 0xd0, 0x4, 0x9, 0x2, 0xfc, 0x0,
    0xe0, 0x90, 0xbf, 0x40, 0xa, 0x7, 0xff, 0xc0,
    0xb0, 0x80, 0x1d, 0xd8, 0x7e, 0x88, 0x0, 0x88,
    0x88, 0xd8, 0x80, 0x8, 0x88, 0x8c, 0x84, 0x0,
    0x54, 0x89, 0xc9, 0x0, 0x4, 0x88, 0x80, 0x50,
    0x0, 0x24, 0x60, 0x0, 0x0,

    /* U+1F9AD "🦭" */
    0x1, 0xa4, 0x0, 0x0, 0x0, 0x24, 0x8, 0x0,
    0x0, 0x2, 0x0, 0x8, 0x0, 0x0, 0x14, 0x1,
    0x50, 0x19, 0x0, 0x94, 0xa0, 0x50, 0x46, 0x66,
    0x20, 0x55, 0x41, 0x40, 0x88, 0x0, 0x22, 0x5,
    0x5, 0x20, 0x0, 0x8, 0x20, 0x20, 0x80, 0x0,
    0x86, 0x0, 0x82, 0x18, 0x2, 0x0, 0x5, 0x8,
    0x18, 0x8, 0x20, 0x20, 0x8, 0x8, 0x20, 0x80,
    0x80, 0x20, 0x8, 0x84, 0x4, 0x0, 0x34, 0x15,
    0xa0, 0x60, 0x0, 0x7a, 0x80, 0x6, 0x0, 0x0,
    0x24, 0x1, 0x90, 0x0, 0x0, 0x6, 0xa4, 0x0,
    0x0,

    /* U+1F9AE "🦮" */
    0x0, 0x0, 0x0, 0x10, 0x0, 0x69, 0x0, 0x9,
    0x40, 0x14, 0x18, 0x2, 0x14, 0xa, 0x8, 0x80,
    0x82, 0x1a, 0x50, 0x89, 0xa0, 0x42, 0x11, 0x96,
    0x2e, 0xbe, 0x84, 0x2, 0x0, 0x89, 0xc, 0x80,
    0x20, 0x1e, 0x0, 0x74, 0x1, 0xe9, 0x80, 0x2,
    0x0, 0x8, 0x1, 0x2c, 0x20, 0x0, 0x60, 0x2b,
    0xc2, 0x0, 0x3, 0xe3, 0x3f, 0x20, 0x0, 0x3a,
    0x22, 0xd9, 0x40, 0x3, 0x62, 0x1c, 0x84, 0x0,
    0x36, 0x23, 0x88, 0x40, 0x7, 0x21, 0x0, 0xa0,
    0x0, 0x2, 0x40, 0x0, 0x0,

    /* U+1F9AF "🦯" */
    0x0, 0x0, 0x0, 0x5, 0x0, 0x0, 0x0, 0x5,
    0x80, 0x0, 0x0, 0x5, 0xb0, 0x0, 0x0, 0x9,
    0x34, 0x0, 0x0, 0x7, 0xf2, 0x0, 0x0, 0x5,
    0x38, 0x80, 0x0, 0x5, 0x22, 0x50, 0x0, 0x5,
    0x20, 0x20, 0x0, 0x5, 0x20, 0x0, 0x0, 0x5,
    0x20, 0x0, 0x0, 0x7, 0xa0, 0x0, 0x0, 0x5,
    0x30, 0x0, 0x0, 0x5, 0x20, 0x0, 0x0, 0x1b,
    0x60, 0x0, 0x0, 0x8, 0x30, 0x0, 0x0, 0x2,
    0x14, 0x0, 0x0, 0x0, 0x24, 0x0, 0x0, 0x0,
    0x0,

    /* U+1F9B0 "🦰" */
    0x59, 0x61, 0x49, 0x65, 0x20, 0x0, 0x0, 0x0,
    0x80, 0x0, 0x0, 0x0, 0x1, 0x2, 0x6f, 0xf4,
    0x4, 0x83, 0xff, 0xff, 0x81, 0x13, 0xff, 0xff,
    0xfc, 0x4, 0xff, 0xf4, 0xff, 0x52, 0x3f, 0xe0,
    0xb, 0xd8, 0xf, 0x90, 0x0, 0xb4, 0x13, 0x80,
    0x0, 0x2d, 0x48, 0xe0, 0x0, 0xb, 0x10, 0x18,
    0x0, 0x2, 0x80, 0x4a, 0x0, 0x0, 0xb1, 0x10,
    0x40, 0x0, 0x14, 0x40, 0x0, 0x0, 0x0, 0x2,
    0x0, 0x0, 0x0, 0x8, 0x59, 0x61, 0x49, 0x65,
    0x0,

    /* U+1F9B1 "🦱" */
    0x54, 0x52, 0x49, 0x61, 0x20, 0x0, 0x0, 0x0,
    0x54, 0x0, 0x0, 0x0, 0x1, 0x0, 0xbf, 0xe4,
    0x0, 0x81, 0xff, 0xff, 0x80, 0x41, 0xff, 0xff,
    0xf8, 0x4, 0xff, 0xff, 0xff, 0x41, 0x3f, 0xff,
    0xff, 0xe1, 0x2f, 0xf9, 0x6b, 0xfc, 0x1b, 0xe0,
    0x0, 0x7f, 0x9, 0xf4, 0x0, 0xf, 0x84, 0x3c,
    0x0, 0x1, 0xd0, 0x46, 0x0, 0x0, 0x70, 0x10,
    0x0, 0x0, 0x0, 0x0, 0x0, 0x0, 0x0, 0x2,
    0x0, 0x0, 0x0, 0x5, 0x54, 0x52, 0x49, 0x61,
    0x0,

    /* U+1F9B2 "🦲" */
    0x59, 0x62, 0x49, 0x65, 0x20, 0x0, 0x0, 0x0,
    0x84, 0x0, 0x0, 0x0, 0x1, 0x0, 0x0, 0x0,
    0x4, 0x80, 0x6, 0x90, 0x1, 0x0, 0x18, 0x6,
    0x0, 0x4, 0x8, 0x84, 0x20, 0x12, 0x8, 0x80,
    0x5, 0x8, 0x2, 0x0, 0x0, 0x80, 0x11, 0x40,
    0x0, 0x20, 0x48, 0x40, 0x0, 0x8, 0x10, 0x10,
    0x0, 0x2, 0x0, 0x44, 0x0, 0x0, 0x81, 0x11,
    0x0, 0x0, 0x10, 0x40, 0x0, 0x0, 0x0, 0x2,
    0x0, 0x0, 0x0, 0x8, 0x59, 0x62, 0x49, 0x25,
    0x0,

    /* U+1F9B3 "🦳" */
    0x15, 0x61, 0x48, 0x55, 0x20, 0x0, 0x0, 0x0,
    0x84, 0x0, 0x1a, 0x40, 0x11, 0xa, 0xa5, 0x58,
    0x4, 0x83, 0x0, 0x5, 0x92, 0x1, 0x20, 0x0,
    0x58, 0x4, 0x80, 0x19, 0x81, 0x52, 0x21, 0x60,
    0x19, 0x18, 0xa, 0x90, 0x0, 0x88, 0x12, 0x40,
    0x0, 0x26, 0x48, 0x90, 0x0, 0x9, 0x50, 0x18,
    0x0, 0x2, 0x80, 0x86, 0x0, 0x0, 0xa1, 0x10,
    0x40, 0x0, 0x14, 0x40, 0x0, 0x0, 0x0, 0x2,
    0x0, 0x0, 0x0, 0x8, 0x15, 0x61, 0x48, 0x55,
    0x0,

    /* U+1F9B4 "🦴" */
    0x0, 0xa0, 0x0, 0x0, 0x0, 0x82, 0x0, 0x0,
    0x0, 0x20, 0x80, 0x0, 0x0, 0xa4, 0x20, 0x0,
    0x0, 0x80, 0x2, 0x0, 0x0, 0x20, 0x0, 0x60,
    0x0, 0x8, 0x0, 0x6, 0x0, 0x0, 0x69, 0x0,
    0x20, 0x0, 0x0, 0x50, 0x2, 0x0, 0x0, 0x5,
    0x0, 0x2a, 0x0, 0x0, 0x50, 0x0, 0x20, 0x0,
    0x6, 0x0, 0x2, 0x0, 0x0, 0x50, 0x1, 0x40,
    0x0, 0x8, 0xa, 0x80, 0x0, 0x2, 0x2, 0x0,
    0x0, 0x0, 0x91, 0x40, 0x0, 0x0, 0x6, 0x40,
    0x0,

    /* U+1F9B5 "🦵" */
    0x0, 0x0, 0x6, 0x90, 0x0, 0x6, 0xa4, 0x8,
    0x0, 0xa0, 0x0, 0x2, 0x2, 0x0, 0x0, 0x2,
    0x2, 0x10, 0x0, 0x5, 0x2, 0x2, 0xaa, 0xa4,
    0x1, 0x2, 0x0, 0x0, 0x1, 0x42, 0x0, 0x0,
    0x0, 0x42, 0x0, 0x0, 0x0, 0x82, 0x0, 0x0,
    0x0, 0x82, 0x0, 0x0, 0x0, 0x85, 0x0, 0x0,
    0x0, 0x88, 0x0, 0x0, 0x0, 0x88, 0x0, 0x0,
    0x6, 0x14, 0x0, 0x0, 0x64, 0x5, 0x0, 0x0,
    0x29, 0x64, 0x0, 0x0,

    /* U+1F9B6 "🦶" */
    0x2a, 0xa8, 0x0, 0x0, 0x8, 0x2, 0x0, 0x0,
    0x2, 0x0, 0x80, 0x0, 0x0, 0x80, 0x20, 0x0,
    0x0, 0x20, 0x8, 0x0, 0x0, 0x8, 0x2, 0x0,
    0x0, 0x2, 0x0, 0x80, 0x0, 0x0, 0x80, 0x10,
    0x0, 0x0, 0x20, 0x2, 0x0, 0x0, 0x15, 0x0,
    0x60, 0x0, 0x8, 0x80, 0x2, 0x0, 0x2, 0x14,
    0x0, 0x24, 0x0, 0x80, 0x0, 0x1, 0xa8, 0x19,
    0x50, 0x0, 0x1, 0x80, 0x56, 0x90, 0x6, 0xb0,
    0x0, 0x6, 0x0, 0xb4, 0x0, 0x0, 0x1a, 0x90,
    0x0,

    /* U+1F9B7 "🦷" */
    0x5, 0x40, 0x64, 0x8, 0x1a, 0x42, 0x48, 0x4,
    0x0, 0x22, 0x1, 0xa8, 0x4, 0x80, 0x0, 0x1,
    0x20, 0x0, 0x0, 0x88, 0x0, 0x0, 0x21, 0x40,
    0x0, 0x8, 0x20, 0x0, 0x5, 0x8, 0x2, 0x42,
    0x2, 0x2, 0x20, 0x80, 0x80, 0x41, 0x20, 0x20,
    0x40, 0x84, 0x4, 0x20, 0x22, 0x0, 0x88, 0x8,
    0x80, 0x22, 0x2, 0x20, 0x2, 0x40, 0x20, 0x0,

    /* U+1F9B8 "🦸" */
    0x0, 0x0, 0x2, 0x90, 0x0, 0x0, 0x0, 0x90,
    0x60, 0x0, 0x0, 0x8, 0x10, 0x50, 0x0, 0x0,
    0x10, 0x44, 0x99, 0x0, 0x6b, 0x81, 0x3, 0x48,
    0xb, 0x10, 0x86, 0x18, 0x81, 0x88, 0x90, 0x81,
    0x88, 0x18, 0x27, 0x0, 0xa0, 0x80, 0x20, 0x19,
    0x50, 0xd, 0x0, 0x20, 0x50, 0x60, 0xa0, 0x0,
    0x82, 0x1, 0x2c, 0x80, 0x1, 0x6, 0xa0, 0x55,
    0x0, 0x2, 0x0, 0x86, 0x20, 0x0, 0x6, 0x0,
    0xa2, 0x40, 0x0, 0x2, 0xb8, 0x18, 0x0, 0x0,
    0x0, 0x9, 0x80, 0x0, 0x0, 0x0, 0x8, 0x0,
    0x0,

    /* U+1F9B9 "🦹" */
    0x1, 0x1, 0xa4, 0x0, 0x1, 0xb9, 0x90, 0x64,
    0xf8, 0x9, 0xe4, 0x0, 0xbc, 0x1, 0xbc, 0x40,
    0x13, 0xb8, 0xa3, 0x85, 0x24, 0x1e, 0x8, 0x60,
    0x81, 0x80, 0xf6, 0x80, 0x0, 0x0, 0x5, 0x22,
    0x40, 0x7e, 0x0, 0x2, 0x8, 0x1, 0x40, 0x2,
    0x80, 0x10, 0x0, 0x0, 0x10, 0x2, 0x0, 0x0,
    0x4, 0x0, 0x20, 0x0, 0x0, 0x80, 0x0, 0x80,
    0x0, 0x10, 0x0, 0x8, 0x0, 0x2, 0x0, 0x1,
    0x81, 0x58, 0x8, 0x0, 0x20, 0x20, 0x60, 0x50,
    0x0, 0xa4, 0x0, 0xa4, 0x0,

    /* U+1F9BA "🦺" */
    0x0, 0xa, 0x40, 0x0, 0x2, 0xff, 0xd0, 0x0,
    0xb3, 0xfd, 0xe4, 0x2, 0x8f, 0xf6, 0x20, 0xa,
    0x3f, 0xc8, 0x80, 0x28, 0xbf, 0x22, 0x1, 0x61,
    0xf8, 0x88, 0x8, 0x83, 0xd2, 0x14, 0x52, 0xf,
    0x48, 0x23, 0x8, 0x3d, 0x20, 0x5c, 0x20, 0xf4,
    0x81, 0x76, 0xeb, 0xfb, 0xa9, 0x80, 0xf, 0x40,
    0x7, 0x50, 0x3d, 0x1, 0xe8, 0x5a, 0xfe, 0x95,
    0x69, 0x3, 0xd0, 0x59, 0x5, 0xa0, 0xa5, 0x0,

    /* U+1F9BB "🦻" */
    0x0, 0x6a, 0x40, 0x0, 0x74, 0x7, 0x80, 0x17,
    0xe5, 0x93, 0x81, 0xa1, 0x91, 0x4c, 0x5c, 0x80,
    0x84, 0x55, 0xa0, 0x2, 0x22, 0x26, 0x18, 0x22,
    0x21, 0x70, 0x22, 0x22, 0xa, 0xc2, 0x23, 0x80,
    0x3f, 0x21, 0x30, 0x0, 0xf2, 0x8, 0x0, 0x8,
    0x81, 0x40, 0x1, 0x20, 0x20, 0x0, 0x8, 0x8,
    0x0, 0x0, 0x2, 0x0, 0x0, 0x10, 0x80, 0x0,
    0x1, 0xa0, 0x0, 0x0,

    /* U+1F9BC "🦼" */
    0x0, 0x0, 0x0, 0x40, 0x0, 0x0, 0x1c, 0x0,
    0x0, 0x2, 0xc0, 0x0, 0x0, 0x14, 0x0, 0x0,
    0x3, 0x40, 0x0, 0x0, 0x34, 0x0, 0x10, 0x7,
    0x0, 0x6, 0x6e, 0xf0, 0x0, 0x14, 0x8b, 0x0,
    0x0, 0x8, 0xb0, 0x0, 0x2a, 0xee, 0x0, 0x3,
    0x95, 0xd0, 0x0, 0xb4, 0x4, 0x2, 0x4d, 0x5f,
    0xec, 0x2, 0xab, 0xc, 0x40, 0xa, 0x21, 0x8e,
    0x0, 0x50, 0xa0, 0x50,

    /* U+1F9BD "🦽" */
    0x0, 0x0, 0x0, 0xf, 0x90, 0x0, 0x0, 0x0,
    0xf2, 0x0, 0x0, 0x0, 0x1f, 0x20, 0x0, 0x0,
    0x6b, 0xf2, 0x0, 0x0, 0x24, 0x6, 0x20, 0x0,
    0x8, 0x2a, 0x82, 0x0, 0x1f, 0x28, 0x2, 0x60,
    0x3, 0xe5, 0x3a, 0x8b, 0x0, 0x8a, 0xc9, 0xa6,
    0x30, 0x16, 0x55, 0xea, 0xf2, 0x2, 0x24, 0x5a,
    0xfa, 0x20, 0x59, 0x88, 0xca, 0x72, 0x6c, 0xad,
    0x83, 0xa8, 0x50, 0xdf, 0x22, 0x45, 0x18, 0x1,
    0x1a, 0x6, 0xa9, 0x0, 0x0, 0x0, 0x0, 0x0,

    /* U+1F9BE "🦾" */
    0x0, 0xa, 0x80, 0x0, 0x0, 0xa, 0x54, 0x0,
    0x0, 0x9, 0x66, 0x0, 0x0, 0x8, 0xf5, 0x80,
    0x0, 0x3, 0x92, 0xe0, 0x0, 0x0, 0xee, 0xa0,
    0x0, 0x0, 0x82, 0x0, 0x0, 0x0, 0x20, 0x40,
    0x0, 0x0, 0x14, 0x40, 0x29, 0xa0, 0x8, 0x11,
    0xb0, 0x2, 0x2, 0x7, 0x44, 0x0, 0x21, 0x6,
    0x5, 0x0, 0x8, 0xa4, 0x1, 0x44, 0x2, 0x30,
    0x0, 0x22, 0x8, 0x88, 0xa0, 0x8, 0x28, 0x12,
    0x40, 0x0, 0x90, 0x60, 0x1a, 0xaa, 0xaa, 0x90,
    0x0,

    /* U+1F9BF "🦿" */
    0x0, 0x1, 0x90, 0x0, 0x9, 0x8, 0x0, 0x20,
    0xa2, 0x1, 0x95, 0xfa, 0xa, 0x8, 0xf6, 0x3c,
    0x5, 0x5, 0xb5, 0x2, 0xa4, 0xb5, 0x19, 0x0,
    0x7f, 0x80, 0x0, 0x36, 0x80, 0x0, 0xd, 0x50,
    0x0, 0x6, 0xa0, 0x0, 0x2, 0xa0, 0x0, 0x0,
    0x70, 0x0, 0x0, 0x5c, 0x0, 0x1, 0xec, 0x0,
    0x1f, 0xac, 0x0,

    /* U+1F9C0 "🧀" */
    0x0, 0x0, 0x2, 0x80, 0x0, 0x0, 0x2, 0x81,
    0x80, 0x0, 0x1, 0x82, 0x42, 0x40, 0x0, 0x20,
    0x0, 0x5, 0x0, 0x69, 0x1, 0xfa, 0xb0, 0x24,
    0x1, 0xbf, 0x42, 0x9, 0xfa, 0x91, 0x40, 0x27,
    0xbe, 0x0, 0x0, 0x2, 0x40, 0x0, 0xb8, 0xd,
    0x24, 0x0, 0xf, 0xc0, 0xe2, 0x40, 0x80, 0x64,
    0x0, 0x24, 0x1c, 0x0, 0x0, 0x68, 0x40, 0x0,
    0x1a, 0x90, 0x4, 0x6, 0xa5, 0x0, 0x0, 0x2a,
    0x40, 0x0, 0x0, 0x0,

    /* U+1F9C1 "🧁" */
    0x0, 0x4, 0x0, 0x0, 0x1, 0x68, 0x0, 0x1,
    0x90, 0x20, 0x0, 0x20, 0x80, 0x80, 0x8, 0x10,
    0x9, 0x0, 0x80, 0x40, 0x14, 0x22, 0x10, 0x10,
    0x83, 0x0, 0x0, 0x1c, 0x86, 0xaa, 0xa9, 0x55,
    0x0, 0x0, 0x9, 0x39, 0xa1, 0x96, 0xc2, 0x10,
    0x90, 0x48, 0x20, 0x0, 0x0, 0x41, 0x61, 0x11,
    0x50, 0x9, 0x22, 0x12, 0x0, 0x76, 0x22, 0x90,
    0x0, 0x6a, 0x90, 0x0,

    /* U+1F9C2 "🧂" */
    0x0, 0xa4, 0x0, 0x14, 0x48, 0x0, 0x80, 0x48,
    0x3, 0x95, 0xb0, 0x9, 0x3, 0x40, 0x66, 0xab,
    0x2, 0xd0, 0x2c, 0x8, 0xeb, 0x10, 0x21, 0x8,
    0x40, 0x84, 0x21, 0x42, 0x20, 0x82, 0x4, 0x82,
    0x8, 0x52, 0x8, 0x22, 0x8, 0x20, 0x88, 0x20,
    0x42, 0xa, 0x81, 0xa4, 0x2, 0xa9, 0x0,

    /* U+1F9C3 "🧃" */
    0x0, 0x0, 0x14, 0x0, 0x2, 0xa4, 0x0, 0x2,
    0x0, 0x6, 0xaf, 0x0, 0x24, 0x7, 0x64, 0x3a,
    0x95, 0x68, 0x20, 0x1b, 0x48, 0x20, 0x2, 0x8,
    0x22, 0xd2, 0x8, 0x23, 0xf2, 0x8, 0x23, 0xf2,
    0x8, 0x22, 0xf2, 0x8, 0x20, 0x42, 0x8, 0x20,
    0x2, 0x8, 0x18, 0x2, 0x8, 0x1, 0xa6, 0x60,
    0x0, 0x6, 0x40,

    /* U+1F9C4 "🧄" */
    0x0, 0x6, 0x0, 0x0, 0x0, 0xa0, 0x0, 0x0,
    0xa, 0x0, 0x0, 0x0, 0x50, 0x0, 0x0, 0x20,
    0x80, 0x0, 0x8, 0x2, 0x0, 0x6, 0x8, 0x8,
    0x1, 0x80, 0x80, 0x20, 0x20, 0x14, 0x40, 0x84,
    0x2, 0x8, 0x81, 0x82, 0x50, 0x42, 0x22, 0x88,
    0x2, 0x29, 0x1c, 0x80, 0x22, 0x40, 0x98, 0x3,
    0x90, 0x1, 0xbf, 0xc0, 0x0, 0x2, 0xf4, 0x0,
    0x0, 0x0, 0x0, 0x0,

    /* U+1F9C5 "🧅" */
    0x0, 0x5, 0x0, 0x0, 0x0, 0x29, 0x0, 0x0,
    0x1, 0x48, 0x0, 0x0, 0x60, 0x6, 0x0, 0x8,
    0x0, 0x2, 0x40, 0x81, 0x40, 0x81, 0x45, 0x8,
    0x22, 0x2, 0x20, 0x10, 0x81, 0x5, 0x82, 0x2,
    0x8, 0x6, 0x8, 0x8, 0x20, 0x18, 0x20, 0x20,
    0x81, 0x60, 0x50, 0x81, 0x8, 0x20, 0x82, 0x10,
    0x60, 0x20, 0x0, 0x6, 0x0, 0x29, 0x2, 0x90,
    0x0, 0x1f, 0xa8, 0x0, 0x0, 0x11, 0x10, 0x0,

    /* U+1F9C6 "🧆" */
    0x0, 0x2, 0xa9, 0x0, 0x0, 0x0, 0x20, 0x8,
    0x0, 0x0, 0x2, 0x0, 0xc, 0x0, 0x0, 0x7d,
    0x0, 0x3f, 0x0, 0xf, 0x56, 0x6, 0x1b, 0x80,
    0xb6, 0x42, 0x50, 0x6, 0x89, 0x7f, 0x83, 0x0,
    0xa, 0x25, 0xff, 0x4c, 0x10, 0x21, 0x8a, 0xf8,
    0x30, 0x0, 0x8a, 0x27, 0x61, 0x90, 0x5, 0x28,
    0x66, 0x8, 0x60, 0x61, 0x8, 0x2a, 0x40, 0x18,
    0x8, 0xd, 0x0, 0x0, 0x2, 0x80, 0xf, 0x90,
    0x1, 0xfc, 0x0, 0x7, 0xff, 0xff, 0x40, 0x0,
    0x0, 0x15, 0x0, 0x0,

    /* U+1F9C7 "🧇" */
    0x0, 0x0, 0xa8, 0x0, 0x0, 0x0, 0x6, 0x2,
    0x80, 0x0, 0x0, 0x24, 0x78, 0x24, 0x0, 0x0,
    0x82, 0x4, 0x46, 0x40, 0xa, 0xa, 0xf7, 0x60,
    0x60, 0x20, 0xf6, 0x0, 0x5f, 0xc, 0xa0, 0x7,
    0x0, 0x90, 0x26, 0x8a, 0xa, 0xc6, 0xa1, 0x82,
    0x80, 0x90, 0x7d, 0x9, 0x5, 0x20, 0x18, 0x1,
    0x20, 0x24, 0x6, 0x2, 0x81, 0x80, 0x80, 0x0,
    0x90, 0x29, 0x6, 0x0, 0x0, 0x18, 0x0, 0x24,
    0x0, 0x0, 0x2, 0x80, 0x80, 0x0, 0x0, 0x0,
    0x2a, 0x0, 0x0, 0x0, 0x0, 0x0, 0x0, 0x0,

    /* U+1F9C8 "🧈" */
    0x0, 0x0, 0x1, 0xa9, 0x0, 0x0, 0x0, 0x69,
    0x1, 0x90, 0x0, 0x0, 0xe8, 0x6, 0xa0, 0x0,
    0x0, 0x82, 0xa4, 0x20, 0x0, 0x0, 0x80, 0x80,
    0x20, 0x0, 0x7, 0xc0, 0x80, 0x38, 0x1, 0xa6,
    0xd0, 0x82, 0xf2, 0x2f, 0x0, 0x7c, 0xaf, 0x58,
    0x5d, 0x40, 0x2f, 0xf5, 0x90, 0x27, 0x59, 0x5e,
    0x59, 0x0, 0x9, 0xe9, 0xe1, 0x90, 0x0, 0x2,
    0x5a, 0x68, 0x0, 0x0, 0x0, 0x6a, 0x80, 0x0,
    0x0,

    /* U+1F9C9 "🧉" */
    0x0, 0x0, 0x0, 0x0, 0x0, 0x0, 0xc0, 0x0,
    0x1, 0xc0, 0x0, 0x0, 0xd0, 0x1, 0xa9, 0xc0,
    0x2, 0x45, 0x74, 0x1, 0x5f, 0xf2, 0x0, 0x92,
    0xf4, 0xc0, 0x29, 0x1, 0x98, 0x20, 0x1a, 0x42,
    0x8, 0x40, 0x0, 0x52, 0x20, 0x0, 0x14, 0x88,
    0x0, 0x5, 0x22, 0x0, 0x2, 0x2, 0x0, 0x1,
    0x40, 0x24, 0x2, 0x80, 0x1, 0xa9, 0x0, 0x0,

    /* U+1F9CA "🧊" */
    0x0, 0x1, 0x90, 0x0, 0x0, 0x1a, 0x2, 0x90,
    0x0, 0xa4, 0x0, 0x2, 0x80, 0xe0, 0x0, 0x0,
    0x2c, 0x22, 0x40, 0x0, 0x62, 0x8, 0x19, 0x1,
    0x80, 0x82, 0x0, 0x2e, 0x0, 0x20, 0x80, 0x82,
    0x2, 0x8, 0x20, 0x80, 0x81, 0x42, 0x8, 0x51,
    0x20, 0x48, 0x81, 0x1, 0x48, 0x9, 0x20, 0x80,
    0x42, 0x1, 0x8, 0x90, 0x0, 0x80, 0x6, 0x20,
    0xe0, 0x20, 0x19, 0x6, 0x92, 0x98, 0x64, 0x0,
    0x5, 0x87, 0x90, 0x0, 0x0, 0x50, 0x0, 0x0,
    0x0,

    /* U+1F9CB "🧋" */
    0x0, 0x0, 0x80, 0x0, 0x1, 0xd0, 0x0, 0x2,
    0xc0, 0xa, 0xab, 0xe0, 0x34, 0x1, 0x68, 0x25,
    0x69, 0x58, 0x3a, 0x97, 0xa8, 0x14, 0x2f, 0x14,
    0xa, 0xae, 0xb0, 0xe, 0x98, 0x30, 0x8, 0x6a,
    0xb0, 0x8, 0x40, 0x20, 0x8, 0x1, 0x20, 0x8,
    0x88, 0x20, 0x4, 0x21, 0x10, 0x2, 0x11, 0x80,
    0x0, 0x69, 0x0,

    /* U+1F9CC "🧌" */
    0x2, 0x80, 0x0, 0x0, 0x0, 0x8c, 0x6, 0xa0,
    0x0, 0x8, 0x62, 0x40, 0x60, 0x0, 0x9a, 0x80,
    0x1, 0x80, 0x8, 0xa4, 0x82, 0x8, 0x0, 0x8b,
    0x0, 0x0, 0x50, 0x1c, 0xe4, 0xaa, 0x2, 0x5,
    0x8d, 0x81, 0x40, 0x14, 0x45, 0x65, 0x0, 0x0,
    0x82, 0xef, 0x14, 0x2, 0x45, 0xa, 0x54, 0x1a,
    0x48, 0x20, 0x2, 0x0, 0x40, 0x39, 0x0, 0x20,
    0x0, 0x5, 0x0, 0x1, 0x50, 0x1, 0xc0, 0x0,
    0x26, 0xd6, 0xa6, 0x0, 0x8, 0xc, 0x18, 0x14,
    0x0, 0x29, 0x0, 0x29, 0x0,

    /* U+1F9CD "🧍" */
    0x0, 0x60, 0x0, 0x3f, 0xc0, 0x7, 0xfe, 0x0,
    0x3f, 0xe0, 0x2, 0xfc, 0x0, 0x1f, 0x80, 0xb,
    0xff, 0x2, 0xff, 0xfc, 0x3b, 0xfd, 0xd7, 0x3f,
    0xce, 0x73, 0xfd, 0xa1, 0x3f, 0xc0, 0x2, 0xfc,
    0x0, 0x2e, 0xc0, 0x2, 0xec, 0x0, 0x3d, 0xc0,
    0x2, 0x48, 0x0,

    /* U+1F9CE "🧎" */
    0x0, 0x40, 0x0, 0xf, 0xe0, 0x0, 0xbf, 0xc0,
    0x3, 0xff, 0x40, 0x7, 0xfc, 0x0, 0x7, 0xd0,
    0x0, 0xf, 0x80, 0x0, 0xbf, 0x0, 0x3, 0xfc,
    0x0, 0x7f, 0xf4, 0xf, 0xff, 0xd0, 0xb, 0xff,
    0x40, 0x3e, 0xbd, 0x0, 0xf0, 0xb0, 0x2, 0xc2,
    0xc5, 0x1f, 0xb, 0xfc, 0x68, 0xa, 0x60,

    /* U+1F9CF "🧏" */
    0x0, 0x0, 0x2a, 0xa8, 0x0, 0x0, 0x2, 0x40,
    0x2, 0x40, 0x0, 0x8, 0x0, 0x0, 0x50, 0x0,
    0x14, 0x0, 0x0, 0x20, 0x0, 0x20, 0x0, 0x0,
    0x8, 0x0, 0x50, 0xa0, 0xd, 0x8, 0x20, 0x80,
    0xa0, 0xc, 0x5, 0x14, 0x80, 0x0, 0x0, 0x1,
    0xc, 0x89, 0x10, 0x4, 0x2, 0x0, 0xd2, 0x1a,
    0xa0, 0x2, 0x9, 0x18, 0x0, 0x0, 0x5, 0x21,
    0x74, 0x0, 0x0, 0x18, 0x42, 0xba, 0x95, 0x56,
    0x90, 0x56, 0xa0, 0x5, 0x50, 0x0, 0x1a, 0x80,
    0x0, 0x0, 0x0, 0x0, 0x0, 0x0, 0x0, 0x0,

    /* U+1F9D0 "🧐" */
    0x0, 0x6, 0x90, 0x0, 0x0, 0x24, 0x1, 0x90,
    0x0, 0x60, 0x0, 0x69, 0x0, 0x20, 0x0, 0x81,
    0x50, 0x26, 0xa0, 0x2a, 0x8, 0x15, 0x0, 0x20,
    0x20, 0x88, 0x2c, 0x9, 0xe3, 0x62, 0xb, 0x2,
    0x78, 0xe8, 0x80, 0x40, 0x50, 0x95, 0x20, 0x0,
    0x6, 0x86, 0x88, 0x0, 0x0, 0x1, 0x61, 0x40,
    0x0, 0x0, 0x68, 0x20, 0x2a, 0x80, 0x1c, 0x6,
    0x0, 0x0, 0x6, 0x0, 0x60, 0x0, 0x7, 0x80,
    0x2, 0x40, 0x19, 0x50, 0x0, 0x6, 0xa4, 0x0,
    0x0,

    /* U+1F9D1 "🧑" */
    0x0, 0x6, 0xa0, 0x0, 0x2e, 0xff, 0xf0, 0x1,
    0xff, 0xff, 0xf4, 0xf, 0xff, 0xff, 0xf4, 0x3f,
    0xfd, 0x2f, 0xf1, 0xff, 0x80, 0x1f, 0xc7, 0xf4,
    0x0, 0x1f, 0x2f, 0x4, 0x4, 0x3c, 0xbc, 0x50,
    0x60, 0xf0, 0xf0, 0x0, 0x3, 0x42, 0xc1, 0x58,
    0xc, 0xb, 0x0, 0x0, 0x30, 0x8, 0x0, 0x0,
    0x80, 0x20, 0x0, 0x2, 0x0, 0x80, 0x0, 0x8,
    0x0, 0x90, 0x1, 0x80, 0x0, 0x2a, 0x90, 0x0,

    /* U+1F9D2 "🧒" */
    0x0, 0x5, 0x40, 0x0, 0xf, 0xff, 0x40, 0x7,
    0xff, 0xfd, 0x3, 0xff, 0xff, 0xf8, 0x2f, 0xff,
    0xff, 0xc1, 0xfe, 0x3f, 0xbd, 0x1f, 0x43, 0x83,
    0xd0, 0xd0, 0x0, 0xc, 0xc, 0x30, 0x30, 0xc0,
    0x80, 0x1, 0x8, 0x8, 0x10, 0x50, 0x80, 0x80,
    0x54, 0x8, 0x8, 0x0, 0x0, 0x80, 0x80, 0x0,
    0x8, 0x4, 0x0, 0x0, 0x80, 0x24, 0x0, 0x64,
    0x0, 0x1a, 0xa4, 0x0,

    /* U+1F9D3 "🧓" */
    0x0, 0x6, 0x90, 0x0, 0xaa, 0x1, 0x80, 0x18,
    0x0, 0x2, 0x42, 0x0, 0x4, 0x5, 0x20, 0xa,
    0x60, 0x28, 0x6, 0x0, 0xa2, 0x4a, 0x40, 0x1,
    0x28, 0x81, 0x1, 0x6, 0x88, 0x50, 0x60, 0x62,
    0x80, 0x0, 0x9, 0x2c, 0x55, 0x84, 0xc2, 0xc0,
    0x10, 0xc, 0x8, 0x0, 0x0, 0x80, 0x80, 0x0,
    0x8, 0x8, 0x0, 0x0, 0x80, 0x24, 0x0, 0x60,
    0x0, 0x2a, 0x90, 0x0,

    /* U+1F9D4 "🧔" */
    0x0, 0x6, 0x90, 0x0, 0x7b, 0xff, 0xc0, 0x1f,
    0xff, 0xff, 0x43, 0xff, 0xff, 0xfd, 0x3f, 0xfd,
    0x2f, 0xe7, 0xff, 0x0, 0x7f, 0x7f, 0x40, 0x1,
    0xfb, 0xc5, 0x1, 0x1f, 0xb8, 0x50, 0x11, 0xf3,
    0xcb, 0xfe, 0x6d, 0x2f, 0xe0, 0x3f, 0xc2, 0xff,
    0xaf, 0xfc, 0xb, 0xff, 0xfd, 0x80, 0x86, 0xfd,
    0x8, 0x8, 0x0, 0x0, 0x80, 0x24, 0x0, 0x60,
    0x0, 0x6a, 0x90, 0x0,

    /* U+1F9D5 "🧕" */
    0x0, 0x69, 0x0, 0x1, 0x80, 0x64, 0x1, 0x85,
    0x2, 0x40, 0x88, 0x1, 0x20, 0x58, 0x14, 0x15,
    0x25, 0x61, 0x80, 0x49, 0x80, 0x5, 0x22, 0xd4,
    0x4, 0x48, 0xb2, 0x43, 0xb, 0x28, 0x0, 0x2,
    0xc8, 0x49, 0x62, 0x72, 0x14, 0x42, 0x68, 0xd0,
    0xaa, 0x16, 0x18, 0x0, 0x64, 0x85, 0x51, 0x50,
    0x20, 0xa0, 0x0, 0x64, 0x1, 0xaa, 0x50, 0x0,

    /* U+1F9D6 "🧖" */
    0x0, 0x1a, 0x40, 0x0, 0x9, 0x2, 0x40, 0x2,
    0x0, 0x8, 0x0, 0x50, 0x0, 0x20, 0x8, 0x64,
    0x62, 0x0, 0x80, 0x0, 0x20, 0xc, 0x20, 0x43,
    0x0, 0xe0, 0x60, 0x70, 0xd, 0x80, 0x17, 0x82,
    0x21, 0xb9, 0x95, 0x80, 0x61, 0xa0, 0x26, 0x80,
    0x94, 0x1a, 0x8, 0x9, 0x0, 0x80, 0x80, 0x90,
    0x14, 0x3, 0x9a, 0x5b, 0x0, 0x21, 0xd9, 0x20,
    0x1, 0xa0, 0x29, 0x0,

    /* U+1F9D7 "🧗" */
    0xaa, 0xa0, 0x0, 0x20, 0x2, 0x5, 0x8, 0x0,
    0xe8, 0x12, 0x0, 0xda, 0xd1, 0x80, 0x57, 0xa9,
    0x20, 0x2f, 0x7d, 0x8, 0x9, 0xff, 0x82, 0x2,
    0xb, 0xe0, 0x80, 0x8f, 0xf8, 0x20, 0x2b, 0x7d,
    0x8, 0xf, 0x1f, 0x2, 0x3, 0xcb, 0x0, 0x80,
    0x52, 0xc0, 0x20, 0x4, 0x70, 0x8, 0x2, 0xd,
    0x2, 0x0, 0x87, 0x0, 0xaa, 0xa0, 0x0, 0x0,

    /* U+1F9D8 "🧘" */
    0x0, 0x0, 0x0, 0x0, 0x0, 0xbf, 0x0, 0x0,
    0x7, 0xfe, 0x0, 0x0, 0x1f, 0xfc, 0x0, 0x0,
    0x3f, 0xe0, 0x0, 0x0, 0x7e, 0x0, 0x0, 0x1,
    0xf8, 0x0, 0x0, 0x2f, 0xfc, 0x0, 0x0, 0xff,
    0xf4, 0x0, 0x7, 0xff, 0xf0, 0x0, 0x3f, 0xfe,
    0xc0, 0x1, 0xdf, 0xf7, 0x80, 0xe, 0x3f, 0xd7,
    0x3, 0xf6, 0xff, 0xdb, 0xcb, 0xff, 0xff, 0xff,
    0xf, 0xff, 0xff, 0xf4, 0x1, 0x0, 0x0, 0x0,

    /* U+1F9D9 "🧙" */
    0x0, 0xa, 0x40, 0x0, 0x0, 0x7, 0x42, 0x80,
    0x0, 0x0, 0x80, 0x42, 0x40, 0x0, 0x20, 0x22,
    0x46, 0x0, 0x2, 0x10, 0x10, 0xfc, 0x0, 0x6b,
    0xaa, 0x48, 0x0, 0xd, 0x1a, 0x42, 0xc0, 0x2,
    0x19, 0x1, 0x82, 0xa4, 0x89, 0x10, 0x12, 0x70,
    0x56, 0x86, 0x3, 0xc, 0xb2, 0x8, 0x0, 0x0,
    0xd8, 0x10, 0x81, 0x5, 0xa, 0x38, 0x8, 0x6,
    0x40, 0xa2, 0x0, 0x80, 0x0, 0x9, 0x80, 0x8,
    0x0, 0x0, 0x84, 0x0, 0x24, 0x0, 0x76, 0x0,
    0x0, 0x1a, 0xa5, 0x10, 0x0,

    /* U+1F9DA "🧚" */
    0x14, 0x0, 0x64, 0x0, 0x2, 0xa, 0x8, 0x1d,
    0x6a, 0x8, 0x43, 0x80, 0xc, 0x2, 0x22, 0x48,
    0x0, 0x16, 0x54, 0x22, 0x62, 0x2, 0x38, 0x80,
    0x52, 0x40, 0x0, 0xd9, 0x80, 0x74, 0x9, 0x83,
    0x88, 0x41, 0x80, 0x0, 0x3, 0x94, 0xe, 0x0,
    0x0, 0x2, 0x0, 0x86, 0x0, 0x1, 0xb0, 0x8,
    0x48, 0x0, 0xc, 0x50, 0x20, 0x50, 0x0, 0x94,
    0x80, 0x6b, 0x6a, 0xb, 0x42, 0x0, 0x1, 0x8,
    0x81, 0xa0, 0x0, 0x0, 0x19, 0x0, 0x0, 0x0,

    /* U+1F9DB "🧛" */
    0x0, 0x0, 0x69, 0x0, 0x0, 0x0, 0x2, 0x40,
    0x90, 0x0, 0x0, 0x8, 0x0, 0x24, 0x0, 0x0,
    0x20, 0x0, 0x8, 0x0, 0x0, 0x20, 0x0, 0x5,
    0x0, 0x0, 0x10, 0x0, 0x2, 0x0, 0x0, 0x52,
    0x40, 0x82, 0x0, 0x0, 0x41, 0x40, 0x82, 0x0,
    0x6, 0xc0, 0x0, 0x3, 0xa4, 0x20, 0x50, 0xeb,
    0x2, 0x8, 0x8, 0x50, 0x52, 0x2, 0x14, 0x8,
    0x50, 0x0, 0x2, 0x20, 0x2, 0x60, 0x0, 0x7,
    0x50, 0x1, 0xbf, 0x40, 0xbf, 0x80, 0x0, 0xbf,
    0xfb, 0xff, 0x0, 0x0, 0x2f, 0xff, 0xfc, 0x0,
    0x0, 0x2, 0xff, 0xd0, 0x0,

    /* U+1F9DC "🧜" */
    0x0, 0x0, 0x1a, 0x40, 0x0, 0x0, 0x28, 0x6,
    0x0, 0x0, 0x9, 0x0, 0x8, 0x0, 0x0, 0x80,
    0x4, 0x40, 0x0, 0x20, 0x30, 0x41, 0x0, 0x2,
    0x0, 0x0, 0x20, 0x0, 0x20, 0xa, 0x2, 0x0,
    0x3, 0x4, 0x0, 0x20, 0x0, 0x70, 0x69, 0x2,
    0x0, 0xf, 0xc0, 0x14, 0x20, 0x0, 0xff, 0xd7,
    0x82, 0x0, 0x3f, 0xff, 0xfc, 0x24, 0x2a, 0xbb,
    0xff, 0xe0, 0x25, 0x0, 0x8b, 0xfa, 0xa9, 0x6a,
    0xc8, 0x0, 0x0, 0x0, 0x7, 0x80, 0x0, 0x0,
    0x0, 0x4, 0x0, 0x0, 0x0,

    /* U+1F9DD "🧝" */
    0x0, 0x6, 0x90, 0x0, 0x0, 0x24, 0xa, 0x0,
    0x0, 0x80, 0x0, 0x80, 0x2, 0x0, 0x0, 0x50,
    0x3, 0xa5, 0xae, 0xb0, 0x39, 0xf, 0x6e, 0x3b,
    0x29, 0x90, 0x40, 0xb2, 0x25, 0x84, 0x8, 0xa2,
    0x25, 0x98, 0x8, 0xa5, 0xe, 0x40, 0x0, 0x9c,
    0xf, 0x46, 0xa0, 0xac, 0x17, 0x40, 0x0, 0xb5,
    0x22, 0x0, 0x0, 0x22, 0x22, 0x0, 0x0, 0x11,
    0xb, 0xfa, 0xeb, 0xf8, 0x0, 0xfe, 0x6f, 0x80,
    0x0, 0x1a, 0x64, 0x0,

    /* U+1F9DE "🧞" */
    0x0, 0x68, 0x0, 0x0, 0x0, 0x60, 0x28, 0x0,
    0x0, 0x14, 0x0, 0x50, 0x0, 0x2, 0x14, 0x2,
    0x0, 0x0, 0x50, 0x8, 0x20, 0x0, 0x8, 0x4,
    0x1, 0x0, 0x0, 0x80, 0x50, 0x20, 0x0, 0x8,
    0xa9, 0xaa, 0x2, 0xa4, 0x58, 0x60, 0xa0, 0x80,
    0x53, 0x28, 0x69, 0x21, 0x92, 0x38, 0x78, 0xd8,
    0x92, 0x51, 0x54, 0x95, 0x14, 0xa4, 0x8, 0x0,
    0x2, 0x20, 0x0, 0x50, 0x0, 0x82, 0x10, 0x1,
    0x90, 0xa0, 0x1b, 0x0, 0x1, 0x50, 0x0, 0xbd,
    0x0, 0x0, 0x0, 0x1, 0x0,

    /* U+1F9DF "🧟" */
    0x0, 0x1, 0x90, 0x0, 0x3b, 0xff, 0x40, 0x7,
    0xff, 0xfe, 0x2, 0xff, 0xff, 0xfc, 0x1f, 0xf4,
    0x1f, 0xc2, 0xfc, 0x0, 0x3e, 0x7c, 0x60, 0x91,
    0xdb, 0xc5, 0x5, 0x1f, 0x78, 0xa0, 0xa1, 0xd3,
    0x49, 0x6, 0x1c, 0x28, 0xf, 0x15, 0xc0, 0x80,
    0xa0, 0x18, 0x8, 0x0, 0x0, 0x40, 0x84, 0x0,
    0x8, 0x8, 0x90, 0x4, 0x80, 0x24, 0x0, 0x60,
    0x0, 0x2a, 0x90, 0x0,

    /* U+1F9E0 "🧠" */
    0x0, 0x0, 0x15, 0x0, 0x0, 0xb, 0x99, 0xae,
    0x0, 0x6, 0x70, 0x83, 0xc, 0x1, 0x40, 0x8a,
    0x58, 0x60, 0x24, 0x51, 0x84, 0x44, 0x81, 0x23,
    0x88, 0x57, 0x88, 0x7a, 0x10, 0xa8, 0x0, 0xd8,
    0x82, 0xa0, 0x8, 0xb6, 0x84, 0x81, 0x4, 0x80,
    0x62, 0x14, 0x41, 0xfe, 0xa2, 0xb, 0x4f, 0xf8,
    0x10, 0x20, 0x8, 0xc, 0x6, 0x99, 0x0, 0x2a,
    0xbb, 0x67, 0x0, 0x0, 0x0, 0x99, 0xd0, 0x0,
    0x0, 0x1, 0x90, 0x0,

    /* U+1F9E1 "🧡" */
    0x1, 0xe4, 0x0, 0x78, 0x0, 0xfa, 0xe0, 0x77,
    0xb4, 0x3c, 0xcd, 0x9e, 0xb3, 0x95, 0xce, 0xa7,
    0x73, 0x2a, 0xda, 0xcc, 0x73, 0x6b, 0x39, 0xcd,
    0xa3, 0x67, 0x36, 0x4e, 0x9c, 0xb7, 0x3a, 0x73,
    0x8c, 0xd3, 0x3a, 0x31, 0x2c, 0xe9, 0x6b, 0x33,
    0xc0, 0xec, 0xc7, 0x36, 0xb4, 0x5, 0xca, 0x3a,
    0x73, 0x0, 0x2e, 0xcb, 0x33, 0xc0, 0x0, 0x9d,
    0x33, 0xb0, 0x0, 0x2, 0xd6, 0xb8, 0x0, 0x0,
    0x9, 0x73, 0x0, 0x0, 0x0, 0x1b, 0x80, 0x0,
    0x0, 0x0, 0x10, 0x0, 0x0,

    /* U+1F9E2 "🧢" */
    0x0, 0x0, 0x0, 0x0, 0x0, 0x0, 0x1, 0xad,
    0x0, 0x0, 0x1, 0x96, 0xb8, 0x0, 0x0, 0x82,
    0x42, 0x20, 0x0, 0x14, 0x80, 0x20, 0x80, 0x2,
    0x8, 0x2, 0x2, 0x0, 0x21, 0x40, 0x20, 0x20,
    0x5, 0x20, 0x2, 0x2, 0x0, 0xe7, 0x0, 0x20,
    0x20, 0x60, 0x29, 0x2, 0x2, 0x34, 0x0, 0x1a,
    0x90, 0x2b, 0xe8, 0x0, 0xf, 0xa9, 0x10, 0x28,
    0x2, 0x40, 0x0, 0x0, 0x2a, 0x80, 0x0,

    /* U+1F9E3 "🧣" */
    0x0, 0x7e, 0x40, 0x0, 0xff, 0xfa, 0x0, 0xff,
    0xfd, 0x50, 0x7f, 0xeb, 0x88, 0x2f, 0x40, 0x5a,
    0x8, 0xc0, 0x22, 0x81, 0x4e, 0xf8, 0x20, 0x28,
    0x88, 0x20, 0x3, 0x13, 0xf4, 0x0, 0xd0, 0x41,
    0x0, 0xe1, 0xc0, 0x80, 0x7f, 0xb5, 0xb0, 0x5b,
    0xfc, 0x8, 0x5, 0x6f, 0xff, 0x0, 0x7, 0xff,
    0xc0, 0x0, 0x5a, 0xa0, 0x0, 0x0, 0x50, 0x0,

    /* U+1F9E4 "🧤" */
    0x0, 0xa5, 0x0, 0x0, 0x0, 0xb, 0x2a, 0x0,
    0x0, 0x0, 0x6, 0x16, 0x0, 0x0, 0x0, 0x75,
    0x49, 0x0, 0x0, 0x0, 0x88, 0x8a, 0xd0, 0x6a,
    0x40, 0x14, 0x2, 0x20, 0x98, 0xe4, 0x20, 0x1,
    0x20, 0x95, 0x4d, 0x20, 0x0, 0x52, 0x92, 0x12,
    0x4, 0x0, 0x88, 0x81, 0x22, 0x8, 0x1, 0xc8,
    0x40, 0x5, 0xa, 0xbb, 0x85, 0x10, 0x8, 0x5,
    0xdb, 0x82, 0x0, 0x8, 0x3, 0xe9, 0x2, 0x0,
    0x14, 0x0, 0x0, 0x3, 0xa5, 0x20, 0x0, 0x0,
    0x2, 0xdb, 0xb0, 0x0, 0x0, 0x1, 0xbb, 0x90,
    0x0, 0x0, 0x0, 0x1, 0x40,

    /* U+1F9E5 "🧥" */
    0x0, 0x0, 0x3e, 0x0, 0x0, 0x0, 0x1, 0xbf,
    0x80, 0x0, 0x0, 0x7, 0x2d, 0x60, 0x0, 0x0,
    0x36, 0x1c, 0x6e, 0x0, 0x0, 0xa2, 0x0, 0x5a,
    0x0, 0x0, 0x86, 0xd2, 0x88, 0x80, 0x2, 0x8,
    0x2b, 0x8, 0x80, 0x2, 0x0, 0x1, 0x40, 0x50,
    0x5, 0x0, 0x0, 0x80, 0x20, 0x8, 0x0, 0x88,
    0x80, 0x10, 0x8, 0x10, 0x0, 0x88, 0x8, 0x10,
    0x34, 0x44, 0x89, 0x8, 0x20, 0x60, 0x48, 0x8a,
    0x5, 0x20, 0xa0, 0x0, 0x88, 0x42, 0x25, 0x60,
    0x0, 0x84, 0x86, 0x6, 0x24, 0x0, 0x88, 0x20,
    0x0, 0x6, 0xaa, 0x94, 0x0,

    /* U+1F9E6 "🧦" */
    0x0, 0xaa, 0x40, 0x0, 0x0, 0x80, 0x80, 0x0,
    0x0, 0xea, 0xc0, 0x0, 0x0, 0xd5, 0xc6, 0xa9,
    0x0, 0xc0, 0x87, 0xad, 0x0, 0x80, 0x81, 0x5,
    0x0, 0x80, 0xc3, 0xad, 0x2, 0x3, 0xc1, 0x5,
    0x9, 0x7, 0xc1, 0x5, 0x14, 0x3, 0x85, 0xa,
    0x30, 0x9, 0x18, 0x2f, 0xf8, 0x20, 0x20, 0x2f,
    0xfe, 0x80, 0x80, 0x2c, 0x3f, 0x3, 0x80, 0x90,
    0x0, 0x3, 0xf2, 0x40, 0x0, 0x3, 0xfd, 0x0,
    0x0, 0x0, 0xf0, 0x0,

    /* U+1F9E7 "🧧" */
    0xaa, 0xaa, 0xa8, 0x20, 0x0, 0x3, 0x48, 0x0,
    0x0, 0xe2, 0x0, 0x0, 0x3c, 0x80, 0xa9, 0xf,
    0x21, 0x40, 0x63, 0x98, 0x85, 0x54, 0x82, 0x46,
    0xa4, 0xa0, 0xa2, 0xe9, 0x28, 0x24, 0x1a, 0x8a,
    0x8, 0x85, 0x58, 0x82, 0x9, 0x9, 0x20, 0x80,
    0x64, 0x8, 0x20, 0x0, 0x2, 0x8, 0x0, 0x0,
    0x82, 0x0, 0x0, 0x20, 0xaa, 0xaa, 0xa8, 0x0,

    /* U+1F9E8 "🧨" */
    0x0, 0x0, 0x0, 0x0, 0x0, 0x0, 0x0, 0x0,
    0x24, 0x0, 0x0, 0x0, 0x1e, 0x6a, 0x0, 0x0,
    0xaa, 0x54, 0x20, 0x0, 0x9, 0x39, 0xb8, 0x80,
    0x0, 0x58, 0x20, 0x86, 0x40, 0x2, 0x85, 0x82,
    0x86, 0x0, 0x21, 0x85, 0x14, 0x0, 0x2, 0x0,
    0xb0, 0x0, 0x0, 0x14, 0x2, 0x0, 0x0, 0x0,
    0x80, 0x14, 0x0, 0x0, 0x8, 0x0, 0x80, 0x0,
    0x0, 0x60, 0x8, 0x0, 0x0, 0x2, 0x50, 0x80,
    0x0, 0x0, 0x8, 0x6a, 0x0, 0x0, 0x0, 0x8,
    0x20, 0x0, 0x0, 0x0, 0xa, 0x0, 0x0, 0x0,
    0x0,

    /* U+1F9E9 "🧩" */
    0x0, 0x1, 0x0, 0x0, 0x0, 0xa, 0x41, 0xa4,
    0x0, 0x20, 0x53, 0x8, 0x0, 0x50, 0x1a, 0x8,
    0x0, 0x18, 0x4, 0x14, 0xa, 0x1, 0x0, 0x80,
    0x25, 0x8, 0x0, 0x50, 0x50, 0xa0, 0x0, 0x20,
    0x20, 0x0, 0x0, 0x8, 0x8, 0x0, 0x6, 0x6,
    0x2, 0x0, 0x14, 0x88, 0x2, 0x0, 0x20, 0xa0,
    0x18, 0x0, 0x20, 0x0, 0x20, 0x34, 0x6, 0x0,
    0x20, 0x55, 0x2, 0x0, 0xa, 0x81, 0x98, 0x0,
    0x0, 0x0, 0x60, 0x0,

    /* U+1F9EA "🧪" */
    0x0, 0x0, 0x2, 0x80, 0xa0, 0x0, 0x0, 0x3,
    0x24, 0xf1, 0x0, 0x0, 0x7, 0x88, 0x0, 0x0,
    0x0, 0x18, 0x22, 0x0, 0x0, 0x0, 0x60, 0x8,
    0x40, 0x0, 0x1, 0x81, 0x45, 0x40, 0x0, 0x6,
    0x0, 0x7, 0x40, 0x0, 0x18, 0xaa, 0x14, 0x0,
    0x0, 0x62, 0xfc, 0x50, 0x0, 0x1, 0x8e, 0xf1,
    0x40, 0x0, 0x6, 0x36, 0xc5, 0x0, 0x0, 0x18,
    0xff, 0x14, 0x0, 0x0, 0x23, 0xfc, 0x50, 0x0,
    0x0, 0x27, 0xf1, 0x40, 0x0, 0x0, 0x22, 0xc5,
    0x0, 0x0, 0x0, 0x18, 0x14, 0x0, 0x0, 0x0,
    0x2, 0x80, 0x0, 0x0, 0x0,

    /* U+1F9EB "🧫" */
    0x5, 0xaa, 0xaa, 0xa9, 0x1, 0x90, 0x0, 0x0,
    0x1, 0x8c, 0x0, 0x0, 0x0, 0x0, 0xfa, 0x40,
    0x0, 0x0, 0x6a, 0x81, 0x6a, 0xaa, 0xa4, 0xa,
    0x0, 0x0, 0x0, 0x0, 0x28, 0x1b, 0xfd, 0xb6,
    0x80, 0xa3, 0x79, 0x7f, 0xfd, 0xa2, 0x82, 0xaa,
    0xff, 0xf9, 0x14, 0xa4, 0x0, 0x0, 0x6, 0x40,
    0x16, 0xaa, 0xaa, 0x40, 0x0,

    /* U+1F9EC "🧬" */
    0x64, 0x1, 0x98, 0xea, 0xb2, 0x57, 0xae, 0x52,
    0x5a, 0x88, 0x6, 0x8a, 0x0, 0x87, 0x64, 0x23,
    0xed, 0x84, 0x80, 0x31, 0x8e, 0xab, 0x24, 0x80,
    0x35, 0x23, 0xbd, 0x81, 0x9e, 0x20, 0xb, 0x2d,
    0x2, 0x5a, 0x58, 0x57, 0xae, 0x58, 0xea, 0xb2,
    0x64, 0x1, 0x90,

    /* U+1F9ED "🧭" */
    0x0, 0x0, 0x0, 0x2, 0x40, 0x1, 0x55, 0x64,
    0x82, 0x0, 0x95, 0xd5, 0x6e, 0x20, 0x28, 0x0,
    0x5, 0xbc, 0xa, 0xc0, 0x80, 0x66, 0x1, 0x81,
    0x49, 0x20, 0x50, 0x14, 0xa, 0x7e, 0x1, 0x42,
    0x40, 0x87, 0xc0, 0x14, 0x2c, 0xb5, 0x76, 0xcb,
    0x42, 0x40, 0x7d, 0x80, 0x14, 0x14, 0xf, 0x69,
    0x1, 0x41, 0x42, 0x89, 0x20, 0x54, 0x9, 0x80,
    0x80, 0x56, 0x0, 0x68, 0x0, 0x2, 0x40, 0x1,
    0x50, 0x41, 0x54, 0x0, 0x6, 0x5d, 0x58, 0x0,
    0x0, 0x5, 0x54, 0x0, 0x0,

    /* U+1F9EE "🧮" */
    0x14, 0x0, 0x0, 0x0, 0xc0, 0xa0, 0x0, 0x0,
    0x3, 0x2, 0xff, 0xff, 0xef, 0xec, 0xa, 0x55,
    0x55, 0x15, 0x30, 0x29, 0x48, 0x55, 0x54, 0xc0,
    0xbf, 0xbb, 0xff, 0xfb, 0x2, 0x80, 0x0, 0x0,
    0xc, 0xb, 0xff, 0xff, 0xfb, 0xb0, 0x29, 0x55,
    0x55, 0x44, 0xc0, 0xa5, 0x54, 0x55, 0x53, 0x2,
    0xff, 0xfb, 0xff, 0xec, 0xa, 0x0, 0x0, 0x0,
    0x30, 0x2f, 0xff, 0xfb, 0xfe, 0xc0, 0xa5, 0x55,
    0x45, 0x53, 0x2, 0x80, 0x0, 0x0, 0xc, 0x2f,
    0xff, 0xff, 0xff, 0xfc, 0x7f, 0xff, 0xff, 0xff,
    0xf0,

    /* U+1F9EF "🧯" */
    0x0, 0x0, 0x0, 0x28, 0x0, 0xf0, 0xb, 0x5d,
    0x2b, 0x54, 0x81, 0xf0, 0x86, 0x18, 0x88, 0x2,
    0x84, 0x2, 0x94, 0x62, 0x54, 0xf2, 0xf7, 0xba,
    0xf7, 0x5a, 0x24, 0x92, 0x14, 0x2, 0x8, 0x6,
    0x1, 0xa4,

    /* U+1F9F0 "🧰" */
    0x0, 0x7, 0xfc, 0x0, 0x0, 0x0, 0xd5, 0xb0,
    0x0, 0x1, 0xbe, 0xab, 0xe4, 0x0, 0x92, 0x40,
    0x18, 0x60, 0x2a, 0xaa, 0xaa, 0xaa, 0x82, 0x0,
    0x0, 0x0, 0x8, 0x6a, 0xaa, 0xaa, 0xaa, 0xa8,
    0x0, 0x0, 0x0, 0x2, 0x81, 0x90, 0x0, 0x60,
    0x2a, 0xbb, 0xaa, 0xbf, 0xea, 0x82, 0x30, 0x0,
    0x88, 0x28, 0x19, 0x0, 0x6, 0x2, 0x80, 0x0,
    0x0, 0x0, 0x28, 0x0, 0x0, 0x0, 0x2, 0x80,
    0x0, 0x0, 0x0, 0x28, 0x0, 0x0, 0x0, 0x2,
    0x6a, 0xaa, 0xaa, 0xaa, 0x90,

    /* U+1F9F1 "🧱" */
    0x6a, 0xaa, 0xaa, 0xaa, 0x22, 0x0, 0x20, 0x8,
    0x28, 0x80, 0x8, 0x2, 0xb, 0xaa, 0xea, 0xae,
    0xaa, 0x80, 0x20, 0x2, 0x0, 0xba, 0xae, 0xaa,
    0xea, 0xa8, 0x80, 0x8, 0x2, 0xa, 0x20, 0x2,
    0x0, 0x82, 0xee, 0xaa, 0xea, 0xba, 0xa0, 0x8,
    0x0, 0x80, 0x28, 0x2, 0x0, 0x20, 0xb, 0xba,
    0xab, 0xaa, 0xea, 0x88, 0x0, 0x80, 0x20, 0xbb,
    0xaa, 0xba, 0xae, 0xa8, 0x2, 0x0, 0x20, 0xa,
    0x0, 0x80, 0x8, 0x2, 0x6a, 0xaa, 0xaa, 0xaa,
    0x40,

    /* U+1F9F2 "🧲" */
    0x0, 0x1a, 0xab, 0xaa, 0x1, 0x90, 0x2, 0x2,
    0x5, 0x0, 0x2, 0x2, 0x14, 0x0, 0x2, 0x2,
    0x20, 0x6, 0xab, 0xaa, 0x50, 0x24, 0x0, 0x0,
    0x80, 0x50, 0x0, 0x0, 0x80, 0x80, 0x0, 0x0,
    0x80, 0x40, 0x0, 0x0, 0x50, 0x20, 0x0, 0x0,
    0x20, 0x6, 0xab, 0xaa, 0x14, 0x0, 0x2, 0x2,
    0x9, 0x0, 0x2, 0x2, 0x1, 0x90, 0x2, 0x2,
    0x0, 0x1a, 0xab, 0xab,

    /* U+1F9F3 "🧳" */
    0x0, 0x0, 0x5, 0x0, 0x0, 0x1, 0x54, 0x0,
    0x4, 0x25, 0x50, 0x2, 0x69, 0x18, 0x0, 0x54,
    0x62, 0x0, 0x8, 0xd0, 0xa0, 0x2, 0x4, 0x93,
    0x80, 0x26, 0x9, 0x82, 0x8, 0x10, 0x8, 0x81,
    0x40, 0x2, 0x8, 0x20, 0x0, 0x52, 0x3, 0x0,
    0x8, 0x50, 0x39, 0x2, 0x8, 0x0, 0x69, 0x22,
    0x0, 0x0, 0x3c, 0x10, 0x0, 0x1, 0x78, 0x0,
    0x0, 0x4, 0x0, 0x0,

    /* U+1F9F4 "🧴" */
    0x0, 0xaa, 0x40, 0x24, 0x68, 0x0, 0x70, 0x0,
    0xb, 0x40, 0x3, 0x19, 0x0, 0xaa, 0xa4, 0x10,
    0x0, 0x82, 0x0, 0x8, 0x20, 0xa0, 0x51, 0x8,
    0x82, 0x42, 0x8, 0x28, 0x20, 0x52, 0x82, 0x48,
    0x28, 0x5, 0x2, 0x80, 0x0, 0x22, 0x0, 0x9,
    0x6, 0xa9, 0x0,

    /* U+1F9F5 "🧵" */
    0x0, 0x5a, 0x50, 0xe, 0x6, 0x7, 0x9, 0xaa,
    0xaa, 0xe, 0x40, 0x1b, 0x2, 0x55, 0x58, 0x1,
    0xff, 0xf8, 0x2, 0x97, 0xf4, 0xa, 0xab, 0xf4,
    0x11, 0xff, 0xf4, 0x21, 0x97, 0xf4, 0x41, 0x97,
    0xf8, 0x82, 0xbf, 0xe8, 0x8d, 0x0, 0x7, 0x88,
    0x6a, 0x92, 0x22, 0xaa, 0xa8, 0x9, 0x0, 0x4,
    0x0, 0x6a, 0x94,

    /* U+1F9F6 "🧶" */
    0x0, 0xa, 0xa0, 0x0, 0x0, 0xbd, 0xae, 0x0,
    0x3, 0xe5, 0x68, 0x80, 0xa, 0x79, 0xa8, 0xa0,
    0x1a, 0xbc, 0x6e, 0x34, 0x28, 0xcd, 0x68, 0x9c,
    0x32, 0xa3, 0x5e, 0x2c, 0x2b, 0x98, 0xee, 0x9c,
    0x27, 0x62, 0x2d, 0x68, 0x29, 0x88, 0x97, 0x88,
    0x28, 0xe2, 0x59, 0x34, 0x2e, 0x3d, 0x61, 0xf0,
    0x22, 0xca, 0xc7, 0x80, 0x20, 0xb6, 0x7e, 0x0,
    0x8, 0x6, 0x90, 0x6, 0x2, 0x90, 0x0, 0x19,
    0x0, 0x16, 0xaa, 0x90,

    /* U+1F9F7 "🧷" */
    0x0, 0x0, 0x0, 0x64, 0x0, 0x0, 0x0, 0x91,
    0x80, 0x0, 0x0, 0x92, 0x14, 0x0, 0x0, 0xd2,
    0x62, 0x0, 0x0, 0x9e, 0xe1, 0x40, 0x0, 0x98,
    0x21, 0x80, 0x0, 0x98, 0x1d, 0x80, 0x0, 0x88,
    0x16, 0x80, 0x0, 0x88, 0x1a, 0x40, 0x0, 0x88,
    0x19, 0x40, 0x0, 0x88, 0x19, 0x40, 0x0, 0x88,
    0x19, 0x40, 0x0, 0x5b, 0x15, 0x40, 0x0, 0x27,
    0x76, 0x40, 0x0, 0x9, 0xaa, 0x40, 0x0, 0x2,
    0x57, 0x0, 0x0, 0x0, 0x19, 0x0, 0x0, 0x0,
    0x0,

    /* U+1F9F8 "🧸" */
    0x0, 0x50, 0x0, 0x0, 0x8, 0x2a, 0xa4, 0x0,
    0x20, 0x0, 0x20, 0x0, 0x50, 0x0, 0x80, 0x2,
    0x20, 0x52, 0x0, 0x8, 0x8, 0x8, 0x0, 0x18,
    0x50, 0x50, 0x0, 0xb9, 0x5b, 0x0, 0x9, 0x2f,
    0x42, 0x0, 0x20, 0x9f, 0x5, 0x1, 0x40, 0x14,
    0x8, 0x1, 0x8, 0x10, 0x20, 0x2d, 0x20, 0x83,
    0xd2, 0xe, 0x0, 0xb0, 0x88, 0x1, 0xa8, 0x1,
    0x14, 0x24, 0x8, 0x8, 0x1a, 0x0, 0x6, 0x40,

    /* U+1F9F9 "🧹" */
    0x0, 0x0, 0x0, 0x0, 0x80, 0x0, 0x0, 0x0,
    0x22, 0x0, 0x0, 0x0, 0x8, 0x80, 0x0, 0x0,
    0x1, 0x54, 0x0, 0x0, 0x0, 0x22, 0x0, 0x0,
    0x0, 0x8, 0x80, 0x0, 0x0, 0x3, 0x94, 0x0,
    0x0, 0x0, 0xc7, 0x0, 0x0, 0x0, 0x92, 0x90,
    0x0, 0x0, 0x2e, 0xc, 0x0, 0x0, 0xb, 0x48,
    0x80, 0x0, 0x2, 0x46, 0x38, 0x0, 0x1, 0x80,
    0xa, 0x0, 0x3, 0x51, 0x40, 0x30, 0x0, 0x8,
    0x52, 0x55, 0x0, 0x0, 0x1d, 0xc8, 0x80, 0x0,
    0x0, 0x5, 0xa4, 0x0, 0x0,

    /* U+1F9FA "🧺" */
    0x19, 0x0, 0x0, 0x64, 0xa, 0x20, 0x0, 0x9d,
    0x84, 0x91, 0x0, 0x48, 0x85, 0x28, 0x95, 0x64,
    0x21, 0x7f, 0x19, 0x55, 0xad, 0xa0, 0x63, 0xa9,
    0x40, 0x9f, 0x98, 0x80, 0x6, 0xe6, 0x1b, 0x2a,
    0xaa, 0x98, 0x74, 0x44, 0x0, 0x1b, 0x8, 0xef,
    0xeb, 0xb6, 0x43, 0xb1, 0x14, 0x8f, 0xc0, 0xd9,
    0xef, 0xb6, 0x70, 0x27, 0x7b, 0xed, 0xc8, 0x7,
    0xc4, 0x52, 0x3b, 0x0, 0xab, 0xbe, 0xed, 0x40,
    0x1d, 0x85, 0x27, 0x80, 0x0, 0x2a, 0xa9, 0x0,
    0x0,

    /* U+1F9FB "🧻" */
    0x6, 0xaa, 0x90, 0x19, 0x5, 0x45, 0x8c, 0xd,
    0x68, 0x1f, 0xe4, 0x50, 0x6a, 0x9f, 0xaa, 0x50,
    0xa0, 0x1a, 0x90, 0x28, 0x0, 0x8, 0xa, 0x0,
    0x2, 0x2, 0x80, 0x0, 0x80, 0xa0, 0x0, 0x20,
    0x28, 0x0, 0x8, 0xa, 0x0, 0x2, 0x2, 0x80,
    0x0, 0x80, 0xa0, 0x0, 0x20, 0x26, 0x40, 0x4,
    0x20, 0x1a, 0xa4, 0xd0, 0x0, 0x1, 0x90, 0x0,

    /* U+1F9FC "🧼" */
    0x0, 0x19, 0x0, 0x0, 0x0, 0x8, 0x18, 0x0,
    0x0, 0x1, 0x0, 0x6a, 0x80, 0x0, 0x30, 0x1,
    0x1, 0x80, 0xa, 0x0, 0x40, 0x2, 0x0, 0x9e,
    0xac, 0x0, 0xc, 0xf, 0x5, 0x80, 0x0, 0xd2,
    0x90, 0x60, 0x0, 0x66, 0x30, 0x64, 0x0, 0x22,
    0x25, 0x80, 0x0, 0xa, 0x85, 0x82, 0x40, 0x2,
    0x1a, 0x85, 0x6, 0x2, 0x84, 0x8, 0x20, 0x6,
    0x40, 0x80, 0x80, 0x90, 0x0, 0x1c, 0x8, 0x1,
    0x90, 0x19, 0x62, 0x40, 0x1, 0xa9, 0x0, 0x40,

    /* U+1F9FD "🧽" */
    0x0, 0x50, 0x0, 0x0, 0x0, 0x20, 0x40, 0x0,
    0x0, 0x2, 0x8, 0x0, 0x0, 0x0, 0xa, 0x6,
    0x6a, 0x40, 0x69, 0x2, 0x50, 0x6, 0x49, 0x95,
    0x82, 0x8, 0x5, 0x30, 0x30, 0x0, 0x0, 0x22,
    0x42, 0x2d, 0x0, 0xa3, 0x26, 0x81, 0x40, 0x5,
    0xaa, 0x0, 0x0, 0x3e, 0x42, 0x70, 0x7, 0x6,
    0x54, 0x25, 0xa4, 0x11, 0x40, 0x19, 0x22, 0xe9,
    0xaa, 0xa9, 0x2, 0x0, 0x1, 0x5, 0x0, 0x14,
    0x10, 0x10, 0x30, 0x0, 0x2a, 0x40, 0xed, 0x40,
    0x0, 0x6, 0x90, 0x60, 0x0,

    /* U+1F9FE "🧾" */
    0x4, 0x44, 0x0, 0x1, 0xb, 0xba, 0xaa, 0xab,
    0x8, 0x0, 0x0, 0x2, 0x8, 0x0, 0x60, 0x2,
    0x8, 0x0, 0xb0, 0x2, 0x8, 0x0, 0x0, 0x2,
    0x8, 0x6a, 0x90, 0x62, 0x8, 0xa8, 0x50, 0x62,
    0x8, 0x0, 0x0, 0x2, 0x8, 0x6a, 0x40, 0x62,
    0x8, 0x41, 0x4, 0x42, 0x8, 0x0, 0x2, 0x92,
    0xc, 0x0, 0x0, 0x2, 0x6e, 0xee, 0xaa, 0x83,
    0x91, 0x11, 0x44, 0x67, 0x50, 0x0, 0x0, 0xa,
    0x1a, 0xaa, 0xaa, 0xa8,

    /* U+1F9FF "🧿" */
    0x0, 0x1, 0x50, 0x0, 0x0, 0x1f, 0xff, 0xc0,
    0x0, 0x3d, 0x6f, 0xfd, 0x0, 0x39, 0xff, 0xff,
    0xd0, 0x2f, 0xe0, 0xb, 0xfc, 0xf, 0xe0, 0x60,
    0xbf, 0x8b, 0xf0, 0x82, 0x4f, 0xf3, 0xf8, 0x86,
    0x21, 0xfc, 0xfd, 0x23, 0xd8, 0x3f, 0x3f, 0x48,
    0xa2, 0xe, 0xdf, 0xe0, 0x82, 0x47, 0x72, 0xfc,
    0x6, 0x3, 0xdc, 0x3f, 0xc0, 0x2, 0xde, 0xb,
    0xfd, 0x7, 0xdb, 0x0, 0xbf, 0xff, 0xdf, 0x40,
    0x7, 0xff, 0xff, 0x0, 0x0, 0x1a, 0xe8, 0x0,
    0x0,

    /* U+1FA70 "🩰" */
    0x2, 0x90, 0xa, 0x90, 0x6, 0xac, 0x20, 0x20,
    0xa, 0xb8, 0x36, 0xb0, 0x8, 0x7c, 0x3f, 0xf8,
    0x7, 0x56, 0xe, 0xc2, 0xb, 0x12, 0x22, 0x2,
    0xa, 0xa2, 0xa, 0x7, 0xa, 0x35, 0x9, 0xd,
    0x8, 0x58, 0x8, 0x2c, 0x8, 0x90, 0x8, 0x34,
    0x22, 0x20, 0x70, 0x70, 0x7c, 0x20, 0x70, 0xb0,
    0x24, 0x20, 0x14, 0xb4, 0x20, 0x20, 0x8, 0xb8,
    0x10, 0x20, 0x8, 0x78, 0x8, 0x20, 0x6, 0x38,
    0x6, 0x80, 0x1, 0x90,

    /* U+1FA71 "🩱" */
    0x5, 0x2, 0x0, 0x18, 0xa, 0x1, 0x20, 0x24,
    0xc, 0x80, 0x44, 0x31, 0x4, 0x20, 0xe2, 0xd0,
    0x82, 0x51, 0x42, 0x8, 0x52, 0x14, 0x20, 0x52,
    0x80, 0xd0, 0x23, 0x42, 0xa0, 0x21, 0x8, 0x19,
    0x28, 0x60, 0x6, 0xb0, 0x50, 0xb, 0x0, 0x90,
    0x24, 0x0, 0x81, 0x40, 0x0, 0xa8, 0x0,

    /* U+1FA72 "🩲" */
    0xa, 0xaa, 0xaa, 0xaa, 0x42, 0x0, 0x0, 0x0,
    0x8, 0x3f, 0xff, 0xff, 0xff, 0xc2, 0xd, 0x0,
    0x3, 0x44, 0x21, 0xc0, 0x0, 0x28, 0x52, 0x28,
    0x0, 0x1, 0xc5, 0x2f, 0x40, 0x0, 0xe, 0xc0,
    0xf4, 0x0, 0x0, 0xf0, 0x3, 0xd0, 0x0, 0x3c,
    0x0, 0xb, 0x40, 0xf, 0x0, 0x0, 0x1a, 0xaa,
    0x40, 0x0, 0x0, 0x0, 0x0, 0x0,

    /* U+1FA73 "🩳" */
    0x6, 0xaa, 0xaa, 0xa9, 0x0, 0x80, 0x0, 0x0,
    0x20, 0x8, 0x0, 0xf4, 0x2, 0x0, 0x80, 0x1b,
    0x80, 0x20, 0x8, 0x2, 0x32, 0x1, 0x0, 0x40,
    0x46, 0x90, 0x14, 0x14, 0x5, 0x80, 0x0, 0x41,
    0x0, 0x0, 0x0, 0x8, 0x24, 0x40, 0x0, 0x10,
    0xc3, 0xfe, 0x76, 0x97, 0xfc, 0x3f, 0xbf, 0xff,
    0xfb, 0xc3, 0x67, 0x9f, 0x9d, 0x9c, 0x3f, 0xd6,
    0xfa, 0x6f, 0xc3, 0xdf, 0xfe, 0xff, 0x7d, 0x50,
    0x63, 0xcc, 0x90, 0x12, 0xa4, 0x14, 0x81, 0x68,
    0x0, 0x5a, 0xa, 0x50, 0x0,

    /* U+1FA74 "🩴" */
    0x1, 0x90, 0x0, 0x20, 0x18, 0x2, 0x0, 0x8,
    0x8, 0x20, 0x14, 0x20, 0xf8, 0x20, 0x8a, 0x2c,
    0x82, 0x30, 0x2a, 0x4, 0xc0, 0x28, 0x7, 0x0,
    0xa0, 0x28, 0x1, 0x80, 0x90, 0x12, 0x2, 0x0,
    0x4, 0x8, 0x0, 0x50, 0x20, 0x1, 0x0, 0x80,
    0x8, 0x0, 0x80, 0x80, 0x0, 0xa8, 0x0,

    /* U+1FA75 "🩵" */
    0x1, 0xa0, 0x0, 0x68, 0x0, 0x20, 0x18, 0x18,
    0x9, 0x2, 0x56, 0x9d, 0xe1, 0x6d, 0x14, 0x0,
    0x18, 0x0, 0x8, 0x8a, 0x12, 0x94, 0xa5, 0x62,
    0x0, 0x0, 0x0, 0x0, 0x8a, 0x16, 0x85, 0xa1,
    0x2b, 0x8, 0x0, 0x0, 0x0, 0x4, 0x3a, 0x12,
    0x94, 0xa5, 0xc0, 0x20, 0x0, 0x0, 0x5, 0x0,
    0x56, 0x85, 0xa1, 0x60, 0x0, 0x90, 0x0, 0x2,
    0x0, 0x0, 0xa2, 0x84, 0xa0, 0x0, 0x0, 0x90,
    0x2, 0x0, 0x0, 0x0, 0x50, 0x20, 0x0, 0x0,
    0x0, 0x7b, 0x0, 0x0, 0x0, 0x0, 0x10, 0x0,
    0x0,

    /* U+1FA76 "🩶" */
    0x1, 0xe4, 0x0, 0x78, 0x0, 0xd8, 0xa0, 0x72,
    0x34, 0x28, 0x98, 0x96, 0x66, 0x55, 0x44, 0x43,
    0x11, 0x12, 0x99, 0x89, 0x26, 0x62, 0x68, 0x44,
    0x41, 0x11, 0x12, 0x48, 0x98, 0x62, 0x66, 0x32,
    0x4, 0x1, 0x1, 0x1, 0x39, 0x89, 0x26, 0x62,
    0xc0, 0xc0, 0x40, 0x10, 0x34, 0xa, 0xd8, 0x72,
    0x7b, 0x0, 0x2c, 0xd2, 0x76, 0x80, 0x0, 0xd0,
    0x10, 0x30, 0x0, 0x2, 0xc6, 0x28, 0x0, 0x0,
    0xd, 0x13, 0x0, 0x0, 0x0, 0x1b, 0x80, 0x0,
    0x0, 0x0, 0x10, 0x0, 0x0,

    /* U+1FA77 "🩷" */
    0x1, 0xe4, 0x0, 0x68, 0x0, 0xa8, 0x60, 0x60,
    0x74, 0x25, 0x0, 0xd4, 0x18, 0x97, 0x40, 0x26,
    0x5, 0x2, 0xd0, 0x8, 0x2, 0x40, 0x38, 0x2,
    0x0, 0x90, 0xa, 0x41, 0x80, 0x24, 0x6, 0x22,
    0x60, 0x8, 0x1, 0x81, 0x38, 0x2, 0x0, 0x60,
    0x80, 0x80, 0x80, 0x14, 0x14, 0x5, 0x20, 0x9,
    0x2, 0x0, 0x2c, 0x2, 0x40, 0x80, 0x0, 0x90,
    0x90, 0x20, 0x0, 0x2, 0x60, 0x8, 0x0, 0x0,
    0xa, 0x2, 0x0, 0x0, 0x0, 0x19, 0x80, 0x0,
    0x0, 0x0, 0x10, 0x0, 0x0,

    /* U+1FA78 "🩸" */
    0x0, 0x0, 0x0, 0x0, 0x18, 0x0, 0x0, 0x3d,
    0x0, 0x0, 0xbf, 0x0, 0x1, 0xff, 0x80, 0x3,
    0xff, 0xd0, 0xb, 0xff, 0xf0, 0xf, 0xff, 0xf4,
    0x2f, 0xff, 0xfc, 0x3f, 0xff, 0xfc, 0x3f, 0xff,
    0xfd, 0x3a, 0xff, 0xfd, 0x3d, 0xff, 0xfd, 0x3d,
    0x7f, 0xfc, 0x1f, 0x9b, 0xf8, 0xb, 0xff, 0xf0,
    0x0, 0xae, 0x40,

    /* U+1FA79 "🩹" */
    0x0, 0x0, 0x1, 0x90, 0x0, 0x0, 0x2, 0x2,
    0x0, 0x0, 0x2, 0x10, 0x20, 0x0, 0x2, 0x0,
    0x18, 0x0, 0x2, 0x11, 0x2, 0x0, 0x2, 0x10,
    0x50, 0x80, 0x2, 0x26, 0x4, 0x80, 0x2, 0x20,
    0x60, 0x80, 0x2, 0x20, 0x8, 0x80, 0x2, 0x5,
    0x9, 0x80, 0x2, 0x4, 0x59, 0x80, 0x2, 0x0,
    0x45, 0x80, 0x0, 0x80, 0x4, 0x80, 0x0, 0x21,
    0x40, 0x80, 0x0, 0x8, 0x14, 0x80, 0x0, 0x0,
    0x80, 0x80, 0x0, 0x0, 0x6, 0x40, 0x0, 0x0,
    0x0,

    /* U+1FA7A "🩺" */
    0x0, 0x5, 0x0, 0x0, 0x0, 0xe, 0x60, 0x0,
    0x2, 0xe1, 0x8, 0x5, 0x2, 0x0, 0x2, 0x1,
    0x50, 0x80, 0x0, 0x81, 0x65, 0x14, 0x0, 0x20,
    0x26, 0x2, 0x0, 0x8, 0x8, 0x0, 0x20, 0x3,
    0x42, 0x0, 0x6, 0x0, 0x60, 0xa0, 0x0, 0xd0,
    0x64, 0xa, 0x0, 0x1a, 0x96, 0x0, 0xa0, 0x2,
    0x81, 0x80, 0x9, 0x0, 0x55, 0x50, 0x2, 0x40,
    0x1, 0xe0, 0x1, 0x90, 0x0, 0x9, 0x0, 0xa0,
    0x0, 0x0, 0xa5, 0xa0, 0x0, 0x0, 0x5, 0x50,
    0x0,

    /* U+1FA7B "🩻" */
    0xbf, 0xff, 0xff, 0xfe, 0x36, 0xa9, 0xa6, 0xa9,
    0xce, 0xff, 0x69, 0xff, 0xf3, 0x59, 0x5f, 0x56,
    0x5c, 0xed, 0x5a, 0xa5, 0x6b, 0x3b, 0xed, 0x6,
    0xbf, 0xce, 0xf7, 0xfb, 0xdf, 0xf3, 0xbb, 0xae,
    0xad, 0xfc, 0xda, 0x6b, 0xa9, 0xb7, 0x32, 0xbe,
    0xe7, 0xf8, 0xce, 0xaa, 0xa9, 0xaa, 0xb3, 0xa7,
    0x9f, 0x6e, 0xac, 0xe6, 0xb7, 0xee, 0xab, 0x39,
    0x7a, 0xfd, 0xeb, 0xce, 0x76, 0xff, 0xda, 0xf3,
    0x5a, 0xaa, 0xaa, 0x5c, 0xbf, 0xff, 0xff, 0xfe,
    0x0,

    /* U+1FA7C "🩼" */
    0x0, 0x0, 0x0, 0x40, 0x0, 0x0, 0x0, 0xb0,
    0x0, 0x0, 0x0, 0x5f, 0x0, 0x0, 0x0, 0x58,
    0xb4, 0x0, 0x0, 0x58, 0x1f, 0x0, 0x0, 0x58,
    0x16, 0x0, 0x0, 0x5c, 0x16, 0x0, 0x0, 0x19,
    0xe6, 0x0, 0x0, 0x28, 0x2e, 0x0, 0x0, 0xa,
    0x26, 0x0, 0x0, 0x9, 0xea, 0x0, 0x0, 0x8,
    0x24, 0x0, 0x0, 0x5, 0x20, 0x0, 0x0, 0x2,
    0xe0, 0x0, 0x0, 0x3, 0xc0, 0x0, 0x0, 0x2,
    0xc0, 0x0, 0x0, 0x0, 0x50, 0x0, 0x0, 0x0,
    0x0,

    /* U+1FA80 "🪀" */
    0x0, 0x1a, 0x90, 0x0, 0x2, 0x95, 0x7e, 0x0,
    0x8, 0xa9, 0xa, 0xd0, 0x21, 0x82, 0x83, 0x70,
    0x21, 0x0, 0x51, 0xe8, 0x48, 0x0, 0x20, 0xec,
    0x88, 0x0, 0x20, 0xec, 0x88, 0x0, 0x20, 0xfc,
    0x48, 0x0, 0x20, 0xfc, 0x11, 0x0, 0x51, 0xfc,
    0x22, 0x41, 0x83, 0x75, 0x8, 0x69, 0xa, 0xc2,
    0x2, 0x40, 0x7e, 0x2, 0x0, 0x1a, 0x50, 0x2,
    0x0, 0xa, 0x9b, 0x8, 0x0, 0x20, 0x7e, 0x90,
    0x0, 0xa, 0x40, 0x0,

    /* U+1FA81 "🪁" */
    0x0, 0xd, 0x0, 0x0, 0x0, 0x2, 0xca, 0x80,
    0x0, 0x1, 0x88, 0x2, 0xc0, 0x0, 0x90, 0x56,
    0x98, 0x0, 0x3e, 0xaf, 0x40, 0x80, 0x42, 0x40,
    0xa0, 0x10, 0x1e, 0x9, 0x16, 0x2, 0x6, 0xc0,
    0x26, 0x20, 0x20, 0x80, 0x0, 0xd1, 0x44, 0x3e,
    0x0, 0x22, 0x8, 0x81, 0xc0, 0x9, 0x8, 0x88,
    0x8, 0x1, 0x0, 0x29, 0x45, 0x40, 0x0, 0x0,
    0xf0, 0xb9, 0x0, 0x0, 0x7, 0x13, 0x40, 0x0,
    0x0, 0x3d, 0x80, 0x0, 0x0, 0x0, 0xe0, 0x0,
    0x0, 0x0, 0x8, 0x0, 0x0,

    /* U+1FA82 "🪂" */
    0x0, 0x6, 0x94, 0x0, 0x0, 0x2a, 0x6a, 0x90,
    0x0, 0x22, 0x8, 0x46, 0x0, 0x20, 0x42, 0x8,
    0x20, 0x20, 0x80, 0x81, 0x1, 0x14, 0x20, 0x20,
    0x10, 0x89, 0x59, 0x59, 0x59, 0x62, 0x42, 0x7,
    0x6, 0x8, 0x14, 0x41, 0x82, 0x8, 0x0, 0x88,
    0x91, 0x54, 0x0, 0x6, 0xa1, 0xa0, 0x0, 0x0,
    0x29, 0xd0, 0x0, 0x0, 0x2, 0x90, 0x0, 0x0,
    0x1, 0xb8, 0x0, 0x0, 0x0, 0xc, 0x0, 0x0,
    0x0, 0x2, 0x40, 0x0, 0x0, 0x0, 0x40, 0x0,
    0x0,

    /* U+1FA83 "🪃" */
    0x0, 0x0, 0x6, 0x40, 0x0, 0x0, 0x64, 0x18,
    0x0, 0x0, 0x90, 0x1, 0x0, 0x15, 0xd5, 0x50,
    0x0, 0x27, 0x55, 0x55, 0xa0, 0x9, 0xc0, 0x0,
    0x5, 0x0, 0xa6, 0xaa, 0x80, 0x80, 0x20, 0x0,
    0x68, 0x20, 0x20, 0x0, 0x21, 0x85, 0x8, 0x0,
    0x20, 0xa0, 0x48, 0x0, 0x20, 0x58, 0x23, 0x0,
    0x20, 0x60, 0x48, 0xd0, 0x60, 0x60, 0x2b, 0x26,
    0x80, 0x60, 0xc, 0x58, 0x0, 0x90, 0x1, 0x48,
    0xaa, 0x40, 0x0, 0x22, 0x0, 0x0, 0x0, 0x6,
    0x0,

    /* U+1FA84 "🪄" */
    0x0, 0x0, 0x40, 0x0, 0x0, 0x0, 0x3c, 0x7,
    0x80, 0x0, 0xa, 0x2, 0xf0, 0x0, 0x0, 0x4,
    0x10, 0x0, 0x0, 0x6, 0x80, 0x0, 0x0, 0x6,
    0x20, 0x0, 0x0, 0x7, 0x60, 0x0, 0x0, 0x6,
    0x70, 0x0, 0x0, 0x6, 0x20, 0xb0, 0x0, 0x6,
    0x20, 0x3c, 0x0, 0x6, 0x20, 0x0, 0x0, 0x6,
    0x20, 0x0, 0x0, 0x6, 0x20, 0x0, 0x0, 0x7,
    0xe0, 0x0, 0x0, 0x6, 0x30, 0x0, 0x0, 0x2,
    0x60, 0x0, 0x0, 0x0, 0x10, 0x0, 0x0, 0x0,
    0x0,

    /* U+1FA85 "🪅" */
    0x0, 0x0, 0x68, 0x0, 0x0, 0x4, 0x38, 0x40,
    0x0, 0x22, 0x18, 0x40, 0x0, 0x25, 0x89, 0x0,
    0x90, 0x9, 0x12, 0x11, 0xb6, 0x2, 0x97, 0xfd,
    0x22, 0x80, 0x13, 0x57, 0x10, 0x0, 0x3, 0x80,
    0xfc, 0x0, 0x0, 0x60, 0x47, 0x90, 0x20, 0x2b,
    0x17, 0xdb, 0x49, 0x54, 0xd7, 0x60, 0xa1, 0x79,
    0xba, 0xc4, 0x28, 0x2d, 0x6, 0xa9, 0x2, 0x0,
    0x1, 0x10, 0xa1, 0x0, 0x1, 0x60, 0x68, 0x0,
    0x5, 0x78, 0x5, 0x0, 0x0, 0x24, 0x18, 0x0,
    0x0,

    /* U+1FA86 "🪆" */
    0x0, 0x5, 0x0, 0x0, 0x3, 0xfd, 0x0, 0x0,
    0x74, 0xe0, 0x0, 0x9, 0x46, 0x0, 0x0, 0x60,
    0x60, 0x0, 0xb, 0xef, 0x0, 0xa, 0xf4, 0xfe,
    0x2, 0x78, 0xa5, 0xe9, 0x89, 0x20, 0x88, 0xa8,
    0xf2, 0x5, 0xea, 0x98, 0xfa, 0xf9, 0xa4, 0xac,
    0x3, 0xa2, 0x20, 0xd5, 0x64, 0x81, 0x45, 0x2,
    0x4, 0x5, 0xa, 0x42, 0x0, 0x18, 0x1, 0x80,
    0x0, 0x1a, 0x80, 0x0,

    /* U+1FA87 "🪇" */
    0x1, 0x90, 0x0, 0x0, 0x0, 0x2f, 0xf0, 0x0,
    0x0, 0x1, 0xbe, 0xb5, 0x40, 0x69, 0xb, 0x91,
    0xd6, 0xa, 0xfd, 0x28, 0xb1, 0x51, 0x72, 0xfc,
    0x75, 0x4d, 0x6, 0x58, 0x31, 0x96, 0xf0, 0x1c,
    0xb6, 0xc5, 0xbf, 0xc0, 0x6e, 0x4a, 0x1, 0x36,
    0x0, 0x7f, 0xf0, 0x0, 0x22, 0x0, 0xff, 0x50,
    0x0, 0x49, 0x2, 0x61, 0x0, 0x0, 0x88, 0x12,
    0x0, 0x0, 0x2, 0x8, 0x88, 0x0, 0x0, 0x4,
    0x28, 0x10, 0x0, 0x0, 0xa, 0x21, 0x0, 0x0,
    0x0, 0x0, 0x88, 0x0, 0x0, 0x0, 0x1, 0x80,
    0x0,

    /* U+1FA88 "🪈" */
    0x0, 0x0, 0x0, 0x14, 0x0, 0x0, 0x0, 0x92,
    0x0, 0x0, 0x2, 0x62, 0x0, 0x0, 0xb, 0xc5,
    0x0, 0x0, 0x24, 0xf4, 0x0, 0x0, 0x90, 0x90,
    0x0, 0x2, 0x41, 0x80, 0x0, 0x5, 0x16, 0x0,
    0x0, 0x16, 0x18, 0x0, 0x0, 0x60, 0x60, 0x0,
    0x1, 0x98, 0x80, 0x0, 0x6, 0x2, 0x0, 0x0,
    0x1c, 0x88, 0x0, 0x0, 0x3f, 0x20, 0x0, 0x0,
    0xa7, 0xc0, 0x0, 0x0, 0xa7, 0x0, 0x0, 0x0,
    0x18, 0x0, 0x0, 0x0,

    /* U+1FA90 "🪐" */
    0x0, 0x0, 0x69, 0x0, 0x64, 0x0, 0x6, 0x1,
    0x9f, 0xfc, 0x0, 0x14, 0x0, 0x30, 0x78, 0x0,
    0x20, 0x0, 0x4, 0xe0, 0x0, 0x50, 0x0, 0xf,
    0x80, 0x0, 0x80, 0x0, 0x1d, 0x0, 0x0, 0x80,
    0x0, 0xa8, 0x0, 0x1, 0xe0, 0x7, 0x48, 0x0,
    0xa, 0x20, 0x78, 0x20, 0x0, 0x2c, 0xf, 0x80,
    0x50, 0x0, 0x3f, 0xfa, 0xaa, 0x0, 0x0, 0x3e,
    0x40, 0x0, 0x0, 0x0,

    /* U+1FA91 "🪑" */
    0x0, 0x10, 0x1, 0xa9, 0x60, 0xa, 0x0, 0x80,
    0x28, 0x2, 0x0, 0xa1, 0xb8, 0x1, 0xf4, 0x80,
    0x1, 0x43, 0x40, 0xf, 0xa9, 0xa0, 0xb4, 0x0,
    0x75, 0x9a, 0xa9, 0x63, 0x95, 0x6b, 0xc, 0x77,
    0xc, 0x30, 0xcc, 0x30, 0xc3, 0x30, 0xc3, 0xc,
    0x43, 0x0, 0x30, 0x8, 0x0, 0x80, 0x0,

    /* U+1FA92 "🪒" */
    0x0, 0x0, 0x60, 0x0, 0x0, 0x1, 0x98, 0x0,
    0x0, 0x6, 0x26, 0x0, 0x0, 0x8, 0x69, 0x80,
    0x0, 0x2, 0x5a, 0x60, 0x0, 0x0, 0xd6, 0x98,
    0x0, 0x2, 0x76, 0xa6, 0x0, 0x8, 0x2d, 0x49,
    0x0, 0x24, 0x52, 0x24, 0x0, 0x50, 0x80, 0x90,
    0x0, 0x82, 0x0, 0x0, 0x2, 0x8, 0x0, 0x0,
    0x8, 0x8, 0x0, 0x0, 0x14, 0x20, 0x0, 0x0,
    0x20, 0x80, 0x0, 0x0, 0x24, 0x80, 0x0, 0x0,
    0x6, 0x0, 0x0, 0x0,

    /* U+1FA93 "🪓" */
    0x0, 0x5, 0x0, 0x0, 0x0, 0x29, 0x90, 0x0,
    0x0, 0xbe, 0xfc, 0x0, 0x3, 0x7f, 0xff, 0x40,
    0x0, 0x8f, 0xff, 0xf0, 0x0, 0x22, 0xff, 0x88,
    0x0, 0x5, 0x3f, 0x50, 0x80, 0x0, 0x82, 0x48,
    0x8, 0x0, 0xa, 0x80, 0x80, 0x80, 0x0, 0x0,
    0x18, 0x8, 0x0, 0x0, 0x1, 0x81, 0x40, 0x0,
    0x0, 0x14, 0x20, 0x0, 0x0, 0x2, 0x1, 0x0,
    0x0, 0x0, 0x20, 0x80, 0x0, 0x0, 0x8, 0x14,
    0x0, 0x0, 0x1, 0x45, 0x0, 0x0, 0x0, 0x1a,
    0x0,

    /* U+1FA94 "🪔" */
    0x0, 0x0, 0x0, 0x10, 0x0, 0x0, 0x0, 0x30,
    0x0, 0x0, 0x0, 0x28, 0x0, 0x0, 0x0, 0x88,
    0x0, 0x0, 0x0, 0x84, 0x0, 0x0, 0x0, 0x81,
    0x0, 0x6a, 0x51, 0x2, 0xa, 0x51, 0x5b, 0x22,
    0x24, 0x6a, 0x92, 0x32, 0x42, 0x40, 0x1a, 0xfe,
    0x82, 0x0, 0x0, 0xed, 0x92, 0x40, 0x1a, 0x28,
    0x34, 0x5a, 0xa1, 0xf0, 0x2f, 0x51, 0x1b, 0xc0,
    0xf, 0xff, 0xff, 0x0, 0x2, 0xff, 0xfc, 0x0,
    0x0, 0x1a, 0x90, 0x0,

    /* U+1FA95 "🪕" */
    0x0, 0x0, 0x0, 0x9, 0x0, 0x0, 0x0, 0x2,
    0x98, 0x0, 0x0, 0x0, 0x21, 0xd0, 0x0, 0x0,
    0x9, 0x70, 0x0, 0x0, 0x2, 0x20, 0x0, 0x0,
    0x0, 0x88, 0x0, 0x0, 0x0, 0x22, 0x0, 0x0,
    0x1, 0x48, 0x90, 0x0, 0x3, 0xef, 0x24, 0x0,
    0x2, 0xd0, 0x2f, 0x40, 0x0, 0x38, 0x0, 0xb0,
    0x0, 0x3, 0xc, 0xf, 0x0, 0x0, 0x36, 0x10,
    0xa0, 0x0, 0x2, 0xf0, 0x2b, 0x0, 0x0, 0x1f,
    0x59, 0x60, 0x0, 0x0, 0xed, 0x78, 0x0, 0x0,
    0x0, 0xa9, 0x0, 0x0, 0x0,

    /* U+1FA96 "🪖" */
    0x0, 0x1a, 0x90, 0x0, 0x0, 0x19, 0x1, 0x90,
    0x0, 0x9, 0x0, 0x2, 0x40, 0x1, 0x46, 0x0,
    0x9, 0x0, 0x21, 0x40, 0x0, 0x20, 0x5, 0x20,
    0x0, 0x0, 0x80, 0x45, 0x0, 0x0, 0x5, 0x8,
    0x40, 0x0, 0x0, 0x19, 0x80, 0x0, 0x0, 0x0,
    0x24, 0x0, 0x0, 0xa, 0xa4, 0x10, 0x0, 0x1b,
    0xe0, 0x2, 0x0, 0x19, 0x1f, 0x0, 0x20, 0xb,
    0x1, 0xe0, 0x9, 0x1a, 0x7c, 0x2e, 0x0, 0x14,
    0xf, 0xea, 0x20, 0x0, 0x0, 0x74, 0x8, 0x0,
    0x0, 0x0, 0x69, 0x0, 0x0,

    /* U+1FA97 "🪗" */
    0x0, 0x0, 0x0, 0x0, 0x0, 0x0, 0xe, 0xbf,
    0xc0, 0x0, 0xb5, 0xf, 0xf0, 0x3, 0xc8, 0x13,
    0xec, 0x1, 0xa1, 0x48, 0xff, 0x3, 0xc2, 0x22,
    0x3a, 0xc3, 0xf8, 0x54, 0x8e, 0xb3, 0xaf, 0x88,
    0x93, 0xfc, 0x56, 0xf8, 0xa5, 0xef, 0x6, 0x6f,
    0x9a, 0xbf, 0xc0, 0x62, 0xfa, 0xff, 0xd0, 0x6,
    0x2f, 0xc0, 0x0, 0x0, 0x76, 0xc0, 0x0, 0x0,
    0x7, 0xc0, 0x0, 0x0, 0x0, 0x0, 0x0, 0x0,

    /* U+1FA98 "🪘" */
    0x0, 0x1, 0x90, 0x0, 0x0, 0x9, 0xda, 0x0,
    0x0, 0xe, 0xc0, 0x80, 0x0, 0x19, 0xd0, 0x20,
    0x0, 0x23, 0x64, 0x8, 0x0, 0x26, 0x8d, 0x2,
    0x0, 0x88, 0x31, 0xd7, 0x0, 0x94, 0x8b, 0x1a,
    0x0, 0xa2, 0x9, 0xbc, 0x0, 0xe5, 0x20, 0xa0,
    0x6, 0x39, 0x86, 0x0, 0x24, 0xb, 0xa4, 0x0,
    0x80, 0x5, 0x0, 0x0, 0x40, 0x8, 0x0, 0x0,
    0x20, 0x14, 0x0, 0x0, 0x9, 0x20, 0x0, 0x0,
    0x1, 0x90, 0x0, 0x0,

    /* U+1FA99 "🪙" */
    0x0, 0x1a, 0xa4, 0x0, 0x0, 0x95, 0x56, 0x40,
    0x6, 0x14, 0x5, 0x60, 0x9, 0x40, 0x0, 0x54,
    0x21, 0x5, 0x50, 0x18, 0x24, 0x56, 0x95, 0x15,
    0x55, 0xaa, 0xaa, 0x46, 0x54, 0x9a, 0x76, 0x6,
    0x54, 0x85, 0x31, 0x6, 0x54, 0x9a, 0x76, 0x6,
    0x25, 0xff, 0xff, 0x55, 0x25, 0x0, 0x0, 0x18,
    0x1d, 0x40, 0x0, 0x6c, 0xb, 0x54, 0x5, 0xa4,
    0x2, 0xa5, 0x56, 0x90, 0x0, 0x99, 0x9a, 0x0,
    0x0, 0x6, 0x94, 0x0,

    /* U+1FA9A "🪚" */
    0x0, 0x40, 0x0, 0x0, 0x0, 0x66, 0x0, 0x0,
    0x0, 0x28, 0x54, 0x0, 0x0, 0x1, 0x80, 0x80,
    0x0, 0x0, 0xc, 0x2, 0x0, 0x0, 0x0, 0x60,
    0x8, 0x0, 0x0, 0x3, 0x0, 0x20, 0x0, 0x0,
    0x2c, 0x0, 0x90, 0x0, 0x0, 0x90, 0x1, 0xe0,
    0x0, 0x7, 0x40, 0x14, 0xa0, 0x0, 0x1c, 0x2,
    0x0, 0x80, 0x0, 0xb4, 0x50, 0x92, 0x0, 0x1,
    0xa8, 0x25, 0x80, 0x0, 0x6, 0xc5, 0x88, 0x0,
    0x0, 0x5, 0x22, 0x0, 0x0, 0x0, 0x18, 0x90,
    0x0, 0x0, 0x0, 0x24, 0x0,

    /* U+1FA9B "🪛" */
    0x4, 0x0, 0x0, 0x0, 0x2, 0x60, 0x0, 0x0,
    0x0, 0x14, 0x80, 0x0, 0x0, 0x0, 0x82, 0x0,
    0x0, 0x0, 0x2, 0x48, 0x0, 0x0, 0x0, 0x9,
    0x20, 0x0, 0x0, 0x0, 0x14, 0x98, 0x0, 0x0,
    0x0, 0x69, 0xd0, 0x0, 0x0, 0x3, 0xa2, 0x40,
    0x0, 0x0, 0x38, 0x6, 0x0, 0x0, 0x0, 0xa0,
    0x48, 0x0, 0x0, 0x2, 0x12, 0x20, 0x0, 0x0,
    0x8, 0x88, 0x80, 0x0, 0x0, 0x22, 0x25, 0x0,
    0x0, 0x0, 0x88, 0x20, 0x0, 0x0, 0x2, 0x8,
    0x0, 0x0, 0x0, 0xa, 0x0,

    /* U+1FA9C "🪜" */
    0x64, 0x1, 0xa8, 0x80, 0x22, 0x8e, 0xab, 0x28,
    0xea, 0xb2, 0x88, 0x2, 0x28, 0xd5, 0x72, 0x8d,
    0x57, 0x28, 0xea, 0xb2, 0x88, 0x2, 0x28, 0xea,
    0xb2, 0x8e, 0xab, 0x28, 0x80, 0x22, 0x88, 0x2,
    0x28, 0xea, 0xb2, 0x8e, 0xab, 0x28, 0x80, 0x22,
    0x64, 0x1, 0xa0,

    /* U+1FA9D "🪝" */
    0x0, 0x14, 0x0, 0x0, 0x82, 0x40, 0x2, 0x28,
    0x80, 0x2, 0x28, 0x80, 0x1, 0x55, 0x40, 0x0,
    0x82, 0x0, 0x2, 0x8, 0x0, 0x8, 0x20, 0x29,
    0x20, 0x50, 0x25, 0x10, 0x80, 0x18, 0x80, 0x50,
    0x44, 0x88, 0x2a, 0x45, 0x85, 0x0, 0x5, 0x12,
    0x40, 0x48, 0x20, 0x6a, 0x14, 0xa, 0x0, 0xa0,
    0x0, 0x69, 0x0,

    /* U+1FA9E "🪞" */
    0x0, 0x2, 0x40, 0x0, 0x0, 0x77, 0x40, 0x0,
    0x9, 0xbd, 0x90, 0x0, 0x98, 0x6, 0x50, 0x5,
    0x80, 0xa, 0x80, 0x2c, 0x0, 0x85, 0x41, 0x90,
    0x4, 0xa, 0xf, 0x0, 0x50, 0x2d, 0x88, 0x1,
    0x20, 0x88, 0xf0, 0x2, 0x2, 0xd1, 0x90, 0x10,
    0xa, 0x2, 0xc1, 0x40, 0x64, 0x5, 0x44, 0x2,
    0x80, 0x9, 0x80, 0x65, 0x0, 0x9, 0xbd, 0x90,
    0x0, 0x7, 0x74, 0x0, 0x0, 0x2, 0x40, 0x0,

    /* U+1FA9F "🪟" */
    0x6a, 0xaa, 0xaa, 0xaa, 0x80, 0x0, 0x0, 0x2,
    0x8a, 0xa9, 0x2a, 0xa2, 0x88, 0x2, 0x20, 0x22,
    0x88, 0x2, 0x20, 0x22, 0x88, 0x2, 0x20, 0x22,
    0x88, 0x2, 0x20, 0x22, 0x8a, 0xaa, 0x3a, 0xb2,
    0x80, 0x0, 0x0, 0x2, 0x8a, 0xaa, 0x3a, 0xa2,
    0x88, 0x2, 0x20, 0x22, 0x88, 0x2, 0x20, 0x22,
    0x88, 0x2, 0x20, 0x22, 0x88, 0x2, 0x20, 0x22,
    0x8a, 0xa9, 0x2a, 0xa2, 0x80, 0x0, 0x0, 0x2,
    0x6a, 0xaa, 0xaa, 0xaa,

    /* U+1FAA0 "🪠" */
    0x0, 0x0, 0x0, 0x2, 0x0, 0x0, 0x0, 0x2,
    0x50, 0x0, 0x0, 0x2, 0x20, 0x0, 0x0, 0x2,
    0x20, 0x0, 0x0, 0x2, 0x20, 0x0, 0x0, 0x2,
    0x20, 0x0, 0x0, 0x2, 0x20, 0x0, 0x1, 0x5b,
    0x20, 0x0, 0x6a, 0x5e, 0x30, 0x0, 0x23, 0x0,
    0x68, 0x0, 0x5, 0x20, 0xc, 0x0, 0x0, 0x52,
    0x1, 0x0, 0x0, 0x5, 0x20, 0x40, 0x0, 0x0,
    0x62, 0x20, 0x0, 0x0, 0x6, 0x34, 0x0, 0x0,
    0x0, 0x61, 0x0, 0x0, 0x0, 0x6, 0x0, 0x0,
    0x0,

    /* U+1FAA1 "🪡" */
    0x1, 0xa0, 0x0, 0x6, 0x2, 0x42, 0x0, 0x9,
    0x21, 0x40, 0x10, 0x9, 0x68, 0x80, 0x0, 0x9,
    0xb8, 0x10, 0x0, 0x2e, 0x3e, 0x2, 0x1, 0xa6,
    0x18, 0x80, 0x1a, 0x42, 0x18, 0x20, 0x0, 0x2,
    0x14, 0x8, 0x0, 0x52, 0x24, 0x8, 0x0, 0x7,
    0xa0, 0x18, 0x0, 0x1, 0xba, 0x90, 0x0, 0x0,
    0xa0, 0x0, 0x0, 0x0, 0xe0, 0x0, 0x0, 0x0,
    0xd0, 0x0, 0x0, 0x0, 0x90, 0x0, 0x0, 0x0,
    0x40, 0x0, 0x0, 0x0, 0x0, 0x0, 0x0, 0x0,
    0x0,

    /* U+1FAA2 "🪢" */
    0x69, 0x9, 0x3, 0x63, 0x6c, 0x26, 0xeb, 0x0,
    0xdf, 0x20, 0x29, 0xcf, 0x3, 0xce, 0x38, 0x3b,
    0xeb, 0x83, 0xf2, 0xb8, 0x6f, 0xf, 0xc8, 0xf3,
    0xfc, 0xbb, 0xfc, 0xc2, 0x60, 0x94, 0xe, 0x6d,
    0x0, 0xbb, 0xc0, 0xf, 0x3c, 0x0, 0xe2, 0xd0,
    0x0, 0xa, 0x0,

    /* U+1FAA3 "🪣" */
    0x0, 0x16, 0xaa, 0x50, 0x0, 0x65, 0x55, 0x55,
    0x64, 0x9, 0xff, 0xff, 0xf8, 0x80, 0x80, 0x0,
    0x0, 0x8, 0x8, 0x0, 0x0, 0x0, 0x80, 0x79,
    0x0, 0x1, 0xb0, 0x9, 0x16, 0xaa, 0x52, 0x1,
    0xa0, 0x0, 0x64, 0x20, 0x23, 0x0, 0x24, 0x82,
    0x2, 0xa0, 0x18, 0x20, 0x10, 0x3f, 0x68, 0x28,
    0x5, 0x1, 0x40, 0x28, 0x0, 0x40, 0x7, 0xa8,
    0x0, 0x8, 0x0, 0x10, 0x0, 0x0, 0x80, 0x0,
    0x80, 0x0, 0x8, 0x0, 0x6, 0x40, 0x1a, 0x0,
    0x0, 0x1, 0xa9, 0x0, 0x0,

    /* U+1FAA4 "🪤" */
    0x0, 0x6a, 0xaa, 0x80, 0x0, 0x14, 0x0, 0xa,
    0x0, 0x2, 0x0, 0x2, 0x14, 0x0, 0x80, 0x0,
    0x20, 0x80, 0x9, 0x80, 0x8, 0x2, 0x3, 0xb7,
    0xff, 0x80, 0x14, 0x14, 0x97, 0xfc, 0x0, 0x80,
    0x8a, 0xf, 0xf0, 0x2, 0x2, 0xa0, 0xeb, 0x40,
    0x20, 0xe, 0x4, 0x8, 0x8, 0x0, 0xa2, 0x65,
    0x60, 0x80, 0xb, 0x25, 0x59, 0x90, 0x0, 0xbf,
    0x5c, 0xee, 0x0, 0xb, 0xf0, 0x3f, 0xc0, 0x1,
    0xff, 0x7f, 0xd0, 0x0, 0xbf, 0xff, 0xf0, 0x0,
    0x2a, 0xfa, 0xa4, 0x0, 0x0,

    /* U+1FAA5 "🪥" */
    0x0, 0x0, 0x0, 0x80, 0x0, 0x0, 0x0, 0x8f,
    0x0, 0x0, 0x0, 0x89, 0xa0, 0x0, 0x0, 0x89,
    0x28, 0x0, 0x0, 0xd, 0x65, 0x0, 0x0, 0x6,
    0xa6, 0x0, 0x0, 0xa, 0x6, 0x0, 0x0, 0x8,
    0x9, 0x0, 0x0, 0x8, 0x8, 0x0, 0x0, 0x8,
    0x8, 0x0, 0x0, 0x8, 0x8, 0x0, 0x0, 0x8,
    0x8, 0x0, 0x0, 0x8, 0x8, 0x0, 0x0, 0x8,
    0x8, 0x0, 0x0, 0x8, 0x8, 0x0, 0x0, 0x2,
    0x18, 0x0, 0x0, 0x0, 0x24, 0x0, 0x0, 0x0,
    0x0,

    /* U+1FAA6 "🪦" */
    0x0, 0x6a, 0x90, 0x0, 0x15, 0x81, 0x80, 0x2,
    0x20, 0x8, 0x2, 0xe8, 0x0, 0x28, 0x22, 0x0,
    0x0, 0x82, 0x20, 0xaa, 0x48, 0x22, 0x0, 0x0,
    0x82, 0x20, 0x5a, 0x8, 0x22, 0x4, 0x14, 0x82,
    0x20, 0x0, 0x8, 0x22, 0x0, 0x0, 0x82, 0x20,
    0x0, 0x8, 0x22, 0x0, 0x0, 0x82, 0x20, 0x0,
    0x8, 0xae, 0xaa, 0xaa, 0xa8, 0x80, 0x0, 0x2,
    0x6a, 0xaa, 0xaa, 0xa0,

    /* U+1FAA7 "🪧" */
    0x0, 0x1a, 0x40, 0x0, 0x2, 0x8, 0x0, 0x6a,
    0xba, 0xea, 0xa8, 0x0, 0x0, 0x2, 0x80, 0x0,
    0x0, 0x28, 0xa, 0xaa, 0x2, 0x80, 0x0, 0x0,
    0x28, 0x0, 0x0, 0x2, 0x80, 0xaa, 0xa0, 0x28,
    0x0, 0x0, 0x2, 0x80, 0x0, 0x0, 0x2a, 0xaa,
    0xaa, 0xaa, 0x0, 0x20, 0x80, 0x0, 0x2, 0x8,
    0x0, 0x0, 0x20, 0x80, 0x0, 0x2, 0x8, 0x0,
    0x0, 0x1a, 0x40, 0x0,

    /* U+1FAA8 "🪨" */
    0x0, 0x0, 0x1a, 0x0, 0x0, 0x0, 0x1f, 0x88,
    0x0, 0x0, 0x3, 0xf0, 0x80, 0x0, 0x0, 0xd2,
    0x2, 0x0, 0x0, 0x60, 0x20, 0x4, 0x0, 0x24,
    0x2, 0x0, 0x80, 0x8, 0x0, 0x20, 0x2, 0x1,
    0x40, 0x2, 0x0, 0x14, 0x20, 0x0, 0x50, 0x0,
    0x85, 0x18, 0x0, 0x0, 0x2, 0x80, 0x28, 0x10,
    0x0, 0xb5, 0x0, 0x30, 0x80, 0xa2, 0x20, 0x2,
    0x1, 0x60, 0x21, 0x40, 0x20, 0x8, 0x5, 0x9,
    0x2, 0x1, 0x2, 0x80, 0x1a, 0xb4, 0x36, 0x40,
    0x0, 0x0, 0x6a, 0x40, 0x0,

    /* U+1FAA9 "🪩" */
    0x0, 0x0, 0x0, 0x0, 0x0, 0x80, 0x6b, 0xe8,
    0x8, 0xe, 0x2f, 0x7f, 0xb4, 0x80, 0xe, 0x12,
    0xf1, 0xb0, 0x3, 0xeb, 0x7f, 0xab, 0x40, 0x74,
    0x49, 0x84, 0x3c, 0x8, 0xe8, 0x44, 0x6d, 0x50,
    0xc4, 0x4d, 0xd8, 0x46, 0xb, 0xe8, 0x44, 0x6b,
    0x60, 0xbc, 0x6b, 0xf6, 0x12, 0xf, 0xc0, 0x3f,
    0x17, 0xd0, 0x62, 0xab, 0xfa, 0xf8, 0x3, 0x90,
    0x4, 0x4f, 0x42, 0x4f, 0xbe, 0xea, 0xa0, 0x0,
    0x37, 0xe1, 0x64, 0x80, 0x20, 0x7f, 0xb8, 0x8,
    0x0, 0x0, 0x0, 0x0, 0x0,

    /* U+1FAAA "🪪" */
    0x15, 0x55, 0x55, 0x55, 0x4b, 0xff, 0xff, 0xff,
    0xfe, 0xff, 0xff, 0xff, 0xff, 0xf8, 0x0, 0x0,
    0x0, 0x2, 0x86, 0xa1, 0xa9, 0x0, 0x28, 0x44,
    0x80, 0x0, 0x2, 0x87, 0xd9, 0xaa, 0x80, 0x28,
    0x7d, 0x80, 0x0, 0x2, 0x86, 0xc9, 0xa8, 0x0,
    0x28, 0xff, 0x80, 0x0, 0x2, 0x8a, 0xa1, 0xa0,
    0x0, 0x28, 0x0, 0x0, 0x0, 0x2, 0x2a, 0xaa,
    0xaa, 0xaa, 0x80,

    /* U+1FAAB "🪫" */
    0x7, 0xe4, 0x1b, 0x4d, 0x88, 0x7e, 0xb, 0x0,
    0x6, 0x9a, 0xa9, 0xa0, 0x0, 0x28, 0x0, 0xa,
    0x6, 0x2, 0x86, 0x90, 0xa0, 0x10, 0x28, 0x0,
    0xa, 0x7f, 0xe2, 0xaf, 0xfc, 0xaa, 0xab, 0x29,
    0xeb, 0x89, 0x80, 0x18, 0x6, 0xa4, 0x0,

    /* U+1FAAC "🪬" */
    0x0, 0x6, 0x0, 0x0, 0x1, 0x48, 0x0, 0x1,
    0xb0, 0xe8, 0x0, 0x23, 0xc, 0x20, 0x2, 0x30,
    0xc2, 0x0, 0x23, 0xc, 0x20, 0x2, 0x30, 0xc2,
    0x2, 0xb3, 0xc, 0x38, 0x82, 0x7a, 0xe9, 0x25,
    0x4, 0x64, 0x2, 0x20, 0x6a, 0xa0, 0x80, 0x4a,
    0x59, 0x54, 0x8, 0x99, 0xa2, 0x0, 0x81, 0xb8,
    0x20, 0x2, 0x0, 0x8, 0x0, 0x18, 0x2, 0x40,
    0x0, 0x1a, 0x40, 0x0,

    /* U+1FAAD "🪭" */
    0x0, 0x0, 0x50, 0x0, 0x0, 0x0, 0xbf, 0xff,
    0x40, 0x0, 0x2d, 0xf9, 0xf7, 0xc0, 0x3, 0xf5,
    0xe7, 0xcf, 0xd0, 0x2f, 0xf3, 0xdd, 0xbd, 0xc1,
    0xd3, 0xef, 0xb7, 0xc7, 0x8b, 0xe7, 0xfb, 0xfd,
    0xbf, 0x7, 0xfe, 0x86, 0x7f, 0xe0, 0x2, 0xe9,
    0x6a, 0x7c, 0x0, 0x0, 0x9a, 0xe6, 0x40, 0x0,
    0x0, 0x6f, 0xd0, 0x0, 0x0, 0x0, 0x3c, 0x0,
    0x0, 0x0, 0x0, 0xb4, 0x0, 0x0,

    /* U+1FAAE "🪮" */
    0x0, 0x0, 0x4, 0x0, 0x0, 0x0, 0x4, 0x40,
    0x0, 0x0, 0x4, 0x44, 0x0, 0x0, 0x9, 0x84,
    0x0, 0x0, 0x9, 0x88, 0x50, 0x0, 0x9, 0x99,
    0x51, 0x0, 0x9, 0x99, 0x56, 0x10, 0x6, 0xd9,
    0x96, 0x20, 0x2, 0x5d, 0xa6, 0x20, 0x0, 0x9d,
    0xe6, 0x60, 0x0, 0x17, 0xee, 0x60, 0x0, 0xb,
    0xff, 0xf0, 0x0, 0x1f, 0xff, 0xf0, 0x0, 0x2f,
    0xe0, 0x0, 0x0, 0xd, 0xb0, 0x0, 0x0, 0x2,
    0xf8, 0x0, 0x0, 0x0, 0x0, 0x0, 0x0, 0x0,
    0x0,

    /* U+1FAAF "🪯" */
    0x15, 0x55, 0x55, 0x54, 0x3f, 0xff, 0xff, 0xff,
    0xcf, 0xff, 0xff, 0xff, 0xf3, 0xff, 0xf4, 0xff,
    0xfc, 0xff, 0xf4, 0xf, 0xff, 0x3f, 0xe9, 0x5,
    0xbf, 0xcf, 0xc9, 0xc3, 0x73, 0xf3, 0xe3, 0x70,
    0xec, 0xbc, 0xf8, 0x9c, 0x37, 0x2f, 0x3f, 0xd,
    0x3, 0x4f, 0xcf, 0xd1, 0x82, 0x83, 0xf3, 0xfc,
    0x1a, 0x43, 0xfc, 0xff, 0xa8, 0x19, 0xff, 0x3f,
    0xfc, 0xa7, 0xff, 0xcf, 0xff, 0xfb, 0xff, 0xf3,
    0xff, 0xff, 0xff, 0xfc, 0x7f, 0xff, 0xff, 0xfe,
    0x0,

    /* U+1FAB0 "🪰" */
    0x5, 0x0, 0x0, 0x1, 0x6c, 0x0, 0x0, 0x22,
    0x72, 0xb4, 0x2, 0x39, 0xff, 0xed, 0x23, 0x2f,
    0xca, 0x21, 0x27, 0xf4, 0xd2, 0xf, 0xff, 0x64,
    0x83, 0x82, 0xfc, 0x34, 0xbc, 0x47, 0x89, 0xb,
    0x8e, 0x3a, 0x0, 0x80, 0xd3, 0xe4, 0x2, 0x0,
    0x78, 0x80, 0x3a, 0xb4, 0x58, 0x2, 0x5, 0x1,
    0x80, 0x22, 0x40, 0x21, 0x1, 0x20, 0x2, 0x0,
    0x0, 0x0, 0x0, 0x0,

    /* U+1FAB1 "🪱" */
    0x0, 0x0, 0x1, 0xa4, 0x0, 0x0, 0x0, 0x8,
    0x15, 0xaa, 0x0, 0x0, 0x2a, 0xaa, 0xa9, 0x0,
    0x0, 0x20, 0xa0, 0x0, 0xa, 0x40, 0x8, 0x2f,
    0x0, 0x20, 0x28, 0x2, 0xa0, 0x90, 0x94, 0x7,
    0x80, 0x28, 0xb0, 0x50, 0x8, 0x34, 0x3, 0x8,
    0x2a, 0xb4, 0x7f, 0x2, 0x8, 0x0, 0xa, 0xff,
    0xea, 0x4, 0x0, 0x3, 0xff, 0x41, 0x20, 0x0,
    0x0, 0x7f, 0x1, 0xc0, 0x0, 0x0, 0x1, 0xa9,
    0x0,

    /* U+1FAB2 "🪲" */
    0x0, 0x50, 0x40, 0x0, 0x0, 0x2, 0x8, 0x0,
    0x0, 0x3, 0xed, 0xe0, 0x0, 0x1, 0x1f, 0xc3,
    0x0, 0x0, 0x1a, 0xe0, 0x2b, 0x40, 0x0, 0xc,
    0x8, 0x1e, 0x90, 0x28, 0x46, 0x92, 0x20, 0x0,
    0x5e, 0x42, 0x41, 0x0, 0x2, 0x90, 0x88, 0x8,
    0x0, 0x3, 0x20, 0x20, 0xc0, 0x0, 0xa4, 0x40,
    0x8e, 0x0, 0x4, 0x90, 0xb, 0x44, 0x0, 0x53,
    0x80, 0xe0, 0x0, 0x5, 0x9, 0xa4, 0x0, 0x0,
    0x0, 0x80, 0x0, 0x0, 0x0, 0x8, 0x0, 0x0,
    0x0, 0x0, 0x10, 0x0, 0x0,

    /* U+1FAB3 "🪳" */
    0x0, 0x19, 0x40, 0x0, 0x0, 0x14, 0x16, 0x90,
    0x0, 0x8, 0x40, 0x0, 0x0, 0x2, 0x8, 0x0,
    0x0, 0x0, 0x64, 0x80, 0x0, 0x19, 0xaf, 0xe2,
    0x0, 0x8, 0xe, 0xf, 0x1a, 0x42, 0x21, 0x43,
    0xd5, 0x0, 0x82, 0xb2, 0x1f, 0x80, 0x20, 0x7,
    0x42, 0x99, 0x4, 0x2, 0x74, 0x58, 0x61, 0x40,
    0x8e, 0x98, 0x80, 0x40, 0x12, 0x53, 0x54, 0x0,
    0x4, 0x26, 0x2, 0x0, 0x2, 0x5, 0x24, 0xc0,
    0x0, 0x0, 0x81, 0xd0, 0x0, 0x0, 0x10, 0x0,
    0x0,

    /* U+1FAB4 "🪴" */
    0x0, 0x0, 0x14, 0x0, 0x0, 0x0, 0x1, 0x60,
    0x0, 0x0, 0x0, 0x8, 0x80, 0x0, 0x0, 0x0,
    0x52, 0x0, 0x0, 0x69, 0x41, 0x44, 0x5, 0xa1,
    0x45, 0x88, 0x15, 0x90, 0x51, 0x80, 0xe0, 0x65,
    0x8, 0x1, 0x89, 0x85, 0x91, 0x80, 0x2, 0xd4,
    0x55, 0x95, 0x0, 0x19, 0x1, 0x40, 0xa0, 0x0,
    0x90, 0x55, 0x10, 0x50, 0x9, 0x2, 0xbd, 0x50,
    0x50, 0x55, 0xbf, 0xff, 0xe0, 0x81, 0x64, 0xbf,
    0xff, 0x66, 0x1, 0x0, 0xff, 0xf4, 0x4, 0x0,
    0x1, 0xff, 0x80, 0x0, 0x0, 0x0, 0x0, 0x0,
    0x0,

    /* U+1FAB5 "🪵" */
    0x0, 0x6a, 0x40, 0x0, 0x95, 0x55, 0x80, 0x32,
    0x59, 0x52, 0x3, 0x19, 0x59, 0x30, 0x39, 0x0,
    0x1f, 0x2, 0x1e, 0xa4, 0xb8, 0x20, 0x40, 0x1,
    0x22, 0x14, 0x0, 0x2, 0x21, 0x40, 0x1, 0xc2,
    0x14, 0x0, 0x74, 0x21, 0x40, 0xf, 0x2, 0x4,
    0x2, 0xf0, 0x20, 0x4, 0x1f, 0x2, 0x0, 0x80,
    0xf0, 0x28, 0xc, 0xe, 0x1, 0xa1, 0xc1, 0xc0,
    0x1, 0x9b, 0x90, 0x0,

    /* U+1FAB6 "🪶" */
    0x1a, 0x40, 0x0, 0x0, 0x70, 0x68, 0x0, 0x0,
    0x87, 0x1, 0x80, 0x0, 0x60, 0x5c, 0x24, 0x0,
    0x28, 0x3c, 0x49, 0x0, 0x18, 0x2, 0xd1, 0x40,
    0x7, 0x42, 0xe0, 0x90, 0x1, 0x40, 0x15, 0x20,
    0x0, 0x50, 0xf, 0x1c, 0x0, 0x20, 0x1f, 0x2,
    0x0, 0x8, 0x0, 0x82, 0x0, 0x2, 0x0, 0x52,
    0x0, 0x0, 0x80, 0x22, 0x0, 0x0, 0x2a, 0x1d,
    0x0, 0x0, 0x0, 0xac, 0x0, 0x0, 0x0, 0x9,
    0x0, 0x0, 0x0, 0x0,

    /* U+1FAB7 "🪷" */
    0x0, 0x0, 0x0, 0x0, 0x0, 0xa, 0xa, 0x46,
    0x40, 0x0, 0x8b, 0xdf, 0x44, 0x0, 0x8, 0x57,
    0x20, 0x40, 0x2a, 0xaf, 0xff, 0xde, 0x90, 0x81,
    0xfd, 0xf5, 0x8, 0x8, 0x3b, 0xb, 0xd2, 0x0,
    0x22, 0x30, 0x72, 0x20, 0x2, 0xb0, 0x84, 0x6c,
    0x0, 0x92, 0xfb, 0xbd, 0x24, 0x28, 0x6, 0x3,
    0x1, 0xc0, 0x1a, 0xa0, 0x2a, 0x80, 0x0, 0x1,
    0x48, 0x0, 0x0, 0x0, 0xa, 0x0, 0x0, 0x0,
    0x0, 0x10, 0x0, 0x0,

    /* U+1FAB8 "🪸" */
    0x0, 0x0, 0x20, 0x0, 0x0, 0x1, 0x88, 0x80,
    0x0, 0x0, 0x22, 0x48, 0x0, 0x0, 0x1, 0xa5,
    0xd0, 0x0, 0x0, 0xc, 0x82, 0x2, 0x86, 0x68,
    0x86, 0xc0, 0x24, 0x9a, 0x15, 0x22, 0x81, 0x56,
    0xa2, 0x88, 0x18, 0x72, 0x22, 0x28, 0x42, 0xa8,
    0x81, 0x82, 0x50, 0x21, 0x24, 0x6, 0xc1, 0xa2,
    0x18, 0x0, 0xa, 0x2, 0xb2, 0x0, 0x0, 0xbc,
    0x14, 0x80, 0x0, 0x6, 0x44, 0x24, 0x0, 0x0,
    0x1c, 0x12, 0x90, 0x0, 0x2, 0x0, 0x9, 0x0,
    0x0, 0xa, 0xaa, 0x40, 0x0,

    /* U+1FAB9 "🪹" */
    0x0, 0x10, 0x14, 0x14, 0x0, 0x29, 0x64, 0x1a,
    0x90, 0x3, 0x40, 0x54, 0x1, 0x40, 0x90, 0xbf,
    0xfd, 0x5, 0x38, 0xbf, 0xff, 0xf8, 0x22, 0xf,
    0xff, 0xf9, 0x42, 0x20, 0x2f, 0xfe, 0x0, 0xa0,
    0x89, 0x24, 0x0, 0x29, 0x5, 0x4, 0x1, 0x90,
    0x80, 0xfe, 0x40, 0x4, 0x20, 0x17, 0xe0, 0x5,
    0x49, 0x0, 0x3e, 0xb0, 0xa, 0x0, 0x2, 0x41,
    0xa9, 0x0, 0x0,

    /* U+1FABA "🪺" */
    0x0, 0x24, 0x69, 0x24, 0x0, 0x25, 0x54, 0x1a,
    0x60, 0x3, 0x0, 0x55, 0x0, 0x80, 0x90, 0x9f,
    0xea, 0x6, 0x38, 0xf0, 0x20, 0x38, 0x22, 0x1e,
    0x1, 0x9, 0x42, 0x20, 0x25, 0x6a, 0x0, 0xa0,
    0x89, 0x14, 0x0, 0x15, 0x5, 0x4, 0x1, 0x90,
    0x80, 0xfe, 0x40, 0x4, 0x20, 0x17, 0xe0, 0x5,
    0x49, 0x0, 0x3e, 0xb0, 0xa, 0x0, 0x2, 0x41,
    0xa9, 0x0, 0x0,

    /* U+1FABB "🪻" */
    0x0, 0x0, 0x0, 0xd, 0x0, 0x1, 0xdd, 0x0,
    0x22, 0xe0, 0xf, 0x89, 0x0, 0xf5, 0x19, 0x11,
    0x2e, 0x52, 0xc3, 0xf4, 0x1a, 0x48, 0x0, 0x7f,
    0x34, 0x7, 0xf3, 0x41, 0x15, 0x14, 0x99, 0x15,
    0x82, 0xb, 0x48, 0x8, 0xa2, 0x0, 0x28, 0x80,
    0x0, 0xa0, 0x0,

    /* U+1FABC "🪼" */
    0x0, 0x69, 0x0, 0xa, 0x40, 0xa0, 0x26, 0x0,
    0x8, 0x18, 0x0, 0x5, 0x80, 0x0, 0x2, 0x80,
    0x0, 0x2, 0x52, 0x10, 0x89, 0x1f, 0xfe, 0xe4,
    0x8, 0x88, 0x80, 0x4, 0x52, 0x50, 0x2, 0x22,
    0x20, 0x2, 0x22, 0x20, 0x2, 0x22, 0x20, 0x1,
    0x55, 0x80, 0x1, 0x48, 0x80, 0x0, 0x14, 0x40,
    0x0, 0x0, 0x0,

    /* U+1FABD "🪽" */
    0x0, 0x0, 0x0, 0x6, 0xa0, 0x0, 0x0, 0x6,
    0x90, 0x80, 0x1, 0x6a, 0xc0, 0x9, 0x1, 0xa4,
    0x2, 0x3, 0xe0, 0x24, 0x0, 0xb4, 0x0, 0x22,
    0x0, 0x1, 0x60, 0x2, 0x48, 0x0, 0x1, 0x82,
    0xe0, 0x20, 0x0, 0x34, 0x1, 0x40, 0x80, 0x0,
    0x80, 0x5, 0x0, 0x80, 0x28, 0x7, 0x80, 0x0,
    0x40, 0x60, 0x2, 0x0, 0x2, 0x0, 0x82, 0xa0,
    0x0, 0x5, 0x3, 0x6, 0x40, 0x0, 0x9, 0x8,
    0x2, 0x0, 0x0, 0x2, 0xaa, 0xa0, 0x0, 0x0,

    /* U+1FABF "🪿" */
    0x6, 0x40, 0x0, 0x2, 0x96, 0x0, 0x0, 0x7c,
    0x20, 0x0, 0x0, 0x22, 0x0, 0x0, 0x1, 0x60,
    0x0, 0x0, 0x12, 0x0, 0x0, 0x2, 0x20, 0x0,
    0x0, 0x50, 0xa8, 0x0, 0x8, 0x0, 0x19, 0x40,
    0x88, 0x0, 0x19, 0x5, 0x50, 0x8, 0x80, 0x25,
    0x96, 0x94, 0x0, 0x81, 0x42, 0x0, 0x2, 0x1b,
    0x80, 0x0, 0xe, 0x38, 0x0, 0x2, 0xc3, 0xc0,
    0x0, 0xf4, 0x60, 0x0,

    /* U+1FAC0 "🫀" */
    0x0, 0x4, 0x40, 0x0, 0x15, 0xa0, 0x0, 0xad,
    0xa4, 0xa0, 0x22, 0x8b, 0x85, 0xc, 0x98, 0x3a,
    0x27, 0x32, 0x2e, 0x6, 0xc9, 0xec, 0x20, 0x10,
    0xc2, 0xec, 0x4, 0x20, 0x21, 0x43, 0x8, 0xe,
    0x20, 0xed, 0x7, 0x48, 0x22, 0x0, 0x81, 0x5,
    0xb0, 0x31, 0x0, 0x98, 0x0, 0x80, 0x6, 0x40,
    0x10, 0x0, 0x28, 0x20, 0x0, 0x0, 0x64, 0x0,

    /* U+1FAC1 "🫁" */
    0x0, 0x0, 0x18, 0x0, 0x0, 0x0, 0x0, 0x39,
    0x0, 0x0, 0x0, 0x19, 0x39, 0x24, 0x0, 0x0,
    0xa1, 0x39, 0xc2, 0x40, 0x2, 0x44, 0x7a, 0x84,
    0x80, 0x6, 0x64, 0x63, 0x46, 0x60, 0x8, 0x94,
    0x93, 0x12, 0x84, 0x4, 0x92, 0x40, 0x96, 0x88,
    0x21, 0x50, 0x19, 0x1, 0x55, 0x20, 0x9d, 0x73,
    0x59, 0x82, 0x20, 0xa5, 0x62, 0x86, 0x82, 0x20,
    0x82, 0x22, 0x11, 0x82, 0x21, 0x51, 0x22, 0x11,
    0x82, 0x21, 0x69, 0x20, 0xaa, 0x52, 0x20, 0x0,
    0x50, 0x80, 0x5, 0x9, 0x1, 0x80, 0x80, 0x18,
    0x1, 0xa9, 0x0, 0x1a, 0x90,

    /* U+1FAC2 "🫂" */
    0x0, 0x28, 0x29, 0x0, 0x0, 0x82, 0xc0, 0x80,
    0x2, 0x0, 0x80, 0x50, 0x2, 0x0, 0x20, 0x20,
    0x2, 0x0, 0x20, 0x20, 0x3, 0x0, 0x20, 0x20,
    0x9, 0x80, 0x11, 0xb0, 0x8, 0x60, 0xa7, 0x20,
    0xd, 0x5, 0x5, 0x64, 0x20, 0x80, 0x22, 0x8,
    0x20, 0x24, 0x82, 0x1, 0x50, 0x6, 0x5, 0x2,
    0x40, 0x0, 0x18, 0x2, 0x80, 0x0, 0xa0, 0x2,
    0x80, 0xa, 0x0, 0x2, 0x80, 0x8, 0x0, 0x2,
    0x6a, 0xae, 0xaa, 0xaa,

    /* U+1FAC3 "🫃" */
    0x0, 0x69, 0x0, 0x2, 0xff, 0x80, 0x7, 0xff,
    0xc0, 0xb, 0xff, 0xd0, 0x7, 0xff, 0xd0, 0x3,
    0xff, 0xc0, 0x0, 0xff, 0x0, 0x0, 0x2f, 0x40,
    0x0, 0xbf, 0xe0, 0x1, 0xff, 0xfc, 0x7, 0xff,
    0x7d, 0x1f, 0xfe, 0x1e, 0x3f, 0xfe, 0x3d, 0x3f,
    0xff, 0xf4, 0x3f, 0xff, 0xf0, 0x2f, 0xff, 0xe0,
    0x5, 0x55, 0x0,

    /* U+1FAC4 "🫄" */
    0x0, 0x69, 0x0, 0x2, 0xff, 0x80, 0x7, 0xff,
    0xc0, 0xb, 0xff, 0xd0, 0x7, 0xff, 0xd0, 0x3,
    0xff, 0xc0, 0x0, 0xff, 0x0, 0x0, 0x2f, 0x40,
    0x0, 0xbf, 0xe0, 0x1, 0xff, 0xfc, 0x7, 0xff,
    0x7d, 0x1f, 0xfe, 0x1e, 0x3f, 0xfe, 0x3d, 0x3f,
    0xff, 0xf4, 0x3f, 0xff, 0xf0, 0x2f, 0xff, 0xe0,
    0x5, 0x55, 0x0,

    /* U+1FAC5 "🫅" */
    0x0, 0x1, 0x0, 0x0, 0x8, 0x71, 0x80, 0x30,
    0xda, 0x64, 0xb3, 0xae, 0x17, 0xe9, 0x30, 0x46,
    0x4, 0xa2, 0x5a, 0xaa, 0x58, 0x24, 0x0, 0x1,
    0xc2, 0xea, 0xaa, 0xac, 0x8, 0x0, 0x10, 0x80,
    0x86, 0x6, 0x8, 0x8, 0x0, 0x0, 0x80, 0x82,
    0x4, 0x8, 0x8, 0x6, 0x0, 0x80, 0x80, 0x0,
    0x8, 0x8, 0x0, 0x0, 0x80, 0x24, 0x0, 0x64,
    0x0, 0x1a, 0x94, 0x0,

    /* U+1FACE "🫎" */
    0x0, 0x0, 0x20, 0x40, 0x0, 0x7, 0x3, 0x4d,
    0xd4, 0x1c, 0x34, 0x3f, 0xff, 0xc0, 0xfb, 0xc3,
    0xff, 0xf0, 0x3, 0xff, 0xff, 0xf8, 0x0, 0xb,
    0xff, 0xfd, 0x0, 0x0, 0xf, 0xfc, 0x0, 0x0,
    0x2, 0x7c, 0xa0, 0x0, 0x6, 0x84, 0x1, 0x80,
    0x2, 0x40, 0x0, 0x5, 0x0, 0x54, 0x0, 0x0,
    0x24, 0x8, 0x54, 0x8, 0x0, 0x80, 0x2e, 0x3,
    0x40, 0x2, 0x0, 0xa9, 0x34, 0x0, 0x8, 0x0,
    0x22, 0x80, 0x0, 0x50, 0x0, 0x88, 0x0, 0x6,
    0x0, 0x0, 0x6a, 0xa9, 0x40,

    /* U+1FACF "🫏" */
    0x0, 0x0, 0xa, 0x0, 0x0, 0x0, 0x1, 0x82,
    0x0, 0x0, 0x0, 0xb, 0x14, 0x9, 0x0, 0x0,
    0x6, 0x82, 0xac, 0x0, 0x0, 0x39, 0xa2, 0x80,
    0x0, 0x2, 0x0, 0x20, 0x0, 0x0, 0x20, 0x2,
    0x80, 0x0, 0x7, 0x0, 0x22, 0x0, 0x1, 0xf0,
    0x3, 0xa5, 0x0, 0x2d, 0x0, 0x19, 0x8a, 0x6,
    0x80, 0x1, 0x80, 0xa8, 0x1f, 0x12, 0x88, 0x0,
    0x0, 0x2f, 0xa, 0x20, 0x0, 0x0, 0x2, 0x28,
    0x40, 0x0, 0x0, 0xb, 0xe5, 0x0, 0x0, 0x0,
    0x1d, 0xa0, 0x0, 0x0, 0x0, 0x7, 0x80, 0x0,
    0x0,

    /* U+1FAD0 "🫐" */
    0x0, 0x0, 0x0, 0x0, 0x3, 0xea, 0x80, 0x0,
    0x2, 0xe0, 0x8, 0x0, 0x0, 0x50, 0x0, 0xea,
    0x40, 0x20, 0x0, 0x71, 0x58, 0x8, 0x0, 0x20,
    0xec, 0x82, 0x0, 0x20, 0x31, 0xc4, 0x3a, 0xac,
    0x2, 0xc2, 0x24, 0x81, 0x80, 0x0, 0x94, 0xa4,
    0x14, 0x0, 0x18, 0x97, 0x2, 0x0, 0x22, 0xd,
    0x0, 0xc0, 0x20, 0x80, 0x0, 0x26, 0x90, 0x20,
    0x0, 0x8, 0x0, 0x2, 0x0, 0x8, 0x0, 0x0,
    0x60, 0x19, 0x0, 0x0, 0x1, 0xa4, 0x0, 0x0,
    0x0,

    /* U+1FAD1 "🫑" */
    0x2, 0x40, 0x0, 0x3, 0xf0, 0x0, 0x0, 0x2c,
    0x0, 0x0, 0x1c, 0x0, 0x6, 0xfe, 0xe4, 0x27,
    0xff, 0xe5, 0x80, 0x79, 0x12, 0x86, 0x1, 0x92,
    0x80, 0x0, 0x2, 0x40, 0x10, 0x2, 0x20, 0x20,
    0x5, 0x20, 0x10, 0x8, 0x20, 0x4, 0x8, 0x14,
    0x8, 0x8, 0x8, 0x8, 0x8, 0x9, 0x2c, 0x20,
    0x1, 0x42, 0x80,

    /* U+1FAD2 "🫒" */
    0x4, 0x0, 0x0, 0x0, 0x0, 0xf0, 0x0, 0x0,
    0x14, 0x3, 0xc0, 0x0, 0x1d, 0x80, 0xf, 0x0,
    0x1a, 0x4, 0x0, 0x2f, 0xa9, 0x2, 0x0, 0x15,
    0xfe, 0x6, 0x40, 0x9, 0x3c, 0xff, 0x40, 0x2,
    0x1, 0x5f, 0x9a, 0x0, 0x20, 0x2, 0xf6, 0x49,
    0x4, 0x0, 0xb1, 0x89, 0x24, 0x80, 0xc, 0x2,
    0x18, 0x88, 0x1, 0xc0, 0xc, 0x42, 0x50, 0x98,
    0x0, 0xa4, 0x22, 0xa0, 0x20, 0x8, 0x18, 0x0,
    0x2, 0x0, 0x80, 0x0, 0x0, 0x8, 0x20, 0x0,
    0x0, 0x0, 0x18, 0x0, 0x0,

    /* U+1FAD3 "🫓" */
    0x0, 0x1a, 0xa8, 0x0, 0x1, 0x80, 0x2, 0x80,
    0x9, 0x0, 0x40, 0x20, 0x14, 0x2, 0x0, 0x8,
    0x20, 0x8, 0x4, 0x5, 0x50, 0x20, 0x20, 0x2,
    0x40, 0x80, 0x80, 0x2, 0x81, 0x2, 0x2, 0x2,
    0x80, 0x8, 0x8, 0x2, 0x50, 0x20, 0x20, 0x5,
    0x20, 0x0, 0x80, 0x8, 0x20, 0x1, 0x0, 0x14,
    0x8, 0x0, 0x0, 0x60, 0x2, 0x40, 0x2, 0x80,
    0x0, 0x6a, 0xa8, 0x0, 0x0, 0x0, 0x0, 0x0,

    /* U+1FAD4 "🫔" */
    0x0, 0x1, 0xa, 0x80, 0x0, 0x0, 0x1a, 0x2,
    0x80, 0x0, 0x0, 0xc0, 0x6, 0x40, 0x0, 0x76,
    0x3, 0x88, 0x0, 0x1f, 0xff, 0x80, 0x20, 0x2,
    0x7, 0xc0, 0x32, 0x0, 0x90, 0x3, 0x49, 0x90,
    0x14, 0x0, 0xb, 0xa4, 0x2, 0x0, 0x0, 0x3c,
    0x1, 0xff, 0x40, 0xf, 0x40, 0x3e, 0xef, 0x82,
    0xc0, 0x3, 0xbb, 0xbe, 0x7c, 0x0, 0x2b, 0xff,
    0xfe, 0x40, 0x0, 0xbf, 0xfb, 0x80, 0x0, 0x0,
    0xbf, 0xd0, 0x0, 0x0, 0x0, 0x0, 0x0, 0x0,

    /* U+1FAD5 "🫕" */
    0x0, 0x0, 0x0, 0x0, 0x0, 0x1d, 0x0, 0x0,
    0xd3, 0xc0, 0x1c, 0x0, 0xd, 0x3c, 0x0, 0xa,
    0x56, 0xeb, 0x0, 0x2a, 0xbf, 0x9, 0xb7, 0x2,
    0x1, 0xaf, 0xef, 0xac, 0x6, 0xa4, 0x0, 0x0,
    0x20, 0x0, 0x8, 0x0, 0x0, 0x80, 0x0, 0x20,
    0x0, 0x6, 0x0, 0x0, 0x2e, 0x5a, 0xd0, 0x0,
    0x0, 0x25, 0x56, 0x0, 0x0, 0x0, 0xe7, 0x6c,
    0x0, 0x0, 0xa, 0x15, 0x24, 0x0, 0x0, 0x30,
    0xfc, 0x60, 0x0, 0x0, 0xcf, 0xf8, 0xc0, 0x0,
    0x3, 0xc0, 0x1b, 0x0, 0x0, 0xd, 0x0, 0x28,
    0x0,

    /* U+1FAD6 "🫖" */
    0x0, 0x0, 0x10, 0x0, 0x0, 0x0, 0x1, 0xf0,
    0x0, 0x0, 0x0, 0x2f, 0xe0, 0x0, 0x6, 0x2,
    0x0, 0x14, 0x15, 0x52, 0x5d, 0x45, 0xb0, 0xa6,
    0x26, 0x81, 0x50, 0x54, 0x89, 0x20, 0x80, 0x0,
    0xa2, 0x25, 0x25, 0x0, 0x0, 0x14, 0x49, 0x90,
    0x0, 0x0, 0x50, 0x81, 0x0, 0x0, 0x2, 0x0,
    0xa0, 0x0, 0x0, 0x60, 0x0, 0x20, 0x0, 0x2,
    0x0, 0x0, 0x24, 0x0, 0x60, 0x0, 0x0, 0x1f,
    0xff, 0x0, 0x0, 0x0, 0x5, 0x50, 0x0, 0x0,

    /* U+1FAD7 "🫗" */
    0x9, 0x0, 0x0, 0x0, 0x81, 0xa4, 0x0, 0x1,
    0x0, 0x1a, 0x90, 0x20, 0x0, 0x0, 0xb4, 0x80,
    0x0, 0x2, 0x22, 0x0, 0x0, 0x10, 0x8b, 0x40,
    0x0, 0x82, 0x7, 0xe0, 0x5, 0x8, 0x1, 0xfd,
    0x10, 0x50, 0x0, 0x7f, 0xc2, 0x0, 0x0, 0x1f,
    0xe4, 0x0, 0x0, 0x3, 0x80, 0x0, 0x0, 0x5,
    0x0, 0x0, 0x0, 0x14, 0x0, 0x0, 0x0, 0x50,
    0x0, 0x0, 0x2, 0x40, 0x0, 0x0, 0x5, 0x0,

    /* U+1FAD8 "🫘" */
    0x0, 0x6, 0x40, 0x0, 0x0, 0x2, 0x45, 0x0,
    0x0, 0x1, 0x80, 0x20, 0x0, 0x1, 0x92, 0x2,
    0x4, 0x0, 0x60, 0x80, 0x22, 0x64, 0x8, 0x0,
    0x8, 0x80, 0x80, 0x80, 0x2, 0x48, 0x21, 0x2,
    0x1, 0x80, 0x81, 0x64, 0x6, 0x90, 0x4, 0x4,
    0x80, 0x0, 0x0, 0x20, 0x2, 0x2, 0x90, 0x2,
    0x0, 0x20, 0x80, 0xaa, 0x89, 0x5, 0x4, 0xa,
    0x2, 0x1a, 0x40, 0x80, 0x0, 0x20, 0x0, 0x8,
    0x0, 0x2, 0x0, 0x0, 0x28, 0x1, 0x80, 0x0,
    0x0, 0x1a, 0x90, 0x0, 0x0,

    /* U+1FAD9 "🫙" */
    0x0, 0x55, 0x0, 0x2e, 0x55, 0xb8, 0x25, 0xaa,
    0x98, 0x34, 0x0, 0x1c, 0x25, 0xaa, 0x55, 0x40,
    0x0, 0x2, 0x85, 0x0, 0x2, 0x88, 0x0, 0x2,
    0x88, 0x0, 0x2, 0x88, 0x0, 0x2, 0x84, 0x0,
    0x2, 0x80, 0x0, 0x2, 0x80, 0x0, 0x2, 0x81,
    0xae, 0x82, 0x86, 0xff, 0xd2, 0x24, 0x0, 0x19,
    0x1, 0xaa, 0x50,

    /* U+1FADA "🫚" */
    0x0, 0x0, 0x55, 0x40, 0x0, 0x6, 0x40, 0x60,
    0x2a, 0x88, 0x0, 0x8, 0x90, 0x58, 0x0, 0x68,
    0x9a, 0xca, 0xa5, 0x8, 0xc0, 0x8c, 0x0, 0x41,
    0xea, 0xce, 0x40, 0x81, 0x51, 0xe8, 0x24, 0x68,
    0x28, 0xb0, 0x6, 0x80, 0x18, 0xd8, 0x2, 0x10,
    0xa, 0x8, 0x5, 0xd5, 0x18, 0x4, 0x76, 0xa2,
    0x56, 0x6, 0xaf, 0xa, 0x80, 0x83, 0x20, 0x88,
    0x50, 0x86, 0xb5, 0xf0, 0x24, 0xa4, 0x1, 0x0,
    0x6, 0x80, 0x0, 0x0,

    /* U+1FADB "🫛" */
    0x0, 0x0, 0x0, 0x5, 0x0, 0x0, 0x9, 0x8,
    0x80, 0x0, 0x2, 0xa8, 0x20, 0x0, 0x0, 0x81,
    0x50, 0x0, 0x0, 0x25, 0xc8, 0x0, 0x0, 0x67,
    0xf8, 0x80, 0x0, 0x9b, 0x5e, 0xa0, 0x0, 0xdf,
    0x49, 0xa4, 0x0, 0x9e, 0x92, 0x14, 0x0, 0x9d,
    0x4b, 0x8, 0x0, 0x9f, 0x2, 0x42, 0x0, 0x9f,
    0xc2, 0x42, 0x0, 0x2a, 0x4f, 0x1, 0x40, 0x27,
    0x5a, 0x1, 0x80, 0x9, 0xa4, 0x2, 0x80, 0x2,
    0x40, 0x1a, 0x0, 0x0, 0x1a, 0xa4, 0x0, 0x0,
    0x0,

    /* U+1FAE0 "🫠" */
    0x0, 0x1a, 0x40, 0x0, 0xa, 0x0, 0x60, 0x0,
    0x80, 0x0, 0x20, 0x8, 0x0, 0x0, 0x20, 0x20,
    0xe0, 0x0, 0x11, 0x1, 0x43, 0xc0, 0x88, 0x0,
    0xa, 0x2, 0x20, 0x0, 0x0, 0x8, 0x80, 0x64,
    0x10, 0x21, 0x0, 0x1a, 0x0, 0x84, 0x0, 0x0,
    0x2, 0x10, 0x0, 0x0, 0x8, 0x8a, 0x0, 0xa,
    0x21, 0x68, 0xa, 0x29, 0x81, 0xa, 0x28, 0x84,
    0x0, 0x4, 0x88, 0x0, 0x0, 0x8, 0x0, 0x0,

    /* U+1FAE1 "🫡" */
    0x0, 0x15, 0x90, 0x0, 0x1, 0x88, 0xb4, 0x0,
    0x24, 0x25, 0xb2, 0x80, 0x80, 0x16, 0x90, 0x20,
    0x80, 0x7, 0x40, 0x8, 0x82, 0xa6, 0x0, 0x4,
    0x80, 0x18, 0x5, 0x2, 0x3a, 0xb8, 0xf, 0x2,
    0x50, 0x24, 0xa, 0x2, 0x50, 0x0, 0x0, 0x2,
    0x10, 0x0, 0x0, 0x2, 0x20, 0x0, 0x0, 0x2,
    0x20, 0x6, 0xa4, 0x8, 0x8, 0x0, 0x0, 0x8,
    0x2, 0x0, 0x0, 0x60, 0x0, 0xa0, 0x6, 0x40,
    0x0, 0x6, 0xa4, 0x0,

    /* U+1FAE2 "🫢" */
    0x0, 0x6, 0x90, 0x0, 0x0, 0x24, 0x1, 0x80,
    0x0, 0x60, 0x0, 0x9, 0x0, 0x60, 0x0, 0x0,
    0x50, 0x20, 0x0, 0x0, 0x8, 0x14, 0x8, 0x1,
    0x40, 0x48, 0xb, 0x0, 0xf0, 0x22, 0x0, 0x94,
    0x14, 0x8, 0x80, 0x1a, 0x28, 0x2, 0x20, 0x8,
    0xe2, 0xa0, 0x88, 0x8, 0x6, 0x5c, 0x21, 0x45,
    0x1, 0x26, 0x4, 0x22, 0x0, 0x11, 0x88, 0x2,
    0x80, 0x2, 0x65, 0x0, 0x70, 0x0, 0x2d, 0x0,
    0x5, 0x0, 0x7c, 0x0, 0x0, 0x6a, 0xf0, 0x0,
    0x0,

    /* U+1FAE3 "🫣" */
    0x0, 0x1, 0xa5, 0x0, 0x0, 0x2, 0x40, 0x19,
    0x0, 0x1, 0x80, 0x0, 0x18, 0x0, 0x20, 0x90,
    0x1a, 0xa0, 0x8, 0xb2, 0x2, 0x5a, 0x1, 0x57,
    0x38, 0x32, 0x48, 0x72, 0x21, 0x95, 0x61, 0xd8,
    0xa5, 0x4f, 0x7e, 0x36, 0x48, 0x4, 0x67, 0xc2,
    0x25, 0x0, 0x13, 0x84, 0x2, 0x50, 0x0, 0x60,
    0x0, 0x25, 0x0, 0x9, 0x40, 0x2, 0x20, 0x1,
    0x4c, 0x0, 0x12, 0x0, 0x2a, 0x60, 0x8, 0xa,
    0xa4, 0x0, 0x96, 0x0, 0x6, 0x40, 0x1a, 0x0,
    0x0, 0x1, 0xa9, 0x0, 0x0,

    /* U+1FAE4 "🫤" */
    0x0, 0x6, 0x90, 0x0, 0x0, 0x24, 0x1, 0x80,
    0x0, 0x60, 0x0, 0x9, 0x0, 0x60, 0x0, 0x0,
    0x50, 0x20, 0x0, 0x0, 0x8, 0x14, 0x0, 0x0,
    0x0, 0x48, 0x6, 0x0, 0xa0, 0x22, 0x2, 0xc0,
    0x3c, 0x8, 0x80, 0x10, 0x4, 0x2, 0x20, 0x0,
    0x0, 0x0, 0x88, 0x0, 0x0, 0x60, 0x21, 0x40,
    0x1a, 0x40, 0x4, 0x20, 0x50, 0x0, 0x8, 0x6,
    0x0, 0x0, 0x5, 0x0, 0x60, 0x0, 0x5, 0x0,
    0x2, 0x40, 0x19, 0x0, 0x0, 0x6, 0xa0, 0x0,
    0x0,

    /* U+1FAE5 "🫥" */
    0x0, 0x8, 0x14, 0x0, 0x0, 0x0, 0x0, 0x0,
    0x0, 0x50, 0x0, 0x2, 0x0, 0x10, 0x0, 0x0,
    0x10, 0x0, 0x0, 0x0, 0x0, 0x14, 0x0, 0x0,
    0x0, 0x88, 0x2, 0x40, 0x90, 0x10, 0x0, 0xe0,
    0x38, 0x0, 0x0, 0x10, 0x4, 0x0, 0x20, 0x0,
    0x0, 0x0, 0x18, 0x0, 0x0, 0x0, 0x15, 0x0,
    0x2a, 0x90, 0x4, 0x0, 0x0, 0x0, 0x0, 0x1,
    0x0, 0x0, 0x2, 0x0, 0x90, 0x0, 0x2, 0x0,
    0x0, 0x0, 0x0, 0x0, 0x0, 0x18, 0x18, 0x0,
    0x0,

    /* U+1FAE6 "🫦" */
    0x0, 0x6, 0xa6, 0xa4, 0x0, 0x0, 0x20, 0x4,
    0x6, 0x0, 0x1, 0x80, 0x0, 0x0, 0x80, 0x6,
    0x0, 0x69, 0x40, 0x20, 0x8, 0x1a, 0x40, 0x68,
    0x8, 0x21, 0xf0, 0x0, 0x3, 0x41, 0x20, 0x1a,
    0xfa, 0xff, 0xc2, 0xa, 0x80, 0x20, 0x6e, 0x8,
    0x0, 0x19, 0x4, 0x0, 0x20, 0x0, 0x1, 0xa0,
    0x1, 0x80, 0x0, 0x0, 0x6, 0xa9, 0x0,

    /* U+1FAE7 "🫧" */
    0x0, 0x69, 0x0, 0x0, 0x0, 0x60, 0x18, 0x0,
    0x0, 0x14, 0x85, 0x20, 0x0, 0x2, 0x20, 0x0,
    0x80, 0x0, 0x48, 0x0, 0x8, 0x0, 0x8, 0x40,
    0x0, 0x81, 0xa4, 0x40, 0x0, 0x28, 0x64, 0x55,
    0x0, 0x8, 0x88, 0x42, 0x20, 0x6, 0x64, 0x50,
    0x50, 0x80, 0x49, 0x1, 0xa8, 0x2, 0xaa, 0x4a,
    0x90, 0x0, 0x0, 0x2, 0x42, 0x40, 0x0, 0x0,
    0x54, 0x8, 0x0, 0x0, 0x4, 0x0, 0x80, 0x0,
    0x0, 0x10, 0x68, 0x0, 0x0, 0x2, 0x46, 0x0,
    0x0, 0x0, 0x6, 0x80, 0x0,

    /* U+1FAE8 "🫨" */
    0x0, 0x0, 0x0, 0x50, 0x0, 0x0, 0x2, 0xaa,
    0x95, 0x50, 0x0, 0x18, 0x0, 0x19, 0x50, 0x0,
    0x90, 0x0, 0x2, 0x14, 0x1, 0x40, 0xa, 0x90,
    0x91, 0x2, 0x0, 0xf, 0x90, 0x55, 0x5, 0x0,
    0x7, 0x50, 0x24, 0x14, 0x1b, 0x1, 0x0, 0x24,
    0x18, 0x67, 0x80, 0x0, 0x24, 0x14, 0x1a, 0x81,
    0x0, 0x24, 0x15, 0x14, 0xb, 0xc0, 0x20, 0x52,
    0x0, 0xf, 0xd0, 0x40, 0x19, 0x40, 0x7, 0xc0,
    0x80, 0x15, 0x90, 0x0, 0x2, 0x0, 0x5, 0x18,
    0x0, 0x18, 0x0, 0x1, 0x52, 0xaa, 0x90, 0x0,
    0x0, 0x49, 0x0, 0x0, 0x0, 0x0, 0x0, 0x0,
    0x0, 0x0,

    /* U+1FAF0 "🫰" */
    0x9, 0xa, 0x0, 0x8, 0x68, 0x20, 0x2, 0xd,
    0x8, 0x0, 0x55, 0x8, 0x0, 0xa, 0x5, 0x0,
    0x3, 0x3, 0x0, 0x1, 0x42, 0x64, 0x0, 0x80,
    0x83, 0x80, 0x50, 0x80, 0x48, 0x20, 0x20, 0x83,
    0x88, 0x0, 0x20, 0x96, 0x0, 0x0, 0x45, 0x50,
    0x0, 0x12, 0x9, 0x0, 0x0, 0x80, 0x60, 0x0,
    0x20, 0x2, 0x80, 0x20, 0x0, 0x6, 0xa0, 0x0,

    /* U+1FAF1 "🫱" */
    0x0, 0x0, 0x64, 0x0, 0x0, 0x0, 0x18, 0x80,
    0x0, 0x0, 0x19, 0x14, 0x0, 0x0, 0x19, 0x9,
    0x0, 0x0, 0x5, 0x0, 0xaa, 0xaa, 0x1, 0x40,
    0x0, 0x0, 0x14, 0x20, 0x0, 0x6, 0xab, 0x92,
    0x0, 0x4, 0x0, 0x2, 0x20, 0x0, 0x6, 0xab,
    0x92, 0x0, 0x0, 0x0, 0x14, 0x20, 0x0, 0x6,
    0xba, 0x0, 0x80, 0x0, 0x0, 0x80, 0x1, 0xaa,
    0xaa, 0xa4, 0x0,

    /* U+1FAF2 "🫲" */
    0x0, 0x0, 0xa0, 0x0, 0x0, 0x0, 0x8, 0x90,
    0x0, 0x0, 0x0, 0x81, 0x80, 0x0, 0x0, 0x2,
    0x1, 0x80, 0x2, 0xaa, 0xad, 0x2, 0x40, 0x80,
    0x0, 0x24, 0x8, 0x1f, 0xaa, 0x40, 0x60, 0x22,
    0x0, 0x0, 0x0, 0x2, 0x2b, 0xaa, 0x40, 0x0,
    0x20, 0x80, 0x0, 0x0, 0x2, 0x6, 0xea, 0x40,
    0x0, 0x50, 0x8, 0x0, 0x0, 0x18, 0x0, 0xaa,
    0xaa, 0xa9, 0x0,

    /* U+1FAF3 "🫳" */
    0x0, 0x0, 0x29, 0x0, 0x2a, 0xaa, 0x90, 0xe8,
    0x8, 0x0, 0x2a, 0x83, 0x42, 0x0, 0x1, 0xaa,
    0x58, 0x80, 0x0, 0x54, 0x5, 0x20, 0x0, 0x1,
    0x6f, 0x88, 0x0, 0x0, 0x0, 0x21, 0x80, 0x6a,
    0xaa, 0xa4, 0x18, 0x14, 0x0, 0x0, 0x0, 0x82,
    0x0, 0x0, 0x0, 0x8, 0x80, 0x0, 0x0, 0x2,
    0x20, 0x0, 0x0, 0x0, 0x24, 0x0, 0x0, 0x0,

    /* U+1FAF4 "🫴" */
    0x0, 0x0, 0x80, 0x0, 0x0, 0x0, 0x62, 0x0,
    0x0, 0x0, 0x24, 0x50, 0x0, 0x0, 0x8, 0x18,
    0x0, 0x0, 0x6, 0x6, 0x1, 0xa9, 0x2, 0x0,
    0x6a, 0x9a, 0x34, 0x20, 0x0, 0x1b, 0xfd, 0x62,
    0x0, 0x0, 0x0, 0x1d, 0x20, 0x0, 0x0, 0x0,
    0x22, 0x0, 0x1a, 0xaa, 0xa9, 0x2a, 0xa9, 0x0,
    0x0, 0x0,

    /* U+1FAF5 "🫵" */
    0x0, 0x1, 0x90, 0x0, 0x0, 0x2, 0x46, 0x0,
    0x0, 0x0, 0x89, 0xc0, 0x0, 0x2, 0x80, 0x38,
    0x0, 0x2, 0x2, 0xe, 0x0, 0x0, 0x80, 0x69,
    0x20, 0x0, 0x90, 0x6, 0x2, 0x0, 0x80, 0x0,
    0x20, 0x20, 0x20, 0x0, 0x6, 0x82, 0x18, 0x1,
    0x40, 0xe8, 0x1c, 0x0, 0x24, 0xc, 0xa, 0x2,
    0x1, 0x42, 0x2, 0x80, 0x20, 0x1e, 0xa, 0x8,
    0x2, 0x3, 0x8, 0x0, 0x80, 0x2a, 0xd8, 0x0,
    0xa, 0x2, 0x4, 0x0, 0x0, 0x19, 0x0, 0x0,
    0x0,

    /* U+1FAF6 "🫶" */
    0x0, 0x0, 0x0, 0x0, 0x0, 0x1, 0xa8, 0xa,
    0x80, 0x0, 0x65, 0x58, 0x99, 0x90, 0x9, 0x60,
    0xae, 0x46, 0x60, 0x51, 0x0, 0xb0, 0x0, 0x22,
    0x0, 0xa8, 0xca, 0x80, 0x88, 0x8, 0x1b, 0x81,
    0x42, 0x20, 0x20, 0x0, 0x2, 0x8, 0x80, 0x80,
    0x0, 0x14, 0x22, 0x0, 0x80, 0x1, 0x80, 0x88,
    0x0, 0xa0, 0x24, 0x2, 0x23, 0x40, 0x26, 0x1,
    0x98, 0xa9, 0x68, 0x31, 0x95, 0xa3, 0x40, 0xa,
    0xe4, 0x0, 0xc0, 0x0, 0x0, 0x0, 0x0, 0x0,

    /* U+1FAF7 "🫷" */
    0x5, 0x0, 0x0, 0x0, 0xa8, 0x0, 0x0, 0x2,
    0x90, 0x0, 0x0, 0x16, 0x50, 0x0, 0x0, 0x59,
    0x40, 0x0, 0x0, 0x55, 0x0, 0x0, 0x1, 0x18,
    0x0, 0x0, 0xc, 0x60, 0x0, 0x0, 0x94, 0x10,
    0x0, 0x2, 0x20, 0x80, 0x0, 0x8, 0x81, 0x0,
    0x0, 0x22, 0x2, 0xaa, 0xa4, 0x40, 0x0, 0x0,
    0x1, 0x0, 0x0, 0x0, 0x5, 0x0, 0x0, 0x0,
    0x9, 0x0, 0x0, 0x0, 0x5, 0xa9, 0x6a, 0xa0,

    /* U+1FAF8 "🫸" */
    0x0, 0x0, 0x6, 0x0, 0x0, 0x0, 0x27, 0x0,
    0x0, 0x0, 0xa5, 0x0, 0x0, 0x2, 0x88, 0x0,
    0x0, 0xa, 0x20, 0x0, 0x0, 0x58, 0x80, 0x0,
    0x2, 0x51, 0x0, 0x0, 0x9, 0x28, 0x0, 0x0,
    0x10, 0xa0, 0x0, 0x2, 0x5, 0x40, 0x0, 0x8,
    0x22, 0x1a, 0xaa, 0x80, 0x88, 0x0, 0x0, 0x0,
    0x20, 0x0, 0x0, 0x0, 0x80, 0x0, 0x0, 0x2,
    0x0, 0x0, 0x0, 0x60, 0xaa, 0xa5, 0xa5, 0x0
};


/*---------------------
 *  GLYPH DESCRIPTION
 *--------------------*/

static const lv_font_fmt_txt_glyph_dsc_t glyph_dsc[] = {
    {.bitmap_index = 0, .adv_w = 0, .box_w = 0, .box_h = 0, .ofs_x = 0, .ofs_y = 0} /* id = 0 reserved */,
    {.bitmap_index = 0, .adv_w = 325, .box_w = 17, .box_h = 17, .ofs_x = 2, .ofs_y = -3},
    {.bitmap_index = 73, .adv_w = 325, .box_w = 19, .box_h = 13, .ofs_x = 1, .ofs_y = -1},
    {.bitmap_index = 135, .adv_w = 325, .box_w = 18, .box_h = 17, .ofs_x = 1, .ofs_y = -3},
    {.bitmap_index = 212, .adv_w = 325, .box_w = 14, .box_h = 17, .ofs_x = 3, .ofs_y = -3},
    {.bitmap_index = 272, .adv_w = 325, .box_w = 16, .box_h = 17, .ofs_x = 2, .ofs_y = -3},
    {.bitmap_index = 340, .adv_w = 325, .box_w = 20, .box_h = 17, .ofs_x = 0, .ofs_y = -3},
    {.bitmap_index = 425, .adv_w = 325, .box_w = 17, .box_h = 17, .ofs_x = 2, .ofs_y = -3},
    {.bitmap_index = 498, .adv_w = 325, .box_w = 18, .box_h = 17, .ofs_x = 1, .ofs_y = -3},
    {.bitmap_index = 575, .adv_w = 325, .box_w = 16, .box_h = 17, .ofs_x = 2, .ofs_y = -3},
    {.bitmap_index = 643, .adv_w = 325, .box_w = 17, .box_h = 17, .ofs_x = 2, .ofs_y = -3},
    {.bitmap_index = 716, .adv_w = 325, .box_w = 12, .box_h = 17, .ofs_x = 4, .ofs_y = -3},
    {.bitmap_index = 767, .adv_w = 325, .box_w = 17, .box_h = 17, .ofs_x = 2, .ofs_y = -3},
    {.bitmap_index = 840, .adv_w = 325, .box_w = 17, .box_h = 17, .ofs_x = 2, .ofs_y = -3},
    {.bitmap_index = 913, .adv_w = 325, .box_w = 17, .box_h = 17, .ofs_x = 2, .ofs_y = -3},
    {.bitmap_index = 986, .adv_w = 325, .box_w = 17, .box_h = 17, .ofs_x = 2, .ofs_y = -3},
    {.bitmap_index = 1059, .adv_w = 325, .box_w = 17, .box_h = 17, .ofs_x = 2, .ofs_y = -3},
    {.bitmap_index = 1132, .adv_w = 325, .box_w = 17, .box_h = 17, .ofs_x = 2, .ofs_y = -3},
    {.bitmap_index = 1205, .adv_w = 325, .box_w = 17, .box_h = 17, .ofs_x = 2, .ofs_y = -3},
    {.bitmap_index = 1278, .adv_w = 325, .box_w = 17, .box_h = 17, .ofs_x = 2, .ofs_y = -3},
    {.bitmap_index = 1351, .adv_w = 325, .box_w = 17, .box_h = 17, .ofs_x = 2, .ofs_y = -3},
    {.bitmap_index = 1424, .adv_w = 325, .box_w = 17, .box_h = 17, .ofs_x = 2, .ofs_y = -3},
    {.bitmap_index = 1497, .adv_w = 325, .box_w = 11, .box_h = 17, .ofs_x = 5, .ofs_y = -3},
    {.bitmap_index = 1544, .adv_w = 325, .box_w = 17, .box_h = 17, .ofs_x = 2, .ofs_y = -3},
    {.bitmap_index = 1617, .adv_w = 325, .box_w = 17, .box_h = 17, .ofs_x = 2, .ofs_y = -3},
    {.bitmap_index = 1690, .adv_w = 325, .box_w = 17, .box_h = 17, .ofs_x = 2, .ofs_y = -3},
    {.bitmap_index = 1763, .adv_w = 325, .box_w = 17, .box_h = 17, .ofs_x = 2, .ofs_y = -3},
    {.bitmap_index = 1836, .adv_w = 325, .box_w = 17, .box_h = 17, .ofs_x = 2, .ofs_y = -3},
    {.bitmap_index = 1909, .adv_w = 325, .box_w = 17, .box_h = 17, .ofs_x = 2, .ofs_y = -3},
    {.bitmap_index = 1982, .adv_w = 325, .box_w = 17, .box_h = 17, .ofs_x = 2, .ofs_y = -3},
    {.bitmap_index = 2055, .adv_w = 325, .box_w = 17, .box_h = 17, .ofs_x = 2, .ofs_y = -3},
    {.bitmap_index = 2128, .adv_w = 325, .box_w = 17, .box_h = 17, .ofs_x = 2, .ofs_y = -3},
    {.bitmap_index = 2201, .adv_w = 325, .box_w = 17, .box_h = 17, .ofs_x = 2, .ofs_y = -3},
    {.bitmap_index = 2274, .adv_w = 325, .box_w = 17, .box_h = 17, .ofs_x = 2, .ofs_y = -3},
    {.bitmap_index = 2347, .adv_w = 325, .box_w = 17, .box_h = 17, .ofs_x = 2, .ofs_y = -3},
    {.bitmap_index = 2420, .adv_w = 325, .box_w = 17, .box_h = 17, .ofs_x = 2, .ofs_y = -3},
    {.bitmap_index = 2493, .adv_w = 325, .box_w = 11, .box_h = 17, .ofs_x = 5, .ofs_y = -3},
    {.bitmap_index = 2540, .adv_w = 325, .box_w = 16, .box_h = 17, .ofs_x = 2, .ofs_y = -3},
    {.bitmap_index = 2608, .adv_w = 325, .box_w = 16, .box_h = 17, .ofs_x = 2, .ofs_y = -3},
    {.bitmap_index = 2676, .adv_w = 325, .box_w = 18, .box_h = 17, .ofs_x = 1, .ofs_y = -3},
    {.bitmap_index = 2753, .adv_w = 325, .box_w = 13, .box_h = 17, .ofs_x = 4, .ofs_y = -3},
    {.bitmap_index = 2809, .adv_w = 325, .box_w = 18, .box_h = 17, .ofs_x = 1, .ofs_y = -3},
    {.bitmap_index = 2886, .adv_w = 325, .box_w = 18, .box_h = 17, .ofs_x = 1, .ofs_y = -3},
    {.bitmap_index = 2963, .adv_w = 325, .box_w = 17, .box_h = 17, .ofs_x = 2, .ofs_y = -3},
    {.bitmap_index = 3036, .adv_w = 325, .box_w = 17, .box_h = 17, .ofs_x = 2, .ofs_y = -3},
    {.bitmap_index = 3109, .adv_w = 325, .box_w = 18, .box_h = 17, .ofs_x = 1, .ofs_y = -3},
    {.bitmap_index = 3186, .adv_w = 325, .box_w = 16, .box_h = 17, .ofs_x = 2, .ofs_y = -3},
    {.bitmap_index = 3254, .adv_w = 325, .box_w = 17, .box_h = 17, .ofs_x = 2, .ofs_y = -3},
    {.bitmap_index = 3327, .adv_w = 325, .box_w = 13, .box_h = 17, .ofs_x = 4, .ofs_y = -3},
    {.bitmap_index = 3383, .adv_w = 325, .box_w = 18, .box_h = 17, .ofs_x = 1, .ofs_y = -3},
    {.bitmap_index = 3460, .adv_w = 325, .box_w = 18, .box_h = 17, .ofs_x = 1, .ofs_y = -3},
    {.bitmap_index = 3537, .adv_w = 325, .box_w = 17, .box_h = 17, .ofs_x = 2, .ofs_y = -3},
    {.bitmap_index = 3610, .adv_w = 325, .box_w = 17, .box_h = 17, .ofs_x = 2, .ofs_y = -3},
    {.bitmap_index = 3683, .adv_w = 325, .box_w = 16, .box_h = 17, .ofs_x = 2, .ofs_y = -3},
    {.bitmap_index = 3751, .adv_w = 325, .box_w = 16, .box_h = 17, .ofs_x = 2, .ofs_y = -3},
    {.bitmap_index = 3819, .adv_w = 325, .box_w = 14, .box_h = 17, .ofs_x = 3, .ofs_y = -3},
    {.bitmap_index = 3879, .adv_w = 325, .box_w = 17, .box_h = 17, .ofs_x = 2, .ofs_y = -3},
    {.bitmap_index = 3952, .adv_w = 325, .box_w = 17, .box_h = 17, .ofs_x = 2, .ofs_y = -3},
    {.bitmap_index = 4025, .adv_w = 325, .box_w = 17, .box_h = 17, .ofs_x = 2, .ofs_y = -3},
    {.bitmap_index = 4098, .adv_w = 325, .box_w = 16, .box_h = 17, .ofs_x = 2, .ofs_y = -3},
    {.bitmap_index = 4166, .adv_w = 325, .box_w = 11, .box_h = 17, .ofs_x = 5, .ofs_y = -3},
    {.bitmap_index = 4213, .adv_w = 325, .box_w = 17, .box_h = 17, .ofs_x = 2, .ofs_y = -3},
    {.bitmap_index = 4286, .adv_w = 325, .box_w = 17, .box_h = 17, .ofs_x = 2, .ofs_y = -3},
    {.bitmap_index = 4359, .adv_w = 325, .box_w = 14, .box_h = 17, .ofs_x = 3, .ofs_y = -3},
    {.bitmap_index = 4419, .adv_w = 325, .box_w = 20, .box_h = 15, .ofs_x = 0, .ofs_y = -2},
    {.bitmap_index = 4494, .adv_w = 325, .box_w = 18, .box_h = 17, .ofs_x = 1, .ofs_y = -3},
    {.bitmap_index = 4571, .adv_w = 325, .box_w = 17, .box_h = 17, .ofs_x = 2, .ofs_y = -3},
    {.bitmap_index = 4644, .adv_w = 325, .box_w = 16, .box_h = 17, .ofs_x = 2, .ofs_y = -3},
    {.bitmap_index = 4712, .adv_w = 325, .box_w = 17, .box_h = 17, .ofs_x = 2, .ofs_y = -3},
    {.bitmap_index = 4785, .adv_w = 325, .box_w = 14, .box_h = 17, .ofs_x = 3, .ofs_y = -3},
    {.bitmap_index = 4845, .adv_w = 325, .box_w = 17, .box_h = 17, .ofs_x = 2, .ofs_y = -3},
    {.bitmap_index = 4918, .adv_w = 325, .box_w = 20, .box_h = 17, .ofs_x = 0, .ofs_y = -3},
    {.bitmap_index = 5003, .adv_w = 325, .box_w = 14, .box_h = 17, .ofs_x = 3, .ofs_y = -3},
    {.bitmap_index = 5063, .adv_w = 325, .box_w = 20, .box_h = 17, .ofs_x = 0, .ofs_y = -3},
    {.bitmap_index = 5148, .adv_w = 325, .box_w = 19, .box_h = 17, .ofs_x = 1, .ofs_y = -3},
    {.bitmap_index = 5229, .adv_w = 325, .box_w = 14, .box_h = 17, .ofs_x = 3, .ofs_y = -3},
    {.bitmap_index = 5289, .adv_w = 325, .box_w = 16, .box_h = 17, .ofs_x = 2, .ofs_y = -3},
    {.bitmap_index = 5357, .adv_w = 325, .box_w = 19, .box_h = 17, .ofs_x = 1, .ofs_y = -3},
    {.bitmap_index = 5438, .adv_w = 325, .box_w = 15, .box_h = 17, .ofs_x = 3, .ofs_y = -3},
    {.bitmap_index = 5502, .adv_w = 325, .box_w = 17, .box_h = 17, .ofs_x = 2, .ofs_y = -3},
    {.bitmap_index = 5575, .adv_w = 325, .box_w = 18, .box_h = 17, .ofs_x = 1, .ofs_y = -3},
    {.bitmap_index = 5652, .adv_w = 325, .box_w = 16, .box_h = 17, .ofs_x = 2, .ofs_y = -3},
    {.bitmap_index = 5720, .adv_w = 325, .box_w = 20, .box_h = 15, .ofs_x = 0, .ofs_y = -2},
    {.bitmap_index = 5795, .adv_w = 325, .box_w = 17, .box_h = 17, .ofs_x = 2, .ofs_y = -3},
    {.bitmap_index = 5868, .adv_w = 325, .box_w = 16, .box_h = 17, .ofs_x = 2, .ofs_y = -3},
    {.bitmap_index = 5936, .adv_w = 325, .box_w = 17, .box_h = 17, .ofs_x = 2, .ofs_y = -3},
    {.bitmap_index = 6009, .adv_w = 325, .box_w = 17, .box_h = 17, .ofs_x = 2, .ofs_y = -3},
    {.bitmap_index = 6082, .adv_w = 325, .box_w = 18, .box_h = 13, .ofs_x = 1, .ofs_y = -1},
    {.bitmap_index = 6141, .adv_w = 325, .box_w = 16, .box_h = 17, .ofs_x = 2, .ofs_y = -3},
    {.bitmap_index = 6209, .adv_w = 325, .box_w = 14, .box_h = 17, .ofs_x = 3, .ofs_y = -3},
    {.bitmap_index = 6269, .adv_w = 325, .box_w = 12, .box_h = 17, .ofs_x = 4, .ofs_y = -3},
    {.bitmap_index = 6320, .adv_w = 325, .box_w = 16, .box_h = 17, .ofs_x = 2, .ofs_y = -3},
    {.bitmap_index = 6388, .adv_w = 325, .box_w = 18, .box_h = 17, .ofs_x = 1, .ofs_y = -3},
    {.bitmap_index = 6465, .adv_w = 325, .box_w = 17, .box_h = 17, .ofs_x = 2, .ofs_y = -3},
    {.bitmap_index = 6538, .adv_w = 325, .box_w = 18, .box_h = 17, .ofs_x = 1, .ofs_y = -3},
    {.bitmap_index = 6615, .adv_w = 325, .box_w = 16, .box_h = 17, .ofs_x = 2, .ofs_y = -3},
    {.bitmap_index = 6683, .adv_w = 325, .box_w = 17, .box_h = 17, .ofs_x = 2, .ofs_y = -3},
    {.bitmap_index = 6756, .adv_w = 325, .box_w = 17, .box_h = 17, .ofs_x = 2, .ofs_y = -3},
    {.bitmap_index = 6829, .adv_w = 325, .box_w = 20, .box_h = 17, .ofs_x = 0, .ofs_y = -3},
    {.bitmap_index = 6914, .adv_w = 325, .box_w = 16, .box_h = 17, .ofs_x = 2, .ofs_y = -3},
    {.bitmap_index = 6982, .adv_w = 325, .box_w = 17, .box_h = 17, .ofs_x = 2, .ofs_y = -3},
    {.bitmap_index = 7055, .adv_w = 325, .box_w = 16, .box_h = 17, .ofs_x = 2, .ofs_y = -3},
    {.bitmap_index = 7123, .adv_w = 325, .box_w = 17, .box_h = 17, .ofs_x = 2, .ofs_y = -3},
    {.bitmap_index = 7196, .adv_w = 325, .box_w = 17, .box_h = 17, .ofs_x = 2, .ofs_y = -3},
    {.bitmap_index = 7269, .adv_w = 325, .box_w = 17, .box_h = 17, .ofs_x = 2, .ofs_y = -3},
    {.bitmap_index = 7342, .adv_w = 325, .box_w = 10, .box_h = 17, .ofs_x = 5, .ofs_y = -3},
    {.bitmap_index = 7385, .adv_w = 325, .box_w = 10, .box_h = 17, .ofs_x = 5, .ofs_y = -3},
    {.bitmap_index = 7428, .adv_w = 325, .box_w = 5, .box_h = 17, .ofs_x = 8, .ofs_y = -3},
    {.bitmap_index = 7450, .adv_w = 325, .box_w = 4, .box_h = 17, .ofs_x = 8, .ofs_y = -3},
    {.bitmap_index = 7467, .adv_w = 325, .box_w = 14, .box_h = 17, .ofs_x = 3, .ofs_y = -3},
    {.bitmap_index = 7527, .adv_w = 325, .box_w = 18, .box_h = 17, .ofs_x = 1, .ofs_y = -3},
    {.bitmap_index = 7604, .adv_w = 325, .box_w = 16, .box_h = 17, .ofs_x = 2, .ofs_y = -3},
    {.bitmap_index = 7672, .adv_w = 325, .box_w = 16, .box_h = 5, .ofs_x = 2, .ofs_y = 3},
    {.bitmap_index = 7692, .adv_w = 325, .box_w = 16, .box_h = 17, .ofs_x = 2, .ofs_y = -3},
    {.bitmap_index = 7760, .adv_w = 325, .box_w = 17, .box_h = 17, .ofs_x = 2, .ofs_y = -3},
    {.bitmap_index = 7833, .adv_w = 325, .box_w = 16, .box_h = 13, .ofs_x = 2, .ofs_y = -1},
    {.bitmap_index = 7885, .adv_w = 325, .box_w = 19, .box_h = 13, .ofs_x = 1, .ofs_y = -1},
    {.bitmap_index = 7947, .adv_w = 325, .box_w = 16, .box_h = 17, .ofs_x = 2, .ofs_y = -3},
    {.bitmap_index = 8015, .adv_w = 325, .box_w = 17, .box_h = 17, .ofs_x = 2, .ofs_y = -3},
    {.bitmap_index = 8088, .adv_w = 325, .box_w = 17, .box_h = 17, .ofs_x = 2, .ofs_y = -3},
    {.bitmap_index = 8161, .adv_w = 325, .box_w = 18, .box_h = 17, .ofs_x = 1, .ofs_y = -3},
    {.bitmap_index = 8238, .adv_w = 325, .box_w = 17, .box_h = 17, .ofs_x = 2, .ofs_y = -3},
    {.bitmap_index = 8311, .adv_w = 325, .box_w = 17, .box_h = 17, .ofs_x = 2, .ofs_y = -3},
    {.bitmap_index = 8384, .adv_w = 325, .box_w = 18, .box_h = 17, .ofs_x = 1, .ofs_y = -3},
    {.bitmap_index = 8461, .adv_w = 325, .box_w = 18, .box_h = 16, .ofs_x = 1, .ofs_y = -3},
    {.bitmap_index = 8533, .adv_w = 325, .box_w = 18, .box_h = 17, .ofs_x = 1, .ofs_y = -3},
    {.bitmap_index = 8610, .adv_w = 325, .box_w = 17, .box_h = 17, .ofs_x = 2, .ofs_y = -3},
    {.bitmap_index = 8683, .adv_w = 325, .box_w = 18, .box_h = 17, .ofs_x = 1, .ofs_y = -3},
    {.bitmap_index = 8760, .adv_w = 325, .box_w = 16, .box_h = 17, .ofs_x = 2, .ofs_y = -3},
    {.bitmap_index = 8828, .adv_w = 325, .box_w = 17, .box_h = 17, .ofs_x = 2, .ofs_y = -3},
    {.bitmap_index = 8901, .adv_w = 325, .box_w = 17, .box_h = 17, .ofs_x = 2, .ofs_y = -3},
    {.bitmap_index = 8974, .adv_w = 325, .box_w = 17, .box_h = 17, .ofs_x = 2, .ofs_y = -3},
    {.bitmap_index = 9047, .adv_w = 325, .box_w = 17, .box_h = 17, .ofs_x = 2, .ofs_y = -3},
    {.bitmap_index = 9120, .adv_w = 325, .box_w = 17, .box_h = 17, .ofs_x = 2, .ofs_y = -3},
    {.bitmap_index = 9193, .adv_w = 325, .box_w = 17, .box_h = 17, .ofs_x = 2, .ofs_y = -3},
    {.bitmap_index = 9266, .adv_w = 325, .box_w = 16, .box_h = 17, .ofs_x = 2, .ofs_y = -3},
    {.bitmap_index = 9334, .adv_w = 325, .box_w = 16, .box_h = 17, .ofs_x = 2, .ofs_y = -3},
    {.bitmap_index = 9402, .adv_w = 325, .box_w = 16, .box_h = 17, .ofs_x = 2, .ofs_y = -3},
    {.bitmap_index = 9470, .adv_w = 325, .box_w = 16, .box_h = 17, .ofs_x = 2, .ofs_y = -3},
    {.bitmap_index = 9538, .adv_w = 325, .box_w = 17, .box_h = 17, .ofs_x = 2, .ofs_y = -3},
    {.bitmap_index = 9611, .adv_w = 325, .box_w = 17, .box_h = 17, .ofs_x = 2, .ofs_y = -3},
    {.bitmap_index = 9684, .adv_w = 325, .box_w = 17, .box_h = 17, .ofs_x = 2, .ofs_y = -3},
    {.bitmap_index = 9757, .adv_w = 325, .box_w = 18, .box_h = 17, .ofs_x = 1, .ofs_y = -3},
    {.bitmap_index = 9834, .adv_w = 325, .box_w = 16, .box_h = 17, .ofs_x = 2, .ofs_y = -3},
    {.bitmap_index = 9902, .adv_w = 325, .box_w = 16, .box_h = 17, .ofs_x = 2, .ofs_y = -3},
    {.bitmap_index = 9970, .adv_w = 325, .box_w = 16, .box_h = 17, .ofs_x = 2, .ofs_y = -3},
    {.bitmap_index = 10038, .adv_w = 325, .box_w = 16, .box_h = 17, .ofs_x = 2, .ofs_y = -3},
    {.bitmap_index = 10106, .adv_w = 325, .box_w = 18, .box_h = 17, .ofs_x = 1, .ofs_y = -3},
    {.bitmap_index = 10183, .adv_w = 325, .box_w = 16, .box_h = 17, .ofs_x = 2, .ofs_y = -3},
    {.bitmap_index = 10251, .adv_w = 325, .box_w = 17, .box_h = 17, .ofs_x = 2, .ofs_y = -3},
    {.bitmap_index = 10324, .adv_w = 325, .box_w = 8, .box_h = 17, .ofs_x = 6, .ofs_y = -3},
    {.bitmap_index = 10358, .adv_w = 325, .box_w = 19, .box_h = 15, .ofs_x = 1, .ofs_y = -2},
    {.bitmap_index = 10430, .adv_w = 325, .box_w = 18, .box_h = 14, .ofs_x = 1, .ofs_y = -1},
    {.bitmap_index = 10493, .adv_w = 325, .box_w = 14, .box_h = 17, .ofs_x = 3, .ofs_y = -3},
    {.bitmap_index = 10553, .adv_w = 325, .box_w = 18, .box_h = 17, .ofs_x = 1, .ofs_y = -3},
    {.bitmap_index = 10630, .adv_w = 325, .box_w = 18, .box_h = 17, .ofs_x = 1, .ofs_y = -3},
    {.bitmap_index = 10707, .adv_w = 325, .box_w = 17, .box_h = 16, .ofs_x = 2, .ofs_y = -3},
    {.bitmap_index = 10775, .adv_w = 325, .box_w = 16, .box_h = 17, .ofs_x = 2, .ofs_y = -3},
    {.bitmap_index = 10843, .adv_w = 325, .box_w = 17, .box_h = 17, .ofs_x = 2, .ofs_y = -3},
    {.bitmap_index = 10916, .adv_w = 325, .box_w = 20, .box_h = 17, .ofs_x = 0, .ofs_y = -3},
    {.bitmap_index = 11001, .adv_w = 325, .box_w = 19, .box_h = 16, .ofs_x = 1, .ofs_y = -3},
    {.bitmap_index = 11077, .adv_w = 325, .box_w = 19, .box_h = 16, .ofs_x = 1, .ofs_y = -3},
    {.bitmap_index = 11153, .adv_w = 325, .box_w = 16, .box_h = 17, .ofs_x = 2, .ofs_y = -3},
    {.bitmap_index = 11221, .adv_w = 325, .box_w = 18, .box_h = 17, .ofs_x = 1, .ofs_y = -3},
    {.bitmap_index = 11298, .adv_w = 325, .box_w = 18, .box_h = 17, .ofs_x = 1, .ofs_y = -3},
    {.bitmap_index = 11375, .adv_w = 325, .box_w = 16, .box_h = 17, .ofs_x = 2, .ofs_y = -3},
    {.bitmap_index = 11443, .adv_w = 325, .box_w = 15, .box_h = 17, .ofs_x = 3, .ofs_y = -3},
    {.bitmap_index = 11507, .adv_w = 325, .box_w = 14, .box_h = 17, .ofs_x = 3, .ofs_y = -3},
    {.bitmap_index = 11567, .adv_w = 325, .box_w = 16, .box_h = 17, .ofs_x = 2, .ofs_y = -3},
    {.bitmap_index = 11635, .adv_w = 325, .box_w = 18, .box_h = 17, .ofs_x = 1, .ofs_y = -3},
    {.bitmap_index = 11712, .adv_w = 325, .box_w = 12, .box_h = 17, .ofs_x = 4, .ofs_y = -3},
    {.bitmap_index = 11763, .adv_w = 325, .box_w = 18, .box_h = 17, .ofs_x = 1, .ofs_y = -3},
    {.bitmap_index = 11840, .adv_w = 325, .box_w = 12, .box_h = 17, .ofs_x = 4, .ofs_y = -3},
    {.bitmap_index = 11891, .adv_w = 325, .box_w = 18, .box_h = 17, .ofs_x = 1, .ofs_y = -3},
    {.bitmap_index = 11968, .adv_w = 325, .box_w = 14, .box_h = 17, .ofs_x = 3, .ofs_y = -3},
    {.bitmap_index = 12028, .adv_w = 325, .box_w = 18, .box_h = 17, .ofs_x = 1, .ofs_y = -3},
    {.bitmap_index = 12105, .adv_w = 325, .box_w = 17, .box_h = 17, .ofs_x = 2, .ofs_y = -3},
    {.bitmap_index = 12178, .adv_w = 325, .box_w = 19, .box_h = 17, .ofs_x = 1, .ofs_y = -3},
    {.bitmap_index = 12259, .adv_w = 325, .box_w = 18, .box_h = 17, .ofs_x = 1, .ofs_y = -3},
    {.bitmap_index = 12336, .adv_w = 325, .box_w = 14, .box_h = 17, .ofs_x = 3, .ofs_y = -3},
    {.bitmap_index = 12396, .adv_w = 325, .box_w = 16, .box_h = 17, .ofs_x = 2, .ofs_y = -3},
    {.bitmap_index = 12464, .adv_w = 325, .box_w = 19, .box_h = 17, .ofs_x = 1, .ofs_y = -3},
    {.bitmap_index = 12545, .adv_w = 325, .box_w = 12, .box_h = 17, .ofs_x = 4, .ofs_y = -3},
    {.bitmap_index = 12596, .adv_w = 325, .box_w = 16, .box_h = 17, .ofs_x = 2, .ofs_y = -3},
    {.bitmap_index = 12664, .adv_w = 325, .box_w = 18, .box_h = 17, .ofs_x = 1, .ofs_y = -3},
    {.bitmap_index = 12741, .adv_w = 325, .box_w = 18, .box_h = 17, .ofs_x = 1, .ofs_y = -3},
    {.bitmap_index = 12818, .adv_w = 325, .box_w = 15, .box_h = 17, .ofs_x = 3, .ofs_y = -3},
    {.bitmap_index = 12882, .adv_w = 325, .box_w = 15, .box_h = 17, .ofs_x = 3, .ofs_y = -3},
    {.bitmap_index = 12946, .adv_w = 325, .box_w = 18, .box_h = 15, .ofs_x = 1, .ofs_y = -2},
    {.bitmap_index = 13014, .adv_w = 325, .box_w = 17, .box_h = 17, .ofs_x = 2, .ofs_y = -3},
    {.bitmap_index = 13087, .adv_w = 325, .box_w = 18, .box_h = 16, .ofs_x = 1, .ofs_y = -2},
    {.bitmap_index = 13159, .adv_w = 325, .box_w = 15, .box_h = 17, .ofs_x = 3, .ofs_y = -3},
    {.bitmap_index = 13223, .adv_w = 325, .box_w = 10, .box_h = 17, .ofs_x = 5, .ofs_y = -3},
    {.bitmap_index = 13266, .adv_w = 325, .box_w = 16, .box_h = 17, .ofs_x = 2, .ofs_y = -3},
    {.bitmap_index = 13334, .adv_w = 325, .box_w = 16, .box_h = 17, .ofs_x = 2, .ofs_y = -3},
    {.bitmap_index = 13402, .adv_w = 325, .box_w = 12, .box_h = 17, .ofs_x = 4, .ofs_y = -3},
    {.bitmap_index = 13453, .adv_w = 325, .box_w = 18, .box_h = 17, .ofs_x = 1, .ofs_y = -3},
    {.bitmap_index = 13530, .adv_w = 325, .box_w = 13, .box_h = 17, .ofs_x = 4, .ofs_y = -3},
    {.bitmap_index = 13586, .adv_w = 325, .box_w = 16, .box_h = 17, .ofs_x = 2, .ofs_y = -3},
    {.bitmap_index = 13654, .adv_w = 325, .box_w = 16, .box_h = 17, .ofs_x = 2, .ofs_y = -3},
    {.bitmap_index = 13722, .adv_w = 325, .box_w = 14, .box_h = 17, .ofs_x = 3, .ofs_y = -3},
    {.bitmap_index = 13782, .adv_w = 325, .box_w = 16, .box_h = 17, .ofs_x = 2, .ofs_y = -3},
    {.bitmap_index = 13850, .adv_w = 325, .box_w = 16, .box_h = 17, .ofs_x = 2, .ofs_y = -3},
    {.bitmap_index = 13918, .adv_w = 325, .box_w = 16, .box_h = 16, .ofs_x = 2, .ofs_y = -3},
    {.bitmap_index = 13982, .adv_w = 325, .box_w = 18, .box_h = 16, .ofs_x = 1, .ofs_y = -3},
    {.bitmap_index = 14054, .adv_w = 325, .box_w = 17, .box_h = 17, .ofs_x = 2, .ofs_y = -3},
    {.bitmap_index = 14127, .adv_w = 325, .box_w = 19, .box_h = 17, .ofs_x = 1, .ofs_y = -3},
    {.bitmap_index = 14208, .adv_w = 325, .box_w = 18, .box_h = 17, .ofs_x = 1, .ofs_y = -3},
    {.bitmap_index = 14285, .adv_w = 325, .box_w = 17, .box_h = 17, .ofs_x = 2, .ofs_y = -3},
    {.bitmap_index = 14358, .adv_w = 325, .box_w = 17, .box_h = 17, .ofs_x = 2, .ofs_y = -3},
    {.bitmap_index = 14431, .adv_w = 325, .box_w = 14, .box_h = 17, .ofs_x = 3, .ofs_y = -3},
    {.bitmap_index = 14491, .adv_w = 325, .box_w = 16, .box_h = 17, .ofs_x = 2, .ofs_y = -3},
    {.bitmap_index = 14559, .adv_w = 325, .box_w = 18, .box_h = 17, .ofs_x = 1, .ofs_y = -3},
    {.bitmap_index = 14636, .adv_w = 325, .box_w = 17, .box_h = 17, .ofs_x = 2, .ofs_y = -3},
    {.bitmap_index = 14709, .adv_w = 325, .box_w = 16, .box_h = 17, .ofs_x = 2, .ofs_y = -3},
    {.bitmap_index = 14777, .adv_w = 325, .box_w = 20, .box_h = 17, .ofs_x = 0, .ofs_y = -3},
    {.bitmap_index = 14862, .adv_w = 325, .box_w = 17, .box_h = 17, .ofs_x = 2, .ofs_y = -3},
    {.bitmap_index = 14935, .adv_w = 325, .box_w = 10, .box_h = 17, .ofs_x = 5, .ofs_y = -3},
    {.bitmap_index = 14978, .adv_w = 325, .box_w = 17, .box_h = 17, .ofs_x = 2, .ofs_y = -3},
    {.bitmap_index = 15051, .adv_w = 325, .box_w = 13, .box_h = 17, .ofs_x = 4, .ofs_y = -3},
    {.bitmap_index = 15107, .adv_w = 325, .box_w = 19, .box_h = 15, .ofs_x = 1, .ofs_y = -2},
    {.bitmap_index = 15179, .adv_w = 325, .box_w = 17, .box_h = 17, .ofs_x = 2, .ofs_y = -3},
    {.bitmap_index = 15252, .adv_w = 325, .box_w = 17, .box_h = 17, .ofs_x = 2, .ofs_y = -3},
    {.bitmap_index = 15325, .adv_w = 325, .box_w = 18, .box_h = 17, .ofs_x = 1, .ofs_y = -3},
    {.bitmap_index = 15402, .adv_w = 325, .box_w = 17, .box_h = 17, .ofs_x = 2, .ofs_y = -3},
    {.bitmap_index = 15475, .adv_w = 325, .box_w = 19, .box_h = 17, .ofs_x = 1, .ofs_y = -3},
    {.bitmap_index = 15556, .adv_w = 325, .box_w = 13, .box_h = 17, .ofs_x = 4, .ofs_y = -3},
    {.bitmap_index = 15612, .adv_w = 325, .box_w = 16, .box_h = 17, .ofs_x = 2, .ofs_y = -3},
    {.bitmap_index = 15680, .adv_w = 325, .box_w = 18, .box_h = 15, .ofs_x = 1, .ofs_y = -2},
    {.bitmap_index = 15748, .adv_w = 325, .box_w = 20, .box_h = 17, .ofs_x = 0, .ofs_y = -3},
    {.bitmap_index = 15833, .adv_w = 325, .box_w = 14, .box_h = 17, .ofs_x = 3, .ofs_y = -3},
    {.bitmap_index = 15893, .adv_w = 325, .box_w = 9, .box_h = 17, .ofs_x = 6, .ofs_y = -3},
    {.bitmap_index = 15932, .adv_w = 325, .box_w = 10, .box_h = 17, .ofs_x = 5, .ofs_y = -3},
    {.bitmap_index = 15975, .adv_w = 325, .box_w = 12, .box_h = 17, .ofs_x = 4, .ofs_y = -3},
    {.bitmap_index = 16026, .adv_w = 325, .box_w = 9, .box_h = 17, .ofs_x = 6, .ofs_y = -3},
    {.bitmap_index = 16065, .adv_w = 325, .box_w = 14, .box_h = 17, .ofs_x = 3, .ofs_y = -3},
    {.bitmap_index = 16125, .adv_w = 325, .box_w = 11, .box_h = 17, .ofs_x = 5, .ofs_y = -3},
    {.bitmap_index = 16172, .adv_w = 325, .box_w = 14, .box_h = 17, .ofs_x = 3, .ofs_y = -3},
    {.bitmap_index = 16232, .adv_w = 325, .box_w = 19, .box_h = 17, .ofs_x = 1, .ofs_y = -3},
    {.bitmap_index = 16313, .adv_w = 325, .box_w = 17, .box_h = 17, .ofs_x = 2, .ofs_y = -3},
    {.bitmap_index = 16386, .adv_w = 325, .box_w = 20, .box_h = 17, .ofs_x = 0, .ofs_y = -3},
    {.bitmap_index = 16471, .adv_w = 325, .box_w = 16, .box_h = 17, .ofs_x = 2, .ofs_y = -3},
    {.bitmap_index = 16539, .adv_w = 325, .box_w = 14, .box_h = 17, .ofs_x = 3, .ofs_y = -3},
    {.bitmap_index = 16599, .adv_w = 325, .box_w = 18, .box_h = 17, .ofs_x = 1, .ofs_y = -3},
    {.bitmap_index = 16676, .adv_w = 325, .box_w = 16, .box_h = 17, .ofs_x = 2, .ofs_y = -3},
    {.bitmap_index = 16744, .adv_w = 325, .box_w = 14, .box_h = 17, .ofs_x = 3, .ofs_y = -3},
    {.bitmap_index = 16804, .adv_w = 325, .box_w = 17, .box_h = 17, .ofs_x = 2, .ofs_y = -3},
    {.bitmap_index = 16877, .adv_w = 325, .box_w = 16, .box_h = 17, .ofs_x = 2, .ofs_y = -3},
    {.bitmap_index = 16945, .adv_w = 325, .box_w = 14, .box_h = 17, .ofs_x = 3, .ofs_y = -3},
    {.bitmap_index = 17005, .adv_w = 325, .box_w = 17, .box_h = 17, .ofs_x = 2, .ofs_y = -3},
    {.bitmap_index = 17078, .adv_w = 325, .box_w = 17, .box_h = 17, .ofs_x = 2, .ofs_y = -3},
    {.bitmap_index = 17151, .adv_w = 325, .box_w = 11, .box_h = 17, .ofs_x = 5, .ofs_y = -3},
    {.bitmap_index = 17198, .adv_w = 325, .box_w = 16, .box_h = 17, .ofs_x = 2, .ofs_y = -3},
    {.bitmap_index = 17266, .adv_w = 325, .box_w = 16, .box_h = 17, .ofs_x = 2, .ofs_y = -3},
    {.bitmap_index = 17334, .adv_w = 325, .box_w = 18, .box_h = 17, .ofs_x = 1, .ofs_y = -3},
    {.bitmap_index = 17411, .adv_w = 325, .box_w = 20, .box_h = 17, .ofs_x = 0, .ofs_y = -3},
    {.bitmap_index = 17496, .adv_w = 325, .box_w = 11, .box_h = 17, .ofs_x = 5, .ofs_y = -3},
    {.bitmap_index = 17543, .adv_w = 325, .box_w = 19, .box_h = 17, .ofs_x = 1, .ofs_y = -3},
    {.bitmap_index = 17624, .adv_w = 325, .box_w = 19, .box_h = 17, .ofs_x = 1, .ofs_y = -3},
    {.bitmap_index = 17705, .adv_w = 325, .box_w = 14, .box_h = 17, .ofs_x = 3, .ofs_y = -3},
    {.bitmap_index = 17765, .adv_w = 325, .box_w = 17, .box_h = 17, .ofs_x = 2, .ofs_y = -3},
    {.bitmap_index = 17838, .adv_w = 325, .box_w = 17, .box_h = 17, .ofs_x = 2, .ofs_y = -3},
    {.bitmap_index = 17911, .adv_w = 325, .box_w = 20, .box_h = 17, .ofs_x = 0, .ofs_y = -3},
    {.bitmap_index = 17996, .adv_w = 325, .box_w = 11, .box_h = 17, .ofs_x = 5, .ofs_y = -3},
    {.bitmap_index = 18043, .adv_w = 325, .box_w = 14, .box_h = 17, .ofs_x = 3, .ofs_y = -3},
    {.bitmap_index = 18103, .adv_w = 325, .box_w = 11, .box_h = 17, .ofs_x = 5, .ofs_y = -3},
    {.bitmap_index = 18150, .adv_w = 325, .box_w = 12, .box_h = 17, .ofs_x = 4, .ofs_y = -3},
    {.bitmap_index = 18201, .adv_w = 325, .box_w = 17, .box_h = 17, .ofs_x = 2, .ofs_y = -3},
    {.bitmap_index = 18274, .adv_w = 325, .box_w = 16, .box_h = 13, .ofs_x = 2, .ofs_y = -1},
    {.bitmap_index = 18326, .adv_w = 325, .box_w = 18, .box_h = 11, .ofs_x = 1, .ofs_y = 0},
    {.bitmap_index = 18376, .adv_w = 325, .box_w = 17, .box_h = 17, .ofs_x = 2, .ofs_y = -3},
    {.bitmap_index = 18449, .adv_w = 325, .box_w = 16, .box_h = 17, .ofs_x = 2, .ofs_y = -3},
    {.bitmap_index = 18517, .adv_w = 325, .box_w = 18, .box_h = 17, .ofs_x = 1, .ofs_y = -3},
    {.bitmap_index = 18594, .adv_w = 325, .box_w = 17, .box_h = 17, .ofs_x = 2, .ofs_y = -3},
    {.bitmap_index = 18667, .adv_w = 325, .box_w = 17, .box_h = 17, .ofs_x = 2, .ofs_y = -3},
    {.bitmap_index = 18740, .adv_w = 325, .box_w = 17, .box_h = 17, .ofs_x = 2, .ofs_y = -3},
    {.bitmap_index = 18813, .adv_w = 325, .box_w = 17, .box_h = 17, .ofs_x = 2, .ofs_y = -3},
    {.bitmap_index = 18886, .adv_w = 325, .box_w = 15, .box_h = 17, .ofs_x = 3, .ofs_y = -3},
    {.bitmap_index = 18950, .adv_w = 325, .box_w = 18, .box_h = 17, .ofs_x = 1, .ofs_y = -3},
    {.bitmap_index = 19027, .adv_w = 325, .box_w = 19, .box_h = 17, .ofs_x = 1, .ofs_y = -3},
    {.bitmap_index = 19108, .adv_w = 325, .box_w = 16, .box_h = 17, .ofs_x = 2, .ofs_y = -3},
    {.bitmap_index = 19176, .adv_w = 325, .box_w = 19, .box_h = 11, .ofs_x = 1, .ofs_y = 0},
    {.bitmap_index = 19229, .adv_w = 325, .box_w = 16, .box_h = 17, .ofs_x = 2, .ofs_y = -3},
    {.bitmap_index = 19297, .adv_w = 325, .box_w = 20, .box_h = 17, .ofs_x = 0, .ofs_y = -3},
    {.bitmap_index = 19382, .adv_w = 325, .box_w = 18, .box_h = 13, .ofs_x = 1, .ofs_y = -1},
    {.bitmap_index = 19441, .adv_w = 325, .box_w = 18, .box_h = 17, .ofs_x = 1, .ofs_y = -3},
    {.bitmap_index = 19518, .adv_w = 325, .box_w = 18, .box_h = 17, .ofs_x = 1, .ofs_y = -3},
    {.bitmap_index = 19595, .adv_w = 325, .box_w = 17, .box_h = 17, .ofs_x = 2, .ofs_y = -3},
    {.bitmap_index = 19668, .adv_w = 325, .box_w = 16, .box_h = 17, .ofs_x = 2, .ofs_y = -3},
    {.bitmap_index = 19736, .adv_w = 325, .box_w = 16, .box_h = 17, .ofs_x = 2, .ofs_y = -3},
    {.bitmap_index = 19804, .adv_w = 325, .box_w = 12, .box_h = 17, .ofs_x = 4, .ofs_y = -3},
    {.bitmap_index = 19855, .adv_w = 325, .box_w = 14, .box_h = 17, .ofs_x = 3, .ofs_y = -3},
    {.bitmap_index = 19915, .adv_w = 325, .box_w = 19, .box_h = 15, .ofs_x = 1, .ofs_y = -2},
    {.bitmap_index = 19987, .adv_w = 325, .box_w = 18, .box_h = 17, .ofs_x = 1, .ofs_y = -3},
    {.bitmap_index = 20064, .adv_w = 325, .box_w = 18, .box_h = 17, .ofs_x = 1, .ofs_y = -3},
    {.bitmap_index = 20141, .adv_w = 325, .box_w = 16, .box_h = 17, .ofs_x = 2, .ofs_y = -3},
    {.bitmap_index = 20209, .adv_w = 325, .box_w = 18, .box_h = 17, .ofs_x = 1, .ofs_y = -3},
    {.bitmap_index = 20286, .adv_w = 325, .box_w = 18, .box_h = 17, .ofs_x = 1, .ofs_y = -3},
    {.bitmap_index = 20363, .adv_w = 325, .box_w = 17, .box_h = 17, .ofs_x = 2, .ofs_y = -3},
    {.bitmap_index = 20436, .adv_w = 325, .box_w = 14, .box_h = 17, .ofs_x = 3, .ofs_y = -3},
    {.bitmap_index = 20496, .adv_w = 325, .box_w = 16, .box_h = 17, .ofs_x = 2, .ofs_y = -3},
    {.bitmap_index = 20564, .adv_w = 325, .box_w = 18, .box_h = 13, .ofs_x = 1, .ofs_y = -1},
    {.bitmap_index = 20623, .adv_w = 325, .box_w = 17, .box_h = 17, .ofs_x = 2, .ofs_y = -3},
    {.bitmap_index = 20696, .adv_w = 325, .box_w = 17, .box_h = 17, .ofs_x = 2, .ofs_y = -3},
    {.bitmap_index = 20769, .adv_w = 325, .box_w = 15, .box_h = 17, .ofs_x = 3, .ofs_y = -3},
    {.bitmap_index = 20833, .adv_w = 325, .box_w = 17, .box_h = 17, .ofs_x = 2, .ofs_y = -3},
    {.bitmap_index = 20906, .adv_w = 325, .box_w = 16, .box_h = 17, .ofs_x = 2, .ofs_y = -3},
    {.bitmap_index = 20974, .adv_w = 325, .box_w = 11, .box_h = 17, .ofs_x = 5, .ofs_y = -3},
    {.bitmap_index = 21021, .adv_w = 325, .box_w = 18, .box_h = 17, .ofs_x = 1, .ofs_y = -3},
    {.bitmap_index = 21098, .adv_w = 325, .box_w = 18, .box_h = 17, .ofs_x = 1, .ofs_y = -3},
    {.bitmap_index = 21175, .adv_w = 325, .box_w = 16, .box_h = 17, .ofs_x = 2, .ofs_y = -3},
    {.bitmap_index = 21243, .adv_w = 325, .box_w = 16, .box_h = 17, .ofs_x = 2, .ofs_y = -3},
    {.bitmap_index = 21311, .adv_w = 325, .box_w = 18, .box_h = 17, .ofs_x = 1, .ofs_y = -3},
    {.bitmap_index = 21388, .adv_w = 325, .box_w = 19, .box_h = 17, .ofs_x = 1, .ofs_y = -3},
    {.bitmap_index = 21469, .adv_w = 325, .box_w = 14, .box_h = 17, .ofs_x = 3, .ofs_y = -3},
    {.bitmap_index = 21529, .adv_w = 325, .box_w = 20, .box_h = 14, .ofs_x = 0, .ofs_y = -2},
    {.bitmap_index = 21599, .adv_w = 325, .box_w = 20, .box_h = 9, .ofs_x = 0, .ofs_y = 1},
    {.bitmap_index = 21644, .adv_w = 325, .box_w = 18, .box_h = 17, .ofs_x = 1, .ofs_y = -3},
    {.bitmap_index = 21721, .adv_w = 325, .box_w = 17, .box_h = 17, .ofs_x = 2, .ofs_y = -3},
    {.bitmap_index = 21794, .adv_w = 325, .box_w = 16, .box_h = 17, .ofs_x = 2, .ofs_y = -3},
    {.bitmap_index = 21862, .adv_w = 325, .box_w = 18, .box_h = 17, .ofs_x = 1, .ofs_y = -3},
    {.bitmap_index = 21939, .adv_w = 325, .box_w = 15, .box_h = 17, .ofs_x = 3, .ofs_y = -3},
    {.bitmap_index = 22003, .adv_w = 325, .box_w = 20, .box_h = 17, .ofs_x = 0, .ofs_y = -3},
    {.bitmap_index = 22088, .adv_w = 325, .box_w = 17, .box_h = 17, .ofs_x = 2, .ofs_y = -3},
    {.bitmap_index = 22161, .adv_w = 325, .box_w = 16, .box_h = 17, .ofs_x = 2, .ofs_y = -3},
    {.bitmap_index = 22229, .adv_w = 325, .box_w = 20, .box_h = 17, .ofs_x = 0, .ofs_y = -3},
    {.bitmap_index = 22314, .adv_w = 325, .box_w = 20, .box_h = 17, .ofs_x = 0, .ofs_y = -3},
    {.bitmap_index = 22399, .adv_w = 325, .box_w = 18, .box_h = 17, .ofs_x = 1, .ofs_y = -3},
    {.bitmap_index = 22476, .adv_w = 325, .box_w = 18, .box_h = 17, .ofs_x = 1, .ofs_y = -3},
    {.bitmap_index = 22553, .adv_w = 325, .box_w = 17, .box_h = 17, .ofs_x = 2, .ofs_y = -3},
    {.bitmap_index = 22626, .adv_w = 325, .box_w = 17, .box_h = 17, .ofs_x = 2, .ofs_y = -3},
    {.bitmap_index = 22699, .adv_w = 325, .box_w = 14, .box_h = 17, .ofs_x = 3, .ofs_y = -3},
    {.bitmap_index = 22759, .adv_w = 325, .box_w = 17, .box_h = 17, .ofs_x = 2, .ofs_y = -3},
    {.bitmap_index = 22832, .adv_w = 325, .box_w = 17, .box_h = 17, .ofs_x = 2, .ofs_y = -3},
    {.bitmap_index = 22905, .adv_w = 325, .box_w = 18, .box_h = 17, .ofs_x = 1, .ofs_y = -3},
    {.bitmap_index = 22982, .adv_w = 325, .box_w = 17, .box_h = 17, .ofs_x = 2, .ofs_y = -3},
    {.bitmap_index = 23055, .adv_w = 325, .box_w = 18, .box_h = 17, .ofs_x = 1, .ofs_y = -3},
    {.bitmap_index = 23132, .adv_w = 325, .box_w = 19, .box_h = 16, .ofs_x = 1, .ofs_y = -3},
    {.bitmap_index = 23208, .adv_w = 325, .box_w = 18, .box_h = 15, .ofs_x = 1, .ofs_y = -2},
    {.bitmap_index = 23276, .adv_w = 325, .box_w = 17, .box_h = 17, .ofs_x = 2, .ofs_y = -3},
    {.bitmap_index = 23349, .adv_w = 325, .box_w = 17, .box_h = 17, .ofs_x = 2, .ofs_y = -3},
    {.bitmap_index = 23422, .adv_w = 325, .box_w = 17, .box_h = 17, .ofs_x = 2, .ofs_y = -3},
    {.bitmap_index = 23495, .adv_w = 325, .box_w = 20, .box_h = 17, .ofs_x = 0, .ofs_y = -3},
    {.bitmap_index = 23580, .adv_w = 325, .box_w = 20, .box_h = 17, .ofs_x = 0, .ofs_y = -3},
    {.bitmap_index = 23665, .adv_w = 325, .box_w = 16, .box_h = 17, .ofs_x = 2, .ofs_y = -3},
    {.bitmap_index = 23733, .adv_w = 325, .box_w = 20, .box_h = 17, .ofs_x = 0, .ofs_y = -3},
    {.bitmap_index = 23818, .adv_w = 325, .box_w = 20, .box_h = 17, .ofs_x = 0, .ofs_y = -3},
    {.bitmap_index = 23903, .adv_w = 325, .box_w = 18, .box_h = 17, .ofs_x = 1, .ofs_y = -3},
    {.bitmap_index = 23980, .adv_w = 325, .box_w = 12, .box_h = 17, .ofs_x = 4, .ofs_y = -3},
    {.bitmap_index = 24031, .adv_w = 325, .box_w = 17, .box_h = 17, .ofs_x = 2, .ofs_y = -3},
    {.bitmap_index = 24104, .adv_w = 325, .box_w = 17, .box_h = 17, .ofs_x = 2, .ofs_y = -3},
    {.bitmap_index = 24177, .adv_w = 325, .box_w = 16, .box_h = 17, .ofs_x = 2, .ofs_y = -3},
    {.bitmap_index = 24245, .adv_w = 325, .box_w = 16, .box_h = 17, .ofs_x = 2, .ofs_y = -3},
    {.bitmap_index = 24313, .adv_w = 325, .box_w = 18, .box_h = 17, .ofs_x = 1, .ofs_y = -3},
    {.bitmap_index = 24390, .adv_w = 325, .box_w = 17, .box_h = 17, .ofs_x = 2, .ofs_y = -3},
    {.bitmap_index = 24463, .adv_w = 325, .box_w = 18, .box_h = 17, .ofs_x = 1, .ofs_y = -3},
    {.bitmap_index = 24540, .adv_w = 325, .box_w = 17, .box_h = 17, .ofs_x = 2, .ofs_y = -3},
    {.bitmap_index = 24613, .adv_w = 325, .box_w = 11, .box_h = 17, .ofs_x = 5, .ofs_y = -3},
    {.bitmap_index = 24660, .adv_w = 325, .box_w = 17, .box_h = 17, .ofs_x = 2, .ofs_y = -3},
    {.bitmap_index = 24733, .adv_w = 325, .box_w = 17, .box_h = 17, .ofs_x = 2, .ofs_y = -3},
    {.bitmap_index = 24806, .adv_w = 325, .box_w = 17, .box_h = 17, .ofs_x = 2, .ofs_y = -3},
    {.bitmap_index = 24879, .adv_w = 325, .box_w = 17, .box_h = 17, .ofs_x = 2, .ofs_y = -3},
    {.bitmap_index = 24952, .adv_w = 325, .box_w = 17, .box_h = 17, .ofs_x = 2, .ofs_y = -3},
    {.bitmap_index = 25025, .adv_w = 325, .box_w = 20, .box_h = 17, .ofs_x = 0, .ofs_y = -3},
    {.bitmap_index = 25110, .adv_w = 325, .box_w = 18, .box_h = 17, .ofs_x = 1, .ofs_y = -3},
    {.bitmap_index = 25187, .adv_w = 325, .box_w = 19, .box_h = 17, .ofs_x = 1, .ofs_y = -3},
    {.bitmap_index = 25268, .adv_w = 325, .box_w = 20, .box_h = 17, .ofs_x = 0, .ofs_y = -3},
    {.bitmap_index = 25353, .adv_w = 325, .box_w = 20, .box_h = 17, .ofs_x = 0, .ofs_y = -3},
    {.bitmap_index = 25438, .adv_w = 325, .box_w = 20, .box_h = 16, .ofs_x = 0, .ofs_y = -3},
    {.bitmap_index = 25518, .adv_w = 325, .box_w = 20, .box_h = 17, .ofs_x = 0, .ofs_y = -3},
    {.bitmap_index = 25603, .adv_w = 325, .box_w = 14, .box_h = 17, .ofs_x = 3, .ofs_y = -3},
    {.bitmap_index = 25663, .adv_w = 325, .box_w = 16, .box_h = 17, .ofs_x = 2, .ofs_y = -3},
    {.bitmap_index = 25731, .adv_w = 325, .box_w = 15, .box_h = 17, .ofs_x = 3, .ofs_y = -3},
    {.bitmap_index = 25795, .adv_w = 325, .box_w = 15, .box_h = 17, .ofs_x = 3, .ofs_y = -3},
    {.bitmap_index = 25859, .adv_w = 325, .box_w = 20, .box_h = 17, .ofs_x = 0, .ofs_y = -3},
    {.bitmap_index = 25944, .adv_w = 325, .box_w = 18, .box_h = 17, .ofs_x = 1, .ofs_y = -3},
    {.bitmap_index = 26021, .adv_w = 325, .box_w = 18, .box_h = 17, .ofs_x = 1, .ofs_y = -3},
    {.bitmap_index = 26098, .adv_w = 325, .box_w = 19, .box_h = 17, .ofs_x = 1, .ofs_y = -3},
    {.bitmap_index = 26179, .adv_w = 325, .box_w = 19, .box_h = 17, .ofs_x = 1, .ofs_y = -3},
    {.bitmap_index = 26260, .adv_w = 325, .box_w = 13, .box_h = 17, .ofs_x = 4, .ofs_y = -3},
    {.bitmap_index = 26316, .adv_w = 325, .box_w = 16, .box_h = 17, .ofs_x = 2, .ofs_y = -3},
    {.bitmap_index = 26384, .adv_w = 325, .box_w = 17, .box_h = 17, .ofs_x = 2, .ofs_y = -3},
    {.bitmap_index = 26457, .adv_w = 325, .box_w = 15, .box_h = 17, .ofs_x = 3, .ofs_y = -3},
    {.bitmap_index = 26521, .adv_w = 325, .box_w = 17, .box_h = 17, .ofs_x = 2, .ofs_y = -3},
    {.bitmap_index = 26594, .adv_w = 325, .box_w = 16, .box_h = 17, .ofs_x = 2, .ofs_y = -3},
    {.bitmap_index = 26662, .adv_w = 325, .box_w = 18, .box_h = 17, .ofs_x = 1, .ofs_y = -3},
    {.bitmap_index = 26739, .adv_w = 325, .box_w = 17, .box_h = 16, .ofs_x = 2, .ofs_y = -3},
    {.bitmap_index = 26807, .adv_w = 325, .box_w = 19, .box_h = 17, .ofs_x = 1, .ofs_y = -3},
    {.bitmap_index = 26888, .adv_w = 325, .box_w = 20, .box_h = 17, .ofs_x = 0, .ofs_y = -3},
    {.bitmap_index = 26973, .adv_w = 325, .box_w = 17, .box_h = 17, .ofs_x = 2, .ofs_y = -3},
    {.bitmap_index = 27046, .adv_w = 325, .box_w = 16, .box_h = 17, .ofs_x = 2, .ofs_y = -3},
    {.bitmap_index = 27114, .adv_w = 325, .box_w = 20, .box_h = 17, .ofs_x = 0, .ofs_y = -3},
    {.bitmap_index = 27199, .adv_w = 325, .box_w = 18, .box_h = 17, .ofs_x = 1, .ofs_y = -3},
    {.bitmap_index = 27276, .adv_w = 325, .box_w = 18, .box_h = 17, .ofs_x = 1, .ofs_y = -3},
    {.bitmap_index = 27353, .adv_w = 325, .box_w = 20, .box_h = 15, .ofs_x = 0, .ofs_y = -2},
    {.bitmap_index = 27428, .adv_w = 325, .box_w = 18, .box_h = 15, .ofs_x = 1, .ofs_y = -2},
    {.bitmap_index = 27496, .adv_w = 325, .box_w = 20, .box_h = 17, .ofs_x = 0, .ofs_y = -3},
    {.bitmap_index = 27581, .adv_w = 325, .box_w = 19, .box_h = 17, .ofs_x = 1, .ofs_y = -3},
    {.bitmap_index = 27662, .adv_w = 325, .box_w = 18, .box_h = 17, .ofs_x = 1, .ofs_y = -3},
    {.bitmap_index = 27739, .adv_w = 325, .box_w = 18, .box_h = 17, .ofs_x = 1, .ofs_y = -3},
    {.bitmap_index = 27816, .adv_w = 325, .box_w = 18, .box_h = 17, .ofs_x = 1, .ofs_y = -3},
    {.bitmap_index = 27893, .adv_w = 325, .box_w = 20, .box_h = 17, .ofs_x = 0, .ofs_y = -3},
    {.bitmap_index = 27978, .adv_w = 325, .box_w = 12, .box_h = 17, .ofs_x = 4, .ofs_y = -3},
    {.bitmap_index = 28029, .adv_w = 325, .box_w = 20, .box_h = 17, .ofs_x = 0, .ofs_y = -3},
    {.bitmap_index = 28114, .adv_w = 325, .box_w = 16, .box_h = 17, .ofs_x = 2, .ofs_y = -3},
    {.bitmap_index = 28182, .adv_w = 325, .box_w = 19, .box_h = 17, .ofs_x = 1, .ofs_y = -3},
    {.bitmap_index = 28263, .adv_w = 325, .box_w = 18, .box_h = 17, .ofs_x = 1, .ofs_y = -3},
    {.bitmap_index = 28340, .adv_w = 325, .box_w = 17, .box_h = 17, .ofs_x = 2, .ofs_y = -3},
    {.bitmap_index = 28413, .adv_w = 325, .box_w = 18, .box_h = 16, .ofs_x = 1, .ofs_y = -3},
    {.bitmap_index = 28485, .adv_w = 325, .box_w = 18, .box_h = 17, .ofs_x = 1, .ofs_y = -3},
    {.bitmap_index = 28562, .adv_w = 325, .box_w = 17, .box_h = 17, .ofs_x = 2, .ofs_y = -3},
    {.bitmap_index = 28635, .adv_w = 325, .box_w = 14, .box_h = 17, .ofs_x = 3, .ofs_y = -3},
    {.bitmap_index = 28695, .adv_w = 325, .box_w = 18, .box_h = 16, .ofs_x = 1, .ofs_y = -3},
    {.bitmap_index = 28767, .adv_w = 325, .box_w = 20, .box_h = 17, .ofs_x = 0, .ofs_y = -3},
    {.bitmap_index = 28852, .adv_w = 325, .box_w = 20, .box_h = 17, .ofs_x = 0, .ofs_y = -3},
    {.bitmap_index = 28937, .adv_w = 325, .box_w = 16, .box_h = 17, .ofs_x = 2, .ofs_y = -3},
    {.bitmap_index = 29005, .adv_w = 325, .box_w = 19, .box_h = 15, .ofs_x = 1, .ofs_y = -2},
    {.bitmap_index = 29077, .adv_w = 325, .box_w = 20, .box_h = 16, .ofs_x = 0, .ofs_y = -3},
    {.bitmap_index = 29157, .adv_w = 325, .box_w = 18, .box_h = 17, .ofs_x = 1, .ofs_y = -3},
    {.bitmap_index = 29234, .adv_w = 325, .box_w = 18, .box_h = 16, .ofs_x = 1, .ofs_y = -3},
    {.bitmap_index = 29306, .adv_w = 325, .box_w = 18, .box_h = 17, .ofs_x = 1, .ofs_y = -3},
    {.bitmap_index = 29383, .adv_w = 325, .box_w = 16, .box_h = 17, .ofs_x = 2, .ofs_y = -3},
    {.bitmap_index = 29451, .adv_w = 325, .box_w = 18, .box_h = 17, .ofs_x = 1, .ofs_y = -3},
    {.bitmap_index = 29528, .adv_w = 325, .box_w = 18, .box_h = 17, .ofs_x = 1, .ofs_y = -3},
    {.bitmap_index = 29605, .adv_w = 325, .box_w = 19, .box_h = 16, .ofs_x = 1, .ofs_y = -3},
    {.bitmap_index = 29681, .adv_w = 325, .box_w = 17, .box_h = 15, .ofs_x = 2, .ofs_y = -2},
    {.bitmap_index = 29745, .adv_w = 325, .box_w = 19, .box_h = 17, .ofs_x = 1, .ofs_y = -3},
    {.bitmap_index = 29826, .adv_w = 325, .box_w = 19, .box_h = 15, .ofs_x = 1, .ofs_y = -2},
    {.bitmap_index = 29898, .adv_w = 325, .box_w = 19, .box_h = 14, .ofs_x = 1, .ofs_y = -1},
    {.bitmap_index = 29965, .adv_w = 325, .box_w = 12, .box_h = 17, .ofs_x = 4, .ofs_y = -3},
    {.bitmap_index = 30016, .adv_w = 325, .box_w = 14, .box_h = 17, .ofs_x = 3, .ofs_y = -3},
    {.bitmap_index = 30076, .adv_w = 325, .box_w = 18, .box_h = 13, .ofs_x = 1, .ofs_y = -1},
    {.bitmap_index = 30135, .adv_w = 325, .box_w = 18, .box_h = 17, .ofs_x = 1, .ofs_y = -3},
    {.bitmap_index = 30212, .adv_w = 325, .box_w = 13, .box_h = 17, .ofs_x = 4, .ofs_y = -3},
    {.bitmap_index = 30268, .adv_w = 325, .box_w = 13, .box_h = 17, .ofs_x = 4, .ofs_y = -3},
    {.bitmap_index = 30324, .adv_w = 325, .box_w = 20, .box_h = 15, .ofs_x = 0, .ofs_y = -2},
    {.bitmap_index = 30399, .adv_w = 325, .box_w = 20, .box_h = 15, .ofs_x = 0, .ofs_y = -2},
    {.bitmap_index = 30474, .adv_w = 325, .box_w = 18, .box_h = 15, .ofs_x = 1, .ofs_y = -2},
    {.bitmap_index = 30542, .adv_w = 325, .box_w = 16, .box_h = 17, .ofs_x = 2, .ofs_y = -3},
    {.bitmap_index = 30610, .adv_w = 325, .box_w = 12, .box_h = 17, .ofs_x = 4, .ofs_y = -3},
    {.bitmap_index = 30661, .adv_w = 325, .box_w = 15, .box_h = 17, .ofs_x = 3, .ofs_y = -3},
    {.bitmap_index = 30725, .adv_w = 325, .box_w = 15, .box_h = 17, .ofs_x = 3, .ofs_y = -3},
    {.bitmap_index = 30789, .adv_w = 325, .box_w = 16, .box_h = 17, .ofs_x = 2, .ofs_y = -3},
    {.bitmap_index = 30857, .adv_w = 325, .box_w = 20, .box_h = 13, .ofs_x = 0, .ofs_y = -1},
    {.bitmap_index = 30922, .adv_w = 325, .box_w = 19, .box_h = 17, .ofs_x = 1, .ofs_y = -3},
    {.bitmap_index = 31003, .adv_w = 325, .box_w = 20, .box_h = 15, .ofs_x = 0, .ofs_y = -2},
    {.bitmap_index = 31078, .adv_w = 325, .box_w = 19, .box_h = 7, .ofs_x = 1, .ofs_y = 2},
    {.bitmap_index = 31112, .adv_w = 325, .box_w = 16, .box_h = 17, .ofs_x = 2, .ofs_y = -3},
    {.bitmap_index = 31180, .adv_w = 325, .box_w = 20, .box_h = 17, .ofs_x = 0, .ofs_y = -3},
    {.bitmap_index = 31265, .adv_w = 325, .box_w = 10, .box_h = 17, .ofs_x = 5, .ofs_y = -3},
    {.bitmap_index = 31308, .adv_w = 325, .box_w = 14, .box_h = 17, .ofs_x = 3, .ofs_y = -3},
    {.bitmap_index = 31368, .adv_w = 325, .box_w = 17, .box_h = 17, .ofs_x = 2, .ofs_y = -3},
    {.bitmap_index = 31441, .adv_w = 325, .box_w = 13, .box_h = 17, .ofs_x = 4, .ofs_y = -3},
    {.bitmap_index = 31497, .adv_w = 325, .box_w = 19, .box_h = 17, .ofs_x = 1, .ofs_y = -3},
    {.bitmap_index = 31578, .adv_w = 325, .box_w = 18, .box_h = 17, .ofs_x = 1, .ofs_y = -3},
    {.bitmap_index = 31655, .adv_w = 325, .box_w = 16, .box_h = 17, .ofs_x = 2, .ofs_y = -3},
    {.bitmap_index = 31723, .adv_w = 325, .box_w = 20, .box_h = 13, .ofs_x = 0, .ofs_y = -1},
    {.bitmap_index = 31788, .adv_w = 325, .box_w = 16, .box_h = 9, .ofs_x = 2, .ofs_y = 1},
    {.bitmap_index = 31824, .adv_w = 325, .box_w = 17, .box_h = 12, .ofs_x = 2, .ofs_y = 0},
    {.bitmap_index = 31875, .adv_w = 325, .box_w = 16, .box_h = 17, .ofs_x = 2, .ofs_y = -3},
    {.bitmap_index = 31943, .adv_w = 325, .box_w = 17, .box_h = 9, .ofs_x = 2, .ofs_y = 1},
    {.bitmap_index = 31982, .adv_w = 325, .box_w = 12, .box_h = 17, .ofs_x = 4, .ofs_y = -3},
    {.bitmap_index = 32033, .adv_w = 325, .box_w = 16, .box_h = 17, .ofs_x = 2, .ofs_y = -3},
    {.bitmap_index = 32101, .adv_w = 325, .box_w = 14, .box_h = 17, .ofs_x = 3, .ofs_y = -3},
    {.bitmap_index = 32161, .adv_w = 325, .box_w = 19, .box_h = 15, .ofs_x = 1, .ofs_y = -2},
    {.bitmap_index = 32233, .adv_w = 325, .box_w = 14, .box_h = 17, .ofs_x = 3, .ofs_y = -3},
    {.bitmap_index = 32293, .adv_w = 325, .box_w = 18, .box_h = 17, .ofs_x = 1, .ofs_y = -3},
    {.bitmap_index = 32370, .adv_w = 325, .box_w = 12, .box_h = 17, .ofs_x = 4, .ofs_y = -3},
    {.bitmap_index = 32421, .adv_w = 325, .box_w = 14, .box_h = 17, .ofs_x = 3, .ofs_y = -3},
    {.bitmap_index = 32481, .adv_w = 325, .box_w = 20, .box_h = 11, .ofs_x = 0, .ofs_y = 0},
    {.bitmap_index = 32536, .adv_w = 325, .box_w = 20, .box_h = 11, .ofs_x = 0, .ofs_y = -1},
    {.bitmap_index = 32591, .adv_w = 325, .box_w = 20, .box_h = 11, .ofs_x = 0, .ofs_y = -1},
    {.bitmap_index = 32646, .adv_w = 325, .box_w = 20, .box_h = 11, .ofs_x = 0, .ofs_y = -1},
    {.bitmap_index = 32701, .adv_w = 325, .box_w = 12, .box_h = 17, .ofs_x = 4, .ofs_y = -3},
    {.bitmap_index = 32752, .adv_w = 325, .box_w = 12, .box_h = 17, .ofs_x = 4, .ofs_y = -3},
    {.bitmap_index = 32803, .adv_w = 325, .box_w = 16, .box_h = 17, .ofs_x = 2, .ofs_y = -3},
    {.bitmap_index = 32871, .adv_w = 325, .box_w = 14, .box_h = 17, .ofs_x = 3, .ofs_y = -3},
    {.bitmap_index = 32931, .adv_w = 325, .box_w = 12, .box_h = 17, .ofs_x = 4, .ofs_y = -3},
    {.bitmap_index = 32982, .adv_w = 325, .box_w = 13, .box_h = 17, .ofs_x = 4, .ofs_y = -3},
    {.bitmap_index = 33038, .adv_w = 325, .box_w = 13, .box_h = 17, .ofs_x = 4, .ofs_y = -3},
    {.bitmap_index = 33094, .adv_w = 325, .box_w = 15, .box_h = 17, .ofs_x = 3, .ofs_y = -3},
    {.bitmap_index = 33158, .adv_w = 325, .box_w = 11, .box_h = 17, .ofs_x = 5, .ofs_y = -3},
    {.bitmap_index = 33205, .adv_w = 325, .box_w = 13, .box_h = 17, .ofs_x = 4, .ofs_y = -3},
    {.bitmap_index = 33261, .adv_w = 325, .box_w = 14, .box_h = 17, .ofs_x = 3, .ofs_y = -3},
    {.bitmap_index = 33321, .adv_w = 325, .box_w = 17, .box_h = 17, .ofs_x = 2, .ofs_y = -3},
    {.bitmap_index = 33394, .adv_w = 325, .box_w = 16, .box_h = 17, .ofs_x = 2, .ofs_y = -3},
    {.bitmap_index = 33462, .adv_w = 325, .box_w = 16, .box_h = 17, .ofs_x = 2, .ofs_y = -3},
    {.bitmap_index = 33530, .adv_w = 325, .box_w = 18, .box_h = 17, .ofs_x = 1, .ofs_y = -3},
    {.bitmap_index = 33607, .adv_w = 325, .box_w = 16, .box_h = 17, .ofs_x = 2, .ofs_y = -3},
    {.bitmap_index = 33675, .adv_w = 325, .box_w = 20, .box_h = 17, .ofs_x = 0, .ofs_y = -3},
    {.bitmap_index = 33760, .adv_w = 325, .box_w = 18, .box_h = 18, .ofs_x = 1, .ofs_y = -3},
    {.bitmap_index = 33841, .adv_w = 325, .box_w = 14, .box_h = 17, .ofs_x = 3, .ofs_y = -3},
    {.bitmap_index = 33901, .adv_w = 325, .box_w = 14, .box_h = 17, .ofs_x = 3, .ofs_y = -3},
    {.bitmap_index = 33961, .adv_w = 325, .box_w = 13, .box_h = 17, .ofs_x = 4, .ofs_y = -3},
    {.bitmap_index = 34017, .adv_w = 325, .box_w = 13, .box_h = 17, .ofs_x = 4, .ofs_y = -3},
    {.bitmap_index = 34073, .adv_w = 325, .box_w = 11, .box_h = 17, .ofs_x = 5, .ofs_y = -3},
    {.bitmap_index = 34120, .adv_w = 325, .box_w = 18, .box_h = 17, .ofs_x = 1, .ofs_y = -3},
    {.bitmap_index = 34197, .adv_w = 325, .box_w = 18, .box_h = 17, .ofs_x = 1, .ofs_y = -3},
    {.bitmap_index = 34274, .adv_w = 325, .box_w = 19, .box_h = 17, .ofs_x = 1, .ofs_y = -3},
    {.bitmap_index = 34355, .adv_w = 325, .box_w = 9, .box_h = 17, .ofs_x = 6, .ofs_y = -3},
    {.bitmap_index = 34394, .adv_w = 325, .box_w = 16, .box_h = 15, .ofs_x = 2, .ofs_y = -2},
    {.bitmap_index = 34454, .adv_w = 325, .box_w = 17, .box_h = 17, .ofs_x = 2, .ofs_y = -3},
    {.bitmap_index = 34527, .adv_w = 325, .box_w = 17, .box_h = 17, .ofs_x = 2, .ofs_y = -3},
    {.bitmap_index = 34600, .adv_w = 325, .box_w = 18, .box_h = 13, .ofs_x = 1, .ofs_y = -1},
    {.bitmap_index = 34659, .adv_w = 325, .box_w = 14, .box_h = 17, .ofs_x = 3, .ofs_y = -3},
    {.bitmap_index = 34719, .adv_w = 325, .box_w = 20, .box_h = 17, .ofs_x = 0, .ofs_y = -3},
    {.bitmap_index = 34804, .adv_w = 325, .box_w = 20, .box_h = 17, .ofs_x = 0, .ofs_y = -3},
    {.bitmap_index = 34889, .adv_w = 325, .box_w = 17, .box_h = 17, .ofs_x = 2, .ofs_y = -3},
    {.bitmap_index = 34962, .adv_w = 325, .box_w = 20, .box_h = 17, .ofs_x = 0, .ofs_y = -3},
    {.bitmap_index = 35047, .adv_w = 325, .box_w = 19, .box_h = 17, .ofs_x = 1, .ofs_y = -3},
    {.bitmap_index = 35128, .adv_w = 325, .box_w = 18, .box_h = 17, .ofs_x = 1, .ofs_y = -3},
    {.bitmap_index = 35205, .adv_w = 325, .box_w = 18, .box_h = 17, .ofs_x = 1, .ofs_y = -3},
    {.bitmap_index = 35282, .adv_w = 325, .box_w = 17, .box_h = 17, .ofs_x = 2, .ofs_y = -3},
    {.bitmap_index = 35355, .adv_w = 325, .box_w = 18, .box_h = 17, .ofs_x = 1, .ofs_y = -3},
    {.bitmap_index = 35432, .adv_w = 325, .box_w = 17, .box_h = 17, .ofs_x = 2, .ofs_y = -3},
    {.bitmap_index = 35505, .adv_w = 325, .box_w = 17, .box_h = 17, .ofs_x = 2, .ofs_y = -3},
    {.bitmap_index = 35578, .adv_w = 325, .box_w = 18, .box_h = 17, .ofs_x = 1, .ofs_y = -3},
    {.bitmap_index = 35655, .adv_w = 325, .box_w = 18, .box_h = 17, .ofs_x = 1, .ofs_y = -3},
    {.bitmap_index = 35732, .adv_w = 325, .box_w = 18, .box_h = 17, .ofs_x = 1, .ofs_y = -3},
    {.bitmap_index = 35809, .adv_w = 325, .box_w = 18, .box_h = 17, .ofs_x = 1, .ofs_y = -3},
    {.bitmap_index = 35886, .adv_w = 325, .box_w = 18, .box_h = 17, .ofs_x = 1, .ofs_y = -3},
    {.bitmap_index = 35963, .adv_w = 325, .box_w = 17, .box_h = 17, .ofs_x = 2, .ofs_y = -3},
    {.bitmap_index = 36036, .adv_w = 325, .box_w = 17, .box_h = 17, .ofs_x = 2, .ofs_y = -3},
    {.bitmap_index = 36109, .adv_w = 325, .box_w = 17, .box_h = 17, .ofs_x = 2, .ofs_y = -3},
    {.bitmap_index = 36182, .adv_w = 325, .box_w = 11, .box_h = 17, .ofs_x = 5, .ofs_y = -3},
    {.bitmap_index = 36229, .adv_w = 325, .box_w = 17, .box_h = 17, .ofs_x = 2, .ofs_y = -3},
    {.bitmap_index = 36302, .adv_w = 325, .box_w = 14, .box_h = 17, .ofs_x = 3, .ofs_y = -3},
    {.bitmap_index = 36362, .adv_w = 325, .box_w = 16, .box_h = 13, .ofs_x = 2, .ofs_y = -1},
    {.bitmap_index = 36414, .adv_w = 325, .box_w = 18, .box_h = 17, .ofs_x = 1, .ofs_y = -3},
    {.bitmap_index = 36491, .adv_w = 325, .box_w = 17, .box_h = 17, .ofs_x = 2, .ofs_y = -3},
    {.bitmap_index = 36564, .adv_w = 325, .box_w = 11, .box_h = 17, .ofs_x = 5, .ofs_y = -3},
    {.bitmap_index = 36611, .adv_w = 325, .box_w = 19, .box_h = 17, .ofs_x = 1, .ofs_y = -3},
    {.bitmap_index = 36692, .adv_w = 325, .box_w = 17, .box_h = 17, .ofs_x = 2, .ofs_y = -3},
    {.bitmap_index = 36765, .adv_w = 325, .box_w = 17, .box_h = 17, .ofs_x = 2, .ofs_y = -3},
    {.bitmap_index = 36838, .adv_w = 325, .box_w = 16, .box_h = 17, .ofs_x = 2, .ofs_y = -3},
    {.bitmap_index = 36906, .adv_w = 325, .box_w = 14, .box_h = 14, .ofs_x = 3, .ofs_y = -2},
    {.bitmap_index = 36955, .adv_w = 325, .box_w = 17, .box_h = 17, .ofs_x = 2, .ofs_y = -3},
    {.bitmap_index = 37028, .adv_w = 325, .box_w = 18, .box_h = 17, .ofs_x = 1, .ofs_y = -3},
    {.bitmap_index = 37105, .adv_w = 325, .box_w = 18, .box_h = 17, .ofs_x = 1, .ofs_y = -3},
    {.bitmap_index = 37182, .adv_w = 325, .box_w = 15, .box_h = 17, .ofs_x = 3, .ofs_y = -3},
    {.bitmap_index = 37246, .adv_w = 325, .box_w = 15, .box_h = 17, .ofs_x = 3, .ofs_y = -3},
    {.bitmap_index = 37310, .adv_w = 325, .box_w = 9, .box_h = 17, .ofs_x = 6, .ofs_y = -3},
    {.bitmap_index = 37349, .adv_w = 325, .box_w = 18, .box_h = 13, .ofs_x = 1, .ofs_y = -1},
    {.bitmap_index = 37408, .adv_w = 325, .box_w = 19, .box_h = 15, .ofs_x = 1, .ofs_y = -2},
    {.bitmap_index = 37480, .adv_w = 325, .box_w = 19, .box_h = 15, .ofs_x = 1, .ofs_y = -2},
    {.bitmap_index = 37552, .adv_w = 325, .box_w = 19, .box_h = 15, .ofs_x = 1, .ofs_y = -2},
    {.bitmap_index = 37624, .adv_w = 325, .box_w = 19, .box_h = 15, .ofs_x = 1, .ofs_y = -2},
    {.bitmap_index = 37696, .adv_w = 325, .box_w = 19, .box_h = 17, .ofs_x = 1, .ofs_y = -3},
    {.bitmap_index = 37777, .adv_w = 325, .box_w = 17, .box_h = 17, .ofs_x = 2, .ofs_y = -3},
    {.bitmap_index = 37850, .adv_w = 325, .box_w = 14, .box_h = 17, .ofs_x = 3, .ofs_y = -3},
    {.bitmap_index = 37910, .adv_w = 325, .box_w = 18, .box_h = 15, .ofs_x = 1, .ofs_y = -2},
    {.bitmap_index = 37978, .adv_w = 325, .box_w = 19, .box_h = 17, .ofs_x = 1, .ofs_y = -3},
    {.bitmap_index = 38059, .adv_w = 325, .box_w = 17, .box_h = 17, .ofs_x = 2, .ofs_y = -3},
    {.bitmap_index = 38132, .adv_w = 325, .box_w = 17, .box_h = 17, .ofs_x = 2, .ofs_y = -3},
    {.bitmap_index = 38205, .adv_w = 325, .box_w = 17, .box_h = 17, .ofs_x = 2, .ofs_y = -3},
    {.bitmap_index = 38278, .adv_w = 325, .box_w = 17, .box_h = 17, .ofs_x = 2, .ofs_y = -3},
    {.bitmap_index = 38351, .adv_w = 325, .box_w = 18, .box_h = 17, .ofs_x = 1, .ofs_y = -3},
    {.bitmap_index = 38428, .adv_w = 325, .box_w = 20, .box_h = 17, .ofs_x = 0, .ofs_y = -3},
    {.bitmap_index = 38513, .adv_w = 325, .box_w = 16, .box_h = 17, .ofs_x = 2, .ofs_y = -3},
    {.bitmap_index = 38581, .adv_w = 325, .box_w = 14, .box_h = 17, .ofs_x = 3, .ofs_y = -3},
    {.bitmap_index = 38641, .adv_w = 325, .box_w = 16, .box_h = 17, .ofs_x = 2, .ofs_y = -3},
    {.bitmap_index = 38709, .adv_w = 325, .box_w = 17, .box_h = 17, .ofs_x = 2, .ofs_y = -3},
    {.bitmap_index = 38782, .adv_w = 325, .box_w = 19, .box_h = 17, .ofs_x = 1, .ofs_y = -3},
    {.bitmap_index = 38863, .adv_w = 325, .box_w = 17, .box_h = 17, .ofs_x = 2, .ofs_y = -3},
    {.bitmap_index = 38936, .adv_w = 325, .box_w = 17, .box_h = 17, .ofs_x = 2, .ofs_y = -3},
    {.bitmap_index = 39009, .adv_w = 325, .box_w = 17, .box_h = 17, .ofs_x = 2, .ofs_y = -3},
    {.bitmap_index = 39082, .adv_w = 325, .box_w = 12, .box_h = 17, .ofs_x = 4, .ofs_y = -3},
    {.bitmap_index = 39133, .adv_w = 325, .box_w = 16, .box_h = 17, .ofs_x = 2, .ofs_y = -3},
    {.bitmap_index = 39201, .adv_w = 325, .box_w = 9, .box_h = 17, .ofs_x = 6, .ofs_y = -3},
    {.bitmap_index = 39240, .adv_w = 325, .box_w = 18, .box_h = 17, .ofs_x = 1, .ofs_y = -3},
    {.bitmap_index = 39317, .adv_w = 325, .box_w = 17, .box_h = 17, .ofs_x = 2, .ofs_y = -3},
    {.bitmap_index = 39390, .adv_w = 325, .box_w = 17, .box_h = 17, .ofs_x = 2, .ofs_y = -3},
    {.bitmap_index = 39463, .adv_w = 325, .box_w = 15, .box_h = 17, .ofs_x = 3, .ofs_y = -3},
    {.bitmap_index = 39527, .adv_w = 325, .box_w = 15, .box_h = 17, .ofs_x = 3, .ofs_y = -3},
    {.bitmap_index = 39591, .adv_w = 325, .box_w = 14, .box_h = 17, .ofs_x = 3, .ofs_y = -3},
    {.bitmap_index = 39651, .adv_w = 325, .box_w = 14, .box_h = 17, .ofs_x = 3, .ofs_y = -3},
    {.bitmap_index = 39711, .adv_w = 325, .box_w = 14, .box_h = 17, .ofs_x = 3, .ofs_y = -3},
    {.bitmap_index = 39771, .adv_w = 325, .box_w = 19, .box_h = 15, .ofs_x = 1, .ofs_y = -2},
    {.bitmap_index = 39843, .adv_w = 325, .box_w = 14, .box_h = 17, .ofs_x = 3, .ofs_y = -3},
    {.bitmap_index = 39903, .adv_w = 325, .box_w = 14, .box_h = 17, .ofs_x = 3, .ofs_y = -3},
    {.bitmap_index = 39963, .adv_w = 325, .box_w = 14, .box_h = 17, .ofs_x = 3, .ofs_y = -3},
    {.bitmap_index = 40023, .adv_w = 325, .box_w = 18, .box_h = 17, .ofs_x = 1, .ofs_y = -3},
    {.bitmap_index = 40100, .adv_w = 325, .box_w = 17, .box_h = 17, .ofs_x = 2, .ofs_y = -3},
    {.bitmap_index = 40173, .adv_w = 325, .box_w = 18, .box_h = 17, .ofs_x = 1, .ofs_y = -3},
    {.bitmap_index = 40250, .adv_w = 325, .box_w = 18, .box_h = 17, .ofs_x = 1, .ofs_y = -3},
    {.bitmap_index = 40327, .adv_w = 325, .box_w = 17, .box_h = 17, .ofs_x = 2, .ofs_y = -3},
    {.bitmap_index = 40400, .adv_w = 325, .box_w = 16, .box_h = 13, .ofs_x = 2, .ofs_y = -1},
    {.bitmap_index = 40452, .adv_w = 325, .box_w = 18, .box_h = 17, .ofs_x = 1, .ofs_y = -3},
    {.bitmap_index = 40529, .adv_w = 325, .box_w = 16, .box_h = 17, .ofs_x = 2, .ofs_y = -3},
    {.bitmap_index = 40597, .adv_w = 325, .box_w = 18, .box_h = 17, .ofs_x = 1, .ofs_y = -3},
    {.bitmap_index = 40674, .adv_w = 325, .box_w = 19, .box_h = 17, .ofs_x = 1, .ofs_y = -3},
    {.bitmap_index = 40755, .adv_w = 325, .box_w = 16, .box_h = 17, .ofs_x = 2, .ofs_y = -3},
    {.bitmap_index = 40823, .adv_w = 325, .box_w = 16, .box_h = 17, .ofs_x = 2, .ofs_y = -3},
    {.bitmap_index = 40891, .adv_w = 325, .box_w = 16, .box_h = 17, .ofs_x = 2, .ofs_y = -3},
    {.bitmap_index = 40959, .adv_w = 325, .box_w = 18, .box_h = 13, .ofs_x = 1, .ofs_y = -1},
    {.bitmap_index = 41018, .adv_w = 325, .box_w = 19, .box_h = 11, .ofs_x = 1, .ofs_y = 0},
    {.bitmap_index = 41071, .adv_w = 325, .box_w = 14, .box_h = 17, .ofs_x = 3, .ofs_y = -3},
    {.bitmap_index = 41131, .adv_w = 325, .box_w = 18, .box_h = 14, .ofs_x = 1, .ofs_y = -3},
    {.bitmap_index = 41194, .adv_w = 325, .box_w = 17, .box_h = 17, .ofs_x = 2, .ofs_y = -3},
    {.bitmap_index = 41267, .adv_w = 325, .box_w = 17, .box_h = 17, .ofs_x = 2, .ofs_y = -3},
    {.bitmap_index = 41340, .adv_w = 325, .box_w = 18, .box_h = 14, .ofs_x = 1, .ofs_y = -3},
    {.bitmap_index = 41403, .adv_w = 325, .box_w = 14, .box_h = 17, .ofs_x = 3, .ofs_y = -3},
    {.bitmap_index = 41463, .adv_w = 325, .box_w = 18, .box_h = 14, .ofs_x = 1, .ofs_y = -2},
    {.bitmap_index = 41526, .adv_w = 325, .box_w = 18, .box_h = 15, .ofs_x = 1, .ofs_y = -2},
    {.bitmap_index = 41594, .adv_w = 325, .box_w = 10, .box_h = 17, .ofs_x = 5, .ofs_y = -3},
    {.bitmap_index = 41637, .adv_w = 325, .box_w = 16, .box_h = 17, .ofs_x = 2, .ofs_y = -3},
    {.bitmap_index = 41705, .adv_w = 325, .box_w = 16, .box_h = 17, .ofs_x = 2, .ofs_y = -3},
    {.bitmap_index = 41773, .adv_w = 325, .box_w = 17, .box_h = 17, .ofs_x = 2, .ofs_y = -3},
    {.bitmap_index = 41846, .adv_w = 325, .box_w = 16, .box_h = 17, .ofs_x = 2, .ofs_y = -3},
    {.bitmap_index = 41914, .adv_w = 325, .box_w = 17, .box_h = 17, .ofs_x = 2, .ofs_y = -3},
    {.bitmap_index = 41987, .adv_w = 325, .box_w = 18, .box_h = 15, .ofs_x = 1, .ofs_y = -2},
    {.bitmap_index = 42055, .adv_w = 325, .box_w = 18, .box_h = 17, .ofs_x = 1, .ofs_y = -3},
    {.bitmap_index = 42132, .adv_w = 325, .box_w = 18, .box_h = 17, .ofs_x = 1, .ofs_y = -3},
    {.bitmap_index = 42209, .adv_w = 325, .box_w = 19, .box_h = 17, .ofs_x = 1, .ofs_y = -3},
    {.bitmap_index = 42290, .adv_w = 325, .box_w = 20, .box_h = 17, .ofs_x = 0, .ofs_y = -3},
    {.bitmap_index = 42375, .adv_w = 325, .box_w = 18, .box_h = 11, .ofs_x = 1, .ofs_y = 0},
    {.bitmap_index = 42425, .adv_w = 325, .box_w = 18, .box_h = 17, .ofs_x = 1, .ofs_y = -3},
    {.bitmap_index = 42502, .adv_w = 325, .box_w = 20, .box_h = 17, .ofs_x = 0, .ofs_y = -3},
    {.bitmap_index = 42587, .adv_w = 325, .box_w = 17, .box_h = 17, .ofs_x = 2, .ofs_y = -3},
    {.bitmap_index = 42660, .adv_w = 325, .box_w = 17, .box_h = 17, .ofs_x = 2, .ofs_y = -3},
    {.bitmap_index = 42733, .adv_w = 325, .box_w = 17, .box_h = 17, .ofs_x = 2, .ofs_y = -3},
    {.bitmap_index = 42806, .adv_w = 325, .box_w = 17, .box_h = 17, .ofs_x = 2, .ofs_y = -3},
    {.bitmap_index = 42879, .adv_w = 325, .box_w = 17, .box_h = 17, .ofs_x = 2, .ofs_y = -3},
    {.bitmap_index = 42952, .adv_w = 325, .box_w = 17, .box_h = 17, .ofs_x = 2, .ofs_y = -3},
    {.bitmap_index = 43025, .adv_w = 325, .box_w = 17, .box_h = 17, .ofs_x = 2, .ofs_y = -3},
    {.bitmap_index = 43098, .adv_w = 325, .box_w = 16, .box_h = 17, .ofs_x = 2, .ofs_y = -3},
    {.bitmap_index = 43166, .adv_w = 325, .box_w = 17, .box_h = 17, .ofs_x = 2, .ofs_y = -3},
    {.bitmap_index = 43239, .adv_w = 325, .box_w = 17, .box_h = 17, .ofs_x = 2, .ofs_y = -3},
    {.bitmap_index = 43312, .adv_w = 325, .box_w = 18, .box_h = 17, .ofs_x = 1, .ofs_y = -3},
    {.bitmap_index = 43389, .adv_w = 325, .box_w = 9, .box_h = 17, .ofs_x = 6, .ofs_y = -3},
    {.bitmap_index = 43428, .adv_w = 325, .box_w = 17, .box_h = 17, .ofs_x = 2, .ofs_y = -3},
    {.bitmap_index = 43501, .adv_w = 325, .box_w = 17, .box_h = 17, .ofs_x = 2, .ofs_y = -3},
    {.bitmap_index = 43574, .adv_w = 325, .box_w = 17, .box_h = 17, .ofs_x = 2, .ofs_y = -3},
    {.bitmap_index = 43647, .adv_w = 325, .box_w = 16, .box_h = 17, .ofs_x = 2, .ofs_y = -3},
    {.bitmap_index = 43715, .adv_w = 325, .box_w = 16, .box_h = 17, .ofs_x = 2, .ofs_y = -3},
    {.bitmap_index = 43783, .adv_w = 325, .box_w = 17, .box_h = 17, .ofs_x = 2, .ofs_y = -3},
    {.bitmap_index = 43856, .adv_w = 325, .box_w = 12, .box_h = 17, .ofs_x = 4, .ofs_y = -3},
    {.bitmap_index = 43907, .adv_w = 325, .box_w = 12, .box_h = 17, .ofs_x = 4, .ofs_y = -3},
    {.bitmap_index = 43958, .adv_w = 325, .box_w = 17, .box_h = 17, .ofs_x = 2, .ofs_y = -3},
    {.bitmap_index = 44031, .adv_w = 325, .box_w = 16, .box_h = 17, .ofs_x = 2, .ofs_y = -3},
    {.bitmap_index = 44099, .adv_w = 325, .box_w = 18, .box_h = 17, .ofs_x = 1, .ofs_y = -3},
    {.bitmap_index = 44176, .adv_w = 325, .box_w = 17, .box_h = 17, .ofs_x = 2, .ofs_y = -3},
    {.bitmap_index = 44249, .adv_w = 325, .box_w = 17, .box_h = 17, .ofs_x = 2, .ofs_y = -3},
    {.bitmap_index = 44322, .adv_w = 325, .box_w = 17, .box_h = 17, .ofs_x = 2, .ofs_y = -3},
    {.bitmap_index = 44395, .adv_w = 325, .box_w = 17, .box_h = 17, .ofs_x = 2, .ofs_y = -3},
    {.bitmap_index = 44468, .adv_w = 325, .box_w = 17, .box_h = 17, .ofs_x = 2, .ofs_y = -3},
    {.bitmap_index = 44541, .adv_w = 325, .box_w = 17, .box_h = 17, .ofs_x = 2, .ofs_y = -3},
    {.bitmap_index = 44614, .adv_w = 325, .box_w = 17, .box_h = 17, .ofs_x = 2, .ofs_y = -3},
    {.bitmap_index = 44687, .adv_w = 325, .box_w = 16, .box_h = 17, .ofs_x = 2, .ofs_y = -3},
    {.bitmap_index = 44755, .adv_w = 325, .box_w = 17, .box_h = 17, .ofs_x = 2, .ofs_y = -3},
    {.bitmap_index = 44828, .adv_w = 325, .box_w = 17, .box_h = 17, .ofs_x = 2, .ofs_y = -3},
    {.bitmap_index = 44901, .adv_w = 325, .box_w = 17, .box_h = 17, .ofs_x = 2, .ofs_y = -3},
    {.bitmap_index = 44974, .adv_w = 325, .box_w = 17, .box_h = 17, .ofs_x = 2, .ofs_y = -3},
    {.bitmap_index = 45047, .adv_w = 325, .box_w = 17, .box_h = 17, .ofs_x = 2, .ofs_y = -3},
    {.bitmap_index = 45120, .adv_w = 325, .box_w = 17, .box_h = 17, .ofs_x = 2, .ofs_y = -3},
    {.bitmap_index = 45193, .adv_w = 325, .box_w = 14, .box_h = 17, .ofs_x = 3, .ofs_y = -3},
    {.bitmap_index = 45253, .adv_w = 325, .box_w = 17, .box_h = 17, .ofs_x = 2, .ofs_y = -3},
    {.bitmap_index = 45326, .adv_w = 325, .box_w = 16, .box_h = 17, .ofs_x = 2, .ofs_y = -3},
    {.bitmap_index = 45394, .adv_w = 325, .box_w = 18, .box_h = 17, .ofs_x = 1, .ofs_y = -3},
    {.bitmap_index = 45471, .adv_w = 325, .box_w = 17, .box_h = 17, .ofs_x = 2, .ofs_y = -3},
    {.bitmap_index = 45544, .adv_w = 325, .box_w = 18, .box_h = 17, .ofs_x = 1, .ofs_y = -3},
    {.bitmap_index = 45621, .adv_w = 325, .box_w = 20, .box_h = 15, .ofs_x = 0, .ofs_y = -2},
    {.bitmap_index = 45696, .adv_w = 325, .box_w = 15, .box_h = 17, .ofs_x = 3, .ofs_y = -3},
    {.bitmap_index = 45760, .adv_w = 325, .box_w = 19, .box_h = 17, .ofs_x = 1, .ofs_y = -3},
    {.bitmap_index = 45841, .adv_w = 325, .box_w = 14, .box_h = 17, .ofs_x = 3, .ofs_y = -3},
    {.bitmap_index = 45901, .adv_w = 325, .box_w = 17, .box_h = 17, .ofs_x = 2, .ofs_y = -3},
    {.bitmap_index = 45974, .adv_w = 325, .box_w = 15, .box_h = 17, .ofs_x = 3, .ofs_y = -3},
    {.bitmap_index = 46038, .adv_w = 325, .box_w = 16, .box_h = 17, .ofs_x = 2, .ofs_y = -3},
    {.bitmap_index = 46106, .adv_w = 325, .box_w = 17, .box_h = 17, .ofs_x = 2, .ofs_y = -3},
    {.bitmap_index = 46179, .adv_w = 325, .box_w = 17, .box_h = 17, .ofs_x = 2, .ofs_y = -3},
    {.bitmap_index = 46252, .adv_w = 325, .box_w = 17, .box_h = 17, .ofs_x = 2, .ofs_y = -3},
    {.bitmap_index = 46325, .adv_w = 325, .box_w = 17, .box_h = 17, .ofs_x = 2, .ofs_y = -3},
    {.bitmap_index = 46398, .adv_w = 325, .box_w = 16, .box_h = 17, .ofs_x = 2, .ofs_y = -3},
    {.bitmap_index = 46466, .adv_w = 325, .box_w = 16, .box_h = 17, .ofs_x = 2, .ofs_y = -3},
    {.bitmap_index = 46534, .adv_w = 325, .box_w = 6, .box_h = 7, .ofs_x = 7, .ofs_y = 2},
    {.bitmap_index = 46545, .adv_w = 325, .box_w = 6, .box_h = 6, .ofs_x = 7, .ofs_y = 2},
    {.bitmap_index = 46554, .adv_w = 325, .box_w = 10, .box_h = 9, .ofs_x = 5, .ofs_y = 1},
    {.bitmap_index = 46577, .adv_w = 325, .box_w = 10, .box_h = 9, .ofs_x = 5, .ofs_y = 1},
    {.bitmap_index = 46600, .adv_w = 325, .box_w = 17, .box_h = 17, .ofs_x = 2, .ofs_y = -3},
    {.bitmap_index = 46673, .adv_w = 325, .box_w = 17, .box_h = 17, .ofs_x = 2, .ofs_y = -3},
    {.bitmap_index = 46746, .adv_w = 325, .box_w = 17, .box_h = 17, .ofs_x = 2, .ofs_y = -3},
    {.bitmap_index = 46819, .adv_w = 325, .box_w = 19, .box_h = 17, .ofs_x = 1, .ofs_y = -3},
    {.bitmap_index = 46900, .adv_w = 325, .box_w = 18, .box_h = 17, .ofs_x = 1, .ofs_y = -3},
    {.bitmap_index = 46977, .adv_w = 325, .box_w = 18, .box_h = 17, .ofs_x = 1, .ofs_y = -3},
    {.bitmap_index = 47054, .adv_w = 325, .box_w = 16, .box_h = 17, .ofs_x = 2, .ofs_y = -3},
    {.bitmap_index = 47122, .adv_w = 325, .box_w = 17, .box_h = 17, .ofs_x = 2, .ofs_y = -3},
    {.bitmap_index = 47195, .adv_w = 325, .box_w = 17, .box_h = 17, .ofs_x = 2, .ofs_y = -3},
    {.bitmap_index = 47268, .adv_w = 325, .box_w = 17, .box_h = 17, .ofs_x = 2, .ofs_y = -3},
    {.bitmap_index = 47341, .adv_w = 325, .box_w = 17, .box_h = 17, .ofs_x = 2, .ofs_y = -3},
    {.bitmap_index = 47414, .adv_w = 325, .box_w = 17, .box_h = 17, .ofs_x = 2, .ofs_y = -3},
    {.bitmap_index = 47487, .adv_w = 325, .box_w = 17, .box_h = 17, .ofs_x = 2, .ofs_y = -3},
    {.bitmap_index = 47560, .adv_w = 325, .box_w = 17, .box_h = 17, .ofs_x = 2, .ofs_y = -3},
    {.bitmap_index = 47633, .adv_w = 325, .box_w = 17, .box_h = 17, .ofs_x = 2, .ofs_y = -3},
    {.bitmap_index = 47706, .adv_w = 325, .box_w = 17, .box_h = 17, .ofs_x = 2, .ofs_y = -3},
    {.bitmap_index = 47779, .adv_w = 325, .box_w = 17, .box_h = 17, .ofs_x = 2, .ofs_y = -3},
    {.bitmap_index = 47852, .adv_w = 325, .box_w = 17, .box_h = 17, .ofs_x = 2, .ofs_y = -3},
    {.bitmap_index = 47925, .adv_w = 325, .box_w = 17, .box_h = 17, .ofs_x = 2, .ofs_y = -3},
    {.bitmap_index = 47998, .adv_w = 325, .box_w = 17, .box_h = 17, .ofs_x = 2, .ofs_y = -3},
    {.bitmap_index = 48071, .adv_w = 325, .box_w = 17, .box_h = 17, .ofs_x = 2, .ofs_y = -3},
    {.bitmap_index = 48144, .adv_w = 325, .box_w = 17, .box_h = 17, .ofs_x = 2, .ofs_y = -3},
    {.bitmap_index = 48217, .adv_w = 325, .box_w = 17, .box_h = 17, .ofs_x = 2, .ofs_y = -3},
    {.bitmap_index = 48290, .adv_w = 325, .box_w = 17, .box_h = 17, .ofs_x = 2, .ofs_y = -3},
    {.bitmap_index = 48363, .adv_w = 325, .box_w = 17, .box_h = 17, .ofs_x = 2, .ofs_y = -3},
    {.bitmap_index = 48436, .adv_w = 325, .box_w = 17, .box_h = 17, .ofs_x = 2, .ofs_y = -3},
    {.bitmap_index = 48509, .adv_w = 325, .box_w = 17, .box_h = 17, .ofs_x = 2, .ofs_y = -3},
    {.bitmap_index = 48582, .adv_w = 325, .box_w = 17, .box_h = 17, .ofs_x = 2, .ofs_y = -3},
    {.bitmap_index = 48655, .adv_w = 325, .box_w = 17, .box_h = 17, .ofs_x = 2, .ofs_y = -3},
    {.bitmap_index = 48728, .adv_w = 325, .box_w = 17, .box_h = 17, .ofs_x = 2, .ofs_y = -3},
    {.bitmap_index = 48801, .adv_w = 325, .box_w = 17, .box_h = 17, .ofs_x = 2, .ofs_y = -3},
    {.bitmap_index = 48874, .adv_w = 325, .box_w = 17, .box_h = 17, .ofs_x = 2, .ofs_y = -3},
    {.bitmap_index = 48947, .adv_w = 325, .box_w = 8, .box_h = 17, .ofs_x = 6, .ofs_y = -3},
    {.bitmap_index = 48981, .adv_w = 325, .box_w = 18, .box_h = 17, .ofs_x = 1, .ofs_y = -3},
    {.bitmap_index = 49058, .adv_w = 325, .box_w = 17, .box_h = 9, .ofs_x = 2, .ofs_y = 1},
    {.bitmap_index = 49097, .adv_w = 325, .box_w = 6, .box_h = 17, .ofs_x = 7, .ofs_y = -3},
    {.bitmap_index = 49123, .adv_w = 325, .box_w = 18, .box_h = 17, .ofs_x = 1, .ofs_y = -3},
    {.bitmap_index = 49200, .adv_w = 325, .box_w = 19, .box_h = 7, .ofs_x = 1, .ofs_y = 2},
    {.bitmap_index = 49234, .adv_w = 325, .box_w = 20, .box_h = 17, .ofs_x = 0, .ofs_y = -3},
    {.bitmap_index = 49319, .adv_w = 325, .box_w = 16, .box_h = 17, .ofs_x = 2, .ofs_y = -3},
    {.bitmap_index = 49387, .adv_w = 325, .box_w = 16, .box_h = 17, .ofs_x = 2, .ofs_y = -3},
    {.bitmap_index = 49455, .adv_w = 325, .box_w = 13, .box_h = 17, .ofs_x = 4, .ofs_y = -3},
    {.bitmap_index = 49511, .adv_w = 325, .box_w = 16, .box_h = 17, .ofs_x = 2, .ofs_y = -3},
    {.bitmap_index = 49579, .adv_w = 325, .box_w = 17, .box_h = 17, .ofs_x = 2, .ofs_y = -3},
    {.bitmap_index = 49652, .adv_w = 325, .box_w = 17, .box_h = 17, .ofs_x = 2, .ofs_y = -3},
    {.bitmap_index = 49725, .adv_w = 325, .box_w = 18, .box_h = 17, .ofs_x = 1, .ofs_y = -3},
    {.bitmap_index = 49802, .adv_w = 325, .box_w = 17, .box_h = 17, .ofs_x = 2, .ofs_y = -3},
    {.bitmap_index = 49875, .adv_w = 325, .box_w = 15, .box_h = 17, .ofs_x = 3, .ofs_y = -3},
    {.bitmap_index = 49939, .adv_w = 325, .box_w = 12, .box_h = 17, .ofs_x = 4, .ofs_y = -3},
    {.bitmap_index = 49990, .adv_w = 325, .box_w = 14, .box_h = 17, .ofs_x = 3, .ofs_y = -3},
    {.bitmap_index = 50050, .adv_w = 325, .box_w = 18, .box_h = 17, .ofs_x = 1, .ofs_y = -3},
    {.bitmap_index = 50127, .adv_w = 325, .box_w = 16, .box_h = 17, .ofs_x = 2, .ofs_y = -3},
    {.bitmap_index = 50195, .adv_w = 325, .box_w = 17, .box_h = 17, .ofs_x = 2, .ofs_y = -3},
    {.bitmap_index = 50268, .adv_w = 325, .box_w = 12, .box_h = 17, .ofs_x = 4, .ofs_y = -3},
    {.bitmap_index = 50319, .adv_w = 325, .box_w = 16, .box_h = 17, .ofs_x = 2, .ofs_y = -3},
    {.bitmap_index = 50387, .adv_w = 325, .box_w = 17, .box_h = 17, .ofs_x = 2, .ofs_y = -3},
    {.bitmap_index = 50460, .adv_w = 325, .box_w = 17, .box_h = 17, .ofs_x = 2, .ofs_y = -3},
    {.bitmap_index = 50533, .adv_w = 325, .box_w = 17, .box_h = 17, .ofs_x = 2, .ofs_y = -3},
    {.bitmap_index = 50606, .adv_w = 325, .box_w = 16, .box_h = 17, .ofs_x = 2, .ofs_y = -3},
    {.bitmap_index = 50674, .adv_w = 325, .box_w = 15, .box_h = 17, .ofs_x = 3, .ofs_y = -3},
    {.bitmap_index = 50738, .adv_w = 325, .box_w = 14, .box_h = 17, .ofs_x = 3, .ofs_y = -3},
    {.bitmap_index = 50798, .adv_w = 325, .box_w = 18, .box_h = 16, .ofs_x = 1, .ofs_y = -2},
    {.bitmap_index = 50870, .adv_w = 325, .box_w = 13, .box_h = 17, .ofs_x = 4, .ofs_y = -3},
    {.bitmap_index = 50926, .adv_w = 325, .box_w = 18, .box_h = 17, .ofs_x = 1, .ofs_y = -3},
    {.bitmap_index = 51003, .adv_w = 325, .box_w = 18, .box_h = 17, .ofs_x = 1, .ofs_y = -3},
    {.bitmap_index = 51080, .adv_w = 325, .box_w = 17, .box_h = 17, .ofs_x = 2, .ofs_y = -3},
    {.bitmap_index = 51153, .adv_w = 325, .box_w = 17, .box_h = 17, .ofs_x = 2, .ofs_y = -3},
    {.bitmap_index = 51226, .adv_w = 325, .box_w = 14, .box_h = 14, .ofs_x = 3, .ofs_y = -2},
    {.bitmap_index = 51275, .adv_w = 325, .box_w = 18, .box_h = 17, .ofs_x = 1, .ofs_y = -3},
    {.bitmap_index = 51352, .adv_w = 325, .box_w = 17, .box_h = 17, .ofs_x = 2, .ofs_y = -3},
    {.bitmap_index = 51425, .adv_w = 325, .box_w = 20, .box_h = 15, .ofs_x = 0, .ofs_y = -2},
    {.bitmap_index = 51500, .adv_w = 325, .box_w = 20, .box_h = 14, .ofs_x = 0, .ofs_y = -1},
    {.bitmap_index = 51570, .adv_w = 325, .box_w = 12, .box_h = 17, .ofs_x = 4, .ofs_y = -3},
    {.bitmap_index = 51621, .adv_w = 325, .box_w = 16, .box_h = 15, .ofs_x = 2, .ofs_y = -2},
    {.bitmap_index = 51681, .adv_w = 325, .box_w = 17, .box_h = 17, .ofs_x = 2, .ofs_y = -3},
    {.bitmap_index = 51754, .adv_w = 325, .box_w = 13, .box_h = 17, .ofs_x = 4, .ofs_y = -3},
    {.bitmap_index = 51810, .adv_w = 325, .box_w = 17, .box_h = 17, .ofs_x = 2, .ofs_y = -3},
    {.bitmap_index = 51883, .adv_w = 325, .box_w = 17, .box_h = 17, .ofs_x = 2, .ofs_y = -3},
    {.bitmap_index = 51956, .adv_w = 325, .box_w = 20, .box_h = 17, .ofs_x = 0, .ofs_y = -3},
    {.bitmap_index = 52041, .adv_w = 325, .box_w = 17, .box_h = 17, .ofs_x = 2, .ofs_y = -3},
    {.bitmap_index = 52114, .adv_w = 325, .box_w = 17, .box_h = 17, .ofs_x = 2, .ofs_y = -3},
    {.bitmap_index = 52187, .adv_w = 325, .box_w = 18, .box_h = 17, .ofs_x = 1, .ofs_y = -3},
    {.bitmap_index = 52264, .adv_w = 325, .box_w = 17, .box_h = 17, .ofs_x = 2, .ofs_y = -3},
    {.bitmap_index = 52337, .adv_w = 325, .box_w = 16, .box_h = 17, .ofs_x = 2, .ofs_y = -3},
    {.bitmap_index = 52405, .adv_w = 325, .box_w = 18, .box_h = 18, .ofs_x = 1, .ofs_y = -3},
    {.bitmap_index = 52486, .adv_w = 325, .box_w = 17, .box_h = 17, .ofs_x = 2, .ofs_y = -3},
    {.bitmap_index = 52559, .adv_w = 325, .box_w = 17, .box_h = 17, .ofs_x = 2, .ofs_y = -3},
    {.bitmap_index = 52632, .adv_w = 325, .box_w = 17, .box_h = 17, .ofs_x = 2, .ofs_y = -3},
    {.bitmap_index = 52705, .adv_w = 325, .box_w = 17, .box_h = 17, .ofs_x = 2, .ofs_y = -3},
    {.bitmap_index = 52778, .adv_w = 325, .box_w = 17, .box_h = 17, .ofs_x = 2, .ofs_y = -3},
    {.bitmap_index = 52851, .adv_w = 325, .box_w = 18, .box_h = 17, .ofs_x = 1, .ofs_y = -3},
    {.bitmap_index = 52928, .adv_w = 325, .box_w = 17, .box_h = 17, .ofs_x = 2, .ofs_y = -3},
    {.bitmap_index = 53001, .adv_w = 325, .box_w = 17, .box_h = 17, .ofs_x = 2, .ofs_y = -3},
    {.bitmap_index = 53074, .adv_w = 325, .box_w = 17, .box_h = 17, .ofs_x = 2, .ofs_y = -3},
    {.bitmap_index = 53147, .adv_w = 325, .box_w = 17, .box_h = 17, .ofs_x = 2, .ofs_y = -3},
    {.bitmap_index = 53220, .adv_w = 325, .box_w = 17, .box_h = 17, .ofs_x = 2, .ofs_y = -3},
    {.bitmap_index = 53293, .adv_w = 325, .box_w = 17, .box_h = 17, .ofs_x = 2, .ofs_y = -3},
    {.bitmap_index = 53366, .adv_w = 325, .box_w = 17, .box_h = 17, .ofs_x = 2, .ofs_y = -3},
    {.bitmap_index = 53439, .adv_w = 325, .box_w = 17, .box_h = 17, .ofs_x = 2, .ofs_y = -3},
    {.bitmap_index = 53512, .adv_w = 325, .box_w = 17, .box_h = 17, .ofs_x = 2, .ofs_y = -3},
    {.bitmap_index = 53585, .adv_w = 325, .box_w = 17, .box_h = 17, .ofs_x = 2, .ofs_y = -3},
    {.bitmap_index = 53658, .adv_w = 325, .box_w = 17, .box_h = 17, .ofs_x = 2, .ofs_y = -3},
    {.bitmap_index = 53731, .adv_w = 325, .box_w = 17, .box_h = 17, .ofs_x = 2, .ofs_y = -3},
    {.bitmap_index = 53804, .adv_w = 325, .box_w = 17, .box_h = 17, .ofs_x = 2, .ofs_y = -3},
    {.bitmap_index = 53877, .adv_w = 325, .box_w = 17, .box_h = 17, .ofs_x = 2, .ofs_y = -3},
    {.bitmap_index = 53950, .adv_w = 325, .box_w = 17, .box_h = 17, .ofs_x = 2, .ofs_y = -3},
    {.bitmap_index = 54023, .adv_w = 325, .box_w = 17, .box_h = 17, .ofs_x = 2, .ofs_y = -3},
    {.bitmap_index = 54096, .adv_w = 325, .box_w = 17, .box_h = 17, .ofs_x = 2, .ofs_y = -3},
    {.bitmap_index = 54169, .adv_w = 325, .box_w = 17, .box_h = 17, .ofs_x = 2, .ofs_y = -3},
    {.bitmap_index = 54242, .adv_w = 325, .box_w = 17, .box_h = 17, .ofs_x = 2, .ofs_y = -3},
    {.bitmap_index = 54315, .adv_w = 325, .box_w = 17, .box_h = 17, .ofs_x = 2, .ofs_y = -3},
    {.bitmap_index = 54388, .adv_w = 325, .box_w = 17, .box_h = 17, .ofs_x = 2, .ofs_y = -3},
    {.bitmap_index = 54461, .adv_w = 325, .box_w = 18, .box_h = 17, .ofs_x = 1, .ofs_y = -3},
    {.bitmap_index = 54538, .adv_w = 325, .box_w = 17, .box_h = 17, .ofs_x = 2, .ofs_y = -3},
    {.bitmap_index = 54611, .adv_w = 325, .box_w = 17, .box_h = 17, .ofs_x = 2, .ofs_y = -3},
    {.bitmap_index = 54684, .adv_w = 325, .box_w = 17, .box_h = 17, .ofs_x = 2, .ofs_y = -3},
    {.bitmap_index = 54757, .adv_w = 325, .box_w = 17, .box_h = 17, .ofs_x = 2, .ofs_y = -3},
    {.bitmap_index = 54830, .adv_w = 325, .box_w = 17, .box_h = 17, .ofs_x = 2, .ofs_y = -3},
    {.bitmap_index = 54903, .adv_w = 325, .box_w = 17, .box_h = 17, .ofs_x = 2, .ofs_y = -3},
    {.bitmap_index = 54976, .adv_w = 325, .box_w = 17, .box_h = 17, .ofs_x = 2, .ofs_y = -3},
    {.bitmap_index = 55049, .adv_w = 325, .box_w = 17, .box_h = 17, .ofs_x = 2, .ofs_y = -3},
    {.bitmap_index = 55122, .adv_w = 325, .box_w = 17, .box_h = 17, .ofs_x = 2, .ofs_y = -3},
    {.bitmap_index = 55195, .adv_w = 325, .box_w = 17, .box_h = 17, .ofs_x = 2, .ofs_y = -3},
    {.bitmap_index = 55268, .adv_w = 325, .box_w = 17, .box_h = 17, .ofs_x = 2, .ofs_y = -3},
    {.bitmap_index = 55341, .adv_w = 325, .box_w = 17, .box_h = 17, .ofs_x = 2, .ofs_y = -3},
    {.bitmap_index = 55414, .adv_w = 325, .box_w = 19, .box_h = 17, .ofs_x = 1, .ofs_y = -3},
    {.bitmap_index = 55495, .adv_w = 325, .box_w = 17, .box_h = 17, .ofs_x = 2, .ofs_y = -3},
    {.bitmap_index = 55568, .adv_w = 325, .box_w = 17, .box_h = 17, .ofs_x = 2, .ofs_y = -3},
    {.bitmap_index = 55641, .adv_w = 325, .box_w = 17, .box_h = 17, .ofs_x = 2, .ofs_y = -3},
    {.bitmap_index = 55714, .adv_w = 325, .box_w = 17, .box_h = 17, .ofs_x = 2, .ofs_y = -3},
    {.bitmap_index = 55787, .adv_w = 325, .box_w = 17, .box_h = 17, .ofs_x = 2, .ofs_y = -3},
    {.bitmap_index = 55860, .adv_w = 325, .box_w = 17, .box_h = 17, .ofs_x = 2, .ofs_y = -3},
    {.bitmap_index = 55933, .adv_w = 325, .box_w = 18, .box_h = 16, .ofs_x = 1, .ofs_y = -3},
    {.bitmap_index = 56005, .adv_w = 325, .box_w = 19, .box_h = 16, .ofs_x = 1, .ofs_y = -3},
    {.bitmap_index = 56081, .adv_w = 325, .box_w = 18, .box_h = 16, .ofs_x = 1, .ofs_y = -3},
    {.bitmap_index = 56153, .adv_w = 325, .box_w = 18, .box_h = 16, .ofs_x = 1, .ofs_y = -3},
    {.bitmap_index = 56225, .adv_w = 325, .box_w = 18, .box_h = 16, .ofs_x = 1, .ofs_y = -3},
    {.bitmap_index = 56297, .adv_w = 325, .box_w = 18, .box_h = 16, .ofs_x = 1, .ofs_y = -3},
    {.bitmap_index = 56369, .adv_w = 325, .box_w = 18, .box_h = 17, .ofs_x = 1, .ofs_y = -3},
    {.bitmap_index = 56446, .adv_w = 325, .box_w = 18, .box_h = 16, .ofs_x = 1, .ofs_y = -3},
    {.bitmap_index = 56518, .adv_w = 325, .box_w = 18, .box_h = 16, .ofs_x = 1, .ofs_y = -3},
    {.bitmap_index = 56590, .adv_w = 325, .box_w = 17, .box_h = 17, .ofs_x = 2, .ofs_y = -3},
    {.bitmap_index = 56663, .adv_w = 325, .box_w = 17, .box_h = 17, .ofs_x = 2, .ofs_y = -3},
    {.bitmap_index = 56736, .adv_w = 325, .box_w = 17, .box_h = 17, .ofs_x = 2, .ofs_y = -3},
    {.bitmap_index = 56809, .adv_w = 325, .box_w = 17, .box_h = 17, .ofs_x = 2, .ofs_y = -3},
    {.bitmap_index = 56882, .adv_w = 325, .box_w = 19, .box_h = 15, .ofs_x = 1, .ofs_y = -2},
    {.bitmap_index = 56954, .adv_w = 325, .box_w = 18, .box_h = 17, .ofs_x = 1, .ofs_y = -3},
    {.bitmap_index = 57031, .adv_w = 325, .box_w = 20, .box_h = 17, .ofs_x = 0, .ofs_y = -3},
    {.bitmap_index = 57116, .adv_w = 325, .box_w = 20, .box_h = 16, .ofs_x = 0, .ofs_y = -3},
    {.bitmap_index = 57196, .adv_w = 325, .box_w = 20, .box_h = 16, .ofs_x = 0, .ofs_y = -3},
    {.bitmap_index = 57276, .adv_w = 325, .box_w = 18, .box_h = 16, .ofs_x = 1, .ofs_y = -3},
    {.bitmap_index = 57348, .adv_w = 325, .box_w = 14, .box_h = 17, .ofs_x = 3, .ofs_y = -3},
    {.bitmap_index = 57408, .adv_w = 325, .box_w = 20, .box_h = 17, .ofs_x = 0, .ofs_y = -3},
    {.bitmap_index = 57493, .adv_w = 325, .box_w = 18, .box_h = 13, .ofs_x = 1, .ofs_y = -1},
    {.bitmap_index = 57552, .adv_w = 325, .box_w = 19, .box_h = 15, .ofs_x = 1, .ofs_y = -2},
    {.bitmap_index = 57624, .adv_w = 325, .box_w = 17, .box_h = 17, .ofs_x = 2, .ofs_y = -3},
    {.bitmap_index = 57697, .adv_w = 325, .box_w = 16, .box_h = 16, .ofs_x = 2, .ofs_y = -3},
    {.bitmap_index = 57761, .adv_w = 325, .box_w = 20, .box_h = 15, .ofs_x = 0, .ofs_y = -2},
    {.bitmap_index = 57836, .adv_w = 325, .box_w = 18, .box_h = 17, .ofs_x = 1, .ofs_y = -3},
    {.bitmap_index = 57913, .adv_w = 325, .box_w = 20, .box_h = 15, .ofs_x = 0, .ofs_y = -2},
    {.bitmap_index = 57988, .adv_w = 325, .box_w = 17, .box_h = 17, .ofs_x = 2, .ofs_y = -3},
    {.bitmap_index = 58061, .adv_w = 325, .box_w = 17, .box_h = 17, .ofs_x = 2, .ofs_y = -3},
    {.bitmap_index = 58134, .adv_w = 325, .box_w = 13, .box_h = 17, .ofs_x = 4, .ofs_y = -3},
    {.bitmap_index = 58190, .adv_w = 325, .box_w = 17, .box_h = 17, .ofs_x = 2, .ofs_y = -3},
    {.bitmap_index = 58263, .adv_w = 325, .box_w = 18, .box_h = 17, .ofs_x = 1, .ofs_y = -3},
    {.bitmap_index = 58340, .adv_w = 325, .box_w = 18, .box_h = 17, .ofs_x = 1, .ofs_y = -3},
    {.bitmap_index = 58417, .adv_w = 325, .box_w = 17, .box_h = 17, .ofs_x = 2, .ofs_y = -3},
    {.bitmap_index = 58490, .adv_w = 325, .box_w = 17, .box_h = 17, .ofs_x = 2, .ofs_y = -3},
    {.bitmap_index = 58563, .adv_w = 325, .box_w = 19, .box_h = 13, .ofs_x = 1, .ofs_y = -1},
    {.bitmap_index = 58625, .adv_w = 325, .box_w = 18, .box_h = 17, .ofs_x = 1, .ofs_y = -3},
    {.bitmap_index = 58702, .adv_w = 325, .box_w = 17, .box_h = 17, .ofs_x = 2, .ofs_y = -3},
    {.bitmap_index = 58775, .adv_w = 325, .box_w = 15, .box_h = 17, .ofs_x = 3, .ofs_y = -3},
    {.bitmap_index = 58839, .adv_w = 325, .box_w = 20, .box_h = 15, .ofs_x = 0, .ofs_y = -2},
    {.bitmap_index = 58914, .adv_w = 325, .box_w = 20, .box_h = 17, .ofs_x = 0, .ofs_y = -3},
    {.bitmap_index = 58999, .adv_w = 325, .box_w = 20, .box_h = 17, .ofs_x = 0, .ofs_y = -3},
    {.bitmap_index = 59084, .adv_w = 325, .box_w = 20, .box_h = 15, .ofs_x = 0, .ofs_y = -2},
    {.bitmap_index = 59159, .adv_w = 325, .box_w = 18, .box_h = 17, .ofs_x = 1, .ofs_y = -3},
    {.bitmap_index = 59236, .adv_w = 325, .box_w = 20, .box_h = 14, .ofs_x = 0, .ofs_y = -1},
    {.bitmap_index = 59306, .adv_w = 325, .box_w = 17, .box_h = 17, .ofs_x = 2, .ofs_y = -3},
    {.bitmap_index = 59379, .adv_w = 325, .box_w = 19, .box_h = 13, .ofs_x = 1, .ofs_y = -1},
    {.bitmap_index = 59441, .adv_w = 325, .box_w = 20, .box_h = 17, .ofs_x = 0, .ofs_y = -3},
    {.bitmap_index = 59526, .adv_w = 325, .box_w = 20, .box_h = 13, .ofs_x = 0, .ofs_y = -1},
    {.bitmap_index = 59591, .adv_w = 325, .box_w = 20, .box_h = 16, .ofs_x = 0, .ofs_y = -3},
    {.bitmap_index = 59671, .adv_w = 325, .box_w = 19, .box_h = 15, .ofs_x = 1, .ofs_y = -2},
    {.bitmap_index = 59743, .adv_w = 325, .box_w = 20, .box_h = 17, .ofs_x = 0, .ofs_y = -3},
    {.bitmap_index = 59828, .adv_w = 325, .box_w = 17, .box_h = 17, .ofs_x = 2, .ofs_y = -3},
    {.bitmap_index = 59901, .adv_w = 325, .box_w = 17, .box_h = 17, .ofs_x = 2, .ofs_y = -3},
    {.bitmap_index = 59974, .adv_w = 325, .box_w = 18, .box_h = 17, .ofs_x = 1, .ofs_y = -3},
    {.bitmap_index = 60051, .adv_w = 325, .box_w = 17, .box_h = 17, .ofs_x = 2, .ofs_y = -3},
    {.bitmap_index = 60124, .adv_w = 325, .box_w = 17, .box_h = 17, .ofs_x = 2, .ofs_y = -3},
    {.bitmap_index = 60197, .adv_w = 325, .box_w = 18, .box_h = 17, .ofs_x = 1, .ofs_y = -3},
    {.bitmap_index = 60274, .adv_w = 325, .box_w = 19, .box_h = 15, .ofs_x = 1, .ofs_y = -2},
    {.bitmap_index = 60346, .adv_w = 325, .box_w = 20, .box_h = 10, .ofs_x = 0, .ofs_y = 1},
    {.bitmap_index = 60396, .adv_w = 325, .box_w = 20, .box_h = 9, .ofs_x = 0, .ofs_y = 1},
    {.bitmap_index = 60441, .adv_w = 325, .box_w = 8, .box_h = 17, .ofs_x = 6, .ofs_y = -3},
    {.bitmap_index = 60475, .adv_w = 325, .box_w = 17, .box_h = 17, .ofs_x = 2, .ofs_y = -3},
    {.bitmap_index = 60548, .adv_w = 325, .box_w = 16, .box_h = 17, .ofs_x = 2, .ofs_y = -3},
    {.bitmap_index = 60616, .adv_w = 325, .box_w = 17, .box_h = 17, .ofs_x = 2, .ofs_y = -3},
    {.bitmap_index = 60689, .adv_w = 325, .box_w = 10, .box_h = 17, .ofs_x = 5, .ofs_y = -3},
    {.bitmap_index = 60732, .adv_w = 325, .box_w = 17, .box_h = 17, .ofs_x = 2, .ofs_y = -3},
    {.bitmap_index = 60805, .adv_w = 325, .box_w = 17, .box_h = 17, .ofs_x = 2, .ofs_y = -3},
    {.bitmap_index = 60878, .adv_w = 325, .box_w = 17, .box_h = 17, .ofs_x = 2, .ofs_y = -3},
    {.bitmap_index = 60951, .adv_w = 325, .box_w = 17, .box_h = 17, .ofs_x = 2, .ofs_y = -3},
    {.bitmap_index = 61024, .adv_w = 325, .box_w = 16, .box_h = 17, .ofs_x = 2, .ofs_y = -3},
    {.bitmap_index = 61092, .adv_w = 325, .box_w = 17, .box_h = 17, .ofs_x = 2, .ofs_y = -3},
    {.bitmap_index = 61165, .adv_w = 325, .box_w = 16, .box_h = 17, .ofs_x = 2, .ofs_y = -3},
    {.bitmap_index = 61233, .adv_w = 325, .box_w = 19, .box_h = 13, .ofs_x = 1, .ofs_y = -1},
    {.bitmap_index = 61295, .adv_w = 325, .box_w = 16, .box_h = 17, .ofs_x = 2, .ofs_y = -3},
    {.bitmap_index = 61363, .adv_w = 325, .box_w = 16, .box_h = 17, .ofs_x = 2, .ofs_y = -3},
    {.bitmap_index = 61431, .adv_w = 325, .box_w = 19, .box_h = 17, .ofs_x = 1, .ofs_y = -3},
    {.bitmap_index = 61512, .adv_w = 325, .box_w = 10, .box_h = 17, .ofs_x = 5, .ofs_y = -3},
    {.bitmap_index = 61555, .adv_w = 325, .box_w = 16, .box_h = 17, .ofs_x = 2, .ofs_y = -3},
    {.bitmap_index = 61623, .adv_w = 325, .box_w = 17, .box_h = 17, .ofs_x = 2, .ofs_y = -3},
    {.bitmap_index = 61696, .adv_w = 325, .box_w = 17, .box_h = 17, .ofs_x = 2, .ofs_y = -3},
    {.bitmap_index = 61769, .adv_w = 325, .box_w = 17, .box_h = 17, .ofs_x = 2, .ofs_y = -3},
    {.bitmap_index = 61842, .adv_w = 325, .box_w = 17, .box_h = 17, .ofs_x = 2, .ofs_y = -3},
    {.bitmap_index = 61915, .adv_w = 325, .box_w = 17, .box_h = 17, .ofs_x = 2, .ofs_y = -3},
    {.bitmap_index = 61988, .adv_w = 325, .box_w = 13, .box_h = 17, .ofs_x = 4, .ofs_y = -3},
    {.bitmap_index = 62044, .adv_w = 325, .box_w = 17, .box_h = 17, .ofs_x = 2, .ofs_y = -3},
    {.bitmap_index = 62117, .adv_w = 325, .box_w = 18, .box_h = 17, .ofs_x = 1, .ofs_y = -3},
    {.bitmap_index = 62194, .adv_w = 325, .box_w = 17, .box_h = 15, .ofs_x = 2, .ofs_y = -2},
    {.bitmap_index = 62258, .adv_w = 325, .box_w = 17, .box_h = 17, .ofs_x = 2, .ofs_y = -3},
    {.bitmap_index = 62331, .adv_w = 325, .box_w = 17, .box_h = 17, .ofs_x = 2, .ofs_y = -3},
    {.bitmap_index = 62404, .adv_w = 325, .box_w = 17, .box_h = 17, .ofs_x = 2, .ofs_y = -3},
    {.bitmap_index = 62477, .adv_w = 325, .box_w = 17, .box_h = 17, .ofs_x = 2, .ofs_y = -3},
    {.bitmap_index = 62550, .adv_w = 325, .box_w = 17, .box_h = 17, .ofs_x = 2, .ofs_y = -3},
    {.bitmap_index = 62623, .adv_w = 325, .box_w = 18, .box_h = 17, .ofs_x = 1, .ofs_y = -3},
    {.bitmap_index = 62700, .adv_w = 325, .box_w = 18, .box_h = 13, .ofs_x = 1, .ofs_y = -1},
    {.bitmap_index = 62759, .adv_w = 325, .box_w = 17, .box_h = 17, .ofs_x = 2, .ofs_y = -3},
    {.bitmap_index = 62832, .adv_w = 325, .box_w = 18, .box_h = 16, .ofs_x = 1, .ofs_y = -3},
    {.bitmap_index = 62904, .adv_w = 325, .box_w = 18, .box_h = 13, .ofs_x = 1, .ofs_y = -1},
    {.bitmap_index = 62963, .adv_w = 325, .box_w = 17, .box_h = 17, .ofs_x = 2, .ofs_y = -3},
    {.bitmap_index = 63036, .adv_w = 325, .box_w = 17, .box_h = 17, .ofs_x = 2, .ofs_y = -3},
    {.bitmap_index = 63109, .adv_w = 325, .box_w = 16, .box_h = 17, .ofs_x = 2, .ofs_y = -3},
    {.bitmap_index = 63177, .adv_w = 325, .box_w = 13, .box_h = 17, .ofs_x = 4, .ofs_y = -3},
    {.bitmap_index = 63233, .adv_w = 325, .box_w = 18, .box_h = 17, .ofs_x = 1, .ofs_y = -3},
    {.bitmap_index = 63310, .adv_w = 325, .box_w = 17, .box_h = 17, .ofs_x = 2, .ofs_y = -3},
    {.bitmap_index = 63383, .adv_w = 325, .box_w = 17, .box_h = 17, .ofs_x = 2, .ofs_y = -3},
    {.bitmap_index = 63456, .adv_w = 325, .box_w = 16, .box_h = 17, .ofs_x = 2, .ofs_y = -3},
    {.bitmap_index = 63524, .adv_w = 325, .box_w = 17, .box_h = 17, .ofs_x = 2, .ofs_y = -3},
    {.bitmap_index = 63597, .adv_w = 325, .box_w = 17, .box_h = 17, .ofs_x = 2, .ofs_y = -3},
    {.bitmap_index = 63670, .adv_w = 325, .box_w = 18, .box_h = 17, .ofs_x = 1, .ofs_y = -3},
    {.bitmap_index = 63747, .adv_w = 325, .box_w = 14, .box_h = 17, .ofs_x = 3, .ofs_y = -3},
    {.bitmap_index = 63807, .adv_w = 325, .box_w = 12, .box_h = 17, .ofs_x = 4, .ofs_y = -3},
    {.bitmap_index = 63858, .adv_w = 325, .box_w = 17, .box_h = 17, .ofs_x = 2, .ofs_y = -3},
    {.bitmap_index = 63931, .adv_w = 325, .box_w = 17, .box_h = 17, .ofs_x = 2, .ofs_y = -3},
    {.bitmap_index = 64004, .adv_w = 325, .box_w = 20, .box_h = 13, .ofs_x = 0, .ofs_y = -1},
    {.bitmap_index = 64069, .adv_w = 325, .box_w = 20, .box_h = 17, .ofs_x = 0, .ofs_y = -3},
    {.bitmap_index = 64154, .adv_w = 325, .box_w = 20, .box_h = 17, .ofs_x = 0, .ofs_y = -3},
    {.bitmap_index = 64239, .adv_w = 325, .box_w = 18, .box_h = 17, .ofs_x = 1, .ofs_y = -3},
    {.bitmap_index = 64316, .adv_w = 325, .box_w = 17, .box_h = 13, .ofs_x = 2, .ofs_y = -1},
    {.bitmap_index = 64372, .adv_w = 325, .box_w = 18, .box_h = 17, .ofs_x = 1, .ofs_y = -3},
    {.bitmap_index = 64449, .adv_w = 325, .box_w = 17, .box_h = 17, .ofs_x = 2, .ofs_y = -3},
    {.bitmap_index = 64522, .adv_w = 325, .box_w = 18, .box_h = 17, .ofs_x = 1, .ofs_y = -3},
    {.bitmap_index = 64599, .adv_w = 325, .box_w = 20, .box_h = 15, .ofs_x = 0, .ofs_y = -2},
    {.bitmap_index = 64674, .adv_w = 325, .box_w = 20, .box_h = 15, .ofs_x = 0, .ofs_y = -2},
    {.bitmap_index = 64749, .adv_w = 325, .box_w = 17, .box_h = 13, .ofs_x = 2, .ofs_y = -1},
    {.bitmap_index = 64805, .adv_w = 325, .box_w = 19, .box_h = 13, .ofs_x = 1, .ofs_y = -1},
    {.bitmap_index = 64867, .adv_w = 325, .box_w = 20, .box_h = 17, .ofs_x = 0, .ofs_y = -3},
    {.bitmap_index = 64952, .adv_w = 325, .box_w = 20, .box_h = 14, .ofs_x = 0, .ofs_y = -1},
    {.bitmap_index = 65022, .adv_w = 325, .box_w = 18, .box_h = 17, .ofs_x = 1, .ofs_y = -3},
    {.bitmap_index = 65099, .adv_w = 325, .box_w = 17, .box_h = 17, .ofs_x = 2, .ofs_y = -3},
    {.bitmap_index = 65172, .adv_w = 325, .box_w = 17, .box_h = 17, .ofs_x = 2, .ofs_y = -3},
    {.bitmap_index = 65245, .adv_w = 325, .box_w = 17, .box_h = 17, .ofs_x = 2, .ofs_y = -3},
    {.bitmap_index = 65318, .adv_w = 325, .box_w = 17, .box_h = 17, .ofs_x = 2, .ofs_y = -3},
    {.bitmap_index = 65391, .adv_w = 325, .box_w = 17, .box_h = 17, .ofs_x = 2, .ofs_y = -3},
    {.bitmap_index = 65464, .adv_w = 325, .box_w = 17, .box_h = 17, .ofs_x = 2, .ofs_y = -3},
    {.bitmap_index = 65537, .adv_w = 325, .box_w = 17, .box_h = 17, .ofs_x = 2, .ofs_y = -3},
    {.bitmap_index = 65610, .adv_w = 325, .box_w = 17, .box_h = 17, .ofs_x = 2, .ofs_y = -3},
    {.bitmap_index = 65683, .adv_w = 325, .box_w = 17, .box_h = 17, .ofs_x = 2, .ofs_y = -3},
    {.bitmap_index = 65756, .adv_w = 325, .box_w = 17, .box_h = 17, .ofs_x = 2, .ofs_y = -3},
    {.bitmap_index = 65829, .adv_w = 325, .box_w = 17, .box_h = 17, .ofs_x = 2, .ofs_y = -3},
    {.bitmap_index = 65902, .adv_w = 325, .box_w = 17, .box_h = 17, .ofs_x = 2, .ofs_y = -3},
    {.bitmap_index = 65975, .adv_w = 325, .box_w = 16, .box_h = 11, .ofs_x = 2, .ofs_y = 0},
    {.bitmap_index = 66019, .adv_w = 325, .box_w = 15, .box_h = 17, .ofs_x = 2, .ofs_y = -3},
    {.bitmap_index = 66083, .adv_w = 325, .box_w = 18, .box_h = 17, .ofs_x = 1, .ofs_y = -3},
    {.bitmap_index = 66160, .adv_w = 325, .box_w = 18, .box_h = 17, .ofs_x = 1, .ofs_y = -3},
    {.bitmap_index = 66237, .adv_w = 325, .box_w = 18, .box_h = 16, .ofs_x = 1, .ofs_y = -3},
    {.bitmap_index = 66309, .adv_w = 325, .box_w = 17, .box_h = 17, .ofs_x = 2, .ofs_y = -3},
    {.bitmap_index = 66382, .adv_w = 325, .box_w = 17, .box_h = 17, .ofs_x = 2, .ofs_y = -3},
    {.bitmap_index = 66455, .adv_w = 325, .box_w = 18, .box_h = 17, .ofs_x = 1, .ofs_y = -3},
    {.bitmap_index = 66532, .adv_w = 325, .box_w = 18, .box_h = 17, .ofs_x = 1, .ofs_y = -3},
    {.bitmap_index = 66609, .adv_w = 325, .box_w = 17, .box_h = 17, .ofs_x = 2, .ofs_y = -3},
    {.bitmap_index = 66682, .adv_w = 325, .box_w = 17, .box_h = 17, .ofs_x = 2, .ofs_y = -3},
    {.bitmap_index = 66755, .adv_w = 325, .box_w = 17, .box_h = 17, .ofs_x = 2, .ofs_y = -3},
    {.bitmap_index = 66828, .adv_w = 325, .box_w = 20, .box_h = 17, .ofs_x = 0, .ofs_y = -3},
    {.bitmap_index = 66913, .adv_w = 325, .box_w = 13, .box_h = 17, .ofs_x = 4, .ofs_y = -3},
    {.bitmap_index = 66969, .adv_w = 325, .box_w = 16, .box_h = 17, .ofs_x = 2, .ofs_y = -3},
    {.bitmap_index = 67037, .adv_w = 325, .box_w = 13, .box_h = 17, .ofs_x = 4, .ofs_y = -3},
    {.bitmap_index = 67093, .adv_w = 325, .box_w = 18, .box_h = 14, .ofs_x = 1, .ofs_y = -1},
    {.bitmap_index = 67156, .adv_w = 325, .box_w = 19, .box_h = 14, .ofs_x = 1, .ofs_y = -1},
    {.bitmap_index = 67223, .adv_w = 325, .box_w = 18, .box_h = 13, .ofs_x = 1, .ofs_y = -1},
    {.bitmap_index = 67282, .adv_w = 325, .box_w = 12, .box_h = 17, .ofs_x = 4, .ofs_y = -3},
    {.bitmap_index = 67333, .adv_w = 325, .box_w = 16, .box_h = 17, .ofs_x = 2, .ofs_y = -3},
    {.bitmap_index = 67401, .adv_w = 325, .box_w = 17, .box_h = 17, .ofs_x = 2, .ofs_y = -3},
    {.bitmap_index = 67474, .adv_w = 325, .box_w = 19, .box_h = 17, .ofs_x = 1, .ofs_y = -3},
    {.bitmap_index = 67555, .adv_w = 325, .box_w = 17, .box_h = 17, .ofs_x = 2, .ofs_y = -3},
    {.bitmap_index = 67628, .adv_w = 325, .box_w = 17, .box_h = 17, .ofs_x = 2, .ofs_y = -3},
    {.bitmap_index = 67701, .adv_w = 325, .box_w = 17, .box_h = 17, .ofs_x = 2, .ofs_y = -3},
    {.bitmap_index = 67774, .adv_w = 325, .box_w = 18, .box_h = 17, .ofs_x = 1, .ofs_y = -3},
    {.bitmap_index = 67851, .adv_w = 325, .box_w = 18, .box_h = 15, .ofs_x = 1, .ofs_y = -2},
    {.bitmap_index = 67919, .adv_w = 325, .box_w = 18, .box_h = 17, .ofs_x = 1, .ofs_y = -3},
    {.bitmap_index = 67996, .adv_w = 325, .box_w = 17, .box_h = 17, .ofs_x = 2, .ofs_y = -3},
    {.bitmap_index = 68069, .adv_w = 325, .box_w = 17, .box_h = 17, .ofs_x = 2, .ofs_y = -3},
    {.bitmap_index = 68142, .adv_w = 325, .box_w = 17, .box_h = 17, .ofs_x = 2, .ofs_y = -3},
    {.bitmap_index = 68215, .adv_w = 325, .box_w = 16, .box_h = 17, .ofs_x = 2, .ofs_y = -3},
    {.bitmap_index = 68283, .adv_w = 325, .box_w = 17, .box_h = 17, .ofs_x = 2, .ofs_y = -3},
    {.bitmap_index = 68356, .adv_w = 325, .box_w = 17, .box_h = 17, .ofs_x = 2, .ofs_y = -3},
    {.bitmap_index = 68429, .adv_w = 325, .box_w = 17, .box_h = 17, .ofs_x = 2, .ofs_y = -3},
    {.bitmap_index = 68502, .adv_w = 325, .box_w = 18, .box_h = 17, .ofs_x = 1, .ofs_y = -3},
    {.bitmap_index = 68579, .adv_w = 325, .box_w = 12, .box_h = 17, .ofs_x = 4, .ofs_y = -3},
    {.bitmap_index = 68630, .adv_w = 325, .box_w = 12, .box_h = 17, .ofs_x = 4, .ofs_y = -3},
    {.bitmap_index = 68681, .adv_w = 325, .box_w = 18, .box_h = 15, .ofs_x = 1, .ofs_y = -2},
    {.bitmap_index = 68749, .adv_w = 325, .box_w = 15, .box_h = 17, .ofs_x = 3, .ofs_y = -3},
    {.bitmap_index = 68813, .adv_w = 325, .box_w = 14, .box_h = 17, .ofs_x = 3, .ofs_y = -3},
    {.bitmap_index = 68873, .adv_w = 325, .box_w = 12, .box_h = 17, .ofs_x = 4, .ofs_y = -3},
    {.bitmap_index = 68924, .adv_w = 325, .box_w = 14, .box_h = 17, .ofs_x = 3, .ofs_y = -3},
    {.bitmap_index = 68984, .adv_w = 325, .box_w = 20, .box_h = 15, .ofs_x = 0, .ofs_y = -2},
    {.bitmap_index = 69059, .adv_w = 325, .box_w = 17, .box_h = 17, .ofs_x = 2, .ofs_y = -3},
    {.bitmap_index = 69132, .adv_w = 325, .box_w = 14, .box_h = 17, .ofs_x = 3, .ofs_y = -3},
    {.bitmap_index = 69192, .adv_w = 325, .box_w = 18, .box_h = 17, .ofs_x = 1, .ofs_y = -3},
    {.bitmap_index = 69269, .adv_w = 325, .box_w = 18, .box_h = 15, .ofs_x = 1, .ofs_y = -2},
    {.bitmap_index = 69337, .adv_w = 325, .box_w = 18, .box_h = 17, .ofs_x = 1, .ofs_y = -3},
    {.bitmap_index = 69414, .adv_w = 325, .box_w = 12, .box_h = 17, .ofs_x = 4, .ofs_y = -3},
    {.bitmap_index = 69465, .adv_w = 325, .box_w = 17, .box_h = 17, .ofs_x = 2, .ofs_y = -3},
    {.bitmap_index = 69538, .adv_w = 325, .box_w = 14, .box_h = 17, .ofs_x = 3, .ofs_y = -3},
    {.bitmap_index = 69598, .adv_w = 325, .box_w = 16, .box_h = 17, .ofs_x = 2, .ofs_y = -3},
    {.bitmap_index = 69666, .adv_w = 325, .box_w = 18, .box_h = 17, .ofs_x = 1, .ofs_y = -3},
    {.bitmap_index = 69743, .adv_w = 325, .box_w = 14, .box_h = 17, .ofs_x = 3, .ofs_y = -3},
    {.bitmap_index = 69803, .adv_w = 325, .box_w = 17, .box_h = 17, .ofs_x = 2, .ofs_y = -3},
    {.bitmap_index = 69876, .adv_w = 325, .box_w = 20, .box_h = 13, .ofs_x = 0, .ofs_y = -1},
    {.bitmap_index = 69941, .adv_w = 325, .box_w = 11, .box_h = 17, .ofs_x = 5, .ofs_y = -3},
    {.bitmap_index = 69988, .adv_w = 325, .box_w = 11, .box_h = 17, .ofs_x = 5, .ofs_y = -3},
    {.bitmap_index = 70035, .adv_w = 325, .box_w = 11, .box_h = 17, .ofs_x = 5, .ofs_y = -3},
    {.bitmap_index = 70082, .adv_w = 325, .box_w = 12, .box_h = 17, .ofs_x = 4, .ofs_y = -3},
    {.bitmap_index = 70133, .adv_w = 325, .box_w = 18, .box_h = 17, .ofs_x = 1, .ofs_y = -3},
    {.bitmap_index = 70210, .adv_w = 325, .box_w = 20, .box_h = 17, .ofs_x = 0, .ofs_y = -3},
    {.bitmap_index = 70295, .adv_w = 325, .box_w = 18, .box_h = 17, .ofs_x = 1, .ofs_y = -3},
    {.bitmap_index = 70372, .adv_w = 325, .box_w = 17, .box_h = 17, .ofs_x = 2, .ofs_y = -3},
    {.bitmap_index = 70445, .adv_w = 325, .box_w = 15, .box_h = 17, .ofs_x = 3, .ofs_y = -3},
    {.bitmap_index = 70509, .adv_w = 325, .box_w = 18, .box_h = 17, .ofs_x = 1, .ofs_y = -3},
    {.bitmap_index = 70586, .adv_w = 325, .box_w = 17, .box_h = 17, .ofs_x = 2, .ofs_y = -3},
    {.bitmap_index = 70659, .adv_w = 325, .box_w = 17, .box_h = 15, .ofs_x = 2, .ofs_y = -2},
    {.bitmap_index = 70723, .adv_w = 325, .box_w = 20, .box_h = 15, .ofs_x = 0, .ofs_y = -2},
    {.bitmap_index = 70798, .adv_w = 325, .box_w = 18, .box_h = 17, .ofs_x = 1, .ofs_y = -3},
    {.bitmap_index = 70875, .adv_w = 325, .box_w = 18, .box_h = 15, .ofs_x = 1, .ofs_y = -2},
    {.bitmap_index = 70943, .adv_w = 325, .box_w = 16, .box_h = 16, .ofs_x = 2, .ofs_y = -3},
    {.bitmap_index = 71007, .adv_w = 325, .box_w = 19, .box_h = 17, .ofs_x = 1, .ofs_y = -3},
    {.bitmap_index = 71088, .adv_w = 325, .box_w = 17, .box_h = 17, .ofs_x = 2, .ofs_y = -3},
    {.bitmap_index = 71161, .adv_w = 325, .box_w = 17, .box_h = 17, .ofs_x = 2, .ofs_y = -3},
    {.bitmap_index = 71234, .adv_w = 325, .box_w = 13, .box_h = 17, .ofs_x = 4, .ofs_y = -3},
    {.bitmap_index = 71290, .adv_w = 325, .box_w = 11, .box_h = 17, .ofs_x = 5, .ofs_y = -3},
    {.bitmap_index = 71337, .adv_w = 325, .box_w = 18, .box_h = 17, .ofs_x = 1, .ofs_y = -3},
    {.bitmap_index = 71414, .adv_w = 325, .box_w = 17, .box_h = 17, .ofs_x = 2, .ofs_y = -3},
    {.bitmap_index = 71487, .adv_w = 325, .box_w = 16, .box_h = 17, .ofs_x = 2, .ofs_y = -3},
    {.bitmap_index = 71555, .adv_w = 325, .box_w = 16, .box_h = 14, .ofs_x = 2, .ofs_y = -1},
    {.bitmap_index = 71611, .adv_w = 325, .box_w = 17, .box_h = 17, .ofs_x = 2, .ofs_y = -3},
    {.bitmap_index = 71684, .adv_w = 325, .box_w = 16, .box_h = 17, .ofs_x = 2, .ofs_y = -3},
    {.bitmap_index = 71752, .adv_w = 325, .box_w = 18, .box_h = 17, .ofs_x = 1, .ofs_y = -3},
    {.bitmap_index = 71829, .adv_w = 325, .box_w = 19, .box_h = 17, .ofs_x = 1, .ofs_y = -3},
    {.bitmap_index = 71910, .adv_w = 325, .box_w = 12, .box_h = 17, .ofs_x = 4, .ofs_y = -3},
    {.bitmap_index = 71961, .adv_w = 325, .box_w = 17, .box_h = 17, .ofs_x = 2, .ofs_y = -3},
    {.bitmap_index = 72034, .adv_w = 325, .box_w = 17, .box_h = 17, .ofs_x = 2, .ofs_y = -3},
    {.bitmap_index = 72107, .adv_w = 325, .box_w = 18, .box_h = 17, .ofs_x = 1, .ofs_y = -3},
    {.bitmap_index = 72184, .adv_w = 325, .box_w = 19, .box_h = 17, .ofs_x = 1, .ofs_y = -3},
    {.bitmap_index = 72265, .adv_w = 325, .box_w = 18, .box_h = 17, .ofs_x = 1, .ofs_y = -3},
    {.bitmap_index = 72342, .adv_w = 325, .box_w = 19, .box_h = 17, .ofs_x = 1, .ofs_y = -3},
    {.bitmap_index = 72423, .adv_w = 325, .box_w = 10, .box_h = 17, .ofs_x = 5, .ofs_y = -3},
    {.bitmap_index = 72466, .adv_w = 325, .box_w = 15, .box_h = 17, .ofs_x = 3, .ofs_y = -3},
    {.bitmap_index = 72530, .adv_w = 325, .box_w = 17, .box_h = 17, .ofs_x = 2, .ofs_y = -3},
    {.bitmap_index = 72603, .adv_w = 325, .box_w = 17, .box_h = 17, .ofs_x = 2, .ofs_y = -3},
    {.bitmap_index = 72676, .adv_w = 325, .box_w = 20, .box_h = 16, .ofs_x = 0, .ofs_y = -3},
    {.bitmap_index = 72756, .adv_w = 325, .box_w = 20, .box_h = 18, .ofs_x = 0, .ofs_y = -4},
    {.bitmap_index = 72846, .adv_w = 325, .box_w = 17, .box_h = 17, .ofs_x = 2, .ofs_y = -3},
    {.bitmap_index = 72919, .adv_w = 325, .box_w = 17, .box_h = 17, .ofs_x = 2, .ofs_y = -3},
    {.bitmap_index = 72992, .adv_w = 325, .box_w = 17, .box_h = 17, .ofs_x = 2, .ofs_y = -3},
    {.bitmap_index = 73065, .adv_w = 325, .box_w = 17, .box_h = 17, .ofs_x = 2, .ofs_y = -3},
    {.bitmap_index = 73138, .adv_w = 325, .box_w = 19, .box_h = 17, .ofs_x = 1, .ofs_y = -3},
    {.bitmap_index = 73219, .adv_w = 325, .box_w = 20, .box_h = 18, .ofs_x = 1, .ofs_y = -4},
    {.bitmap_index = 73309, .adv_w = 325, .box_w = 17, .box_h = 17, .ofs_x = 2, .ofs_y = -3},
    {.bitmap_index = 73382, .adv_w = 325, .box_w = 18, .box_h = 17, .ofs_x = 1, .ofs_y = -3},
    {.bitmap_index = 73459, .adv_w = 325, .box_w = 17, .box_h = 17, .ofs_x = 2, .ofs_y = -3},
    {.bitmap_index = 73532, .adv_w = 325, .box_w = 17, .box_h = 17, .ofs_x = 2, .ofs_y = -3},
    {.bitmap_index = 73605, .adv_w = 325, .box_w = 14, .box_h = 17, .ofs_x = 3, .ofs_y = -3},
    {.bitmap_index = 73665, .adv_w = 325, .box_w = 17, .box_h = 17, .ofs_x = 2, .ofs_y = -3},
    {.bitmap_index = 73738, .adv_w = 325, .box_w = 19, .box_h = 14, .ofs_x = 1, .ofs_y = -1},
    {.bitmap_index = 73805, .adv_w = 325, .box_w = 19, .box_h = 17, .ofs_x = 1, .ofs_y = -3},
    {.bitmap_index = 73886, .adv_w = 325, .box_w = 18, .box_h = 9, .ofs_x = 1, .ofs_y = 1},
    {.bitmap_index = 73927, .adv_w = 325, .box_w = 19, .box_h = 17, .ofs_x = 1, .ofs_y = -3},
    {.bitmap_index = 74008, .adv_w = 325, .box_w = 16, .box_h = 17, .ofs_x = 2, .ofs_y = -3},
    {.bitmap_index = 74076, .adv_w = 325, .box_w = 16, .box_h = 17, .ofs_x = 2, .ofs_y = -3},
    {.bitmap_index = 74144, .adv_w = 325, .box_w = 18, .box_h = 17, .ofs_x = 1, .ofs_y = -3},
    {.bitmap_index = 74221, .adv_w = 325, .box_w = 17, .box_h = 17, .ofs_x = 2, .ofs_y = -3},
    {.bitmap_index = 74294, .adv_w = 325, .box_w = 16, .box_h = 17, .ofs_x = 2, .ofs_y = -3},
    {.bitmap_index = 74362, .adv_w = 325, .box_w = 16, .box_h = 17, .ofs_x = 2, .ofs_y = -3},
    {.bitmap_index = 74430, .adv_w = 325, .box_w = 20, .box_h = 13, .ofs_x = 0, .ofs_y = -1},
    {.bitmap_index = 74495, .adv_w = 325, .box_w = 18, .box_h = 17, .ofs_x = 1, .ofs_y = -3},
    {.bitmap_index = 74572, .adv_w = 325, .box_w = 14, .box_h = 17, .ofs_x = 3, .ofs_y = -3},
    {.bitmap_index = 74632, .adv_w = 325, .box_w = 18, .box_h = 17, .ofs_x = 1, .ofs_y = -3},
    {.bitmap_index = 74709, .adv_w = 325, .box_w = 19, .box_h = 17, .ofs_x = 1, .ofs_y = -3},
    {.bitmap_index = 74790, .adv_w = 325, .box_w = 12, .box_h = 17, .ofs_x = 4, .ofs_y = -3},
    {.bitmap_index = 74841, .adv_w = 325, .box_w = 15, .box_h = 17, .ofs_x = 3, .ofs_y = -3},
    {.bitmap_index = 74905, .adv_w = 325, .box_w = 14, .box_h = 17, .ofs_x = 3, .ofs_y = -3},
    {.bitmap_index = 74965, .adv_w = 325, .box_w = 20, .box_h = 17, .ofs_x = 0, .ofs_y = -3},
    {.bitmap_index = 75050, .adv_w = 325, .box_w = 20, .box_h = 17, .ofs_x = 0, .ofs_y = -3},
    {.bitmap_index = 75135, .adv_w = 325, .box_w = 18, .box_h = 17, .ofs_x = 1, .ofs_y = -3},
    {.bitmap_index = 75212, .adv_w = 325, .box_w = 15, .box_h = 17, .ofs_x = 3, .ofs_y = -3},
    {.bitmap_index = 75276, .adv_w = 325, .box_w = 17, .box_h = 17, .ofs_x = 2, .ofs_y = -3},
    {.bitmap_index = 75349, .adv_w = 325, .box_w = 20, .box_h = 17, .ofs_x = 0, .ofs_y = -3},
    {.bitmap_index = 75434, .adv_w = 325, .box_w = 17, .box_h = 17, .ofs_x = 2, .ofs_y = -3},
    {.bitmap_index = 75507, .adv_w = 325, .box_w = 20, .box_h = 17, .ofs_x = 0, .ofs_y = -3},
    {.bitmap_index = 75592, .adv_w = 325, .box_w = 19, .box_h = 17, .ofs_x = 1, .ofs_y = -3},
    {.bitmap_index = 75673, .adv_w = 325, .box_w = 18, .box_h = 15, .ofs_x = 1, .ofs_y = -2},
    {.bitmap_index = 75741, .adv_w = 325, .box_w = 17, .box_h = 17, .ofs_x = 2, .ofs_y = -3},
    {.bitmap_index = 75814, .adv_w = 325, .box_w = 17, .box_h = 17, .ofs_x = 2, .ofs_y = -3},
    {.bitmap_index = 75887, .adv_w = 325, .box_w = 20, .box_h = 15, .ofs_x = 0, .ofs_y = -2},
    {.bitmap_index = 75962, .adv_w = 325, .box_w = 15, .box_h = 17, .ofs_x = 3, .ofs_y = -3},
    {.bitmap_index = 76026, .adv_w = 325, .box_w = 21, .box_h = 17, .ofs_x = 0, .ofs_y = -3},
    {.bitmap_index = 76116, .adv_w = 325, .box_w = 15, .box_h = 17, .ofs_x = 3, .ofs_y = -3},
    {.bitmap_index = 76180, .adv_w = 325, .box_w = 19, .box_h = 17, .ofs_x = 1, .ofs_y = -3},
    {.bitmap_index = 76261, .adv_w = 325, .box_w = 17, .box_h = 17, .ofs_x = 2, .ofs_y = -3},
    {.bitmap_index = 76334, .adv_w = 325, .box_w = 20, .box_h = 12, .ofs_x = 0, .ofs_y = 0},
    {.bitmap_index = 76394, .adv_w = 325, .box_w = 20, .box_h = 17, .ofs_x = 0, .ofs_y = -3},
    {.bitmap_index = 76479, .adv_w = 325, .box_w = 18, .box_h = 17, .ofs_x = 1, .ofs_y = -3},
    {.bitmap_index = 76556, .adv_w = 325, .box_w = 17, .box_h = 17, .ofs_x = 2, .ofs_y = -3},
    {.bitmap_index = 76629, .adv_w = 325, .box_w = 17, .box_h = 17, .ofs_x = 2, .ofs_y = -3},
    {.bitmap_index = 76702, .adv_w = 325, .box_w = 20, .box_h = 17, .ofs_x = 0, .ofs_y = -3},
    {.bitmap_index = 76787, .adv_w = 325, .box_w = 18, .box_h = 17, .ofs_x = 1, .ofs_y = -3},
    {.bitmap_index = 76864, .adv_w = 325, .box_w = 16, .box_h = 17, .ofs_x = 2, .ofs_y = -3},
    {.bitmap_index = 76932, .adv_w = 325, .box_w = 15, .box_h = 18, .ofs_x = 3, .ofs_y = -4},
    {.bitmap_index = 77000, .adv_w = 325, .box_w = 17, .box_h = 17, .ofs_x = 2, .ofs_y = -3},
    {.bitmap_index = 77073, .adv_w = 325, .box_w = 17, .box_h = 17, .ofs_x = 2, .ofs_y = -3},
    {.bitmap_index = 77146, .adv_w = 325, .box_w = 18, .box_h = 17, .ofs_x = 1, .ofs_y = -3},
    {.bitmap_index = 77223, .adv_w = 325, .box_w = 19, .box_h = 17, .ofs_x = 1, .ofs_y = -3},
    {.bitmap_index = 77304, .adv_w = 325, .box_w = 18, .box_h = 17, .ofs_x = 1, .ofs_y = -3},
    {.bitmap_index = 77381, .adv_w = 325, .box_w = 17, .box_h = 17, .ofs_x = 2, .ofs_y = -3},
    {.bitmap_index = 77454, .adv_w = 325, .box_w = 17, .box_h = 17, .ofs_x = 2, .ofs_y = -3},
    {.bitmap_index = 77527, .adv_w = 325, .box_w = 17, .box_h = 17, .ofs_x = 2, .ofs_y = -3},
    {.bitmap_index = 77600, .adv_w = 325, .box_w = 17, .box_h = 17, .ofs_x = 2, .ofs_y = -3},
    {.bitmap_index = 77673, .adv_w = 325, .box_w = 17, .box_h = 17, .ofs_x = 2, .ofs_y = -3},
    {.bitmap_index = 77746, .adv_w = 325, .box_w = 17, .box_h = 17, .ofs_x = 2, .ofs_y = -3},
    {.bitmap_index = 77819, .adv_w = 325, .box_w = 16, .box_h = 17, .ofs_x = 2, .ofs_y = -3},
    {.bitmap_index = 77887, .adv_w = 325, .box_w = 17, .box_h = 17, .ofs_x = 2, .ofs_y = -3},
    {.bitmap_index = 77960, .adv_w = 325, .box_w = 13, .box_h = 17, .ofs_x = 4, .ofs_y = -3},
    {.bitmap_index = 78016, .adv_w = 325, .box_w = 19, .box_h = 17, .ofs_x = 1, .ofs_y = -3},
    {.bitmap_index = 78097, .adv_w = 325, .box_w = 18, .box_h = 17, .ofs_x = 1, .ofs_y = -3},
    {.bitmap_index = 78174, .adv_w = 325, .box_w = 15, .box_h = 17, .ofs_x = 3, .ofs_y = -3},
    {.bitmap_index = 78238, .adv_w = 325, .box_w = 14, .box_h = 17, .ofs_x = 3, .ofs_y = -3},
    {.bitmap_index = 78298, .adv_w = 325, .box_w = 14, .box_h = 17, .ofs_x = 3, .ofs_y = -3},
    {.bitmap_index = 78358, .adv_w = 325, .box_w = 18, .box_h = 16, .ofs_x = 1, .ofs_y = -3},
    {.bitmap_index = 78430, .adv_w = 325, .box_w = 17, .box_h = 17, .ofs_x = 2, .ofs_y = -3},
    {.bitmap_index = 78503, .adv_w = 325, .box_w = 12, .box_h = 17, .ofs_x = 4, .ofs_y = -3},
    {.bitmap_index = 78554, .adv_w = 325, .box_w = 18, .box_h = 15, .ofs_x = 1, .ofs_y = -2},
    {.bitmap_index = 78622, .adv_w = 325, .box_w = 14, .box_h = 17, .ofs_x = 3, .ofs_y = -3},
    {.bitmap_index = 78682, .adv_w = 325, .box_w = 11, .box_h = 17, .ofs_x = 5, .ofs_y = -3},
    {.bitmap_index = 78729, .adv_w = 325, .box_w = 12, .box_h = 17, .ofs_x = 4, .ofs_y = -3},
    {.bitmap_index = 78780, .adv_w = 325, .box_w = 14, .box_h = 17, .ofs_x = 3, .ofs_y = -3},
    {.bitmap_index = 78840, .adv_w = 325, .box_w = 15, .box_h = 17, .ofs_x = 3, .ofs_y = -3},
    {.bitmap_index = 78904, .adv_w = 325, .box_w = 19, .box_h = 16, .ofs_x = 1, .ofs_y = -3},
    {.bitmap_index = 78980, .adv_w = 325, .box_w = 20, .box_h = 16, .ofs_x = 0, .ofs_y = -3},
    {.bitmap_index = 79060, .adv_w = 325, .box_w = 20, .box_h = 13, .ofs_x = 0, .ofs_y = -1},
    {.bitmap_index = 79125, .adv_w = 325, .box_w = 13, .box_h = 17, .ofs_x = 4, .ofs_y = -3},
    {.bitmap_index = 79181, .adv_w = 325, .box_w = 17, .box_h = 17, .ofs_x = 2, .ofs_y = -3},
    {.bitmap_index = 79254, .adv_w = 325, .box_w = 12, .box_h = 17, .ofs_x = 4, .ofs_y = -3},
    {.bitmap_index = 79305, .adv_w = 325, .box_w = 18, .box_h = 17, .ofs_x = 1, .ofs_y = -3},
    {.bitmap_index = 79382, .adv_w = 325, .box_w = 10, .box_h = 17, .ofs_x = 5, .ofs_y = -3},
    {.bitmap_index = 79425, .adv_w = 325, .box_w = 11, .box_h = 17, .ofs_x = 5, .ofs_y = -3},
    {.bitmap_index = 79472, .adv_w = 325, .box_w = 20, .box_h = 16, .ofs_x = 0, .ofs_y = -3},
    {.bitmap_index = 79552, .adv_w = 325, .box_w = 17, .box_h = 17, .ofs_x = 2, .ofs_y = -3},
    {.bitmap_index = 79625, .adv_w = 325, .box_w = 15, .box_h = 17, .ofs_x = 3, .ofs_y = -3},
    {.bitmap_index = 79689, .adv_w = 325, .box_w = 14, .box_h = 17, .ofs_x = 3, .ofs_y = -3},
    {.bitmap_index = 79749, .adv_w = 325, .box_w = 14, .box_h = 17, .ofs_x = 3, .ofs_y = -3},
    {.bitmap_index = 79809, .adv_w = 325, .box_w = 14, .box_h = 17, .ofs_x = 3, .ofs_y = -3},
    {.bitmap_index = 79869, .adv_w = 325, .box_w = 13, .box_h = 17, .ofs_x = 4, .ofs_y = -3},
    {.bitmap_index = 79925, .adv_w = 325, .box_w = 14, .box_h = 17, .ofs_x = 3, .ofs_y = -3},
    {.bitmap_index = 79985, .adv_w = 325, .box_w = 13, .box_h = 17, .ofs_x = 4, .ofs_y = -3},
    {.bitmap_index = 80041, .adv_w = 325, .box_w = 15, .box_h = 17, .ofs_x = 3, .ofs_y = -3},
    {.bitmap_index = 80105, .adv_w = 325, .box_w = 18, .box_h = 17, .ofs_x = 1, .ofs_y = -3},
    {.bitmap_index = 80182, .adv_w = 325, .box_w = 19, .box_h = 15, .ofs_x = 1, .ofs_y = -2},
    {.bitmap_index = 80254, .adv_w = 325, .box_w = 20, .box_h = 17, .ofs_x = 0, .ofs_y = -3},
    {.bitmap_index = 80339, .adv_w = 325, .box_w = 18, .box_h = 17, .ofs_x = 1, .ofs_y = -3},
    {.bitmap_index = 80416, .adv_w = 325, .box_w = 16, .box_h = 17, .ofs_x = 2, .ofs_y = -3},
    {.bitmap_index = 80484, .adv_w = 325, .box_w = 18, .box_h = 17, .ofs_x = 1, .ofs_y = -3},
    {.bitmap_index = 80561, .adv_w = 325, .box_w = 14, .box_h = 17, .ofs_x = 3, .ofs_y = -3},
    {.bitmap_index = 80621, .adv_w = 325, .box_w = 18, .box_h = 15, .ofs_x = 1, .ofs_y = -2},
    {.bitmap_index = 80689, .adv_w = 325, .box_w = 18, .box_h = 17, .ofs_x = 1, .ofs_y = -3},
    {.bitmap_index = 80766, .adv_w = 325, .box_w = 18, .box_h = 14, .ofs_x = 1, .ofs_y = -1},
    {.bitmap_index = 80829, .adv_w = 325, .box_w = 13, .box_h = 17, .ofs_x = 4, .ofs_y = -3},
    {.bitmap_index = 80885, .adv_w = 325, .box_w = 20, .box_h = 17, .ofs_x = 0, .ofs_y = -3},
    {.bitmap_index = 80970, .adv_w = 325, .box_w = 20, .box_h = 17, .ofs_x = 0, .ofs_y = -3},
    {.bitmap_index = 81055, .adv_w = 325, .box_w = 16, .box_h = 17, .ofs_x = 2, .ofs_y = -3},
    {.bitmap_index = 81123, .adv_w = 325, .box_w = 13, .box_h = 17, .ofs_x = 4, .ofs_y = -3},
    {.bitmap_index = 81179, .adv_w = 325, .box_w = 19, .box_h = 17, .ofs_x = 1, .ofs_y = -3},
    {.bitmap_index = 81260, .adv_w = 325, .box_w = 16, .box_h = 17, .ofs_x = 2, .ofs_y = -3},
    {.bitmap_index = 81328, .adv_w = 325, .box_w = 20, .box_h = 17, .ofs_x = 0, .ofs_y = -3},
    {.bitmap_index = 81413, .adv_w = 325, .box_w = 19, .box_h = 11, .ofs_x = 1, .ofs_y = 0},
    {.bitmap_index = 81466, .adv_w = 325, .box_w = 10, .box_h = 17, .ofs_x = 5, .ofs_y = -3},
    {.bitmap_index = 81509, .adv_w = 325, .box_w = 18, .box_h = 17, .ofs_x = 1, .ofs_y = -3},
    {.bitmap_index = 81586, .adv_w = 325, .box_w = 19, .box_h = 17, .ofs_x = 1, .ofs_y = -3},
    {.bitmap_index = 81667, .adv_w = 325, .box_w = 8, .box_h = 17, .ofs_x = 6, .ofs_y = -3},
    {.bitmap_index = 81701, .adv_w = 325, .box_w = 18, .box_h = 17, .ofs_x = 1, .ofs_y = -3},
    {.bitmap_index = 81778, .adv_w = 325, .box_w = 17, .box_h = 17, .ofs_x = 2, .ofs_y = -3},
    {.bitmap_index = 81851, .adv_w = 325, .box_w = 16, .box_h = 15, .ofs_x = 2, .ofs_y = -2},
    {.bitmap_index = 81911, .adv_w = 325, .box_w = 14, .box_h = 17, .ofs_x = 3, .ofs_y = -3},
    {.bitmap_index = 81971, .adv_w = 325, .box_w = 10, .box_h = 17, .ofs_x = 5, .ofs_y = -3},
    {.bitmap_index = 82014, .adv_w = 325, .box_w = 12, .box_h = 17, .ofs_x = 4, .ofs_y = -3},
    {.bitmap_index = 82065, .adv_w = 325, .box_w = 16, .box_h = 17, .ofs_x = 2, .ofs_y = -3},
    {.bitmap_index = 82133, .adv_w = 325, .box_w = 17, .box_h = 17, .ofs_x = 2, .ofs_y = -3},
    {.bitmap_index = 82206, .adv_w = 325, .box_w = 15, .box_h = 17, .ofs_x = 3, .ofs_y = -3},
    {.bitmap_index = 82270, .adv_w = 325, .box_w = 18, .box_h = 17, .ofs_x = 1, .ofs_y = -3},
    {.bitmap_index = 82347, .adv_w = 325, .box_w = 17, .box_h = 17, .ofs_x = 2, .ofs_y = -3},
    {.bitmap_index = 82420, .adv_w = 325, .box_w = 13, .box_h = 17, .ofs_x = 4, .ofs_y = -3},
    {.bitmap_index = 82476, .adv_w = 325, .box_w = 18, .box_h = 16, .ofs_x = 1, .ofs_y = -2},
    {.bitmap_index = 82548, .adv_w = 325, .box_w = 18, .box_h = 17, .ofs_x = 1, .ofs_y = -3},
    {.bitmap_index = 82625, .adv_w = 325, .box_w = 16, .box_h = 17, .ofs_x = 2, .ofs_y = -3},
    {.bitmap_index = 82693, .adv_w = 325, .box_w = 17, .box_h = 17, .ofs_x = 2, .ofs_y = -3},
    {.bitmap_index = 82766, .adv_w = 325, .box_w = 16, .box_h = 17, .ofs_x = 2, .ofs_y = -3},
    {.bitmap_index = 82834, .adv_w = 325, .box_w = 11, .box_h = 17, .ofs_x = 5, .ofs_y = -3},
    {.bitmap_index = 82881, .adv_w = 325, .box_w = 18, .box_h = 12, .ofs_x = 1, .ofs_y = -1},
    {.bitmap_index = 82935, .adv_w = 325, .box_w = 18, .box_h = 17, .ofs_x = 1, .ofs_y = -3},
    {.bitmap_index = 83012, .adv_w = 325, .box_w = 11, .box_h = 17, .ofs_x = 5, .ofs_y = -3},
    {.bitmap_index = 83059, .adv_w = 325, .box_w = 19, .box_h = 17, .ofs_x = 1, .ofs_y = -3},
    {.bitmap_index = 83140, .adv_w = 325, .box_w = 18, .box_h = 17, .ofs_x = 1, .ofs_y = -3},
    {.bitmap_index = 83217, .adv_w = 325, .box_w = 18, .box_h = 17, .ofs_x = 1, .ofs_y = -3},
    {.bitmap_index = 83294, .adv_w = 325, .box_w = 12, .box_h = 17, .ofs_x = 4, .ofs_y = -3},
    {.bitmap_index = 83345, .adv_w = 325, .box_w = 17, .box_h = 17, .ofs_x = 2, .ofs_y = -3},
    {.bitmap_index = 83418, .adv_w = 325, .box_w = 17, .box_h = 17, .ofs_x = 2, .ofs_y = -3},
    {.bitmap_index = 83491, .adv_w = 325, .box_w = 17, .box_h = 17, .ofs_x = 2, .ofs_y = -3},
    {.bitmap_index = 83564, .adv_w = 325, .box_w = 17, .box_h = 17, .ofs_x = 2, .ofs_y = -3},
    {.bitmap_index = 83637, .adv_w = 325, .box_w = 16, .box_h = 17, .ofs_x = 2, .ofs_y = -3},
    {.bitmap_index = 83705, .adv_w = 325, .box_w = 18, .box_h = 17, .ofs_x = 1, .ofs_y = -3},
    {.bitmap_index = 83782, .adv_w = 325, .box_w = 17, .box_h = 17, .ofs_x = 2, .ofs_y = -3},
    {.bitmap_index = 83855, .adv_w = 325, .box_w = 17, .box_h = 17, .ofs_x = 2, .ofs_y = -3},
    {.bitmap_index = 83928, .adv_w = 325, .box_w = 17, .box_h = 17, .ofs_x = 2, .ofs_y = -3},
    {.bitmap_index = 84001, .adv_w = 325, .box_w = 17, .box_h = 17, .ofs_x = 2, .ofs_y = -3},
    {.bitmap_index = 84074, .adv_w = 325, .box_w = 14, .box_h = 17, .ofs_x = 3, .ofs_y = -3},
    {.bitmap_index = 84134, .adv_w = 325, .box_w = 19, .box_h = 17, .ofs_x = 0, .ofs_y = -3},
    {.bitmap_index = 84215, .adv_w = 325, .box_w = 16, .box_h = 17, .ofs_x = 2, .ofs_y = -3},
    {.bitmap_index = 84283, .adv_w = 325, .box_w = 20, .box_h = 12, .ofs_x = 0, .ofs_y = -1},
    {.bitmap_index = 84343, .adv_w = 325, .box_w = 11, .box_h = 17, .ofs_x = 5, .ofs_y = -3},
    {.bitmap_index = 84390, .adv_w = 325, .box_w = 16, .box_h = 17, .ofs_x = 2, .ofs_y = -3},
    {.bitmap_index = 84458, .adv_w = 325, .box_w = 17, .box_h = 17, .ofs_x = 2, .ofs_y = -3},
    {.bitmap_index = 84531, .adv_w = 325, .box_w = 16, .box_h = 17, .ofs_x = 2, .ofs_y = -3},
    {.bitmap_index = 84599, .adv_w = 325, .box_w = 18, .box_h = 17, .ofs_x = 1, .ofs_y = -3},
    {.bitmap_index = 84676, .adv_w = 325, .box_w = 18, .box_h = 17, .ofs_x = 1, .ofs_y = -3},
    {.bitmap_index = 84753, .adv_w = 325, .box_w = 17, .box_h = 15, .ofs_x = 2, .ofs_y = -2},
    {.bitmap_index = 84817, .adv_w = 325, .box_w = 16, .box_h = 17, .ofs_x = 2, .ofs_y = -3},
    {.bitmap_index = 84885, .adv_w = 325, .box_w = 16, .box_h = 17, .ofs_x = 2, .ofs_y = -3},
    {.bitmap_index = 84953, .adv_w = 325, .box_w = 18, .box_h = 17, .ofs_x = 1, .ofs_y = -3},
    {.bitmap_index = 85030, .adv_w = 325, .box_w = 18, .box_h = 17, .ofs_x = 1, .ofs_y = -3},
    {.bitmap_index = 85107, .adv_w = 325, .box_w = 10, .box_h = 17, .ofs_x = 5, .ofs_y = -3},
    {.bitmap_index = 85150, .adv_w = 325, .box_w = 12, .box_h = 17, .ofs_x = 4, .ofs_y = -3},
    {.bitmap_index = 85201, .adv_w = 325, .box_w = 15, .box_h = 17, .ofs_x = 2, .ofs_y = -3},
    {.bitmap_index = 85265, .adv_w = 325, .box_w = 16, .box_h = 17, .ofs_x = 2, .ofs_y = -3},
    {.bitmap_index = 85333, .adv_w = 325, .box_w = 17, .box_h = 17, .ofs_x = 2, .ofs_y = -3},
    {.bitmap_index = 85406, .adv_w = 325, .box_w = 17, .box_h = 17, .ofs_x = 1, .ofs_y = -3},
    {.bitmap_index = 85479, .adv_w = 325, .box_w = 10, .box_h = 17, .ofs_x = 5, .ofs_y = -3},
    {.bitmap_index = 85522, .adv_w = 325, .box_w = 18, .box_h = 17, .ofs_x = 1, .ofs_y = -3},
    {.bitmap_index = 85599, .adv_w = 325, .box_w = 18, .box_h = 17, .ofs_x = 1, .ofs_y = -3},
    {.bitmap_index = 85676, .adv_w = 325, .box_w = 17, .box_h = 17, .ofs_x = 2, .ofs_y = -3},
    {.bitmap_index = 85749, .adv_w = 325, .box_w = 14, .box_h = 17, .ofs_x = 3, .ofs_y = -3},
    {.bitmap_index = 85809, .adv_w = 325, .box_w = 14, .box_h = 17, .ofs_x = 3, .ofs_y = -3},
    {.bitmap_index = 85869, .adv_w = 325, .box_w = 18, .box_h = 17, .ofs_x = 1, .ofs_y = -3},
    {.bitmap_index = 85946, .adv_w = 325, .box_w = 18, .box_h = 17, .ofs_x = 1, .ofs_y = -3},
    {.bitmap_index = 86023, .adv_w = 325, .box_w = 18, .box_h = 13, .ofs_x = 1, .ofs_y = -1},
    {.bitmap_index = 86082, .adv_w = 325, .box_w = 9, .box_h = 17, .ofs_x = 6, .ofs_y = -3},
    {.bitmap_index = 86121, .adv_w = 325, .box_w = 14, .box_h = 17, .ofs_x = 3, .ofs_y = -3},
    {.bitmap_index = 86181, .adv_w = 325, .box_w = 19, .box_h = 13, .ofs_x = 1, .ofs_y = -1},
    {.bitmap_index = 86243, .adv_w = 325, .box_w = 17, .box_h = 17, .ofs_x = 2, .ofs_y = -3},
    {.bitmap_index = 86316, .adv_w = 325, .box_w = 17, .box_h = 17, .ofs_x = 2, .ofs_y = -3},
    {.bitmap_index = 86389, .adv_w = 325, .box_w = 14, .box_h = 17, .ofs_x = 3, .ofs_y = -3},
    {.bitmap_index = 86449, .adv_w = 325, .box_w = 20, .box_h = 13, .ofs_x = 0, .ofs_y = -1},
    {.bitmap_index = 86514, .adv_w = 325, .box_w = 18, .box_h = 17, .ofs_x = 1, .ofs_y = -3},
    {.bitmap_index = 86591, .adv_w = 325, .box_w = 17, .box_h = 17, .ofs_x = 2, .ofs_y = -3},
    {.bitmap_index = 86664, .adv_w = 325, .box_w = 19, .box_h = 17, .ofs_x = 1, .ofs_y = -3},
    {.bitmap_index = 86745, .adv_w = 325, .box_w = 14, .box_h = 17, .ofs_x = 3, .ofs_y = -3},
    {.bitmap_index = 86805, .adv_w = 325, .box_w = 16, .box_h = 17, .ofs_x = 2, .ofs_y = -3},
    {.bitmap_index = 86873, .adv_w = 325, .box_w = 18, .box_h = 15, .ofs_x = 1, .ofs_y = -2},
    {.bitmap_index = 86941, .adv_w = 325, .box_w = 18, .box_h = 17, .ofs_x = 1, .ofs_y = -3},
    {.bitmap_index = 87018, .adv_w = 325, .box_w = 18, .box_h = 13, .ofs_x = 1, .ofs_y = -1},
    {.bitmap_index = 87077, .adv_w = 325, .box_w = 18, .box_h = 13, .ofs_x = 1, .ofs_y = -1},
    {.bitmap_index = 87136, .adv_w = 325, .box_w = 10, .box_h = 17, .ofs_x = 5, .ofs_y = -3},
    {.bitmap_index = 87179, .adv_w = 325, .box_w = 12, .box_h = 17, .ofs_x = 4, .ofs_y = -3},
    {.bitmap_index = 87230, .adv_w = 325, .box_w = 19, .box_h = 15, .ofs_x = 1, .ofs_y = -2},
    {.bitmap_index = 87302, .adv_w = 325, .box_w = 14, .box_h = 17, .ofs_x = 3, .ofs_y = -3},
    {.bitmap_index = 87362, .adv_w = 325, .box_w = 13, .box_h = 17, .ofs_x = 4, .ofs_y = -3},
    {.bitmap_index = 87418, .adv_w = 325, .box_w = 20, .box_h = 17, .ofs_x = 0, .ofs_y = -3},
    {.bitmap_index = 87503, .adv_w = 325, .box_w = 16, .box_h = 17, .ofs_x = 2, .ofs_y = -3},
    {.bitmap_index = 87571, .adv_w = 325, .box_w = 12, .box_h = 17, .ofs_x = 4, .ofs_y = -3},
    {.bitmap_index = 87622, .adv_w = 325, .box_w = 12, .box_h = 17, .ofs_x = 4, .ofs_y = -3},
    {.bitmap_index = 87673, .adv_w = 325, .box_w = 14, .box_h = 17, .ofs_x = 3, .ofs_y = -3},
    {.bitmap_index = 87733, .adv_w = 325, .box_w = 18, .box_h = 17, .ofs_x = 1, .ofs_y = -3},
    {.bitmap_index = 87810, .adv_w = 325, .box_w = 19, .box_h = 17, .ofs_x = 1, .ofs_y = -3},
    {.bitmap_index = 87891, .adv_w = 325, .box_w = 17, .box_h = 17, .ofs_x = 2, .ofs_y = -3},
    {.bitmap_index = 87964, .adv_w = 325, .box_w = 12, .box_h = 17, .ofs_x = 4, .ofs_y = -3},
    {.bitmap_index = 88015, .adv_w = 325, .box_w = 18, .box_h = 17, .ofs_x = 1, .ofs_y = -3},
    {.bitmap_index = 88092, .adv_w = 325, .box_w = 16, .box_h = 16, .ofs_x = 2, .ofs_y = -3},
    {.bitmap_index = 88156, .adv_w = 325, .box_w = 18, .box_h = 16, .ofs_x = 1, .ofs_y = -3},
    {.bitmap_index = 88228, .adv_w = 325, .box_w = 19, .box_h = 17, .ofs_x = 1, .ofs_y = -3},
    {.bitmap_index = 88309, .adv_w = 325, .box_w = 19, .box_h = 15, .ofs_x = 1, .ofs_y = -2},
    {.bitmap_index = 88381, .adv_w = 325, .box_w = 15, .box_h = 17, .ofs_x = 3, .ofs_y = -3},
    {.bitmap_index = 88445, .adv_w = 325, .box_w = 18, .box_h = 17, .ofs_x = 1, .ofs_y = -3},
    {.bitmap_index = 88522, .adv_w = 325, .box_w = 12, .box_h = 17, .ofs_x = 4, .ofs_y = -3},
    {.bitmap_index = 88573, .adv_w = 325, .box_w = 16, .box_h = 17, .ofs_x = 2, .ofs_y = -3},
    {.bitmap_index = 88641, .adv_w = 325, .box_w = 17, .box_h = 17, .ofs_x = 2, .ofs_y = -3},
    {.bitmap_index = 88714, .adv_w = 325, .box_w = 15, .box_h = 17, .ofs_x = 3, .ofs_y = -3},
    {.bitmap_index = 88778, .adv_w = 325, .box_w = 16, .box_h = 17, .ofs_x = 2, .ofs_y = -3},
    {.bitmap_index = 88846, .adv_w = 325, .box_w = 17, .box_h = 17, .ofs_x = 2, .ofs_y = -3},
    {.bitmap_index = 88919, .adv_w = 325, .box_w = 18, .box_h = 17, .ofs_x = 1, .ofs_y = -3},
    {.bitmap_index = 88996, .adv_w = 325, .box_w = 17, .box_h = 17, .ofs_x = 2, .ofs_y = -3},
    {.bitmap_index = 89069, .adv_w = 325, .box_w = 17, .box_h = 17, .ofs_x = 2, .ofs_y = -3},
    {.bitmap_index = 89142, .adv_w = 325, .box_w = 20, .box_h = 11, .ofs_x = 0, .ofs_y = 0},
    {.bitmap_index = 89197, .adv_w = 325, .box_w = 18, .box_h = 17, .ofs_x = 1, .ofs_y = -3},
    {.bitmap_index = 89274, .adv_w = 325, .box_w = 20, .box_h = 18, .ofs_x = 0, .ofs_y = -4},
    {.bitmap_index = 89364, .adv_w = 325, .box_w = 13, .box_h = 17, .ofs_x = 4, .ofs_y = -3},
    {.bitmap_index = 89420, .adv_w = 325, .box_w = 18, .box_h = 13, .ofs_x = 1, .ofs_y = -1},
    {.bitmap_index = 89479, .adv_w = 325, .box_w = 18, .box_h = 13, .ofs_x = 1, .ofs_y = -1},
    {.bitmap_index = 89538, .adv_w = 325, .box_w = 17, .box_h = 13, .ofs_x = 2, .ofs_y = -1},
    {.bitmap_index = 89594, .adv_w = 325, .box_w = 18, .box_h = 11, .ofs_x = 1, .ofs_y = 0},
    {.bitmap_index = 89644, .adv_w = 325, .box_w = 17, .box_h = 17, .ofs_x = 2, .ofs_y = -3},
    {.bitmap_index = 89717, .adv_w = 325, .box_w = 19, .box_h = 15, .ofs_x = 1, .ofs_y = -2},
    {.bitmap_index = 89789, .adv_w = 325, .box_w = 15, .box_h = 17, .ofs_x = 3, .ofs_y = -3},
    {.bitmap_index = 89853, .adv_w = 325, .box_w = 15, .box_h = 17, .ofs_x = 3, .ofs_y = -3}
};

/*---------------------
 *  CHARACTER MAPPING
 *--------------------*/

static const uint16_t unicode_list_0[] = {
    0x0, 0x1, 0x2, 0x3, 0x4, 0xe, 0x11, 0x14,
    0x15, 0x18, 0x1d, 0x20, 0x22, 0x23, 0x26, 0x2a,
    0x2e, 0x2f, 0x38, 0x39, 0x3a, 0x40, 0x42, 0x48,
    0x49, 0x4a, 0x4b, 0x4c, 0x4d, 0x4e, 0x4f, 0x50,
    0x51, 0x52, 0x53, 0x5f, 0x60, 0x63, 0x65, 0x66,
    0x68, 0x7b, 0x7e, 0x7f, 0x92, 0x93, 0x94, 0x95,
    0x96, 0x97, 0x99, 0x9b, 0x9c, 0xa0, 0xa1, 0xa7,
    0xaa, 0xab, 0xb0, 0xb1, 0xbd, 0xbe, 0xc4, 0xc5,
    0xc8, 0xce, 0xcf, 0xd1, 0xd3, 0xd4, 0xe9, 0xea,
    0xf0, 0xf1, 0xf2, 0xf3, 0xf4, 0xf5, 0xf7, 0xf8,
    0xf9, 0xfa, 0xfd, 0x102, 0x105, 0x108, 0x109, 0x10a,
    0x10b, 0x10c, 0x10d, 0x10f, 0x112, 0x114, 0x116, 0x11d,
    0x121, 0x128, 0x133, 0x134, 0x144, 0x147, 0x14c, 0x14e,
    0x153, 0x154, 0x155, 0x157, 0x163, 0x164, 0x195, 0x196,
    0x197, 0x1a1, 0x1b0, 0x1bf
};

static const uint8_t glyph_id_ofs_list_3[] = {
    0, 1, 0, 2, 3, 4
};

static const uint8_t glyph_id_ofs_list_5[] = {
    0, 1, 2, 0, 3, 4, 5, 6,
    7, 8, 9
};

static const uint16_t unicode_list_10[] = {
    0x0, 0x1, 0x4, 0x5, 0x6, 0x7, 0x8, 0x9,
    0xa, 0xb, 0x18, 0x1b, 0x1c, 0x1d, 0x1e, 0x21,
    0x26, 0x27, 0x35, 0x36, 0x39, 0x42, 0x43, 0x4d,
    0x53, 0x54, 0x55, 0x62, 0x63, 0x64, 0x6d, 0x6e,
    0x6f, 0x72, 0x74, 0x79, 0x80, 0x84
};

static const uint8_t glyph_id_ofs_list_13[] = {
    0, 1, 2, 3, 4, 5, 6, 7,
    0, 0, 8, 9, 10, 0, 0, 0,
    0, 11, 12, 13, 14, 15, 16, 17,
    18, 19, 20, 0, 0, 0, 21, 0,
    22, 23, 0, 0, 0, 24, 0, 0,
    25, 26, 27, 28, 29, 30, 31, 32,
    33, 34
};

/*Collect the unicode lists and glyph_id offsets*/
static const lv_font_fmt_txt_cmap_t cmaps[] =
{
    {
        .range_start = 9728, .range_length = 448, .glyph_id_start = 1,
        .unicode_list = unicode_list_0, .glyph_id_ofs_list = NULL, .list_length = 116, .type = LV_FONT_FMT_TXT_CMAP_SPARSE_TINY
    },
    {
        .range_start = 127744, .range_length = 34, .glyph_id_start = 117,
        .unicode_list = NULL, .glyph_id_ofs_list = NULL, .list_length = 0, .type = LV_FONT_FMT_TXT_CMAP_FORMAT0_TINY
    },
    {
        .range_start = 127780, .range_length = 112, .glyph_id_start = 151,
        .unicode_list = NULL, .glyph_id_ofs_list = NULL, .list_length = 0, .type = LV_FONT_FMT_TXT_CMAP_FORMAT0_TINY
    },
    {
        .range_start = 127894, .range_length = 6, .glyph_id_start = 263,
        .unicode_list = NULL, .glyph_id_ofs_list = glyph_id_ofs_list_3, .list_length = 6, .type = LV_FONT_FMT_TXT_CMAP_FORMAT0_FULL
    },
    {
        .range_start = 127902, .range_length = 83, .glyph_id_start = 268,
        .unicode_list = NULL, .glyph_id_ofs_list = NULL, .list_length = 0, .type = LV_FONT_FMT_TXT_CMAP_FORMAT0_TINY
    },
    {
        .range_start = 127987, .range_length = 11, .glyph_id_start = 351,
        .unicode_list = NULL, .glyph_id_ofs_list = glyph_id_ofs_list_5, .list_length = 11, .type = LV_FONT_FMT_TXT_CMAP_FORMAT0_FULL
    },
    {
        .range_start = 127998, .range_length = 256, .glyph_id_start = 361,
        .unicode_list = NULL, .glyph_id_ofs_list = NULL, .list_length = 0, .type = LV_FONT_FMT_TXT_CMAP_FORMAT0_TINY
    },
    {
        .range_start = 128255, .range_length = 63, .glyph_id_start = 617,
        .unicode_list = NULL, .glyph_id_ofs_list = NULL, .list_length = 0, .type = LV_FONT_FMT_TXT_CMAP_FORMAT0_TINY
    },
    {
        .range_start = 128329, .range_length = 6, .glyph_id_start = 680,
        .unicode_list = NULL, .glyph_id_ofs_list = NULL, .list_length = 0, .type = LV_FONT_FMT_TXT_CMAP_FORMAT0_TINY
    },
    {
        .range_start = 128336, .range_length = 24, .glyph_id_start = 686,
        .unicode_list = NULL, .glyph_id_ofs_list = NULL, .list_length = 0, .type = LV_FONT_FMT_TXT_CMAP_FORMAT0_TINY
    },
    {
        .range_start = 128367, .range_length = 133, .glyph_id_start = 710,
        .unicode_list = unicode_list_10, .glyph_id_ofs_list = NULL, .list_length = 38, .type = LV_FONT_FMT_TXT_CMAP_SPARSE_TINY
    },
    {
        .range_start = 128506, .range_length = 86, .glyph_id_start = 748,
        .unicode_list = NULL, .glyph_id_ofs_list = NULL, .list_length = 0, .type = LV_FONT_FMT_TXT_CMAP_FORMAT0_TINY
    },
    {
        .range_start = 128640, .range_length = 70, .glyph_id_start = 834,
        .unicode_list = NULL, .glyph_id_ofs_list = NULL, .list_length = 0, .type = LV_FONT_FMT_TXT_CMAP_FORMAT0_TINY
    },
    {
        .range_start = 128715, .range_length = 50, .glyph_id_start = 904,
        .unicode_list = NULL, .glyph_id_ofs_list = glyph_id_ofs_list_13, .list_length = 50, .type = LV_FONT_FMT_TXT_CMAP_FORMAT0_FULL
    },
    {
        .range_start = 128992, .range_length = 12, .glyph_id_start = 939,
        .unicode_list = NULL, .glyph_id_ofs_list = NULL, .list_length = 0, .type = LV_FONT_FMT_TXT_CMAP_FORMAT0_TINY
    },
    {
        .range_start = 129008, .range_length = 1, .glyph_id_start = 951,
        .unicode_list = NULL, .glyph_id_ofs_list = NULL, .list_length = 0, .type = LV_FONT_FMT_TXT_CMAP_FORMAT0_TINY
    },
    {
        .range_start = 129292, .range_length = 47, .glyph_id_start = 952,
        .unicode_list = NULL, .glyph_id_ofs_list = NULL, .list_length = 0, .type = LV_FONT_FMT_TXT_CMAP_FORMAT0_TINY
    },
    {
        .range_start = 129340, .range_length = 10, .glyph_id_start = 999,
        .unicode_list = NULL, .glyph_id_ofs_list = NULL, .list_length = 0, .type = LV_FONT_FMT_TXT_CMAP_FORMAT0_TINY
    },
    {
        .range_start = 129351, .range_length = 185, .glyph_id_start = 1009,
        .unicode_list = NULL, .glyph_id_ofs_list = NULL, .list_length = 0, .type = LV_FONT_FMT_TXT_CMAP_FORMAT0_TINY
    },
    {
        .range_start = 129648, .range_length = 13, .glyph_id_start = 1194,
        .unicode_list = NULL, .glyph_id_ofs_list = NULL, .list_length = 0, .type = LV_FONT_FMT_TXT_CMAP_FORMAT0_TINY
    },
    {
        .range_start = 129664, .range_length = 9, .glyph_id_start = 1207,
        .unicode_list = NULL, .glyph_id_ofs_list = NULL, .list_length = 0, .type = LV_FONT_FMT_TXT_CMAP_FORMAT0_TINY
    },
    {
        .range_start = 129680, .range_length = 46, .glyph_id_start = 1216,
        .unicode_list = NULL, .glyph_id_ofs_list = NULL, .list_length = 0, .type = LV_FONT_FMT_TXT_CMAP_FORMAT0_TINY
    },
    {
        .range_start = 129727, .range_length = 7, .glyph_id_start = 1262,
        .unicode_list = NULL, .glyph_id_ofs_list = NULL, .list_length = 0, .type = LV_FONT_FMT_TXT_CMAP_FORMAT0_TINY
    },
    {
        .range_start = 129742, .range_length = 14, .glyph_id_start = 1269,
        .unicode_list = NULL, .glyph_id_ofs_list = NULL, .list_length = 0, .type = LV_FONT_FMT_TXT_CMAP_FORMAT0_TINY
    },
    {
        .range_start = 129760, .range_length = 9, .glyph_id_start = 1283,
        .unicode_list = NULL, .glyph_id_ofs_list = NULL, .list_length = 0, .type = LV_FONT_FMT_TXT_CMAP_FORMAT0_TINY
    },
    {
        .range_start = 129776, .range_length = 9, .glyph_id_start = 1292,
        .unicode_list = NULL, .glyph_id_ofs_list = NULL, .list_length = 0, .type = LV_FONT_FMT_TXT_CMAP_FORMAT0_TINY
    }
};



/*--------------------
 *  ALL CUSTOM DATA
 *--------------------*/

#if LVGL_VERSION_MAJOR == 8
/*Store all the custom data of the font*/
static  lv_font_fmt_txt_glyph_cache_t cache;
#endif

#if LVGL_VERSION_MAJOR >= 8
static const lv_font_fmt_txt_dsc_t font_dsc = {
#else
static lv_font_fmt_txt_dsc_t font_dsc = {
#endif
    .glyph_bitmap = glyph_bitmap,
    .glyph_dsc = glyph_dsc,
    .cmaps = cmaps,
    .kern_dsc = NULL,
    .kern_scale = 0,
    .cmap_num = 26,
    .bpp = 2,
    .kern_classes = 0,
    .bitmap_format = 0,
#if LVGL_VERSION_MAJOR == 8
    .cache = &cache
#endif
};

extern const lv_font_t lv_font_montserrat_14;


/*-----------------
 *  PUBLIC FONT
 *----------------*/

/*Initialize a public general font descriptor*/
#if LVGL_VERSION_MAJOR >= 8
const lv_font_t operit_font_emoji_16 = {
#else
lv_font_t operit_font_emoji_16 = {
#endif
    .get_glyph_dsc = lv_font_get_glyph_dsc_fmt_txt,    /*Function pointer to get glyph's data*/
    .get_glyph_bitmap = lv_font_get_bitmap_fmt_txt,    /*Function pointer to get glyph's bitmap*/
    .line_height = 19,          /*The maximum line height required by the font*/
    .base_line = 4,             /*Baseline measured from the bottom of the line*/
#if !(LVGL_VERSION_MAJOR == 6 && LVGL_VERSION_MINOR == 0)
    .subpx = LV_FONT_SUBPX_NONE,
#endif
#if LV_VERSION_CHECK(7, 4, 0) || LVGL_VERSION_MAJOR >= 8
    .underline_position = 10,
    .underline_thickness = 1,
#endif
    .dsc = &font_dsc,          /*The custom font data. Will be accessed by `get_glyph_bitmap/dsc` */
#if LV_VERSION_CHECK(8, 2, 0) || LVGL_VERSION_MAJOR >= 9
    .fallback = &lv_font_montserrat_14,
#endif
    .user_data = NULL,
};



#endif /*#if OPERIT_FONT_EMOJI_16*/

