/* Generated by tools/esp32-editor/generate-color-emoji.py.
 * Noto Color Emoji, Copyright 2013 Google LLC; SIL OFL 1.1.
 * See OFL-emoji.txt and emoji-color.json for source and coverage. */
static const uint8_t emoji_2600_pixels[] = {
    0x20,0xab,0xfe,0x98,0x1e,0xad,0xfe,0x62,0x21,0xae,0xfe,0x10,0x20,0xc8,0xfd,0xed,0x22,0xa8,0xff,0xd9,0x13,0x78,0xff,0x03,
    0x05,0xf9,0xff,0x01,0x1c,0xc4,0xfd,0x98,0x00,0x00,0xff,0x01,0x18,0xc4,0xfc,0x62,0x56,0xe5,0xfe,0xfd,0x7f,0x3f,0xff,0x04,
    0x00,0x00,0x00,0x00,0x1a,0xc4,0xfc,0xfc,0x09,0xa9,0xff,0x09,0x22,0xa5,0xff,0x2f,0xcc,0xcc,0xc6,0xec,0xf1,0xce,0xcc,0xcc,
    0xc5,0xcf,0x1c,0x22,0x04,0xc2,0x26,0xcc,0xc5,0xc2,0x44,0xb5,0x44,0x2c,0xcc,0xec,0x8e,0x68,0x00,0x17,0x71,0xcf,0x10,0xe8,
    0xcc,0xcc,0xe7,0xa3,0xdd,0x70,0x31,0xce,0xe1,0x11,0x1a,0xad,0xdd,0x30,0x1c,0x6c,0x20,0x30,0x33,0x3d,0xdd,0xd3,0xcc,0xc8,
    0xcc,0x11,0x3d,0xdd,0xdd,0xd3,0x10,0xec,0xce,0xcc,0x3d,0xdd,0xdd,0xd3,0x03,0x4e,0x6c,0x20,0x03,0xdd,0xdd,0x39,0xf2,0xf2,
    0xee,0x03,0x09,0xdd,0xdd,0x0f,0xcc,0xcc,0xc2,0x01,0x2c,0x10,0x92,0x44,0x65,0x5c,0xcc,0xcc,0xc2,0x44,0x25,0x04,0xfc,0x5c,
    0xcc,0x5e,0x2c,0x40,0x62,0xcf,0xfc,0x6c,0xcc,0xcc,0x5c,0x1e,0xc6,0xec,0xcc,0xcc,0xcc,0xcc,0xcc,0xcc,0xcc,0xcc,0xcc,0xcc,
};
static const lv_image_dsc_t emoji_2600 = {
    .header = {.magic = LV_IMAGE_HEADER_MAGIC, .cf = LV_COLOR_FORMAT_I4, .w = 16, .h = 16, .stride = 8},
    .data_size = sizeof(emoji_2600_pixels), .data = emoji_2600_pixels,
};
static const uint8_t emoji_2601_pixels[] = {
    0xeb,0xe7,0xdc,0xf5,0xeb,0xe3,0xdd,0x21,0xb3,0xb3,0xb3,0x03,0xe0,0xdd,0xb3,0x0f,0xf4,0xf1,0xea,0x9a,0xd4,0xce,0xba,0xea,
    0xcf,0xcb,0xb6,0x66,0xd2,0xcd,0xb9,0xac,0xff,0xaa,0xaa,0x03,0xe8,0xe3,0xd7,0x50,0x7f,0x7f,0x7f,0x02,0xff,0xff,0x7f,0x02,
    0xff,0x7f,0x7f,0x02,0x00,0x00,0x00,0x00,0xee,0xea,0xe4,0xfc,0xff,0xfe,0xfe,0x03,0xdd,0xdd,0xdd,0xdf,0xf2,0xff,0xdd,0xdd,
    0xdd,0xdd,0xdd,0xcd,0xdd,0xdd,0xfd,0xdd,0xdd,0xdd,0xd2,0xd1,0x44,0x41,0xda,0xdd,0xdd,0xdf,0x3d,0x10,0x00,0x00,0x9d,0x8d,
    0xdd,0xdd,0xdf,0x00,0xee,0xe0,0xe1,0xff,0xd2,0xf1,0x0e,0xee,0xee,0xee,0xe1,0xf2,0xdd,0xd4,0x0e,0xee,0xee,0xee,0x01,0xdf,
    0xd1,0x4e,0xee,0xee,0xee,0xee,0xe4,0x1d,0x30,0x0e,0xee,0xee,0xee,0xee,0xe0,0x01,0x30,0x00,0x00,0xee,0xee,0xee,0x00,0x01,
    0xd6,0x55,0x50,0x00,0x00,0x00,0x50,0x6d,0xdd,0xd1,0x36,0x77,0x75,0x00,0x6d,0xdd,0xd2,0xfd,0xdd,0xdd,0xd1,0x93,0xdf,0x8d,
    0xdd,0xdf,0xf2,0x23,0xad,0xdd,0xbd,0xdd,0xdd,0xdd,0xdd,0xdd,0xdf,0xff,0xdd,0xdd,0xdd,0xdd,0xdd,0xdd,0xdd,0xdd,0xdd,0xdd,
};
static const lv_image_dsc_t emoji_2601 = {
    .header = {.magic = LV_IMAGE_HEADER_MAGIC, .cf = LV_COLOR_FORMAT_I4, .w = 16, .h = 16, .stride = 8},
    .data_size = sizeof(emoji_2601_pixels), .data = emoji_2601_pixels,
};
static const uint8_t emoji_2602_pixels[] = {
    0x00,0x00,0x00,0x00,0xf0,0x5a,0x64,0xfb,0xfb,0x6d,0x73,0x0b,0x7a,0x73,0x17,0x08,0xf2,0x7b,0x90,0xf1,0xfa,0x09,0x09,0x02,
    0xaf,0xa7,0x6d,0x5e,0x9d,0x51,0x00,0x13,0xd1,0x55,0x33,0xed,0x76,0x72,0x3e,0x66,0xac,0xa3,0x5b,0x14,0xff,0x87,0x9f,0xff,
    0xa8,0x9e,0x60,0x95,0xaf,0x4b,0x05,0x65,0xf6,0x81,0x98,0xa9,0xf6,0x48,0x55,0xa3,0x00,0x05,0x22,0x0a,0xa5,0x22,0x00,0x00,
    0x00,0x00,0x00,0x0c,0x60,0x00,0x25,0x00,0x00,0x00,0x0e,0x41,0x11,0xf2,0x00,0x50,0x20,0x0e,0xbb,0x11,0x11,0x11,0xf0,0x05,
    0x20,0x4b,0x44,0x11,0x11,0x11,0x1f,0x52,0x0e,0xb4,0x41,0x11,0x11,0x11,0x11,0x00,0x04,0x11,0x41,0x18,0x11,0x11,0x88,0x12,
    0x20,0x7d,0x88,0x0c,0x0d,0x80,0x33,0xd0,0x00,0x00,0x07,0x06,0x60,0x70,0x00,0x00,0x00,0x70,0x00,0x7c,0x60,0x00,0x05,0x70,
    0x00,0x00,0x3a,0x36,0x60,0x00,0x00,0x00,0x00,0x00,0x00,0x00,0x00,0x30,0x00,0x00,0x00,0x0a,0x00,0x90,0x90,0x30,0x00,0x00,
    0x00,0x03,0x09,0x00,0x00,0xa0,0x00,0x00,0x00,0x00,0x00,0x99,0x30,0x00,0x00,0x00,0x00,0x00,0x00,0x00,0x00,0x00,0x00,0x00,
};
static const lv_image_dsc_t emoji_2602 = {
    .header = {.magic = LV_IMAGE_HEADER_MAGIC, .cf = LV_COLOR_FORMAT_I4, .w = 16, .h = 16, .stride = 8},
    .data_size = sizeof(emoji_2602_pixels), .data = emoji_2602_pixels,
};
static const uint8_t emoji_2603_pixels[] = {
    0x01,0x01,0x01,0x01,0xe5,0xe5,0xe5,0xf6,0xf3,0xf3,0xf3,0x0e,0xaa,0xa9,0xa8,0xfa,0xf8,0xd2,0x9f,0x24,0x60,0x5f,0x5c,0x1b,
    0xf6,0xc8,0x95,0x5e,0x59,0x56,0x4e,0xf5,0xe3,0xe3,0xe4,0xa3,0xff,0xf2,0x7f,0x04,0x4e,0x4c,0x49,0x8a,0xe9,0xe3,0xdc,0x67,
    0xf9,0xb0,0x9f,0x12,0x33,0x37,0x65,0xf6,0xf8,0xc8,0x94,0xd5,0xa4,0xa0,0x9d,0x0a,0x00,0x04,0x00,0x5a,0xa0,0x00,0xc0,0x00,
    0x00,0x00,0x04,0x07,0x77,0x50,0x02,0x00,0xf0,0x60,0x66,0x0d,0xdd,0x04,0x60,0x20,0x00,0x66,0x00,0x70,0x00,0xa0,0x04,0xc0,
    0x00,0x46,0x98,0x11,0x11,0x10,0x4e,0x90,0x90,0x4e,0x41,0x31,0x13,0x12,0xc4,0x00,0x00,0x00,0x21,0x30,0x03,0x1b,0xe4,0x09,
    0x00,0x50,0x01,0x13,0x31,0x1f,0x00,0x00,0x50,0x57,0xa8,0x11,0x11,0x80,0x75,0x05,0x00,0x00,0x31,0x13,0x31,0x13,0x00,0x00,
    0x02,0x02,0x11,0x13,0x31,0x11,0x22,0x20,0x02,0x02,0x11,0x13,0x31,0x11,0x20,0x50,0x00,0x22,0x11,0x11,0x11,0x11,0xf5,0x00,
    0x00,0x20,0x21,0x11,0x11,0x12,0x02,0x00,0x00,0x02,0x02,0xb8,0x8b,0x20,0x20,0x00,0x00,0x00,0x00,0x00,0x00,0x00,0x00,0x00,
};
static const lv_image_dsc_t emoji_2603 = {
    .header = {.magic = LV_IMAGE_HEADER_MAGIC, .cf = LV_COLOR_FORMAT_I4, .w = 16, .h = 16, .stride = 8},
    .data_size = sizeof(emoji_2603_pixels), .data = emoji_2603_pixels,
};
static const uint8_t emoji_2604_pixels[] = {
    0x00,0x00,0x00,0x00,0xfc,0xf6,0xe3,0x18,0xf6,0xd4,0xa9,0xa0,0xf3,0xdc,0xa7,0x61,0xf7,0xcd,0xa2,0xe3,0xfa,0xef,0xd8,0xf3,
    0xed,0xe4,0x13,0x10,0xf9,0xe6,0xcb,0x5d,0xf9,0xeb,0xb1,0x1d,0xf5,0xea,0x7a,0x12,0xee,0xb6,0x63,0xdc,0xed,0xcf,0x70,0x88,
    0xea,0xc8,0x56,0x62,0xf6,0xa4,0x5a,0x05,0xff,0x7f,0x7f,0x02,0x7f,0x7f,0x7f,0x02,0x00,0x00,0x00,0x00,0x08,0x11,0x11,0x00,
    0x00,0x00,0x00,0x06,0x11,0x11,0x11,0x10,0x00,0x00,0x00,0xf0,0x83,0x11,0x11,0x10,0x00,0x00,0x0e,0x08,0x33,0x77,0x11,0x11,
    0x00,0x00,0x90,0x83,0x37,0x77,0x71,0x11,0x00,0x01,0x09,0x32,0x23,0x77,0x71,0x11,0x00,0x61,0x0b,0x22,0x22,0x33,0x38,0x10,
    0x00,0xd0,0xc4,0x22,0x22,0x23,0x38,0x00,0x00,0x0c,0x44,0x54,0x22,0x23,0x80,0x10,0xd0,0xca,0x45,0x52,0x2b,0x90,0x06,0x00,
    0x06,0xa4,0x55,0x44,0xb9,0x0f,0x00,0x00,0x6a,0x45,0x54,0xab,0x60,0x90,0x00,0x00,0x04,0x55,0x4a,0xc0,0x0e,0x00,0x00,0x00,
    0x35,0x54,0xa6,0x09,0x60,0x00,0x00,0x00,0xd2,0x40,0x60,0x00,0x00,0x00,0x00,0x00,0x00,0x00,0x00,0x00,0x00,0x00,0x00,0x00,
};
static const lv_image_dsc_t emoji_2604 = {
    .header = {.magic = LV_IMAGE_HEADER_MAGIC, .cf = LV_COLOR_FORMAT_I4, .w = 16, .h = 16, .stride = 8},
    .data_size = sizeof(emoji_2604_pixels), .data = emoji_2604_pixels,
};
static const uint8_t emoji_2614_pixels[] = {
    0x00,0x00,0x00,0x00,0xed,0x5d,0x62,0xf9,0xfd,0xdc,0x65,0x17,0xa4,0xa2,0x65,0x59,0x77,0x76,0x1f,0x08,0xf4,0x72,0x70,0x12,
    0xf7,0x9a,0x64,0xfd,0xfa,0xdc,0x5e,0xf0,0xf4,0x77,0x8b,0xee,0x6a,0x6a,0x56,0x0b,0xd4,0x52,0x2b,0xa5,0xff,0x00,0x00,0x01,
    0xf7,0x85,0x93,0xfb,0xd0,0x52,0x30,0xe8,0xff,0xe0,0x81,0xfb,0xfb,0xde,0x70,0x71,0x00,0xb0,0x2f,0x00,0x02,0x00,0x50,0x00,
    0x00,0x22,0x0e,0x20,0x00,0xe2,0x02,0x00,0x00,0x00,0xf7,0x00,0x3f,0x70,0x00,0x00,0x00,0x22,0x50,0x81,0x10,0xa5,0x00,0x00,
    0x0b,0x0e,0x8c,0x86,0x61,0x06,0xe2,0xb2,0x00,0x77,0xc8,0x17,0x61,0x11,0x70,0x00,0x00,0xc6,0xc1,0x16,0x61,0x11,0x11,0x50,
    0x00,0x11,0x81,0x1d,0xd1,0x1d,0xad,0xa0,0x00,0x00,0x0a,0x03,0x30,0xa0,0x04,0x00,0x00,0x00,0x00,0x03,0x30,0x00,0x50,0x00,
    0x05,0x4b,0x95,0x03,0x30,0x04,0x0b,0x40,0x00,0x00,0x00,0x00,0x30,0x40,0x00,0x00,0x00,0x00,0x09,0x40,0x00,0x40,0x00,0x00,
    0x00,0x09,0x00,0x00,0x00,0x40,0x00,0x00,0x00,0x00,0x09,0x00,0x90,0x00,0x00,0x00,0x00,0x00,0x00,0x00,0x00,0x00,0x00,0x00,
};
static const lv_image_dsc_t emoji_2614 = {
    .header = {.magic = LV_IMAGE_HEADER_MAGIC, .cf = LV_COLOR_FORMAT_I4, .w = 16, .h = 16, .stride = 8},
    .data_size = sizeof(emoji_2614_pixels), .data = emoji_2614_pixels,
};
static const uint8_t emoji_2615_pixels[] = {
    0x00,0x00,0x00,0x00,0xe3,0xe2,0xdf,0xf8,0xf7,0xf7,0xf8,0x0c,0x5c,0x6d,0x8f,0xfd,0xe0,0xdc,0xd3,0x93,0xd1,0xca,0xb5,0x5f,
    0xd5,0xcc,0xb8,0x22,0x9c,0xa4,0xb5,0xfe,0xb7,0xb4,0xac,0x09,0xed,0xec,0xe6,0x62,0xcd,0xca,0xb5,0xf7,0x7f,0x7f,0x7f,0x02,
    0xb2,0xb8,0xc5,0xff,0x74,0x83,0x9f,0xfe,0xca,0xac,0x9c,0x0e,0x44,0x52,0x76,0xfe,0x00,0x00,0x00,0x20,0x00,0x66,0x00,0x00,
    0x00,0x00,0xb2,0x06,0x66,0x56,0x0b,0x00,0x00,0x08,0x00,0x85,0x55,0x56,0x02,0x00,0x00,0x00,0x29,0x41,0x44,0x20,0x28,0x20,
    0x0b,0x04,0x1c,0x77,0x77,0x19,0x00,0x00,0x80,0x9c,0xd3,0x37,0x33,0x3c,0x49,0x20,0x20,0x97,0x3f,0x33,0x33,0xf7,0x1a,0x12,
    0x80,0x91,0x73,0x33,0x3d,0x11,0x00,0x12,0x2b,0x21,0x11,0x11,0x11,0x11,0x11,0x40,0x20,0x51,0x11,0x11,0x11,0x11,0x42,0x02,
    0x04,0x11,0x11,0x11,0x11,0x11,0x14,0x60,0x81,0x11,0x11,0x11,0x11,0x11,0x11,0xe0,0xe4,0x11,0x1a,0xaa,0xaa,0x11,0x10,0x28,
    0x00,0x51,0x11,0x11,0x11,0x11,0x50,0x20,0x00,0x00,0x59,0x44,0x45,0x60,0x02,0x00,0x00,0x00,0x00,0x00,0x00,0x00,0x00,0x00,
};
static const lv_image_dsc_t emoji_2615 = {
    .header = {.magic = LV_IMAGE_HEADER_MAGIC, .cf = LV_COLOR_FORMAT_I4, .w = 16, .h = 16, .stride = 8},
    .data_size = sizeof(emoji_2615_pixels), .data = emoji_2615_pixels,
};
static const uint8_t emoji_2639_pixels[] = {
    0x2e,0xd5,0xfb,0xfd,0x00,0x00,0x00,0x00,0x24,0xb4,0xef,0xea,0x1b,0xa5,0xf3,0x9a,0x00,0xff,0xff,0x01,0x10,0x9d,0xf5,0x21,
    0x1b,0x77,0x91,0xff,0x00,0x07,0xf0,0x03,0x06,0x75,0xf1,0x0e,0x1f,0x89,0xa2,0xff,0x17,0xa0,0xf1,0x40,0x00,0xaa,0xaa,0x03,
    0x12,0x39,0x54,0xff,0x0c,0x26,0x3e,0xff,0x15,0x54,0x6d,0xff,0x55,0xaa,0xff,0x03,0x11,0x14,0x11,0x85,0x58,0x11,0x41,0x11,
    0x11,0x41,0xa3,0x22,0x22,0x3a,0x14,0x11,0x44,0x83,0x00,0x00,0x00,0x00,0x37,0xb4,0x51,0x30,0x00,0x00,0x00,0x00,0x03,0x1f,
    0x15,0x20,0x00,0x00,0x00,0x00,0x02,0x51,0x13,0x00,0x0c,0x60,0x09,0xc0,0x00,0x31,0x12,0x00,0x0d,0x60,0x06,0xd0,0x00,0x31,
    0x12,0x00,0x00,0x00,0x00,0x00,0x00,0x21,0x12,0x00,0x00,0x26,0x62,0x00,0x00,0x31,0x13,0x00,0x09,0xe9,0x9e,0x90,0x00,0x31,
    0x15,0x20,0x26,0x00,0x00,0x62,0x02,0x51,0x51,0x30,0x00,0x00,0x00,0x00,0x03,0x15,0x74,0x03,0x00,0x00,0x00,0x02,0x31,0xb7,
    0x11,0x41,0xa3,0x22,0x22,0x35,0x14,0x11,0x11,0x10,0x11,0x78,0x87,0x11,0x41,0x11,0x11,0x11,0x11,0x11,0x11,0x11,0x11,0x11,
};
static const lv_image_dsc_t emoji_2639 = {
    .header = {.magic = LV_IMAGE_HEADER_MAGIC, .cf = LV_COLOR_FORMAT_I4, .w = 16, .h = 16, .stride = 8},
    .data_size = sizeof(emoji_2639_pixels), .data = emoji_2639_pixels,
};
static const uint8_t emoji_263a_pixels[] = {
    0x2e,0xd6,0xfc,0xfe,0x00,0x00,0x00,0x00,0x23,0xaf,0xee,0xf0,0x1b,0xa5,0xf3,0x95,0x00,0xff,0xff,0x01,0x0f,0x9d,0xf6,0x21,
    0x00,0x00,0xf4,0x02,0x20,0x92,0xae,0xfe,0x16,0x5c,0x76,0xfe,0x1a,0x73,0x96,0xff,0x07,0x6b,0xed,0x11,0x18,0x9d,0xf1,0x40,
    0x0f,0x38,0x4e,0xff,0x00,0xaa,0xaa,0x03,0x55,0xaa,0xff,0x03,0x7f,0xff,0xff,0x02,0x11,0x14,0x11,0xa5,0x5a,0x11,0x41,0x11,
    0x11,0x41,0xb3,0x22,0x22,0x3b,0x14,0x11,0x44,0x63,0x00,0x00,0x00,0x00,0x36,0xd6,0x51,0x30,0x02,0x00,0x00,0x20,0x03,0x1e,
    0x15,0x20,0x79,0x70,0x07,0x97,0x02,0x51,0x13,0x00,0x00,0x00,0x00,0x00,0x00,0x31,0x12,0x00,0x9c,0x80,0x08,0xc9,0x00,0x21,
    0x12,0x22,0x92,0x20,0x02,0x27,0x00,0x21,0x12,0x22,0x22,0x00,0x00,0x00,0x00,0x21,0x13,0x22,0x22,0x00,0x00,0x00,0x00,0x31,
    0x15,0x22,0x02,0x87,0x78,0x20,0x02,0x51,0x51,0x30,0x00,0x28,0x82,0x00,0x03,0x15,0x64,0x03,0x00,0x00,0x00,0x02,0x31,0xd6,
    0x11,0x41,0xb3,0x22,0x22,0x35,0x14,0x11,0x11,0x1f,0x11,0x6a,0xa6,0x11,0x41,0x11,0x11,0x11,0x11,0x11,0x11,0x11,0x11,0x11,
};
static const lv_image_dsc_t emoji_263a = {
    .header = {.magic = LV_IMAGE_HEADER_MAGIC, .cf = LV_COLOR_FORMAT_I4, .w = 16, .h = 16, .stride = 8},
    .data_size = sizeof(emoji_263a_pixels), .data = emoji_263a_pixels,
};
static const uint8_t emoji_2764_pixels[] = {
    0x36,0x43,0xf5,0xfb,0x00,0x00,0x00,0x00,0x33,0x38,0xdf,0xde,0x15,0x1a,0xef,0x0a,0x4f,0x5b,0xfb,0xfe,0x30,0x35,0xdc,0x5f,
    0x35,0x2c,0xb8,0x13,0x79,0x84,0xfe,0xfd,0x5f,0x5f,0xff,0x02,0x00,0x00,0x7f,0x02,0x24,0x56,0xf4,0x11,0x36,0x43,0xf5,0xad,
    0x55,0x55,0xaa,0x03,0x34,0x36,0xd8,0xa5,0x34,0x2f,0xbf,0x5c,0x88,0x92,0xff,0xfb,0x13,0x11,0x61,0x13,0x31,0x16,0x11,0x31,
    0x31,0x52,0x22,0x51,0x15,0x22,0x25,0x19,0x15,0x47,0x40,0x2e,0x54,0x74,0x00,0x51,0x30,0x7f,0x40,0x02,0x24,0x74,0x00,0x23,
    0x30,0x74,0x20,0x00,0x00,0x00,0x00,0x23,0xa0,0x40,0x00,0x00,0x00,0x00,0x00,0x26,0x10,0x00,0x00,0x00,0x00,0x00,0x00,0x21,
    0x10,0x00,0x00,0x00,0x00,0x00,0x02,0x51,0x81,0xb0,0x00,0x00,0x00,0x00,0x0d,0x1c,0x33,0x30,0x00,0x00,0x00,0x00,0x23,0x99,
    0x1a,0x1a,0x00,0x00,0x00,0x02,0x61,0x31,0x11,0x81,0x30,0x00,0x00,0x26,0x1c,0x11,0x11,0x18,0x13,0xb0,0x02,0x61,0xc1,0x11,
    0x11,0x11,0x81,0x6b,0xd1,0x10,0x11,0x11,0x11,0x11,0x13,0x11,0x11,0x91,0x11,0x11,0x11,0x11,0x11,0x11,0x11,0x11,0x11,0x11,
};
static const lv_image_dsc_t emoji_2764 = {
    .header = {.magic = LV_IMAGE_HEADER_MAGIC, .cf = LV_COLOR_FORMAT_I4, .w = 16, .h = 16, .stride = 8},
    .data_size = sizeof(emoji_2764_pixels), .data = emoji_2764_pixels,
};
static const uint8_t emoji_1f389_pixels[] = {
    0x00,0x00,0x00,0x00,0x06,0xa8,0xfb,0x12,0x10,0xb0,0xf9,0xf2,0x02,0xf0,0xff,0x12,0x07,0x9e,0xfd,0x5d,0x03,0xa1,0xf2,0xa5,
    0xb6,0x94,0xf8,0xe4,0xaa,0x94,0xf6,0xa0,0x33,0x4f,0xf5,0x66,0xf5,0xad,0x06,0xe8,0x17,0x63,0xfb,0x0e,0x34,0x44,0xf2,0xe8,
    0xf2,0xa8,0x02,0x16,0xb2,0x90,0xf5,0x6b,0xf3,0xa7,0x05,0xa0,0xab,0x96,0xf7,0x1e,0x0a,0x00,0x00,0x88,0x00,0x10,0x30,0x00,
    0xc0,0x0e,0x08,0xb0,0x14,0x40,0xf6,0xf0,0x01,0x00,0xab,0x88,0xa5,0x10,0x06,0x70,0x05,0x40,0x0b,0xb0,0x0f,0x7d,0x07,0x70,
    0x00,0x15,0x30,0xb0,0x07,0x66,0x06,0xd0,0x03,0x04,0x08,0xb8,0x0d,0x61,0x0d,0x00,0x03,0xa0,0x50,0xb0,0x70,0x61,0x40,0xc0,
    0x01,0x00,0x20,0x00,0x67,0x00,0xc9,0x90,0x0a,0x02,0x00,0x00,0x05,0x00,0xe9,0xc0,0x10,0x12,0x00,0x00,0x09,0xe0,0x9e,0x0c,
    0x10,0x50,0x22,0x00,0x00,0xe9,0x90,0x0c,0x01,0x20,0x22,0x02,0x53,0x00,0xc4,0x50,0x04,0x02,0x02,0x53,0x00,0xa0,0x00,0x00,
    0x00,0x02,0x43,0x00,0x33,0x00,0x0d,0x70,0x00,0x4a,0x00,0x11,0x00,0x00,0x0f,0xf0,0x00,0x00,0x00,0x00,0x00,0x00,0x00,0x00,
};
static const lv_image_dsc_t emoji_1f389 = {
    .header = {.magic = LV_IMAGE_HEADER_MAGIC, .cf = LV_COLOR_FORMAT_I4, .w = 16, .h = 16, .stride = 8},
    .data_size = sizeof(emoji_1f389_pixels), .data = emoji_1f389_pixels,
};
static const uint8_t emoji_1f38a_pixels[] = {
    0x00,0x00,0x00,0x00,0x0b,0xcb,0xff,0xf9,0x14,0x13,0xfe,0x15,0x02,0xeb,0xfe,0x0a,0x0b,0xa8,0xf7,0x20,0xf5,0xac,0x07,0xa9,
    0x12,0x9b,0xe7,0x97,0x02,0x9c,0xfc,0x53,0x1a,0x32,0xf9,0x61,0x28,0x54,0xed,0xe3,0xe4,0xa3,0x11,0xdc,0x05,0xa8,0xed,0xfb,
    0xf8,0xac,0x03,0x5b,0x1a,0x55,0xf7,0x1b,0x2d,0xda,0xfe,0xa1,0xb4,0x91,0xf1,0xa9,0x03,0x04,0xee,0x40,0x04,0xee,0x03,0x33,
    0x40,0x01,0x11,0x10,0x71,0x11,0x1e,0x03,0x23,0x11,0x1b,0xb6,0x0b,0xb1,0x11,0x30,0x04,0x11,0xb0,0x00,0x06,0x9b,0xb1,0x70,
    0x34,0x1b,0x96,0x55,0x20,0x90,0x01,0x30,0x30,0x09,0x00,0x0a,0x08,0x05,0x07,0x03,0x20,0x00,0x0f,0x85,0x0d,0x90,0x07,0x70,
    0x22,0x98,0x0f,0x0a,0x60,0x00,0x87,0x70,0x00,0x08,0x00,0xc5,0x22,0x0a,0x00,0x00,0xdd,0x98,0xf0,0xc5,0x80,0x6a,0x29,0xd0,
    0x00,0x80,0x06,0x4a,0xc0,0x6a,0x00,0xd0,0x47,0x00,0x04,0xdc,0xa0,0x05,0xc2,0x00,0x47,0xff,0x20,0x25,0x52,0x00,0xa0,0x00,
    0x00,0x00,0x20,0x2c,0x06,0x00,0xc5,0x00,0x00,0x00,0x00,0x00,0x06,0x40,0x00,0x00,0x00,0x00,0x00,0x00,0x00,0x00,0x00,0x00,
};
static const lv_image_dsc_t emoji_1f38a = {
    .header = {.magic = LV_IMAGE_HEADER_MAGIC, .cf = LV_COLOR_FORMAT_I4, .w = 16, .h = 16, .stride = 8},
    .data_size = sizeof(emoji_1f38a_pixels), .data = emoji_1f38a_pixels,
};
static const uint8_t emoji_1f400_pixels[] = {
    0x00,0x00,0x00,0x00,0xcc,0xc6,0xb8,0xfb,0xc3,0xbb,0xa6,0xf8,0xf9,0xf9,0xf8,0x02,0xb3,0xd6,0xfd,0x9d,0xac,0xd0,0xf6,0x1a,
    0xb2,0xb4,0xa5,0x14,0xae,0xa8,0x6a,0x1d,0xcb,0xd1,0xd4,0xfc,0xb1,0xaa,0x92,0xec,0xb3,0xd7,0xfc,0x62,0xca,0xc2,0xb4,0x65,
    0xb4,0xcf,0xed,0xd1,0xae,0xa0,0x68,0xa4,0xff,0xff,0x00,0x01,0xca,0xc5,0xb1,0x27,0x00,0x00,0x07,0xe0,0x00,0x00,0x00,0x00,
    0x00,0x00,0x00,0x06,0x30,0x00,0x00,0x00,0x00,0x03,0x37,0x00,0x00,0x00,0x00,0x00,0x0e,0x70,0xd0,0xdb,0xf6,0x00,0x00,0x00,
    0x00,0x06,0x29,0x88,0x00,0x00,0x30,0x00,0x63,0xb1,0x92,0xc8,0xbf,0x06,0x03,0x00,0x79,0x88,0x92,0x12,0x11,0x11,0xb0,0x30,
    0x70,0x92,0x12,0x21,0x12,0x21,0x10,0x30,0x00,0x07,0x02,0x11,0x29,0x11,0x8b,0x03,0x07,0x00,0x00,0x11,0x22,0x11,0x10,0x0e,
    0x00,0x00,0x0d,0x11,0x29,0x21,0x18,0x40,0x00,0x30,0x51,0x10,0x7c,0x01,0x26,0xca,0x00,0x30,0x50,0x6a,0xaa,0x56,0x00,0xca,
    0x00,0x03,0x05,0x44,0x44,0x44,0x44,0xc5,0x00,0x03,0x35,0x50,0x05,0xa4,0x4a,0x50,0x00,0x00,0x00,0x00,0x00,0x00,0x00,0x00,
};
static const lv_image_dsc_t emoji_1f400 = {
    .header = {.magic = LV_IMAGE_HEADER_MAGIC, .cf = LV_COLOR_FORMAT_I4, .w = 16, .h = 16, .stride = 8},
    .data_size = sizeof(emoji_1f400_pixels), .data = emoji_1f400_pixels,
};
static const uint8_t emoji_1f401_pixels[] = {
    0x00,0x00,0x00,0x00,0xda,0xda,0xdf,0xfb,0xf8,0xf8,0xfa,0x0a,0xab,0xac,0xab,0x14,0xab,0xac,0xfd,0x12,0xad,0xae,0xf7,0x9e,
    0xa7,0xa8,0xf4,0x5b,0xdc,0xdc,0xe0,0x99,0xa8,0xa8,0xab,0xfc,0xdb,0xdc,0xdf,0x61,0xa7,0xa7,0xa4,0x6f,0x74,0x74,0x74,0x02,
    0xb4,0xb4,0xee,0xec,0xa3,0xa4,0xa5,0x9c,0x7f,0x7f,0xff,0x02,0x7f,0x8c,0xcc,0x14,0x00,0x00,0x03,0x30,0x00,0x00,0x00,0x00,
    0x00,0x00,0x00,0x04,0x22,0x00,0x00,0x00,0x00,0x00,0x03,0x30,0x00,0x00,0x00,0x00,0x00,0x30,0xa8,0x87,0x72,0x02,0x00,0x00,
    0x00,0x3b,0xa8,0x11,0x17,0x24,0x00,0x00,0x00,0x00,0x91,0x1c,0x17,0x04,0x00,0x00,0x03,0x39,0x18,0x11,0x17,0x90,0x00,0x00,
    0x23,0xd8,0x11,0x11,0x11,0x17,0x22,0x00,0x03,0x3a,0xd1,0x11,0x11,0x11,0x2e,0x30,0x00,0x00,0x09,0x11,0x11,0x11,0x90,0x30,
    0x00,0xbb,0xb3,0x11,0x11,0x11,0xc6,0x04,0x00,0x04,0x06,0x11,0x5c,0x1a,0x6c,0x02,0x00,0x02,0x04,0x2f,0x66,0x64,0x55,0x02,
    0x00,0x00,0xe0,0x45,0x65,0x55,0x54,0x02,0x00,0x00,0x22,0x44,0x00,0x00,0x00,0x00,0x00,0x00,0x00,0x00,0x00,0x00,0x00,0x00,
};
static const lv_image_dsc_t emoji_1f401 = {
    .header = {.magic = LV_IMAGE_HEADER_MAGIC, .cf = LV_COLOR_FORMAT_I4, .w = 16, .h = 16, .stride = 8},
    .data_size = sizeof(emoji_1f401_pixels), .data = emoji_1f401_pixels,
};
static const uint8_t emoji_1f402_pixels[] = {
    0x01,0x01,0x01,0x00,0x53,0x5d,0x89,0xf8,0x35,0x39,0x63,0x17,0x53,0x59,0x96,0x17,0x55,0x5f,0x88,0x5a,0x49,0x52,0x79,0xfe,
    0x2f,0x36,0x51,0xe9,0x57,0x63,0x8e,0xa3,0x6e,0x6e,0x6e,0x02,0x48,0x50,0x78,0x4f,0x1f,0x7f,0x7f,0x03,0x3c,0x48,0x6a,0xfb,
    0x49,0x51,0x78,0xaf,0x30,0x37,0x53,0x57,0x2c,0x33,0x4d,0xaf,0x38,0x41,0x61,0x59,0x00,0x00,0x00,0x00,0x00,0x00,0x00,0x00,
    0x00,0x00,0x00,0xaa,0x00,0x00,0x00,0x00,0x00,0x07,0x00,0x00,0xa2,0x32,0x80,0x00,0x00,0x15,0x1b,0xc3,0x00,0x00,0x08,0x00,
    0x04,0x16,0x5b,0x11,0x74,0x44,0x30,0x00,0x21,0x11,0x15,0x51,0x11,0x11,0x14,0x03,0x04,0x71,0x15,0x11,0x11,0x11,0x11,0x00,
    0x00,0x04,0x11,0x11,0x11,0x11,0x11,0x30,0x00,0x30,0x11,0x51,0x11,0x11,0x17,0x30,0x00,0x28,0x91,0x51,0x11,0x55,0x19,0xf0,
    0x00,0x00,0x06,0xc1,0xc0,0x6b,0x19,0xe2,0x00,0x00,0x26,0x21,0x30,0xd6,0x17,0x02,0x00,0x00,0x26,0xf1,0x32,0xd6,0x14,0x08,
    0x00,0xa0,0x2e,0x91,0x40,0x2d,0x74,0x08,0x00,0x00,0x00,0x03,0x30,0x00,0x00,0x00,0x00,0x00,0x00,0x00,0x00,0x00,0x00,0x00,
};
static const lv_image_dsc_t emoji_1f402 = {
    .header = {.magic = LV_IMAGE_HEADER_MAGIC, .cf = LV_COLOR_FORMAT_I4, .w = 16, .h = 16, .stride = 8},
    .data_size = sizeof(emoji_1f402_pixels), .data = emoji_1f402_pixels,
};
static const uint8_t emoji_1f403_pixels[] = {
    0x00,0x00,0x00,0x00,0xb0,0xa8,0xaa,0xfa,0xad,0xab,0xad,0x13,0x70,0x72,0x75,0x04,0xad,0xa5,0xa5,0x5e,0xfa,0xfa,0xfa,0x02,
    0x65,0x76,0x9f,0xfb,0x72,0x8c,0xb4,0xec,0xc1,0xb7,0xb6,0xf4,0xd6,0xd3,0xd3,0xfc,0x56,0x69,0x9e,0x0a,0xa9,0xa3,0xa3,0xa4,
    0xc6,0xc5,0xc6,0x96,0x5e,0x6c,0x96,0xb1,0x74,0x73,0x72,0x55,0xc2,0xb6,0xb5,0x53,0x03,0x05,0x23,0x22,0x25,0x00,0x00,0x00,
    0x00,0x00,0x00,0x00,0x00,0x00,0x00,0x00,0x00,0xa2,0x02,0x2f,0x4a,0xa5,0x30,0x00,0x37,0x07,0x11,0x70,0x81,0xd0,0x02,0x00,
    0x06,0x77,0x11,0x67,0x11,0x64,0x20,0x00,0x00,0xd0,0x11,0x16,0x66,0x18,0x14,0x03,0x50,0x01,0x11,0x11,0x11,0x11,0x11,0x20,
    0x2a,0xc9,0x99,0x11,0x11,0x11,0x18,0xf0,0x20,0xb9,0x11,0x11,0x11,0x11,0x18,0xb0,0x50,0x2c,0x81,0x11,0x11,0x11,0x11,0x00,
    0x00,0x00,0x0b,0x11,0x11,0x11,0xb1,0xe3,0x00,0x55,0x0e,0x14,0x14,0x40,0x41,0x00,0x00,0x03,0x54,0x12,0x12,0x00,0x24,0x30,
    0x00,0x00,0x02,0x22,0x12,0x32,0x00,0x00,0x00,0x00,0x00,0x02,0x20,0x00,0x32,0x00,0x00,0x00,0x00,0x00,0x00,0x00,0x00,0x00,
};
static const lv_image_dsc_t emoji_1f403 = {
    .header = {.magic = LV_IMAGE_HEADER_MAGIC, .cf = LV_COLOR_FORMAT_I4, .w = 16, .h = 16, .stride = 8},
    .data_size = sizeof(emoji_1f403_pixels), .data = emoji_1f403_pixels,
};
static const uint8_t emoji_1f404_pixels[] = {
    0x01,0x01,0x01,0x00,0xde,0xde,0xe2,0xf8,0x9e,0x9e,0xa0,0xf3,0x5e,0x5d,0x5d,0xfb,0xee,0xee,0xef,0x0f,0x68,0x68,0x68,0x09,
    0xa7,0xa0,0xa0,0x61,0xb1,0xad,0xb4,0x0c,0xe1,0xe2,0xe1,0x9b,0x4d,0x4e,0x51,0x4f,0x3b,0x3b,0x3b,0xf0,0xe9,0xe7,0xe8,0x5b,
    0x96,0x93,0x93,0x9f,0xb5,0xb5,0xda,0xd4,0x66,0x66,0x66,0xb7,0xaa,0xaa,0xff,0x09,0x00,0x00,0x50,0x00,0x00,0x00,0x00,0x00,
    0x00,0x00,0x00,0x00,0x00,0x00,0x00,0x00,0x05,0x00,0x00,0x05,0x00,0x05,0x54,0x00,0x50,0x03,0x20,0x29,0x00,0x00,0x00,0x50,
    0x00,0xe2,0x23,0x06,0x99,0x99,0x64,0x04,0x01,0x11,0x2a,0x32,0x33,0x33,0x22,0x04,0xf0,0xd1,0x13,0x31,0x2a,0x33,0x13,0xe0,
    0x00,0x04,0x81,0x11,0x12,0x33,0x13,0xc0,0x04,0x00,0x0c,0x31,0x22,0x11,0x32,0xb0,0x00,0x07,0x70,0x33,0x22,0x11,0x22,0x60,
    0x00,0x00,0x70,0xc2,0x11,0xd1,0x16,0xa5,0x00,0x00,0x70,0x62,0x88,0x71,0x14,0x95,0x00,0x00,0x70,0x62,0x88,0x61,0x14,0x00,
    0x00,0x00,0x70,0x66,0x88,0x7b,0xb0,0x50,0x00,0x00,0x00,0x00,0x44,0x00,0x00,0x00,0x00,0x00,0x00,0x00,0x00,0x00,0x00,0x00,
};
static const lv_image_dsc_t emoji_1f404 = {
    .header = {.magic = LV_IMAGE_HEADER_MAGIC, .cf = LV_COLOR_FORMAT_I4, .w = 16, .h = 16, .stride = 8},
    .data_size = sizeof(emoji_1f404_pixels), .data = emoji_1f404_pixels,
};
static const uint8_t emoji_1f405_pixels[] = {
    0x00,0x00,0x00,0x00,0x21,0x67,0xa4,0xf8,0x1a,0x74,0xd6,0xf3,0x15,0x70,0xf1,0x1b,0x21,0x8c,0xe6,0xf2,0x17,0x65,0x73,0x0c,
    0x00,0xfa,0xff,0x03,0x1b,0x5c,0x9c,0x12,0x69,0xb5,0xec,0xf4,0x0f,0x1c,0x6e,0x04,0x11,0x95,0xf2,0x18,0xce,0xe8,0xed,0xf8,
    0x18,0x8c,0xf6,0xa6,0x2b,0x2e,0x2f,0x5d,0x28,0x56,0x8b,0x51,0xa0,0xce,0xe9,0xfe,0x00,0x00,0x00,0x00,0x00,0x00,0x00,0x00,
    0x00,0x03,0x75,0x00,0x00,0x00,0x00,0x00,0x00,0x50,0x00,0x00,0x00,0x00,0x00,0x00,0x03,0x03,0xe7,0x00,0x00,0x00,0x00,0x00,
    0x50,0xe1,0x12,0xa9,0x35,0x95,0x00,0x00,0x0a,0x41,0x40,0x30,0x00,0x00,0x60,0x00,0xd0,0x42,0x1f,0x80,0x00,0xe3,0x06,0x00,
    0xdb,0x01,0x10,0x81,0x11,0x11,0x56,0x60,0x90,0xb4,0x88,0x21,0x42,0x21,0xc0,0x50,0x00,0x30,0xb2,0x11,0x11,0x21,0x20,0x0d,
    0x00,0x00,0xf4,0x21,0x01,0x12,0x10,0x17,0x70,0x02,0x01,0x20,0x32,0x12,0x60,0x50,0x00,0x22,0x04,0x40,0x32,0x44,0x00,0x00,
    0x60,0x30,0x34,0xc0,0x30,0x4c,0x67,0x90,0x00,0x00,0x33,0x00,0x00,0x3a,0x00,0x00,0x00,0x00,0x00,0x00,0x00,0x00,0x00,0x00,
};
static const lv_image_dsc_t emoji_1f405 = {
    .header = {.magic = LV_IMAGE_HEADER_MAGIC, .cf = LV_COLOR_FORMAT_I4, .w = 16, .h = 16, .stride = 8},
    .data_size = sizeof(emoji_1f405_pixels), .data = emoji_1f405_pixels,
};
static const uint8_t emoji_1f406_pixels[] = {
    0x00,0x00,0x00,0x00,0x10,0x9e,0xe3,0xf1,0x0a,0xa3,0xfa,0x19,0x00,0xf6,0xff,0x05,0x23,0x83,0xb6,0xfd,0x0b,0x7a,0xf6,0x13,
    0x0a,0xa0,0xeb,0xa6,0x08,0x8f,0xf3,0x65,0x08,0x04,0xfa,0x02,0x21,0xc9,0xff,0xf6,0x15,0xb8,0xb8,0x03,0x24,0x6c,0xa1,0xf0,
    0x34,0x31,0x32,0x61,0x1b,0x6e,0xe2,0x46,0xaa,0xee,0xff,0x0f,0x7f,0x7f,0xff,0x02,0x00,0x00,0x00,0x00,0x00,0x00,0x00,0x00,
    0x00,0x03,0x0f,0x00,0x00,0x00,0x00,0x00,0x03,0x00,0x00,0x00,0x00,0x00,0x00,0x00,0x00,0x07,0x10,0x80,0x00,0x00,0x00,0x00,
    0x32,0x11,0x90,0x02,0xa0,0xa8,0x00,0x00,0xc0,0x11,0x16,0x00,0x00,0x00,0x30,0x00,0x00,0x91,0x11,0x66,0x77,0x20,0x08,0x00,
    0xe0,0x01,0x11,0x41,0xb4,0x11,0x35,0x50,0x00,0x26,0x14,0x14,0x11,0x41,0x60,0x00,0x3a,0x03,0x11,0x14,0x41,0x14,0x15,0x0c,
    0x02,0x07,0x11,0x11,0x11,0x41,0x60,0xb0,0x38,0x21,0x16,0x16,0x07,0x19,0x0d,0x50,0x50,0x71,0x50,0x95,0x01,0x11,0x30,0x00,
    0x80,0x5d,0x21,0x10,0x27,0x11,0x85,0x00,0x00,0x00,0x22,0x80,0x00,0x22,0x03,0x00,0x00,0x00,0x00,0x00,0x00,0x00,0x00,0x00,
};
static const lv_image_dsc_t emoji_1f406 = {
    .header = {.magic = LV_IMAGE_HEADER_MAGIC, .cf = LV_COLOR_FORMAT_I4, .w = 16, .h = 16, .stride = 8},
    .data_size = sizeof(emoji_1f406_pixels), .data = emoji_1f406_pixels,
};
static const uint8_t emoji_1f407_pixels[] = {
    0xdc,0xdc,0xe0,0xf4,0xdf,0xdf,0xd6,0x1e,0xab,0xab,0xab,0xf3,0xe1,0xe1,0xda,0x5f,0xaa,0xa9,0xa9,0x0e,0x79,0x79,0x79,0x02,
    0xe7,0xe6,0xe4,0x96,0xb9,0xb8,0xff,0xfe,0xa8,0xa8,0xa8,0x63,0xb7,0xb6,0xb5,0x9a,0xff,0xff,0x7f,0x02,0xff,0xff,0x00,0x01,
    0x88,0x7f,0x7f,0x1e,0x00,0x00,0x00,0x00,0xff,0xff,0xff,0x01,0xe5,0xe5,0xe6,0xfc,0xdd,0xdd,0x5d,0x88,0xd4,0xdd,0xdd,0xdd,
    0xdd,0xde,0xd4,0x22,0x4d,0x33,0x1d,0xdd,0xdd,0xd5,0xd4,0x22,0x56,0x0f,0x1d,0xed,0xdd,0xde,0xe4,0x22,0x30,0x70,0x1e,0xed,
    0xdd,0xde,0xd1,0x02,0x07,0x03,0xd4,0xdd,0xdd,0xee,0x10,0x0f,0x00,0x3d,0xed,0xdd,0xdd,0xed,0x60,0x22,0x01,0xd1,0xdd,0xdd,
    0xe5,0xc9,0x20,0x22,0x06,0x4d,0xde,0xdd,0xbe,0x43,0x20,0x0f,0x0f,0x01,0x1d,0xdd,0xdd,0xdd,0x30,0x00,0x0f,0xf0,0x03,0xde,
    0xdd,0xe5,0x3f,0x00,0x00,0x00,0x00,0xed,0xdd,0x5d,0x1f,0xff,0x00,0xf0,0x06,0xde,0xdd,0xde,0xd6,0xff,0x02,0xff,0x1d,0xed,
    0xdd,0xde,0xe0,0x00,0x90,0xf6,0xde,0xdd,0xdd,0xdd,0xa4,0x13,0x13,0x1d,0x5e,0xdd,0xdd,0xdd,0xdd,0xdd,0xdd,0xdd,0xdd,0xdd,
};
static const lv_image_dsc_t emoji_1f407 = {
    .header = {.magic = LV_IMAGE_HEADER_MAGIC, .cf = LV_COLOR_FORMAT_I4, .w = 16, .h = 16, .stride = 8},
    .data_size = sizeof(emoji_1f407_pixels), .data = emoji_1f407_pixels,
};
static const uint8_t emoji_1f408_pixels[] = {
    0x00,0x00,0x00,0x00,0x09,0xb2,0xfa,0xf4,0x00,0xf9,0xff,0x03,0x03,0xaa,0xfc,0x1a,0x03,0xad,0xfb,0x9d,0x00,0xc4,0xff,0xfc,
    0x00,0xb7,0xfe,0x59,0x09,0x7b,0xff,0x03,0x2c,0x65,0xae,0x10,0x48,0xc5,0xfe,0xfd,0x00,0x00,0xff,0x01,0x48,0x4d,0xad,0x86,
    0x1a,0x8f,0xbb,0xed,0xff,0xff,0xff,0x01,0x87,0xcf,0xff,0xff,0x78,0x87,0x96,0x11,0x00,0x70,0x33,0x03,0x60,0x70,0x00,0x00,
    0x00,0x72,0x41,0x31,0x17,0xda,0x00,0x00,0x00,0x80,0x41,0x1e,0x93,0x02,0x23,0x00,0x00,0x02,0x15,0x19,0x96,0x02,0x00,0x00,
    0x00,0x0c,0x10,0x11,0x56,0x23,0x44,0x22,0x00,0x01,0x1c,0x11,0x56,0x03,0x31,0x60,0x0f,0x01,0x11,0x11,0x13,0x30,0x31,0x60,
    0x00,0x02,0x41,0x11,0x11,0x14,0x11,0x37,0x00,0x00,0x31,0x11,0x11,0x15,0x43,0x22,0x00,0x22,0x31,0x11,0x11,0x15,0x60,0x20,
    0x00,0xa2,0x21,0x51,0x55,0x11,0x32,0x20,0x00,0x07,0x00,0x11,0x44,0x11,0x30,0x20,0x00,0x00,0x0b,0x11,0x00,0x15,0x30,0x20,
    0x00,0x0a,0x80,0x11,0x3b,0x11,0x30,0x20,0x00,0x00,0x88,0x44,0x70,0x66,0x02,0x00,0x00,0x00,0x00,0x00,0x00,0x00,0x00,0x00,
};
static const lv_image_dsc_t emoji_1f408 = {
    .header = {.magic = LV_IMAGE_HEADER_MAGIC, .cf = LV_COLOR_FORMAT_I4, .w = 16, .h = 16, .stride = 8},
    .data_size = sizeof(emoji_1f408_pixels), .data = emoji_1f408_pixels,
};
static const uint8_t emoji_1f409_pixels[] = {
    0x00,0x00,0x00,0x00,0x49,0xa9,0x11,0xf1,0x49,0xa6,0x04,0x1d,0x46,0xa7,0x04,0x61,0x00,0xff,0x00,0x01,0x6c,0xcc,0x52,0xf1,
    0x4f,0xaf,0x0d,0xa7,0x69,0xe6,0x07,0x08,0x04,0x03,0xf7,0x0b,0x48,0xd6,0xe7,0x16,0x66,0xc9,0x37,0xfc,0x34,0x8d,0x55,0xe3,
    0x4a,0xd1,0xb4,0xe0,0x00,0xff,0xff,0x01,0x37,0x91,0x52,0x69,0x3f,0x7f,0x2a,0x04,0x00,0x0f,0x00,0x00,0x00,0x00,0x00,0x00,
    0x00,0x00,0x00,0x00,0x0e,0x00,0x00,0x00,0x00,0x01,0x01,0x10,0xb1,0x20,0x00,0x00,0x44,0x71,0x11,0x11,0x01,0x30,0x00,0x00,
    0x80,0x80,0x01,0xa1,0x01,0x29,0xcc,0x9d,0x87,0x83,0xa5,0x0b,0x01,0x00,0x5c,0x9d,0x04,0x73,0x00,0x0c,0x11,0x03,0x19,0x0d,
    0x40,0x21,0x60,0x01,0x10,0x02,0x13,0x02,0x04,0x31,0x55,0x11,0xe0,0xe0,0x11,0x04,0x07,0x36,0x51,0x00,0x01,0x11,0x11,0xf4,
    0x00,0x00,0xa1,0x08,0x11,0x11,0x13,0x02,0x7d,0x36,0x51,0xbb,0x11,0x21,0x12,0x47,0xf0,0x31,0x5a,0x11,0x16,0x26,0x20,0x40,
    0x00,0x00,0x30,0x51,0x62,0x00,0x00,0x00,0x00,0x00,0x00,0x03,0x20,0x22,0x40,0x00,0x00,0x00,0x00,0x00,0x00,0x00,0x00,0x00,
};
static const lv_image_dsc_t emoji_1f409 = {
    .header = {.magic = LV_IMAGE_HEADER_MAGIC, .cf = LV_COLOR_FORMAT_I4, .w = 16, .h = 16, .stride = 8},
    .data_size = sizeof(emoji_1f409_pixels), .data = emoji_1f409_pixels,
};
static const uint8_t emoji_1f40a_pixels[] = {
    0x00,0x00,0x00,0x00,0x39,0x89,0x74,0xf8,0x18,0x75,0x71,0x0b,0x2a,0x73,0x64,0xf3,0x1d,0x6b,0x5e,0x9f,0x3a,0x89,0x70,0x25,
    0x3b,0x93,0x87,0xfc,0x3a,0x87,0x73,0x96,0x3a,0x89,0x74,0x67,0x42,0x90,0x79,0xfd,0x00,0xff,0xff,0x01,0x45,0x8c,0x74,0x13,
    0x71,0x71,0x71,0x02,0x2d,0x77,0x66,0x65,0x65,0x9c,0xb2,0xff,0x5d,0x96,0xca,0xff,0x00,0x00,0x20,0x57,0x78,0x00,0x00,0x00,
    0x00,0x05,0x08,0x66,0x61,0x7b,0x2a,0x00,0x00,0x00,0x56,0x34,0x31,0x67,0x0c,0x00,0x00,0xb8,0x14,0x00,0xd6,0x11,0x50,0xc0,
    0x20,0x57,0xd0,0x08,0x11,0x11,0xd0,0x20,0x00,0x00,0x00,0x79,0x11,0x11,0x15,0xaa,0x00,0x02,0x22,0x41,0x11,0x11,0x98,0x02,
    0x00,0x00,0x00,0x41,0x11,0x13,0x18,0x02,0x00,0x20,0x24,0x41,0x11,0x13,0x34,0x02,0x00,0x20,0x33,0x31,0x11,0x94,0x43,0x00,
    0x00,0x04,0x39,0x13,0x11,0x11,0x7b,0x0a,0x02,0x24,0x11,0x33,0x11,0x31,0x32,0x02,0x05,0x33,0x6e,0xe9,0x18,0x24,0x32,0x02,
    0x0c,0x0f,0xf6,0x17,0x50,0x04,0x40,0x00,0xa0,0xb0,0x00,0x00,0x02,0x20,0x00,0x00,0x00,0x00,0x00,0x00,0x00,0x00,0x00,0x00,
};
static const lv_image_dsc_t emoji_1f40a = {
    .header = {.magic = LV_IMAGE_HEADER_MAGIC, .cf = LV_COLOR_FORMAT_I4, .w = 16, .h = 16, .stride = 8},
    .data_size = sizeof(emoji_1f40a_pixels), .data = emoji_1f40a_pixels,
};
static const uint8_t emoji_1f40b_pixels[] = {
    0x00,0x00,0x00,0x00,0xb0,0xa6,0x6d,0xf5,0xae,0xa5,0x64,0x11,0xdb,0xd5,0xb0,0xf8,0xae,0xa3,0x68,0x5b,0xe4,0xe1,0xc4,0xf7,
    0xfc,0xfb,0xf6,0x05,0xe1,0xe0,0xa3,0x10,0x7f,0x7f,0x7f,0x02,0xad,0xa3,0x6a,0xa2,0xb6,0xb8,0x93,0xfe,0xbd,0xd6,0xd8,0xf4,
    0xc4,0xba,0x7c,0xff,0xe9,0xe2,0xc6,0x61,0xe2,0xd9,0xb2,0x5b,0xff,0xff,0x00,0x01,0x00,0x00,0x00,0x00,0x06,0xf2,0x20,0x00,
    0x00,0x00,0x00,0x00,0x02,0x09,0x40,0x00,0x00,0x00,0x00,0x00,0x60,0x21,0x48,0x00,0x08,0x22,0x6f,0x82,0x24,0x11,0x40,0x20,
    0x00,0x00,0x00,0x00,0x24,0x42,0x14,0x02,0x02,0x44,0x22,0x22,0x00,0x00,0x91,0x20,0x0b,0x51,0x11,0x11,0x14,0x00,0x4c,0x90,
    0x73,0x5b,0xa1,0x11,0x11,0x42,0x11,0x10,0x0e,0x33,0xba,0x11,0x11,0x11,0x11,0x16,0x70,0x05,0x35,0x0a,0x11,0x11,0x11,0x90,
    0x86,0x75,0x53,0x33,0x11,0x11,0x11,0x40,0x07,0x0e,0x53,0x33,0x33,0x11,0x11,0x72,0x86,0x01,0x05,0x53,0x55,0x53,0x1c,0x10,
    0x00,0x24,0x2d,0x03,0x33,0x5d,0x44,0x20,0x00,0x00,0x00,0x07,0x67,0x00,0x00,0x00,0x00,0x00,0x00,0x00,0x00,0x00,0x00,0x00,
};
static const lv_image_dsc_t emoji_1f40b = {
    .header = {.magic = LV_IMAGE_HEADER_MAGIC, .cf = LV_COLOR_FORMAT_I4, .w = 16, .h = 16, .stride = 8},
    .data_size = sizeof(emoji_1f40b_pixels), .data = emoji_1f40b_pixels,
};
static const uint8_t emoji_1f40c_pixels[] = {
    0x00,0x00,0x00,0x00,0x8c,0xb6,0xe7,0xf6,0x4a,0x64,0xa3,0xfc,0x36,0x46,0x72,0xfd,0x98,0xb5,0xed,0x19,0x98,0xc4,0xf3,0xf2,
    0x3c,0x52,0x90,0xfe,0x52,0x5d,0xa3,0x15,0x8d,0xb5,0xe3,0x58,0x77,0xb4,0xf3,0x05,0x78,0x78,0x78,0x02,0x4b,0x67,0xaa,0x65,
    0x2d,0x6c,0xab,0x04,0x6e,0x92,0xd0,0xfe,0x9d,0xcb,0xf4,0x55,0x6e,0xa1,0xb1,0x1d,0x00,0x44,0x04,0x4c,0xcc,0xa0,0x00,0x00,
    0x70,0x70,0x40,0xf0,0x00,0x07,0x00,0x00,0xf0,0xf2,0x82,0xbb,0xbb,0x70,0x00,0x00,0x00,0x45,0xe1,0x20,0x02,0x20,0x00,0x00,
    0x00,0x41,0x01,0x22,0x22,0x62,0x00,0xa0,0x04,0x01,0xd1,0x62,0x23,0x33,0x27,0x0a,0x00,0x85,0x51,0x26,0x33,0x23,0x2b,0x4c,
    0x48,0x51,0xd1,0x12,0x33,0x33,0x20,0x0c,0x98,0x11,0x11,0xd2,0x33,0x33,0x20,0xe9,0x90,0x05,0x11,0x26,0x33,0x66,0x61,0x09,
    0x9f,0x05,0x15,0xd6,0x20,0x63,0x00,0x00,0x90,0x85,0x11,0x12,0x22,0x22,0x80,0x70,0xa0,0x41,0x51,0x11,0x11,0x0e,0x0a,0x00,
    0x00,0x08,0x51,0x15,0xe0,0x00,0xa0,0x00,0x00,0x00,0x04,0x07,0x00,0x94,0x00,0x00,0x00,0x00,0x00,0x00,0x00,0x00,0x00,0x00,
};
static const lv_image_dsc_t emoji_1f40c = {
    .header = {.magic = LV_IMAGE_HEADER_MAGIC, .cf = LV_COLOR_FORMAT_I4, .w = 16, .h = 16, .stride = 8},
    .data_size = sizeof(emoji_1f40c_pixels), .data = emoji_1f40c_pixels,
};
static const uint8_t emoji_1f40d_pixels[] = {
    0x00,0x00,0x00,0x00,0x5a,0xd7,0xc9,0xfa,0x49,0xcf,0xbb,0xf0,0x8c,0xdb,0xdc,0xef,0x00,0xff,0xff,0x01,0x60,0xe3,0xdc,0x14,
    0x23,0xa4,0x91,0xe6,0x58,0xb3,0xaf,0x07,0x46,0xaf,0xa1,0xf2,0xf1,0xf5,0xfc,0x0a,0x7f,0x7f,0x7f,0x02,0x48,0xcb,0xb9,0x52,
    0x56,0xd8,0xcb,0x59,0x46,0xc9,0xb5,0x27,0xa5,0xd7,0xdc,0x1a,0x33,0x6e,0xef,0x4c,0x00,0x40,0x7b,0xcd,0x04,0x00,0x00,0x00,
    0x07,0x0c,0x88,0x11,0xb0,0x50,0x00,0x00,0x00,0x02,0x12,0x08,0x1d,0x00,0x00,0x00,0x40,0x40,0x12,0x82,0x1b,0x07,0x00,0x00,
    0x0f,0x00,0x21,0x11,0x15,0x0a,0x00,0x00,0x0f,0xf0,0x03,0x11,0x00,0x70,0x00,0x00,0x00,0x00,0x01,0x13,0xd0,0x74,0x00,0x00,
    0x00,0x09,0x31,0x10,0x00,0x00,0x00,0x00,0x00,0x00,0x11,0x30,0x66,0x00,0x04,0x00,0x04,0x93,0x11,0x26,0x61,0x31,0x75,0x00,
    0x40,0x91,0x13,0x26,0x61,0x11,0x50,0x00,0x05,0x00,0x10,0x13,0x83,0x12,0x60,0x8e,0x0a,0x4e,0x11,0x11,0x21,0x11,0x11,0x00,
    0x00,0xa0,0xe0,0x21,0x12,0x2c,0x09,0x09,0x00,0x0a,0x00,0x5c,0xb5,0x50,0x00,0x50,0x00,0x00,0x00,0x00,0x00,0x00,0x00,0x00,
};
static const lv_image_dsc_t emoji_1f40d = {
    .header = {.magic = LV_IMAGE_HEADER_MAGIC, .cf = LV_COLOR_FORMAT_I4, .w = 16, .h = 16, .stride = 8},
    .data_size = sizeof(emoji_1f40d_pixels), .data = emoji_1f40d_pixels,
};
static const uint8_t emoji_1f40e_pixels[] = {
    0x00,0x00,0x00,0x00,0x5f,0xac,0xf6,0xf5,0x53,0x63,0x92,0x1d,0x51,0x63,0x92,0xec,0x53,0x67,0x95,0xa1,0x75,0x75,0x7f,0x03,
    0x5d,0xa1,0xe7,0x9c,0x62,0xac,0xec,0x14,0x56,0x6c,0x9b,0x71,0x5b,0xa0,0xe7,0x57,0x74,0x7f,0xf4,0x03,0x00,0xff,0xff,0x01,
    0x3a,0x4d,0x73,0xa0,0x5c,0x85,0xb3,0xd4,0x5e,0x8c,0xba,0x23,0x00,0x00,0xff,0x01,0x00,0x00,0x00,0x05,0x00,0x00,0x00,0x00,
    0x07,0x96,0x24,0x20,0x50,0x00,0x00,0x00,0x08,0x31,0x13,0x42,0x05,0xb0,0x00,0x00,0x54,0x31,0x11,0x30,0x77,0x0a,0xa0,0x00,
    0x56,0x11,0x11,0x13,0x00,0x70,0x0b,0x00,0x21,0x11,0x11,0x11,0x66,0x16,0x70,0xa0,0x23,0x37,0x11,0x11,0x11,0x10,0x12,0x25,
    0x00,0x00,0x11,0x11,0x11,0x11,0x18,0x00,0x00,0xe6,0x11,0x11,0x11,0x11,0x13,0x82,0x0e,0xd0,0x61,0x11,0x1d,0x11,0x43,0x32,
    0x04,0x80,0x91,0x97,0x8d,0x19,0x02,0x50,0x04,0xc2,0x19,0x03,0x41,0x60,0xa0,0x0f,0x00,0x00,0x83,0x0c,0x46,0xe0,0xb5,0x00,
    0x00,0x00,0x02,0x0c,0x40,0x00,0x00,0x00,0x00,0xf0,0x00,0x00,0x0b,0x50,0x00,0x00,0x00,0x00,0x00,0x00,0x00,0x00,0x00,0x00,
};
static const lv_image_dsc_t emoji_1f40e = {
    .header = {.magic = LV_IMAGE_HEADER_MAGIC, .cf = LV_COLOR_FORMAT_I4, .w = 16, .h = 16, .stride = 8},
    .data_size = sizeof(emoji_1f40e_pixels), .data = emoji_1f40e_pixels,
};
static const uint8_t emoji_1f40f_pixels[] = {
    0x01,0x01,0x01,0x00,0xdf,0xdf,0xdf,0xf9,0x9d,0x9e,0xa0,0xfc,0xf3,0xf4,0xef,0x0f,0x6c,0x6b,0x6d,0x11,0x4a,0x6f,0x9d,0xfa,
    0x6a,0x97,0xc3,0xf7,0xa3,0xa0,0xa0,0x14,0x61,0x89,0xb2,0xfe,0x6c,0x6e,0x73,0xfc,0xdc,0xda,0xd9,0x69,0xb5,0xc3,0xd2,0xff,
    0x5e,0xa3,0xb0,0x15,0x6b,0x68,0x65,0x8a,0x23,0x6a,0xb2,0x15,0x92,0x91,0x90,0x51,0x04,0x00,0x00,0x00,0xec,0xc0,0x00,0x00,
    0x00,0x4e,0xca,0xa3,0x00,0x00,0x00,0x00,0x00,0x60,0x11,0x11,0x00,0x00,0x00,0x00,0x00,0x61,0x11,0x1b,0x66,0x60,0x0e,0x00,
    0x05,0x81,0x11,0x10,0x55,0x86,0xa3,0x40,0x05,0x02,0x22,0x2b,0x59,0x56,0x1a,0x03,0x00,0x12,0x29,0x02,0x85,0x56,0x12,0xf7,
    0x03,0x12,0x92,0x22,0x58,0x8b,0x11,0x04,0x03,0x19,0x92,0x11,0x88,0xb1,0x11,0x30,0x07,0x11,0x21,0x11,0x11,0x11,0x11,0x30,
    0x73,0x01,0x11,0x11,0x11,0x11,0x11,0x34,0x33,0x31,0x11,0x11,0x11,0x11,0x1f,0x04,0x03,0x07,0x11,0x11,0x11,0x20,0x27,0x07,
    0x00,0x40,0x9d,0xf2,0x74,0x00,0xd4,0x00,0x00,0x00,0x44,0x4d,0x00,0x00,0x00,0x00,0x00,0x00,0x00,0x00,0x00,0x00,0x00,0x00,
};
static const lv_image_dsc_t emoji_1f40f = {
    .header = {.magic = LV_IMAGE_HEADER_MAGIC, .cf = LV_COLOR_FORMAT_I4, .w = 16, .h = 16, .stride = 8},
    .data_size = sizeof(emoji_1f40f_pixels), .data = emoji_1f40f_pixels,
};
static const uint8_t emoji_1f410_pixels[] = {
    0x01,0x02,0x02,0x00,0x59,0x89,0xb7,0xf8,0x53,0x67,0x91,0xed,0x6b,0x6c,0x71,0x06,0x5b,0x8e,0xb6,0x1d,0x4b,0x50,0x67,0xe9,
    0x54,0x67,0x9f,0x0c,0x5f,0x92,0xc3,0xf1,0x00,0x00,0xff,0x01,0x59,0x89,0xb7,0xa6,0x54,0x70,0x9a,0xad,0x58,0x86,0xb5,0x69,
    0xca,0xdd,0xe5,0xfd,0x00,0xff,0xff,0x01,0x4e,0x57,0x72,0x68,0x9f,0xaa,0xad,0x18,0x00,0x0d,0xd4,0xb6,0x44,0x00,0x00,0x00,
    0x00,0x06,0x09,0x9b,0x74,0x06,0x80,0x00,0x00,0xd0,0x01,0x91,0x40,0x00,0x00,0x00,0x00,0x0e,0x22,0x22,0x66,0x6b,0x40,0x80,
    0x06,0x0e,0x25,0x22,0x25,0x07,0xb0,0x40,0x03,0x00,0x00,0x02,0x2a,0x71,0x08,0x80,0xf0,0xf0,0xcc,0x25,0x17,0x11,0x40,0x30,
    0x00,0xf0,0xc2,0x02,0x11,0x17,0x90,0x00,0x00,0x0e,0x50,0x21,0x11,0x17,0x90,0x00,0x00,0x00,0x0a,0x71,0x11,0x11,0xa0,0x30,
    0x00,0x00,0x04,0x11,0x11,0x42,0xa0,0x60,0x00,0x00,0x30,0xa2,0x22,0x35,0x50,0x60,0x00,0x00,0x38,0x55,0x22,0x30,0x00,0x30,
    0x00,0x00,0x30,0x00,0x55,0x00,0x00,0x00,0x00,0x00,0x00,0x00,0x00,0x00,0x30,0x00,0x00,0x00,0x00,0x00,0x00,0x00,0x00,0x00,
};
static const lv_image_dsc_t emoji_1f410 = {
    .header = {.magic = LV_IMAGE_HEADER_MAGIC, .cf = LV_COLOR_FORMAT_I4, .w = 16, .h = 16, .stride = 8},
    .data_size = sizeof(emoji_1f410_pixels), .data = emoji_1f410_pixels,
};
static const uint8_t emoji_1f411_pixels[] = {
    0x9f,0x9f,0x9f,0x5d,0xa6,0xa6,0xa6,0xe7,0xa8,0xa8,0xa8,0x14,0xac,0xac,0xac,0x99,0xc7,0xc7,0xc7,0xf8,0x65,0x65,0x65,0xfd,
    0x7a,0x7a,0x7a,0x15,0x2b,0x2b,0x2b,0x16,0xc7,0xc7,0xc7,0x12,0xc3,0xc3,0xc3,0xb3,0x00,0x00,0x00,0x00,0xfd,0xfd,0xfd,0xfe,
    0xe8,0xe8,0xe8,0xfe,0xff,0xff,0xff,0x01,0xb3,0xb3,0xb3,0xfd,0xd9,0xd9,0xd9,0xf8,0xad,0xaa,0x03,0x0a,0xa2,0x2a,0xaa,0xaa,
    0xaa,0x60,0xcb,0xb3,0xaa,0xad,0x2a,0xaa,0xa0,0xcb,0xbb,0xbc,0x10,0x2a,0xad,0xaa,0xa0,0xbb,0xbb,0xbb,0xbb,0xc3,0x0a,0x2a,
    0x23,0x41,0xfb,0xfc,0xcb,0xbb,0xb0,0xa2,0xd3,0xf5,0xe1,0x5e,0xef,0xbb,0xb1,0x2d,0xaf,0xb1,0x11,0x1c,0xbb,0xbb,0xbf,0x18,
    0xa9,0xc5,0x51,0x4b,0xbb,0xbb,0xbb,0x3d,0xa0,0xbe,0x1e,0xcb,0xbb,0xbb,0xbb,0x0a,0xa3,0xbb,0xbb,0xbb,0xbb,0xbb,0xbc,0x0a,
    0xa6,0x4b,0xbb,0xbb,0xbb,0xbb,0xc0,0xad,0xda,0x73,0xcb,0xbb,0xbb,0xcc,0xe2,0xd6,0xa2,0xa2,0xe4,0xf4,0xf4,0x11,0xe2,0xad,
    0xad,0x68,0x12,0x11,0x70,0x20,0x02,0xaa,0xaa,0xaa,0x2a,0x00,0xaa,0xaa,0xaa,0xaa,0xaa,0xaa,0xaa,0xaa,0xaa,0xaa,0xaa,0xaa,
};
static const lv_image_dsc_t emoji_1f411 = {
    .header = {.magic = LV_IMAGE_HEADER_MAGIC, .cf = LV_COLOR_FORMAT_I4, .w = 16, .h = 16, .stride = 8},
    .data_size = sizeof(emoji_1f411_pixels), .data = emoji_1f411_pixels,
};
static const uint8_t emoji_1f412_pixels[] = {
    0x00,0x00,0x00,0x00,0x5e,0x89,0xb6,0xf3,0x6d,0xa1,0xd0,0xfc,0x5e,0x93,0xb3,0x16,0x5d,0x89,0xb6,0x64,0x5c,0x87,0xb4,0x9d,
    0x63,0x7b,0xb5,0x10,0x00,0xff,0xff,0x01,0x57,0x75,0xa3,0xfa,0x6e,0x6c,0x77,0x09,0x66,0x95,0xc8,0x0a,0x7f,0x7f,0xff,0x02,
    0x8b,0xd2,0xfd,0xfd,0x66,0x96,0xc4,0x95,0x00,0x00,0xff,0x01,0x81,0xbd,0xe9,0xfc,0x00,0x09,0x00,0x00,0xb7,0x06,0x44,0x30,
    0x00,0x00,0x34,0x43,0x0a,0x65,0x22,0x5b,0x00,0x35,0x12,0x11,0x50,0x62,0x44,0x13,0x63,0x42,0x11,0xf2,0x1d,0x31,0x50,0x60,
    0xe0,0x1f,0x2c,0x12,0x2c,0xd5,0x17,0x00,0x04,0x12,0x0f,0x01,0x22,0x43,0x23,0x03,0x02,0x22,0x28,0x2c,0x20,0x03,0x15,0x06,
    0x0d,0x22,0x00,0x00,0x26,0x00,0x51,0x07,0x00,0x65,0x22,0x21,0x13,0xb0,0x51,0xa0,0x07,0x00,0x08,0x18,0x25,0x33,0x41,0x30,
    0x09,0x9a,0x12,0x28,0x81,0x30,0x51,0x70,0x07,0x09,0x12,0x11,0x88,0x44,0x25,0x00,0x00,0x00,0x08,0x11,0x11,0x22,0x13,0x79,
    0xe7,0x35,0x22,0x18,0x11,0x44,0x60,0xe0,0x00,0xa4,0x00,0x09,0x33,0x00,0x07,0x00,0x00,0x00,0x00,0x00,0x00,0x00,0x00,0x00,
};
static const lv_image_dsc_t emoji_1f412 = {
    .header = {.magic = LV_IMAGE_HEADER_MAGIC, .cf = LV_COLOR_FORMAT_I4, .w = 16, .h = 16, .stride = 8},
    .data_size = sizeof(emoji_1f412_pixels), .data = emoji_1f412_pixels,
};
static const uint8_t emoji_1f413_pixels[] = {
    0x00,0x00,0x00,0x00,0x4f,0x65,0x9c,0xf3,0x56,0x74,0xd9,0xfc,0x29,0x5a,0x33,0xf1,0x09,0xaa,0xf3,0x1d,0x1b,0xa3,0xef,0xed,
    0x1b,0x65,0x20,0x14,0x13,0x67,0x62,0x11,0x00,0xeb,0xff,0x08,0x27,0x58,0x27,0x5d,0x0d,0xb7,0xfd,0x5c,0x1d,0x29,0xa8,0x1d,
    0x1b,0x22,0x9b,0x51,0x03,0xc4,0xff,0xfc,0x1a,0x30,0xa9,0xfd,0x06,0xb6,0xfb,0x98,0x00,0x00,0x0c,0xbc,0xb0,0x00,0x00,0x00,
    0x00,0x00,0xce,0xee,0xb0,0x07,0x07,0x00,0x00,0x0c,0x00,0xe0,0xb7,0x00,0x00,0x00,0x00,0x4f,0x25,0x54,0x00,0x60,0x39,0x06,
    0x00,0x45,0x10,0xdf,0x07,0x33,0x33,0x60,0x00,0x02,0x5d,0xd5,0x09,0x33,0x33,0x90,0x00,0x02,0x55,0x50,0x00,0x33,0x33,0x00,
    0x00,0x01,0x11,0x22,0x22,0x03,0x39,0x60,0x00,0x01,0x11,0x22,0x22,0x09,0x06,0x06,0x00,0x00,0x11,0x22,0x22,0x06,0x00,0x00,
    0x00,0x07,0x01,0x11,0x11,0x70,0x60,0x00,0x00,0x00,0x85,0x11,0x17,0x07,0x00,0x00,0x04,0x0f,0xd0,0x8a,0xf0,0x40,0x00,0x00,
    0x08,0x04,0x44,0xa5,0x54,0x88,0x00,0x00,0x00,0x00,0x04,0xaa,0xa4,0x08,0x00,0x00,0x00,0x00,0x00,0x00,0x00,0x00,0x00,0x00,
};
static const lv_image_dsc_t emoji_1f413 = {
    .header = {.magic = LV_IMAGE_HEADER_MAGIC, .cf = LV_COLOR_FORMAT_I4, .w = 16, .h = 16, .stride = 8},
    .data_size = sizeof(emoji_1f413_pixels), .data = emoji_1f413_pixels,
};
static const uint8_t emoji_1f414_pixels[] = {
    0x00,0x00,0x00,0x00,0xdf,0xdf,0xe2,0xf9,0x5d,0x62,0xf9,0xf7,0xf4,0xf4,0xf4,0x0a,0x6f,0x72,0xfe,0x0e,0xdb,0xdb,0xda,0x9e,
    0x9a,0x9b,0xf5,0xfd,0x5a,0x5e,0xfe,0xa0,0xab,0xac,0xad,0x60,0x0b,0xaa,0xfd,0xed,0x08,0xa0,0xfd,0xa5,0xaf,0xaf,0xaf,0x1c,
    0x67,0x61,0xfe,0x57,0x23,0x7f,0xff,0x04,0x74,0x8b,0xf9,0xf7,0x00,0x00,0xff,0x01,0x00,0x00,0x40,0x00,0x04,0x40,0xf0,0x00,
    0x00,0x04,0x04,0x77,0xc2,0x24,0xf3,0x00,0x00,0x00,0x47,0x22,0x22,0x24,0x04,0x00,0x04,0x07,0x26,0x11,0x66,0x70,0x00,0x00,
    0x0d,0x02,0x61,0x66,0x11,0x53,0x33,0x00,0x00,0x00,0xe2,0x02,0x11,0x15,0x33,0x00,0x00,0x90,0x92,0x02,0x11,0x11,0x00,0x30,
    0xda,0xaa,0x92,0x26,0x11,0x11,0x13,0x03,0x00,0x0c,0x22,0x11,0x11,0x11,0x15,0x03,0x0d,0x07,0x2e,0x11,0x11,0x11,0x11,0x30,
    0x04,0x0c,0x21,0x11,0x11,0x11,0x11,0x30,0x00,0x30,0x51,0x11,0x11,0x11,0x11,0x50,0x00,0xb4,0x51,0x11,0x11,0x11,0x11,0x53,
    0x00,0x30,0x30,0x81,0x81,0x18,0x50,0x03,0x00,0x00,0x00,0x00,0x0b,0xb0,0x00,0x00,0x00,0x00,0x00,0x00,0x00,0x00,0x00,0x00,
};
static const lv_image_dsc_t emoji_1f414 = {
    .header = {.magic = LV_IMAGE_HEADER_MAGIC, .cf = LV_COLOR_FORMAT_I4, .w = 16, .h = 16, .stride = 8},
    .data_size = sizeof(emoji_1f414_pixels), .data = emoji_1f414_pixels,
};
static const uint8_t emoji_1f415_pixels[] = {
    0x00,0x00,0x00,0x00,0xb2,0xd3,0xfd,0xf3,0x57,0x62,0x8d,0xf4,0x8f,0xae,0xe7,0xf5,0xb2,0xe5,0xff,0x12,0xb1,0xd2,0xfe,0x4e,
    0x6f,0x90,0xdb,0xfd,0x51,0x5b,0x8d,0x1f,0xf2,0xf9,0xff,0x04,0x9e,0xb1,0xf3,0x15,0x51,0x5b,0x86,0x68,0x73,0x89,0xac,0xfe,
    0xb5,0xd6,0xff,0x92,0x2e,0x2e,0x77,0x05,0x4c,0x59,0x74,0xf9,0xc8,0xef,0xff,0xff,0x00,0x7d,0x45,0xc5,0xaa,0x70,0x00,0x00,
    0x0a,0x22,0x11,0x11,0xb2,0x27,0x00,0x00,0x72,0x22,0x11,0x11,0x32,0x2a,0x0d,0x00,0x72,0x22,0x11,0x16,0x62,0x2a,0x0d,0x00,
    0x72,0x23,0xe3,0xf0,0x06,0xe7,0x07,0x80,0x0a,0x21,0xb3,0xbb,0x61,0x00,0x90,0x00,0x00,0x81,0xf2,0x0e,0x16,0x60,0x00,0x40,
    0x00,0x05,0x10,0xb0,0x16,0x06,0xcc,0x40,0x04,0x05,0x13,0x33,0x13,0x63,0x15,0x00,0x08,0x04,0x16,0x03,0x31,0x11,0x50,0x40,
    0x08,0x09,0x11,0x31,0x11,0x11,0x59,0x40,0x00,0x00,0x11,0x01,0x14,0xcf,0x50,0x40,0x08,0x04,0x11,0x51,0x10,0x31,0x40,0x00,
    0x09,0x09,0x11,0x51,0x18,0x00,0x00,0x00,0x00,0x0d,0x99,0x80,0x04,0x00,0x80,0x00,0x00,0x00,0x00,0x00,0x00,0x00,0x00,0x00,
};
static const lv_image_dsc_t emoji_1f415 = {
    .header = {.magic = LV_IMAGE_HEADER_MAGIC, .cf = LV_COLOR_FORMAT_I4, .w = 16, .h = 16, .stride = 8},
    .data_size = sizeof(emoji_1f415_pixels), .data = emoji_1f415_pixels,
};
static const uint8_t emoji_1f416_pixels[] = {
    0xb4,0xd5,0xfe,0xf7,0x00,0x00,0x00,0x00,0xb2,0xdb,0xfe,0x15,0x9f,0xa4,0xef,0xfc,0xb1,0xd3,0xff,0xa3,0xae,0xb4,0xfd,0x06,
    0xb2,0xd4,0xff,0x62,0xff,0xff,0xff,0x01,0x7f,0x7f,0xff,0x02,0x5f,0x5d,0xa2,0xfe,0xc8,0xe3,0xff,0xfd,0x00,0xff,0xff,0x01,
    0x9b,0x4d,0xf1,0x10,0xa6,0xa2,0xff,0x5b,0x6a,0xb4,0xff,0x03,0x00,0x00,0xff,0x01,0x11,0x11,0x17,0x52,0x25,0x55,0x51,0x11,
    0x11,0x87,0xe1,0x11,0x11,0x11,0x11,0x25,0x1f,0x11,0x12,0x64,0x44,0x46,0x20,0x42,0xc1,0x00,0x40,0x00,0x00,0x00,0x00,0x48,
    0x7c,0x30,0x00,0x00,0x00,0x00,0x00,0x2f,0x10,0x30,0x00,0x03,0x03,0x00,0x00,0x61,0x10,0x30,0x00,0x03,0x33,0x00,0x00,0x61,
    0x80,0x30,0x00,0x93,0x33,0x00,0x00,0x61,0x50,0x30,0x30,0x30,0x00,0x00,0x00,0x2b,0x14,0x39,0x93,0x00,0x00,0x00,0x04,0x12,
    0x72,0x00,0x30,0x00,0x00,0x00,0xa6,0x12,0xe1,0x20,0x00,0x00,0x4a,0xd6,0xa6,0x15,0x88,0x20,0x45,0x00,0x1d,0x52,0x62,0x17,
    0xb1,0x24,0x61,0x04,0x71,0x11,0x11,0x11,0x11,0x11,0x17,0x22,0x15,0x08,0x27,0x11,0x11,0x11,0x11,0x11,0x11,0x11,0x11,0x11,
};
static const lv_image_dsc_t emoji_1f416 = {
    .header = {.magic = LV_IMAGE_HEADER_MAGIC, .cf = LV_COLOR_FORMAT_I4, .w = 16, .h = 16, .stride = 8},
    .data_size = sizeof(emoji_1f416_pixels), .data = emoji_1f416_pixels,
};
static const uint8_t emoji_1f417_pixels[] = {
    0x00,0x00,0x00,0x00,0x55,0x60,0x8b,0xf9,0x48,0x4f,0x74,0xf6,0x5b,0x5e,0x75,0x0c,0x2d,0x2d,0x6e,0x0a,0x57,0x5f,0x94,0x16,
    0x32,0x38,0x55,0xf5,0x55,0x5f,0x8b,0xac,0xf7,0xfd,0xff,0x0a,0x43,0x4b,0x70,0x94,0x3c,0x43,0x64,0xf7,0x3e,0x44,0x67,0x67,
    0x94,0xaf,0xdb,0xfc,0x32,0x38,0x56,0x95,0x00,0x00,0xff,0x01,0x49,0x50,0x7b,0x67,0x00,0x00,0x00,0x00,0x30,0x03,0x40,0x30,
    0x00,0x00,0x0e,0x30,0x05,0x71,0x00,0x00,0x00,0x00,0xe0,0x05,0x51,0x11,0xdd,0xd4,0x00,0x83,0x03,0x71,0x11,0x66,0x6a,0x64,
    0x00,0x04,0x51,0x11,0x12,0x62,0x66,0x40,0x00,0x80,0x71,0x11,0x12,0x22,0x62,0x50,0x08,0x07,0x11,0x12,0xa1,0x22,0x11,0x93,
    0x00,0xc1,0x11,0x1a,0x21,0x11,0x11,0x50,0x30,0xc1,0x10,0x11,0x11,0x11,0x11,0x25,0x80,0xc1,0x00,0x11,0x11,0x11,0x12,0x04,
    0x05,0x9a,0x21,0x21,0x11,0x11,0x11,0xb0,0x00,0x04,0xf7,0x11,0x11,0x11,0xb7,0xb0,0x08,0x00,0x00,0x01,0x12,0xf1,0x90,0x40,
    0x00,0x00,0x55,0x03,0x79,0x04,0x33,0x00,0x00,0x00,0x00,0x40,0x03,0x40,0x00,0x00,0x00,0x00,0x00,0x00,0x00,0x00,0x00,0x00,
};
static const lv_image_dsc_t emoji_1f417 = {
    .header = {.magic = LV_IMAGE_HEADER_MAGIC, .cf = LV_COLOR_FORMAT_I4, .w = 16, .h = 16, .stride = 8},
    .data_size = sizeof(emoji_1f417_pixels), .data = emoji_1f417_pixels,
};
static const uint8_t emoji_1f418_pixels[] = {
    0x00,0x00,0x00,0x00,0xb2,0xb2,0xb2,0xf3,0xc6,0xc7,0xc8,0xf9,0xe9,0xec,0xec,0x07,0xb0,0xb0,0xb0,0x1e,0xb9,0xbb,0xbc,0x99,
    0xae,0xae,0xae,0x5d,0xc4,0xc4,0xc4,0x64,0x7f,0x7f,0x7f,0x02,0xc1,0xbc,0xba,0xff,0xbb,0xf1,0xff,0x13,0xa3,0xce,0xdb,0x9f,
    0xb3,0xc9,0xd0,0xf0,0xc3,0xc3,0xc3,0xb5,0x7e,0x7e,0x7e,0xd9,0x7d,0x7d,0x7d,0xa7,0x00,0x03,0x04,0x00,0x00,0x30,0x00,0x00,
    0x04,0xd2,0x50,0x47,0x74,0x03,0x00,0x00,0x05,0x21,0x15,0x12,0x21,0x33,0x30,0x00,0x05,0x21,0x12,0x21,0x12,0x60,0x30,0x00,
    0x05,0x21,0x22,0x11,0x12,0x14,0x08,0x00,0x01,0x12,0x11,0x11,0x21,0x12,0x43,0x30,0xac,0x02,0x11,0x11,0x11,0x12,0x63,0x40,
    0x3b,0x29,0x22,0x11,0x11,0x22,0x50,0x00,0x00,0x12,0x51,0x11,0x11,0x12,0x17,0x40,0x03,0x23,0x01,0x22,0x22,0x22,0x45,0x53,
    0x04,0x17,0x61,0x22,0x11,0x12,0x40,0x34,0x33,0x12,0x41,0x26,0xfe,0x62,0x53,0x00,0x30,0x34,0x62,0x16,0x11,0x32,0x10,0x40,
    0x00,0x00,0x62,0x50,0x44,0x06,0x40,0x30,0x00,0x38,0x04,0x38,0x00,0x00,0x00,0x00,0x00,0x00,0x00,0x00,0x00,0x00,0x00,0x00,
};
static const lv_image_dsc_t emoji_1f418 = {
    .header = {.magic = LV_IMAGE_HEADER_MAGIC, .cf = LV_COLOR_FORMAT_I4, .w = 16, .h = 16, .stride = 8},
    .data_size = sizeof(emoji_1f418_pixels), .data = emoji_1f418_pixels,
};
static const uint8_t emoji_1f419_pixels[] = {
    0x00,0x00,0x00,0x00,0x5f,0x63,0xfa,0xf6,0x91,0x97,0xfd,0xe7,0xf6,0xfa,0xfe,0x09,0x08,0x06,0xff,0x05,0x6d,0x6e,0xff,0x10,
    0xa5,0xa6,0xfc,0x0d,0x63,0x64,0xfe,0x5e,0xa5,0xaa,0xfe,0x63,0x56,0x59,0xfc,0x95,0x9b,0xa0,0xfb,0xa1,0x39,0x46,0xd5,0xfc,
    0x7e,0x85,0xfc,0xf4,0x1f,0x7f,0xff,0x03,0xb1,0xc3,0xfc,0x67,0x0b,0x1e,0x92,0x34,0x00,0x00,0x40,0x00,0x00,0x04,0x45,0x30,
    0x00,0x54,0x04,0x40,0x55,0x40,0x00,0x00,0x60,0xa1,0x4d,0x00,0x00,0x05,0x47,0x60,0x60,0x32,0x70,0xf0,0x59,0x11,0x12,0x60,
    0x35,0x32,0x7f,0xb1,0x11,0x11,0x12,0x95,0x30,0x32,0x70,0x11,0xb1,0x11,0x12,0x10,0x07,0x52,0x19,0x11,0x10,0x11,0x1c,0x00,
    0x31,0x40,0x21,0x11,0x10,0x10,0x12,0x03,0x32,0x19,0x11,0x11,0x11,0xb0,0x1a,0x06,0x03,0xa2,0x11,0x11,0x11,0x11,0x2e,0x06,
    0x30,0x40,0x71,0x21,0x11,0x12,0x84,0x50,0xd5,0x71,0x12,0xa1,0x12,0xc1,0x9c,0x80,0x33,0x62,0x23,0x81,0x96,0xa2,0x28,0x03,
    0x00,0x00,0x00,0x82,0x17,0x03,0x00,0x40,0x00,0x30,0x46,0x0e,0x83,0x60,0x45,0x00,0x00,0x00,0x00,0x00,0x00,0x00,0x00,0x00,
};
static const lv_image_dsc_t emoji_1f419 = {
    .header = {.magic = LV_IMAGE_HEADER_MAGIC, .cf = LV_COLOR_FORMAT_I4, .w = 16, .h = 16, .stride = 8},
    .data_size = sizeof(emoji_1f419_pixels), .data = emoji_1f419_pixels,
};
static const uint8_t emoji_1f41a_pixels[] = {
    0xe0,0xe0,0xe0,0xf6,0xf4,0xf4,0xf5,0x0a,0xe5,0xe5,0xe5,0x9a,0x9a,0xb8,0xde,0xfe,0xdf,0xdf,0xdf,0x5c,0xb8,0xb8,0xb7,0xfd,
    0xa9,0xcb,0xfc,0xfe,0x71,0xab,0xee,0xfd,0xb0,0xb0,0xb0,0x07,0xb5,0xb5,0xb5,0x55,0x64,0x64,0x64,0x09,0xc7,0xc4,0xbf,0xfd,
    0xb7,0xb8,0xb8,0xb2,0xc0,0xbe,0xbb,0xff,0x00,0x00,0x00,0x00,0xe4,0xe4,0xe5,0xfd,0xee,0xee,0xee,0xe1,0x1e,0xee,0xee,0xee,
    0xe4,0x22,0x24,0xae,0xe1,0x11,0x1e,0xee,0xe2,0xff,0x00,0x02,0x8e,0xee,0xe1,0xee,0xe2,0x0f,0x50,0x0f,0xc2,0x22,0x1e,0x1e,
    0xe9,0xf0,0x0f,0xf5,0x00,0x00,0x01,0x11,0xe4,0xf5,0x0f,0xf5,0x37,0x70,0x00,0x11,0xe1,0xf5,0x0f,0xf5,0x33,0x77,0x00,0x1e,
    0x11,0x00,0xf0,0xfd,0x36,0x67,0x30,0x1e,0x8e,0x90,0xf0,0xf0,0x53,0x66,0x30,0x1e,0x1e,0xa0,0xf0,0x0f,0x05,0x36,0x60,0x11,
    0xe1,0xe2,0x00,0xf0,0xf0,0xb3,0x62,0xe1,0xe1,0x11,0xff,0x0f,0x0f,0xf0,0x04,0xe1,0xee,0x1e,0x4f,0x00,0xf0,0x0f,0x02,0xe1,
    0xee,0xe1,0xe1,0x44,0x11,0x14,0x04,0xe1,0xee,0xee,0x1e,0xee,0xee,0xee,0xee,0xee,0xee,0xee,0xee,0xee,0xee,0xee,0xee,0xee,
};
static const lv_image_dsc_t emoji_1f41a = {
    .header = {.magic = LV_IMAGE_HEADER_MAGIC, .cf = LV_COLOR_FORMAT_I4, .w = 16, .h = 16, .stride = 8},
    .data_size = sizeof(emoji_1f41a_pixels), .data = emoji_1f41a_pixels,
};
static const uint8_t emoji_1f41b_pixels[] = {
    0x00,0x00,0x00,0x00,0x23,0xa9,0x9b,0xf3,0x1d,0xce,0xb3,0xf4,0x05,0xff,0xfc,0x06,0x57,0x6e,0x61,0x18,0x19,0xd3,0xc8,0xf7,
    0x05,0x7f,0x7f,0x02,0x25,0x68,0x61,0xf5,0x1c,0xab,0x9c,0x12,0x26,0x8b,0x79,0xe0,0x27,0xaf,0x99,0x9a,0x21,0xd3,0xb4,0x1f,
    0x34,0x99,0x79,0x1c,0x00,0xff,0x00,0x01,0x19,0xcf,0xb5,0xa3,0x18,0xa7,0xc7,0xfe,0x00,0x00,0x44,0xc0,0xd0,0x00,0x00,0x00,
    0x30,0x80,0xe0,0x00,0x40,0x00,0x00,0x00,0x68,0xe2,0x22,0xa0,0xc0,0x00,0x00,0x00,0x0b,0x51,0x15,0xe0,0x80,0x00,0x00,0x00,
    0x3b,0x25,0x25,0x50,0x30,0x00,0x00,0x00,0x60,0xc2,0x21,0x90,0x30,0x00,0x00,0x00,0x46,0x41,0x17,0x93,0x60,0x00,0x00,0x00,
    0xd3,0x42,0x21,0x90,0x66,0xd0,0x00,0x00,0x46,0x41,0xf7,0x73,0x00,0x04,0x00,0x00,0x08,0x0a,0x51,0x17,0x0c,0xb0,0x00,0x00,
    0x03,0x00,0x25,0x79,0x97,0x10,0x00,0x0d,0x00,0x30,0x15,0x11,0x01,0x97,0x10,0x36,0x00,0x08,0x40,0x22,0x52,0xf1,0x71,0x30,
    0x00,0x00,0x00,0x08,0xaa,0xa2,0xf5,0xb0,0x00,0x00,0x43,0x00,0x00,0x08,0x0b,0x03,0x00,0x00,0x00,0x00,0x00,0x00,0x00,0x00,
};
static const lv_image_dsc_t emoji_1f41b = {
    .header = {.magic = LV_IMAGE_HEADER_MAGIC, .cf = LV_COLOR_FORMAT_I4, .w = 16, .h = 16, .stride = 8},
    .data_size = sizeof(emoji_1f41b_pixels), .data = emoji_1f41b_pixels,
};
static const uint8_t emoji_1f41c_pixels[] = {
    0x61,0x5e,0x5b,0xf1,0x68,0x67,0x67,0x14,0x57,0x56,0x54,0x58,0x60,0x5f,0x5d,0x9c,0x39,0x3b,0x39,0x12,0x8f,0x8f,0x8c,0xfe,
    0xff,0xff,0xff,0x01,0x8b,0x8b,0x8b,0x71,0x26,0x25,0x24,0xfc,0x84,0x83,0x7f,0xc6,0x80,0x7e,0x7b,0x65,0x48,0x36,0x36,0x0e,
    0xaa,0xaa,0xaa,0x03,0x47,0x41,0x3a,0x27,0x00,0x00,0x00,0x00,0x6b,0x68,0x64,0xfa,0xee,0xee,0xee,0xee,0xee,0xee,0xee,0xee,
    0xe1,0x21,0x11,0xee,0xee,0xee,0xee,0xee,0xe1,0x22,0x22,0xe1,0xee,0xee,0xee,0xee,0xee,0xe2,0xe2,0xee,0xee,0x11,0xee,0xee,
    0xee,0x23,0x22,0xc1,0xee,0xee,0x16,0xee,0xe0,0x08,0xf3,0xee,0xee,0xd1,0xee,0x6e,0x1f,0x08,0x00,0xa1,0x49,0x50,0x31,0xe1,
    0x40,0xff,0x00,0x50,0x05,0x50,0x00,0x11,0xe1,0x00,0xf0,0x00,0x00,0x0f,0x0f,0x3e,0xee,0x42,0x30,0x00,0x00,0x00,0xff,0xfb,
    0xe1,0xe7,0x23,0x22,0x30,0xf0,0x00,0xf1,0x6e,0x77,0x22,0x22,0x22,0x20,0x0f,0x01,0xee,0x11,0x31,0x22,0x13,0xe4,0x22,0x4e,
    0xee,0xe2,0x2e,0x23,0xe2,0x1e,0xee,0xee,0xee,0x1e,0xee,0xe1,0xee,0xee,0x11,0xee,0xee,0xee,0xee,0xee,0xee,0xee,0xee,0xee,
};
static const lv_image_dsc_t emoji_1f41c = {
    .header = {.magic = LV_IMAGE_HEADER_MAGIC, .cf = LV_COLOR_FORMAT_I4, .w = 16, .h = 16, .stride = 8},
    .data_size = sizeof(emoji_1f41c_pixels), .data = emoji_1f41c_pixels,
};
static const uint8_t emoji_1f41d_pixels[] = {
    0x00,0x00,0x00,0x00,0x0c,0xa4,0xef,0xf9,0x09,0xce,0xfc,0xfa,0xa7,0x9e,0x70,0xa6,0x77,0x79,0x78,0x0c,0xcd,0xc7,0xa1,0xa1,
    0x8d,0x8e,0x87,0x53,0x03,0xff,0xff,0x06,0x85,0x87,0x89,0x21,0x86,0x89,0x89,0xa9,0x21,0x57,0x66,0xf1,0xab,0xa3,0x6a,0x1e,
    0x17,0x72,0xa2,0xfc,0x31,0x9c,0xb2,0xe3,0xa6,0x9f,0x6d,0xce,0xd0,0xc9,0xa4,0x20,0x00,0x04,0x00,0x00,0x0f,0x00,0xb0,0x00,
    0x46,0x88,0x96,0x0f,0x55,0x0f,0x00,0x00,0x46,0x96,0x89,0x85,0x05,0x50,0xbb,0x00,0x00,0x00,0x00,0x65,0x50,0xf0,0xe3,0x00,
    0x00,0x01,0x20,0x65,0x05,0xb3,0x33,0xb0,0x70,0x12,0x11,0x10,0x56,0x33,0x33,0xb0,0x0a,0x2c,0x0a,0x20,0x03,0xee,0x30,0x04,
    0x00,0x2c,0x0a,0x21,0x0e,0x00,0x00,0x04,0x00,0x21,0x11,0x11,0x1c,0xd2,0x01,0x00,0x70,0x02,0x21,0x11,0x1c,0xa2,0xaa,0x70,
    0x70,0x00,0xd1,0x11,0x1c,0x02,0xda,0x70,0x40,0x40,0x00,0x01,0x11,0x02,0xd0,0x00,0x04,0x06,0x96,0x33,0x90,0x00,0x70,0x70,
    0x00,0x00,0x48,0x90,0x90,0x00,0x00,0x00,0x00,0x00,0x04,0x88,0x80,0x40,0x70,0x00,0x00,0x00,0x00,0x00,0x00,0x00,0x00,0x00,
};
static const lv_image_dsc_t emoji_1f41d = {
    .header = {.magic = LV_IMAGE_HEADER_MAGIC, .cf = LV_COLOR_FORMAT_I4, .w = 16, .h = 16, .stride = 8},
    .data_size = sizeof(emoji_1f41d_pixels), .data = emoji_1f41d_pixels,
};
static const uint8_t emoji_1f41e_pixels[] = {
    0x00,0x00,0x00,0x00,0x22,0x21,0xee,0xf8,0x70,0x6e,0x6a,0x15,0x6e,0x6a,0x64,0x61,0x6f,0x6c,0x64,0x9f,0x26,0x25,0xa2,0xfe,
    0x29,0x29,0x68,0xfd,0x2d,0x2d,0x23,0xfd,0xf9,0xff,0xff,0x0a,0x22,0x21,0xf9,0x5f,0x5a,0x57,0x93,0x9d,0x5a,0x5c,0x5b,0xef,
    0x09,0x09,0xf9,0x0d,0x5c,0x59,0x88,0xdd,0xe5,0xe5,0x19,0x05,0x40,0x42,0x3b,0xff,0x00,0x00,0x80,0x22,0x22,0x20,0x00,0x00,
    0x00,0x00,0x00,0x02,0x34,0x30,0x20,0x00,0x02,0x23,0x20,0x24,0x20,0x40,0x00,0x00,0x22,0x33,0x3b,0xbf,0x04,0x30,0x00,0x00,
    0x20,0x32,0x8b,0x77,0xf5,0x19,0x00,0x00,0x20,0x34,0x0b,0x77,0x61,0x56,0xae,0x20,0x00,0x0a,0x11,0x15,0x11,0x66,0x14,0x30,
    0x80,0x0d,0x65,0x15,0x17,0x71,0x13,0x02,0x80,0x0d,0x65,0x77,0x15,0x51,0x14,0x20,0x20,0x2a,0x11,0x55,0x11,0x66,0x14,0x02,
    0x02,0x43,0x11,0x16,0x11,0x65,0x14,0x28,0x02,0x03,0xd1,0x17,0x51,0x11,0x92,0x20,0x00,0x20,0x4a,0x11,0x11,0x10,0x00,0x00,
    0x02,0x02,0x4e,0xc9,0x99,0xc0,0xc8,0x20,0x00,0x02,0x20,0x00,0x00,0x0c,0x00,0x00,0x00,0x00,0x00,0x00,0x00,0x00,0x00,0x00,
};
static const lv_image_dsc_t emoji_1f41e = {
    .header = {.magic = LV_IMAGE_HEADER_MAGIC, .cf = LV_COLOR_FORMAT_I4, .w = 16, .h = 16, .stride = 8},
    .data_size = sizeof(emoji_1f41e_pixels), .data = emoji_1f41e_pixels,
};
static const uint8_t emoji_1f41f_pixels[] = {
    0x00,0x00,0x00,0x00,0xad,0x6e,0x1e,0xed,0xa8,0x61,0x11,0x17,0xcc,0x97,0x2a,0xfd,0xf2,0xd5,0x8e,0xfe,0xea,0xc6,0x6f,0xfa,
    0xda,0xae,0x55,0xfc,0xab,0x6a,0x1d,0x9a,0x74,0x25,0x00,0x04,0xf2,0x78,0x00,0x02,0xff,0xff,0xff,0x01,0xa3,0x61,0x19,0x6b,
    0xb5,0x85,0x25,0xf9,0xf5,0xe6,0xa8,0x11,0xff,0xff,0x7f,0x02,0xdf,0xad,0x59,0x1d,0x00,0x00,0x00,0x00,0x00,0x00,0x00,0x00,
    0x00,0x00,0x00,0x02,0x90,0x00,0x00,0x00,0x00,0x00,0x00,0x00,0x02,0x00,0x00,0x00,0x00,0x09,0x90,0x27,0x20,0x20,0x00,0x00,
    0x00,0x20,0x02,0x11,0x1b,0x08,0x00,0x20,0x00,0x02,0x0c,0xc1,0x11,0xb0,0x80,0x00,0x90,0x03,0x33,0x33,0x33,0x12,0x00,0xb2,
    0x0f,0x3c,0x13,0x33,0x33,0x31,0x87,0x12,0x80,0x66,0xc6,0x54,0x44,0x45,0x11,0x20,0x0b,0x65,0x54,0x01,0x65,0x55,0x11,0x20,
    0xaf,0x54,0x54,0x61,0x16,0x57,0x07,0x18,0xa0,0xd0,0x44,0x44,0x46,0x10,0xa0,0x22,0x00,0x00,0xd0,0x00,0x07,0x70,0x02,0x00,
    0x00,0xae,0x00,0x00,0x00,0x00,0x00,0x00,0x00,0x00,0xee,0xdd,0xf2,0x20,0x00,0x00,0x00,0x00,0x00,0x00,0x00,0x00,0x00,0x00,
};
static const lv_image_dsc_t emoji_1f41f = {
    .header = {.magic = LV_IMAGE_HEADER_MAGIC, .cf = LV_COLOR_FORMAT_I4, .w = 16, .h = 16, .stride = 8},
    .data_size = sizeof(emoji_1f41f_pixels), .data = emoji_1f41f_pixels,
};
static const uint8_t emoji_1f420_pixels[] = {
    0x00,0x00,0x00,0x00,0x1e,0xd3,0xee,0xfb,0x6c,0xcb,0x96,0xfa,0xe7,0xe4,0x9b,0xf7,0x61,0xe0,0xe9,0xfe,0x05,0xee,0xf6,0x11,
    0x11,0xa5,0xa7,0xe4,0x02,0xaa,0xac,0x17,0xe0,0xca,0x26,0xfd,0x9c,0x97,0x13,0x17,0xd2,0xb9,0x17,0xfd,0x08,0x9f,0x9e,0x60,
    0x95,0x94,0x16,0x50,0x00,0x7a,0x7a,0x0b,0x13,0x9c,0x98,0x9d,0xaf,0xd0,0x5b,0xfc,0x00,0x00,0x00,0x00,0x00,0x00,0x00,0x00,
    0x00,0x00,0x00,0x09,0xcc,0x99,0x00,0x00,0x00,0x00,0x0c,0x3a,0xa0,0xa0,0x90,0x90,0x00,0x00,0x00,0x3a,0x33,0xa0,0x00,0x00,
    0x09,0x00,0x80,0x88,0x08,0x80,0x00,0xc0,0x00,0xcf,0xf3,0x03,0x30,0x33,0x00,0x00,0x00,0x22,0x22,0x20,0x20,0x0f,0x08,0x00,
    0x00,0x40,0x01,0x14,0x44,0x22,0x22,0x00,0x06,0x10,0x11,0x14,0x01,0x11,0x14,0xe0,0x05,0x11,0x10,0x14,0x41,0x11,0xb6,0x60,
    0x50,0x51,0x11,0x11,0x11,0x10,0x00,0xe0,0x00,0x07,0x01,0x11,0x10,0x6b,0x70,0x00,0x00,0x50,0x07,0x66,0xed,0xbb,0x7d,0x50,
    0x00,0x05,0x50,0x07,0xb0,0x00,0x00,0x00,0x00,0x00,0x0d,0x00,0x00,0xd7,0x00,0x00,0x00,0x00,0x00,0x00,0x00,0x00,0x00,0x00,
};
static const lv_image_dsc_t emoji_1f420 = {
    .header = {.magic = LV_IMAGE_HEADER_MAGIC, .cf = LV_COLOR_FORMAT_I4, .w = 16, .h = 16, .stride = 8},
    .data_size = sizeof(emoji_1f420_pixels), .data = emoji_1f420_pixels,
};
static const uint8_t emoji_1f421_pixels[] = {
    0x00,0x00,0x00,0x00,0x5b,0x9d,0xeb,0xf6,0xd5,0xe7,0xf6,0xfe,0x95,0xb0,0xdb,0xea,0xaf,0xcf,0xf1,0xfe,0x60,0x73,0xdf,0x13,
    0x63,0x70,0xa8,0x0b,0x6e,0x90,0xb5,0x1d,0x5f,0x6c,0x9c,0xf5,0x7a,0x7a,0x7f,0x02,0x00,0x00,0xff,0x01,0xff,0xff,0xff,0x01,
    0x59,0x8b,0xd9,0xa5,0x58,0x76,0xdb,0x93,0x54,0x5c,0x8b,0x88,0x8a,0xa2,0xcd,0x68,0x00,0x00,0x0a,0x00,0x50,0x0a,0x00,0x00,
    0x00,0x90,0x00,0x55,0x05,0xb0,0x00,0x00,0x00,0x00,0xd6,0x0d,0x50,0x05,0x09,0x00,0x05,0x50,0x11,0x11,0x1c,0xc0,0xb0,0x00,
    0x00,0xc1,0x01,0x11,0x11,0x1c,0x06,0x90,0x55,0xd1,0x01,0x18,0x11,0x11,0x88,0xe0,0x05,0x01,0x04,0x30,0x34,0x11,0x18,0x80,
    0x00,0x34,0x24,0x22,0x42,0x23,0x18,0xe0,0x60,0x32,0x24,0x22,0x42,0x24,0x80,0x69,0x67,0xf4,0x42,0x24,0x22,0x43,0xe6,0x0a,
    0x00,0x03,0x42,0x44,0x24,0x33,0x0b,0x90,0x06,0x76,0x33,0x33,0x33,0x77,0x70,0xa0,0x00,0x00,0x00,0xf3,0x70,0x00,0x00,0x00,
    0x00,0x96,0x60,0x77,0x00,0x09,0x00,0x00,0x00,0x00,0x05,0x00,0xb7,0xa0,0x00,0x00,0x00,0x00,0x00,0x00,0x00,0x00,0x00,0x00,
};
static const lv_image_dsc_t emoji_1f421 = {
    .header = {.magic = LV_IMAGE_HEADER_MAGIC, .cf = LV_COLOR_FORMAT_I4, .w = 16, .h = 16, .stride = 8},
    .data_size = sizeof(emoji_1f421_pixels), .data = emoji_1f421_pixels,
};
static const uint8_t emoji_1f422_pixels[] = {
    0x00,0x00,0x00,0x00,0x30,0x6b,0x5e,0xfa,0x49,0xd8,0xc5,0xf8,0x3b,0x86,0x72,0xfb,0x4a,0xd5,0xb6,0x19,0x46,0xcc,0xba,0xf7,
    0x19,0x7a,0x71,0x0e,0x46,0xce,0xbb,0x5c,0x00,0xff,0xff,0x01,0x41,0xb0,0x9e,0xfd,0x3c,0x99,0x89,0xee,0x5a,0xe8,0xdf,0x1c,
    0x39,0xdd,0xac,0x05,0x46,0xce,0xbb,0xa4,0x6a,0x6a,0x6a,0x02,0x3c,0x89,0x73,0x9e,0x00,0x00,0x00,0x00,0x66,0x00,0x00,0x00,
    0x00,0x00,0x06,0x00,0x00,0x0e,0x00,0x00,0x00,0x00,0x60,0x06,0x66,0x00,0x00,0x00,0x00,0x8c,0x06,0xf3,0x33,0x10,0x00,0x00,
    0x06,0x00,0x61,0x11,0x11,0x11,0xf0,0xc0,0x80,0x00,0xa1,0x11,0x11,0x31,0x10,0x0e,0x0b,0x22,0x25,0x33,0x11,0x33,0x11,0x74,
    0x8d,0x15,0x1a,0x53,0x11,0x33,0x11,0xd0,0x45,0xa9,0x39,0x23,0x11,0x31,0x1a,0xb0,0x02,0x21,0x92,0x2a,0x11,0x11,0xa5,0xc0,
    0x07,0x22,0x25,0x55,0x99,0x99,0x22,0x40,0x40,0x72,0x55,0x22,0x22,0x0b,0x77,0x88,0xc0,0x72,0x54,0xbd,0x22,0x40,0x00,0x00,
    0x80,0x40,0x70,0x04,0x22,0x4b,0x44,0x00,0x00,0x00,0x08,0x00,0x44,0x00,0x00,0x00,0x00,0x00,0x00,0x00,0x00,0x00,0x00,0x00,
};
static const lv_image_dsc_t emoji_1f422 = {
    .header = {.magic = LV_IMAGE_HEADER_MAGIC, .cf = LV_COLOR_FORMAT_I4, .w = 16, .h = 16, .stride = 8},
    .data_size = sizeof(emoji_1f422_pixels), .data = emoji_1f422_pixels,
};
static const uint8_t emoji_1f423_pixels[] = {
    0x00,0x00,0x00,0x00,0xe3,0xe3,0xe3,0xfb,0x07,0xb1,0xf8,0xfa,0x02,0xc4,0xfe,0xfa,0x00,0xf6,0xff,0x05,0xf3,0xf4,0xf5,0x12,
    0x00,0x7c,0xff,0x08,0xdf,0xdc,0xdb,0x56,0x03,0xbb,0xfe,0xa0,0x02,0xb1,0xfd,0x1c,0xa8,0xaa,0xad,0x05,0x02,0xb8,0xfd,0x5e,
    0x00,0x00,0xff,0x01,0x9e,0xd3,0xe7,0xfe,0xa8,0xc8,0xe7,0xb1,0x71,0xcc,0xee,0xff,0x00,0x00,0x0c,0x00,0x40,0x04,0x00,0x00,
    0x00,0x0c,0x60,0xb8,0x28,0xb0,0x60,0x00,0x00,0x04,0x08,0x33,0x23,0x38,0x04,0x00,0x00,0x40,0x93,0x02,0x32,0x22,0x90,0x40,
    0x00,0x46,0xb3,0x22,0x22,0x02,0x04,0x90,0x04,0x40,0x83,0x32,0x02,0x23,0xb0,0x90,0xc0,0x08,0x32,0x22,0x22,0x23,0x86,0x04,
    0x44,0x03,0x22,0x22,0x22,0x22,0x33,0x94,0x92,0x22,0x2f,0xd2,0x2d,0xf2,0x22,0x26,0x06,0xe1,0x11,0x11,0x11,0x1d,0x1e,0x65,
    0x00,0x71,0x11,0x11,0x11,0x11,0x10,0x05,0x50,0xa1,0x11,0x11,0x11,0x11,0x15,0x65,0x0a,0x07,0x11,0x11,0x11,0x11,0x70,0xa0,
    0x00,0x50,0x71,0x11,0x11,0x17,0x0a,0x00,0x00,0x05,0x00,0x57,0x75,0xa0,0xa0,0x00,0x00,0x00,0x00,0x00,0x00,0x00,0x00,0x00,
};
static const lv_image_dsc_t emoji_1f423 = {
    .header = {.magic = LV_IMAGE_HEADER_MAGIC, .cf = LV_COLOR_FORMAT_I4, .w = 16, .h = 16, .stride = 8},
    .data_size = sizeof(emoji_1f423_pixels), .data = emoji_1f423_pixels,
};
static const uint8_t emoji_1f424_pixels[] = {
    0x00,0xa2,0xfc,0x63,0x00,0xb0,0xfe,0x14,0x02,0xb2,0xfe,0x9c,0x02,0xa3,0xf9,0xe3,0x02,0xc3,0xff,0x28,0x00,0x00,0xff,0x01,
    0x00,0x55,0xff,0x03,0x02,0xc1,0xff,0x60,0x24,0x46,0x51,0xfd,0x00,0x00,0x00,0x00,0x02,0xb8,0xfe,0xfc,0x02,0xc6,0xff,0xfd,
    0x03,0xa6,0xf8,0xfc,0x00,0xff,0xff,0x01,0x00,0xa9,0xff,0x06,0x00,0x7f,0xff,0x02,0x99,0x9d,0x99,0x99,0x95,0x99,0x99,0x99,
    0x99,0xd9,0x02,0x20,0x99,0xd9,0x99,0x99,0x91,0xf2,0xbb,0xbb,0x2e,0x11,0xf9,0x99,0xe9,0x4b,0xca,0xaa,0xb0,0x99,0x9d,0xd9,
    0xf0,0x3a,0x83,0xaa,0xaa,0x20,0x19,0x99,0xf0,0x3a,0xca,0xaa,0xaa,0xbb,0xa2,0x1d,0xe9,0x4b,0xaa,0xaa,0xac,0xcc,0xab,0xa1,
    0xde,0x1a,0xaa,0xaa,0xaa,0xa3,0xcb,0x29,0xd9,0x4a,0xaa,0xaa,0xaa,0xa3,0xcb,0x19,0x9d,0x90,0xba,0xac,0xcc,0x3c,0xb0,0x9e,
    0x95,0xd1,0x2b,0xbb,0xaa,0xbb,0x09,0xe9,0x99,0x99,0x94,0x23,0x33,0x7e,0x9f,0x99,0x99,0x96,0x11,0x20,0x02,0x99,0xe9,0x99,
    0x99,0x9f,0x90,0x00,0x30,0x11,0x99,0x99,0x99,0x99,0x99,0x90,0x01,0x95,0x99,0x99,0x99,0x99,0x99,0x99,0x99,0x99,0x99,0x99,
};
static const lv_image_dsc_t emoji_1f424 = {
    .header = {.magic = LV_IMAGE_HEADER_MAGIC, .cf = LV_COLOR_FORMAT_I4, .w = 16, .h = 16, .stride = 8},
    .data_size = sizeof(emoji_1f424_pixels), .data = emoji_1f424_pixels,
};
static const uint8_t emoji_1f425_pixels[] = {
    0x02,0xa5,0xfb,0x25,0x02,0xa3,0xfa,0xdf,0x00,0xf3,0xff,0x02,0x02,0xb6,0xfe,0x59,0x02,0xab,0xfe,0x9f,0x1a,0x6f,0x8f,0xfe,
    0x00,0x7e,0xfc,0x2a,0x00,0x00,0xff,0x03,0x14,0x81,0xaa,0xfe,0x00,0x00,0x00,0x00,0x02,0xb9,0xfe,0xfc,0x02,0xc3,0xff,0xfb,
    0x00,0x7f,0xff,0x02,0x03,0xa8,0xf7,0xf9,0x01,0xa8,0xfc,0x07,0x00,0xb9,0xfd,0x12,0x99,0x99,0xc9,0x90,0xf9,0x9c,0x99,0x99,
    0x99,0x9c,0x93,0x1a,0xa1,0x39,0xc9,0x99,0x99,0xe9,0x0b,0xba,0xab,0xb0,0x9e,0x99,0x99,0x29,0x4d,0xda,0xad,0x11,0x9c,0x99,
    0x92,0x90,0xb5,0x5a,0xa8,0x5b,0xe9,0xc9,0x9c,0xef,0xaa,0xa1,0x1a,0xaa,0x02,0x29,0x92,0x93,0xba,0xad,0xaa,0xab,0x39,0x29,
    0x29,0x3b,0xaa,0xaa,0xaa,0xaa,0xb3,0x9c,0xf4,0xbd,0xda,0xaa,0xaa,0xaa,0xdb,0x3c,0xe1,0xd1,0xaa,0xaa,0xaa,0xaa,0x1d,0xdf,
    0x97,0x6f,0xab,0xaa,0xaa,0xba,0xf6,0x69,0x99,0x99,0x01,0xab,0xba,0xb3,0x99,0x99,0x97,0xce,0x90,0xd4,0x4d,0x09,0xcc,0xc9,
    0x99,0x9c,0xc4,0x19,0x91,0x4e,0x29,0x99,0x99,0x99,0x90,0x02,0xf0,0x09,0x99,0x99,0x99,0x99,0x99,0x99,0x99,0x99,0x99,0x99,
};
static const lv_image_dsc_t emoji_1f425 = {
    .header = {.magic = LV_IMAGE_HEADER_MAGIC, .cf = LV_COLOR_FORMAT_I4, .w = 16, .h = 16, .stride = 8},
    .data_size = sizeof(emoji_1f425_pixels), .data = emoji_1f425_pixels,
};
static const uint8_t emoji_1f426_pixels[] = {
    0x00,0x00,0x00,0x00,0xe1,0xb2,0x33,0xfb,0xe3,0xb0,0x33,0x16,0xff,0xf8,0x00,0x04,0xe2,0xb4,0x35,0x63,0xf5,0xc3,0x38,0xfe,
    0xe4,0xb5,0x33,0x99,0x19,0x79,0xf8,0x69,0xff,0x7f,0x00,0x02,0x14,0x78,0xf9,0x14,0xff,0xaa,0x55,0x03,0x17,0x7b,0xfc,0x96,
    0xbf,0xbf,0x3f,0x04,0x71,0x7f,0x7f,0x04,0x13,0x92,0xf4,0x1e,0xaa,0xaa,0x55,0x03,0x00,0x0c,0x2c,0x00,0x00,0x00,0x00,0x00,
    0x00,0x00,0x00,0x00,0x00,0x00,0x00,0x00,0x30,0x04,0x64,0x03,0x00,0xfc,0x28,0x00,0x80,0x65,0x55,0x60,0xa8,0x00,0x00,0x80,
    0x03,0x51,0x01,0x54,0x00,0x40,0x42,0x03,0x0b,0x01,0x01,0x11,0x22,0x15,0x11,0x40,0x07,0x01,0x11,0x11,0x11,0x11,0x11,0x43,
    0xa0,0x61,0x11,0x11,0x11,0x11,0x62,0x03,0x2e,0x65,0x11,0x11,0x11,0x14,0x00,0xa0,0xf0,0x21,0x11,0x01,0x11,0x10,0x02,0x00,
    0x03,0x04,0x15,0x11,0x11,0x00,0x30,0x00,0x00,0x30,0x20,0x00,0x00,0x00,0x00,0x00,0x00,0x9d,0x9b,0x7b,0xe0,0xd0,0x00,0x00,
    0x00,0x00,0x9e,0x77,0x0d,0x00,0x00,0x00,0x00,0x00,0x00,0x90,0x00,0x00,0x00,0x00,0x00,0x00,0x00,0x00,0x00,0x00,0x00,0x00,
};
static const lv_image_dsc_t emoji_1f426 = {
    .header = {.magic = LV_IMAGE_HEADER_MAGIC, .cf = LV_COLOR_FORMAT_I4, .w = 16, .h = 16, .stride = 8},
    .data_size = sizeof(emoji_1f426_pixels), .data = emoji_1f426_pixels,
};
static const uint8_t emoji_1f427_pixels[] = {
    0x03,0x03,0x03,0x01,0x4f,0x51,0x52,0xfa,0x5f,0x5f,0x5f,0x13,0xf3,0xf9,0xfb,0xfd,0xa5,0xa3,0xa3,0xf4,0xf8,0xf7,0xf7,0x06,
    0x1d,0xa6,0xf4,0xfd,0x2c,0x2a,0x29,0x4c,0x4f,0x53,0x54,0x66,0x64,0xd3,0xfd,0xff,0x49,0x4f,0x53,0x8f,0xa0,0xe2,0xfc,0xfe,
    0x4f,0x43,0x3b,0xfc,0xb4,0xb4,0xb4,0x09,0x2e,0x2d,0x2c,0xfd,0x8b,0x86,0x86,0x90,0x00,0x00,0x00,0x28,0x20,0x00,0x00,0x00,
    0x00,0x55,0x0f,0x11,0x1a,0x02,0x00,0x00,0x02,0x00,0x44,0x1e,0x11,0x20,0x20,0x00,0x00,0x00,0x01,0x1c,0x06,0x80,0x00,0x00,
    0x00,0x00,0x80,0x11,0x66,0xa0,0x00,0x00,0x00,0x00,0x09,0x66,0x00,0x12,0x02,0x00,0x02,0x00,0x0b,0x99,0x1c,0x1a,0x00,0x00,
    0x02,0x07,0x03,0xbb,0x11,0x11,0x50,0x00,0x02,0x07,0x43,0x33,0x11,0x11,0x20,0x00,0x02,0x07,0x43,0x33,0x41,0x11,0x20,0x20,
    0x02,0x00,0x13,0x33,0x4e,0x11,0x20,0x20,0x00,0x0d,0x74,0x33,0x34,0x11,0x20,0x20,0x00,0x02,0x00,0x43,0x33,0x41,0x80,0x20,
    0x00,0x05,0x00,0x4f,0x44,0x22,0x20,0x00,0x00,0x00,0x0d,0x55,0x00,0x00,0x00,0x00,0x00,0x00,0x00,0x00,0x00,0x00,0x00,0x00,
};
static const lv_image_dsc_t emoji_1f427 = {
    .header = {.magic = LV_IMAGE_HEADER_MAGIC, .cf = LV_COLOR_FORMAT_I4, .w = 16, .h = 16, .stride = 8},
    .data_size = sizeof(emoji_1f427_pixels), .data = emoji_1f427_pixels,
};
static const uint8_t emoji_1f428_pixels[] = {
    0xad,0xad,0xad,0xfb,0x00,0x00,0x00,0x00,0x6b,0x6a,0x68,0xf5,0xb0,0xb0,0xb1,0x1a,0xf2,0xf2,0xf3,0x05,0xc4,0xc3,0xc8,0xfb,
    0xaa,0xa9,0xa9,0xa3,0xb8,0xb8,0xe0,0xfd,0x2c,0x2b,0x2c,0xff,0xab,0xab,0xab,0x5b,0x84,0x80,0x7d,0xff,0x76,0x71,0x6c,0x14,
    0xbf,0x7f,0xbf,0x04,0x6a,0x68,0x63,0xae,0x72,0x72,0x87,0xfe,0xc9,0xc9,0xcc,0x5b,0x11,0x11,0xbb,0x11,0x11,0xbb,0x11,0x11,
    0x11,0xd2,0x22,0x96,0x69,0x22,0x2d,0x11,0xc6,0xa2,0x2a,0x00,0x00,0xa2,0x2a,0x6c,0x30,0x07,0x70,0x00,0x00,0x07,0x70,0x03,
    0x40,0x77,0x00,0x00,0x00,0x00,0x77,0x00,0x45,0x57,0x00,0x00,0x00,0x00,0x75,0x54,0x1f,0x50,0x02,0x02,0x20,0x02,0x05,0xf1,
    0x13,0x00,0x22,0x08,0x82,0x22,0x00,0x31,0x13,0x00,0x00,0x28,0x82,0x00,0x00,0x31,0x19,0x00,0x00,0x08,0x80,0x00,0x00,0x91,
    0x13,0x00,0x00,0x02,0x20,0x00,0x00,0x31,0x31,0x65,0x00,0x0e,0xe0,0x00,0x56,0x14,0x44,0x36,0x00,0x55,0x55,0x00,0x63,0x44,
    0x14,0x11,0x96,0x00,0x00,0x69,0x11,0x41,0x11,0x44,0x11,0x33,0x33,0x11,0x14,0x11,0x11,0x11,0x11,0x11,0x11,0x11,0x11,0x11,
};
static const lv_image_dsc_t emoji_1f428 = {
    .header = {.magic = LV_IMAGE_HEADER_MAGIC, .cf = LV_COLOR_FORMAT_I4, .w = 16, .h = 16, .stride = 8},
    .data_size = sizeof(emoji_1f428_pixels), .data = emoji_1f428_pixels,
};
static const uint8_t emoji_1f429_pixels[] = {
    0x00,0x00,0x00,0x00,0xe0,0xe0,0xe0,0xf8,0xf5,0xf5,0xf5,0x0a,0xac,0xab,0xac,0xf5,0xdd,0xdd,0xdd,0xa3,0xac,0xab,0xab,0x15,
    0xd5,0xd5,0xd5,0x5b,0xa2,0xa0,0xa0,0x98,0x6d,0x6d,0x6e,0x0d,0xab,0xa9,0xa9,0x71,0x79,0x78,0x78,0xfb,0xab,0x88,0xe4,0x5f,
    0xaa,0x86,0xe2,0x24,0x77,0x74,0x74,0x5e,0xd4,0xaa,0xd4,0x06,0xa8,0x77,0xf9,0x2f,0x00,0x85,0x24,0x14,0x22,0x20,0x00,0x00,
    0x00,0x00,0x41,0x11,0x60,0x22,0x44,0x22,0x00,0x85,0x91,0x13,0x52,0x04,0x11,0x60,0x00,0x33,0xaa,0x33,0x50,0x05,0x33,0x52,
    0x0b,0x33,0x33,0x31,0x14,0x14,0x42,0x02,0x0f,0xc5,0x73,0x11,0x31,0x11,0x40,0x20,0x00,0x02,0x41,0x13,0x31,0x11,0x42,0x20,
    0x0e,0x86,0x11,0x11,0x11,0x11,0x45,0x20,0x05,0x06,0x11,0x11,0x11,0x11,0x70,0x50,0x02,0x06,0x11,0x11,0x11,0x23,0x36,0x02,
    0x02,0x02,0x11,0x11,0x11,0x04,0x11,0x02,0x00,0x50,0x63,0x77,0x39,0x29,0x16,0x05,0x00,0x20,0x41,0x11,0x14,0x08,0xd0,0x00,
    0x00,0x20,0x61,0x41,0x16,0x00,0x00,0x00,0x00,0x00,0x89,0x07,0x70,0x22,0x80,0x00,0x00,0x00,0x00,0x00,0x00,0x00,0x00,0x00,
};
static const lv_image_dsc_t emoji_1f429 = {
    .header = {.magic = LV_IMAGE_HEADER_MAGIC, .cf = LV_COLOR_FORMAT_I4, .w = 16, .h = 16, .stride = 8},
    .data_size = sizeof(emoji_1f429_pixels), .data = emoji_1f429_pixels,
};
static const uint8_t emoji_1f42a_pixels[] = {
    0x00,0x00,0x00,0x00,0x3d,0xb0,0xf5,0xf4,0x44,0xa8,0xf1,0xf3,0x3b,0xb1,0xf9,0x17,0x4b,0x97,0xe0,0x1c,0x00,0xff,0xff,0x01,
    0x3d,0xae,0xf4,0x9a,0x43,0x9f,0xea,0xa0,0x44,0x9f,0xeb,0x61,0x3d,0xaf,0xf5,0x5e,0x45,0xc2,0xff,0xff,0x7f,0xff,0xff,0x02,
    0x7f,0x7f,0xff,0x02,0x00,0x7f,0xff,0x02,0x3f,0xbf,0xbf,0x04,0x55,0x55,0xaa,0x03,0x0c,0x30,0x03,0x00,0x00,0x00,0x50,0x00,
    0x00,0x04,0x72,0x83,0xd4,0x84,0x05,0x00,0x03,0x71,0x21,0xa8,0x07,0x22,0x40,0xf0,0x42,0xa1,0x01,0x20,0x32,0x22,0x6b,0x30,
    0x42,0x21,0x12,0x70,0x92,0x12,0x10,0x50,0x03,0x48,0x22,0x43,0x21,0x11,0x19,0x05,0x00,0x03,0x22,0x96,0xa1,0x11,0x12,0x40,
    0x0e,0x53,0x11,0x11,0x11,0x11,0x12,0x90,0x05,0x53,0x12,0x11,0x11,0x11,0x12,0x60,0x00,0xb0,0x92,0x11,0x11,0x21,0x21,0x64,
    0x00,0x05,0x03,0x82,0x11,0x62,0x26,0x43,0x00,0x00,0x40,0x42,0x71,0x02,0x71,0x30,0x00,0x00,0x05,0x82,0x61,0x42,0x61,0x35,
    0x00,0x00,0x5c,0x77,0x16,0x87,0x16,0x03,0x00,0x00,0x00,0x44,0x83,0x00,0x34,0x00,0x00,0x00,0x00,0x00,0x00,0x00,0x00,0x00,
};
static const lv_image_dsc_t emoji_1f42a = {
    .header = {.magic = LV_IMAGE_HEADER_MAGIC, .cf = LV_COLOR_FORMAT_I4, .w = 16, .h = 16, .stride = 8},
    .data_size = sizeof(emoji_1f42a_pixels), .data = emoji_1f42a_pixels,
};
static const uint8_t emoji_1f42b_pixels[] = {
    0x00,0x00,0x00,0x00,0x47,0x9f,0xec,0xf4,0x3d,0xb0,0xf5,0xf6,0x4d,0x9b,0xeb,0x14,0x3b,0xb4,0xf8,0x15,0x3d,0xae,0xf4,0x98,
    0x56,0x79,0xd4,0xed,0x45,0x9c,0xe8,0x98,0x08,0xf6,0xff,0x04,0x63,0x7c,0xe2,0x1d,0x46,0x9b,0xe8,0x5b,0x57,0x76,0xd2,0xa0,
    0x55,0x74,0xcf,0x5c,0x3a,0xb4,0xf9,0x47,0x3f,0x7f,0xbf,0x04,0x1f,0x7f,0xff,0x03,0x03,0x83,0x39,0x00,0x00,0x00,0x00,0x00,
    0x00,0x06,0x66,0xa8,0x37,0x3a,0x30,0x90,0x04,0x71,0x61,0x1a,0x71,0x11,0x13,0x80,0x01,0x02,0x02,0x10,0x11,0x11,0x13,0x00,
    0x01,0x12,0x21,0x13,0x21,0x11,0x1d,0x04,0x04,0x91,0x11,0xc4,0x12,0x22,0x15,0x03,0xe0,0xc1,0x11,0xd5,0x12,0x22,0x21,0x40,
    0xf8,0xb1,0x22,0x22,0x22,0x22,0x21,0x50,0x30,0xc6,0x12,0x22,0x22,0x22,0x21,0x50,0x03,0x0b,0x12,0x22,0x22,0x12,0x12,0x54,
    0x09,0x89,0x66,0x11,0x12,0x51,0x25,0x34,0x00,0x00,0x09,0xb6,0x72,0x01,0x72,0x40,0x00,0x00,0x30,0xa1,0x52,0x31,0x52,0x48,
    0x00,0x00,0xfe,0x17,0x25,0xa7,0x25,0x03,0x00,0x00,0x00,0x34,0xa3,0x00,0x44,0x00,0x00,0x00,0x00,0x00,0x00,0x00,0x00,0x00,
};
static const lv_image_dsc_t emoji_1f42b = {
    .header = {.magic = LV_IMAGE_HEADER_MAGIC, .cf = LV_COLOR_FORMAT_I4, .w = 16, .h = 16, .stride = 8},
    .data_size = sizeof(emoji_1f42b_pixels), .data = emoji_1f42b_pixels,
};
static const uint8_t emoji_1f42c_pixels[] = {
    0x00,0x00,0x00,0x00,0xde,0xaf,0x30,0xf7,0xde,0xb2,0x34,0x21,0xe2,0xb4,0x35,0x5d,0xfc,0xfa,0x04,0x01,0xf5,0xc4,0x39,0xff,
    0xe2,0xb4,0x35,0xa2,0xfb,0xe6,0x5d,0x12,0xff,0x00,0x00,0x01,0xee,0xd9,0xa4,0xfe,0xb9,0xb9,0x39,0x04,0xf9,0xed,0xd6,0xf3,
    0xff,0xaa,0x55,0x03,0xff,0x7f,0x00,0x02,0xb3,0x8b,0x29,0xfd,0xec,0xc8,0x65,0xfc,0x00,0x70,0x02,0x33,0x32,0x00,0x00,0x00,
    0x0d,0x03,0x11,0x11,0x51,0x60,0x32,0x04,0xc0,0x31,0x51,0x11,0x11,0x11,0x15,0x30,0x44,0x15,0x0e,0x11,0x11,0x1e,0x13,0x27,
    0x02,0x11,0xe1,0x11,0x11,0x11,0x12,0x04,0x40,0x11,0x15,0xf9,0xb9,0x01,0x13,0x8a,0x02,0x11,0x10,0x00,0xbb,0x91,0x13,0x0a,
    0x03,0x16,0x70,0x00,0x00,0xb1,0x12,0x0c,0x00,0x70,0x08,0x00,0x00,0x91,0x12,0x04,0x00,0x0a,0x42,0x67,0x00,0xf5,0x30,0xc0,
    0x00,0x40,0xc2,0x65,0x36,0x56,0x74,0x00,0x00,0x00,0x40,0xa1,0x51,0x30,0x88,0x00,0x00,0x00,0x04,0x01,0x60,0x08,0x00,0x00,
    0x00,0x00,0xd0,0x21,0x20,0x20,0x00,0x00,0x00,0x00,0x40,0x22,0x0d,0x00,0x00,0x00,0x00,0x00,0x00,0x00,0x00,0x00,0x00,0x00,
};
static const lv_image_dsc_t emoji_1f42c = {
    .header = {.magic = LV_IMAGE_HEADER_MAGIC, .cf = LV_COLOR_FORMAT_I4, .w = 16, .h = 16, .stride = 8},
    .data_size = sizeof(emoji_1f42c_pixels), .data = emoji_1f42c_pixels,
};
static const uint8_t emoji_1f42d_pixels[] = {
    0xac,0xac,0xab,0xf9,0x00,0x00,0x00,0x00,0xac,0xad,0xe7,0xfd,0x71,0x6f,0x6d,0x11,0xa8,0xa8,0xaa,0x1a,0xaf,0xaf,0xb0,0x58,
    0xf9,0xf9,0xfa,0x03,0xad,0xad,0xaa,0x97,0x62,0x62,0x61,0xfe,0xa7,0xa7,0xc9,0x0f,0x7c,0x7a,0x75,0x9a,0x6c,0x67,0x63,0x77,
    0xee,0xee,0xee,0xff,0x3e,0x3e,0x3e,0xff,0x82,0x80,0x7c,0xfd,0x82,0x81,0x7f,0x96,0x13,0x11,0x11,0x31,0x13,0x11,0x11,0x31,
    0x61,0x47,0x75,0x16,0x61,0x57,0x74,0x16,0x15,0x02,0x20,0x54,0x45,0x02,0x20,0x51,0x90,0x22,0x22,0x01,0x10,0x22,0x22,0x09,
    0x40,0x22,0x22,0x07,0x70,0x22,0x22,0x04,0x90,0x22,0x22,0x00,0x00,0x22,0x22,0x09,0x15,0x02,0x20,0x00,0x00,0x02,0x20,0x51,
    0x31,0x40,0x00,0x00,0x00,0x00,0x04,0x16,0x41,0x90,0x08,0x00,0x00,0x80,0x06,0x13,0x63,0x70,0x0d,0x08,0x80,0x00,0x0f,0x33,
    0x33,0xae,0x00,0x0d,0x80,0x00,0x0a,0x33,0x63,0xb0,0x00,0x00,0x00,0x00,0x0b,0x36,0x14,0x35,0x00,0x0c,0xc0,0x00,0x53,0x31,
    0x11,0x11,0x45,0x77,0x77,0x54,0x11,0x11,0x11,0x16,0x11,0x11,0x11,0x11,0x61,0x11,0x11,0x11,0x11,0x11,0x11,0x11,0x11,0x11,
};
static const lv_image_dsc_t emoji_1f42d = {
    .header = {.magic = LV_IMAGE_HEADER_MAGIC, .cf = LV_COLOR_FORMAT_I4, .w = 16, .h = 16, .stride = 8},
    .data_size = sizeof(emoji_1f42d_pixels), .data = emoji_1f42d_pixels,
};
static const uint8_t emoji_1f42e_pixels[] = {
    0x00,0x00,0x00,0x00,0xae,0xd2,0xfa,0xf8,0xd7,0xe3,0xec,0xf9,0xfd,0xfa,0xf5,0x08,0xaf,0xdb,0xfc,0x15,0x5f,0x96,0xc9,0xf0,
    0x4f,0x85,0xb9,0xfe,0x35,0x74,0xb4,0x07,0x00,0xf5,0xff,0x06,0x5b,0x62,0x6b,0xfd,0x95,0xb4,0xd4,0xfe,0xdf,0xe0,0xe0,0x97,
    0x4f,0x86,0xb9,0x66,0x7f,0x7f,0xff,0x02,0x5f,0x71,0xb2,0x14,0xe3,0xe1,0xe2,0x4c,0x0e,0xe7,0x80,0x04,0x30,0x00,0x03,0x30,
    0x00,0x00,0x00,0x80,0x00,0x00,0x00,0x00,0xd0,0xc0,0x70,0x0f,0xf0,0x00,0x3f,0x33,0x75,0x1a,0x55,0x55,0x22,0x12,0x22,0x23,
    0x0c,0x11,0x56,0x66,0xa2,0x22,0x12,0xb0,0x87,0x05,0x66,0x66,0xa2,0x22,0x2b,0x33,0x00,0x0e,0x50,0x06,0x20,0x02,0xb0,0x80,
    0x00,0x7c,0x50,0x0a,0x20,0x92,0xb3,0x30,0x07,0x0c,0x51,0x12,0x22,0x22,0xb0,0x30,0x00,0x00,0x21,0x11,0x11,0x11,0x20,0x00,
    0x30,0x41,0x19,0x01,0x19,0x91,0x14,0x0d,0x80,0x01,0x11,0x9a,0x19,0x11,0x14,0x03,0x04,0x00,0x21,0x11,0x11,0x12,0x00,0x00,
    0x00,0x30,0x01,0x11,0x11,0x10,0x0d,0x80,0x00,0x03,0x00,0x44,0x44,0x40,0x00,0x00,0x00,0x00,0x00,0x00,0x00,0x00,0x00,0x00,
};
static const lv_image_dsc_t emoji_1f42e = {
    .header = {.magic = LV_IMAGE_HEADER_MAGIC, .cf = LV_COLOR_FORMAT_I4, .w = 16, .h = 16, .stride = 8},
    .data_size = sizeof(emoji_1f42e_pixels), .data = emoji_1f42e_pixels,
};
static const uint8_t emoji_1f42f_pixels[] = {
    0x00,0x00,0x00,0x00,0x06,0x8f,0xf9,0xfa,0x13,0x62,0xa2,0xfa,0x25,0x4c,0x6a,0xf9,0xb1,0xd8,0xfc,0xf0,0xe7,0xeb,0xed,0xff,
    0x04,0x9a,0xff,0x23,0xf5,0xf5,0xfc,0x0f,0x01,0x8d,0xfa,0x9b,0x66,0x78,0x96,0xf9,0x32,0x33,0x32,0xff,0x0c,0x72,0xee,0xf3,
    0x92,0x98,0xac,0xfb,0x00,0x8e,0xfe,0x5e,0x5e,0xaf,0xf3,0xfe,0x00,0x7b,0xff,0x0e,0x00,0x6d,0x60,0x00,0x00,0x06,0x60,0x00,
    0x06,0x1b,0x18,0xb3,0x32,0x81,0x11,0x60,0x08,0xbb,0x11,0x33,0x33,0x11,0xb1,0x80,0x08,0x11,0x11,0x23,0x32,0x11,0x11,0x80,
    0x06,0x22,0x23,0x11,0x11,0x32,0x22,0xd0,0x07,0x32,0x22,0x11,0x11,0x22,0x22,0x00,0x00,0x93,0x11,0x21,0x12,0x11,0x20,0x00,
    0x70,0x92,0x05,0xaa,0xa0,0x5e,0x29,0x97,0x70,0xa2,0x55,0x50,0x05,0x55,0xb0,0xc7,0x04,0xe2,0x45,0xca,0xac,0x54,0x20,0x40,
    0x00,0x01,0x10,0x0c,0x9a,0x31,0x14,0x40,0x07,0x01,0x1e,0xc9,0x9c,0xe1,0x14,0x00,0x00,0x06,0x81,0x44,0x44,0x1d,0x60,0x00,
    0x07,0x70,0x0d,0x1e,0xe1,0xd0,0x00,0x00,0x00,0x06,0xf0,0xfd,0x0f,0x0f,0xf0,0x00,0x00,0x00,0x00,0x00,0x00,0x00,0x00,0x00,
};
static const lv_image_dsc_t emoji_1f42f = {
    .header = {.magic = LV_IMAGE_HEADER_MAGIC, .cf = LV_COLOR_FORMAT_I4, .w = 16, .h = 16, .stride = 8},
    .data_size = sizeof(emoji_1f42f_pixels), .data = emoji_1f42f_pixels,
};
static const uint8_t emoji_1f430_pixels[] = {
    0x00,0x00,0x00,0x00,0xe2,0xdf,0xe1,0xfb,0xfb,0xfa,0xf8,0x06,0xc9,0xc3,0xb6,0xe7,0x7c,0x7d,0x7d,0x0a,0xcc,0xc5,0xae,0x5b,
    0xa6,0xa7,0xa2,0xfc,0xb6,0xb7,0xef,0xfb,0xd9,0xd2,0xa0,0x1f,0xad,0xab,0xa6,0x08,0xf6,0xf6,0x7a,0x03,0x75,0x73,0x6f,0xfe,
    0xc3,0xbe,0xb8,0xea,0x98,0x98,0x92,0x6b,0x98,0x97,0x92,0xa6,0xc9,0xc2,0xb1,0xae,0x00,0x22,0x25,0x50,0x40,0x58,0x02,0x00,
    0x00,0x90,0xf1,0xca,0x05,0x13,0x82,0x20,0x00,0x0a,0x37,0x78,0x0f,0x71,0x50,0x00,0x00,0x0a,0x37,0x78,0x23,0x71,0x50,0x80,
    0x00,0x00,0xf7,0x08,0x0c,0x71,0x80,0x20,0x00,0x90,0x51,0x15,0x87,0x73,0xa4,0x00,0x00,0xa0,0x83,0x13,0x30,0x15,0x09,0x00,
    0x00,0x02,0x03,0x31,0x13,0x39,0x02,0x00,0x00,0x00,0x26,0xb1,0x1b,0x62,0x49,0x00,0x00,0x00,0x16,0x01,0x10,0x60,0x02,0x00,
    0x0a,0x0d,0xc3,0x16,0x11,0x36,0xd4,0x20,0x24,0x4e,0x61,0x1b,0xb1,0x16,0xe4,0x40,0x24,0x4e,0x61,0x16,0x61,0x16,0xd4,0x40,
    0x00,0x24,0x51,0x11,0x11,0x15,0x42,0x00,0x00,0x00,0x09,0x50,0x05,0x90,0x00,0x00,0x00,0x00,0x00,0x00,0x00,0x00,0x00,0x00,
};
static const lv_image_dsc_t emoji_1f430 = {
    .header = {.magic = LV_IMAGE_HEADER_MAGIC, .cf = LV_COLOR_FORMAT_I4, .w = 16, .h = 16, .stride = 8},
    .data_size = sizeof(emoji_1f430_pixels), .data = emoji_1f430_pixels,
};
static const uint8_t emoji_1f431_pixels[] = {
    0x00,0x00,0x00,0x00,0x25,0xc7,0xfe,0xf9,0x24,0xb0,0xf3,0xf4,0x12,0xb4,0xfe,0x0d,0x00,0xf9,0xff,0x06,0xa4,0xa0,0x9d,0x1e,
    0xb8,0xd5,0xff,0xfe,0x48,0xc5,0xfe,0xeb,0x05,0x1f,0x28,0xfe,0x56,0xb3,0xd7,0xe4,0x0e,0x50,0x69,0xfe,0x13,0xbd,0xfe,0x58,
    0x25,0xc0,0xfe,0x9d,0x22,0xc4,0xfd,0x5c,0x96,0xa2,0xa7,0x50,0x20,0xbe,0xfd,0x96,0x40,0x33,0x03,0x04,0x00,0x40,0x33,0x04,
    0x30,0xf1,0xb0,0x40,0x03,0x0b,0x1c,0x03,0x03,0x16,0x1b,0x03,0x30,0xb7,0x61,0x00,0x03,0x70,0x61,0x22,0x22,0x16,0x07,0x00,
    0x03,0x16,0x71,0x22,0x22,0x17,0x67,0x00,0x30,0xc1,0x11,0x22,0x22,0x11,0x1c,0x03,0x30,0xf1,0x22,0x12,0x21,0x22,0x1f,0x03,
    0x05,0x21,0x88,0x11,0x11,0x88,0x12,0x50,0x0e,0x91,0xa0,0x10,0x01,0xa0,0x19,0xe0,0x5e,0x91,0x12,0x18,0x81,0x21,0x29,0xe5,
    0x05,0x91,0x12,0xaa,0xaa,0x01,0x19,0x54,0x45,0x31,0x11,0x22,0x22,0x11,0x14,0x03,0x00,0x0b,0x11,0x11,0x11,0x11,0x30,0x00,
    0x00,0x40,0x3d,0xdf,0xcd,0xd0,0x04,0x00,0x00,0x03,0x00,0x00,0x00,0x00,0x30,0x00,0x00,0x00,0x00,0x00,0x00,0x00,0x00,0x00,
};
static const lv_image_dsc_t emoji_1f431 = {
    .header = {.magic = LV_IMAGE_HEADER_MAGIC, .cf = LV_COLOR_FORMAT_I4, .w = 16, .h = 16, .stride = 8},
    .data_size = sizeof(emoji_1f431_pixels), .data = emoji_1f431_pixels,
};
static const uint8_t emoji_1f432_pixels[] = {
    0x00,0x00,0x00,0x00,0x5f,0xa3,0x60,0xf3,0x4a,0xac,0x1d,0xf9,0x69,0xc8,0x6d,0xfb,0x38,0xaf,0x98,0xfa,0x0e,0xb2,0xf6,0xe5,
    0x3a,0x86,0x16,0xfd,0x45,0xd7,0xd8,0x61,0x59,0xd3,0xae,0x26,0x8a,0xd3,0x55,0xf2,0x4c,0xaf,0x8e,0xff,0x0a,0xf4,0xf4,0x02,
    0x7f,0x7f,0x7f,0x02,0x2c,0x5c,0x5c,0xfa,0xf4,0xff,0xff,0x0a,0x0f,0x7f,0x07,0x05,0x00,0x00,0x00,0x00,0x00,0x00,0xfb,0x00,
    0x00,0x00,0x50,0x08,0x80,0x05,0x00,0x00,0x0b,0xf0,0x55,0x00,0x90,0x55,0x00,0x00,0xf0,0x06,0x45,0x12,0x24,0x54,0x00,0x00,
    0x00,0x0d,0x44,0x42,0x24,0x44,0x00,0x0f,0x00,0x36,0x01,0xa1,0x1a,0x10,0x23,0x00,0x00,0x16,0x30,0x12,0x21,0x12,0x61,0xe0,
    0x00,0x06,0x21,0x32,0x03,0x12,0x61,0x00,0x00,0x30,0x23,0x0a,0xa0,0x32,0x63,0x00,0xc0,0x01,0x1d,0x10,0xa0,0xd3,0x10,0x0c,
    0x00,0x0e,0x0d,0x00,0x00,0xd0,0x00,0xc0,0xb0,0x00,0x72,0x00,0x00,0x07,0x00,0x0c,0x00,0x08,0x70,0x99,0x99,0x07,0x80,0x0b,
    0xc0,0x87,0x00,0x02,0x20,0x00,0x78,0x00,0x00,0x00,0x00,0xe0,0x0e,0x00,0xb0,0x00,0x00,0x00,0x00,0x00,0x00,0x00,0x00,0x00,
};
static const lv_image_dsc_t emoji_1f432 = {
    .header = {.magic = LV_IMAGE_HEADER_MAGIC, .cf = LV_COLOR_FORMAT_I4, .w = 16, .h = 16, .stride = 8},
    .data_size = sizeof(emoji_1f432_pixels), .data = emoji_1f432_pixels,
};
static const uint8_t emoji_1f433_pixels[] = {
    0x00,0x00,0x00,0x00,0xb0,0xa6,0x6c,0xf1,0xda,0xd4,0xb0,0xfc,0xab,0xa4,0x60,0x16,0xae,0xa3,0x69,0x5c,0xe0,0xb3,0x32,0x1d,
    0xe4,0xe1,0xc6,0xf7,0xd9,0xd2,0xad,0x1c,0xae,0xa5,0x6c,0x9b,0xe0,0xb4,0x35,0x4d,0xff,0xff,0x00,0x01,0xff,0xff,0xff,0x01,
    0xe3,0xdc,0xb5,0x5a,0xe3,0xb5,0x37,0xa1,0xe6,0xb8,0x38,0xd3,0x7f,0x7f,0x7f,0x02,0x00,0xa0,0x55,0x00,0x05,0x50,0x30,0x00,
    0x00,0x00,0x59,0xd5,0xd9,0x58,0x40,0x30,0x00,0x0a,0x55,0xe0,0xe5,0x31,0x4f,0x00,0x0a,0x3f,0x55,0x9e,0x93,0x11,0x40,0x30,
    0x00,0x00,0x03,0x0d,0x38,0x84,0x14,0x03,0x00,0x33,0x00,0x09,0x00,0x00,0x81,0x3a,0x00,0x21,0x11,0x18,0x83,0x03,0x40,0x40,
    0x72,0x60,0x11,0x11,0x11,0x40,0x11,0x10,0x0c,0x22,0x00,0x11,0x11,0x11,0x11,0x1b,0x00,0x02,0x26,0x00,0x11,0x11,0x11,0x10,
    0xbb,0x76,0x22,0x22,0x11,0x11,0x11,0x40,0x00,0x0c,0x62,0x22,0x22,0x11,0x11,0x7f,0xbb,0x01,0x26,0x62,0x26,0x22,0x00,0x10,
    0xa0,0x44,0x40,0x62,0x62,0x60,0x44,0x30,0x00,0x00,0x00,0x77,0xc7,0x70,0x00,0x00,0x00,0x00,0x00,0x00,0x00,0x00,0x00,0x00,
};
static const lv_image_dsc_t emoji_1f433 = {
    .header = {.magic = LV_IMAGE_HEADER_MAGIC, .cf = LV_COLOR_FORMAT_I4, .w = 16, .h = 16, .stride = 8},
    .data_size = sizeof(emoji_1f433_pixels), .data = emoji_1f433_pixels,
};
static const uint8_t emoji_1f434_pixels[] = {
    0x00,0x00,0x00,0x00,0x5e,0xac,0xf6,0xfb,0x4b,0x64,0x95,0xf8,0x58,0xa9,0xf8,0x15,0x5f,0xb0,0xfd,0x5e,0x64,0x69,0x75,0x11,
    0x4c,0x61,0x94,0x22,0x00,0x00,0xff,0x01,0x47,0x5e,0x8d,0xb5,0x71,0xe1,0xff,0x0f,0x1d,0x68,0x7b,0x07,0x5e,0xac,0xf6,0xb4,
    0x45,0x51,0x77,0xea,0x99,0xd2,0xff,0xac,0x00,0xff,0xff,0x01,0x49,0x5e,0x89,0x6e,0x00,0x0a,0x50,0x09,0x40,0x65,0x00,0x00,
    0x00,0x00,0x00,0x5b,0x10,0x00,0x00,0x00,0x07,0x05,0x6f,0xc1,0x18,0x06,0xa0,0x00,0x06,0x0f,0x22,0xc2,0x11,0x22,0x85,0x00,
    0x00,0x30,0xf2,0x01,0x11,0x12,0x80,0x50,0x09,0x03,0xb1,0x11,0x11,0x12,0x07,0x00,0xe0,0x7b,0x11,0x02,0x11,0x11,0x22,0xae,
    0x03,0xd0,0x11,0x11,0x11,0x11,0x22,0x60,0x0d,0x00,0x01,0x11,0x11,0x11,0x1c,0x0a,0x0d,0x00,0x01,0x11,0x11,0x11,0x12,0x67,
    0x03,0x00,0x90,0x0b,0x11,0x11,0x12,0x80,0x00,0x00,0x00,0x31,0x11,0x11,0x12,0x00,0x09,0x00,0x30,0x31,0x11,0x11,0x12,0x00,
    0x00,0x00,0x30,0x41,0x11,0x11,0x11,0x00,0x00,0x00,0x70,0x33,0x44,0x44,0x43,0x0e,0x00,0x00,0x00,0x00,0x00,0x00,0x00,0x00,
};
static const lv_image_dsc_t emoji_1f434 = {
    .header = {.magic = LV_IMAGE_HEADER_MAGIC, .cf = LV_COLOR_FORMAT_I4, .w = 16, .h = 16, .stride = 8},
    .data_size = sizeof(emoji_1f434_pixels), .data = emoji_1f434_pixels,
};
static const uint8_t emoji_1f435_pixels[] = {
    0x00,0x00,0x00,0x00,0x6c,0xa5,0xd8,0xfa,0x5a,0x88,0xb6,0xf2,0x89,0xcf,0xfa,0xfe,0x59,0x8f,0xb2,0x17,0x59,0x86,0xb4,0x5e,
    0x63,0x9b,0xd2,0x0b,0x5a,0x89,0xb8,0xa1,0x00,0xff,0xff,0x01,0x7f,0x7f,0x7f,0x02,0x55,0x5d,0xaa,0x06,0x17,0x6c,0xfd,0xff,
    0x7f,0x7f,0xff,0x02,0x26,0x58,0x79,0x12,0x52,0x7c,0xa9,0xfd,0x3f,0x7f,0xbf,0x04,0x00,0x00,0x8f,0x00,0x00,0xf8,0x00,0x00,
    0x00,0x08,0x00,0x96,0x40,0x00,0x00,0x00,0x00,0x80,0x47,0x22,0x22,0x7a,0x08,0x00,0x0d,0x94,0x21,0x22,0x22,0x12,0x40,0x90,
    0x06,0x07,0x11,0x12,0x21,0x11,0x26,0x40,0xa0,0x42,0x13,0x31,0x03,0x31,0x25,0x0f,0x05,0x12,0x11,0x03,0x30,0x11,0x21,0x50,
    0xd1,0x1e,0x12,0x01,0x10,0x11,0xe1,0x1d,0xd1,0x1e,0x13,0x32,0x23,0x31,0xe0,0x10,0x05,0x12,0x31,0xbb,0xbb,0x13,0x21,0x50,
    0xa0,0x42,0x13,0x10,0x01,0x31,0x24,0x0a,0x06,0x05,0x11,0x03,0x30,0x11,0x50,0x60,0x00,0xc0,0x57,0x22,0x22,0x75,0x0c,0x00,
    0x00,0x09,0x00,0x64,0x66,0x00,0x90,0x00,0x00,0x00,0x4c,0x00,0x00,0xc4,0x00,0x00,0x00,0x00,0x00,0x00,0x00,0x00,0x00,0x00,
};
static const lv_image_dsc_t emoji_1f435 = {
    .header = {.magic = LV_IMAGE_HEADER_MAGIC, .cf = LV_COLOR_FORMAT_I4, .w = 16, .h = 16, .stride = 8},
    .data_size = sizeof(emoji_1f435_pixels), .data = emoji_1f435_pixels,
};
static const uint8_t emoji_1f436_pixels[] = {
    0x00,0x00,0x00,0x00,0xcd,0xf0,0xfe,0xfb,0x53,0x5e,0x8f,0xf7,0xb1,0xd0,0xe6,0xfe,0x52,0x59,0x93,0x13,0xf4,0xf9,0xff,0x0d,
    0x94,0xb4,0xe2,0xfe,0xaa,0xff,0xff,0x03,0xcf,0xef,0xfd,0x61,0x65,0x84,0xcd,0xe0,0x5d,0xa1,0xe5,0x04,0x51,0x5b,0x86,0x93,
    0x25,0x22,0x22,0xff,0x51,0x5c,0x70,0xfd,0x5b,0x76,0xc0,0xfd,0xa0,0x68,0xfb,0xe5,0x00,0x40,0x00,0x57,0x75,0x00,0x04,0x00,
    0x00,0x04,0x40,0x00,0x00,0x04,0x40,0x00,0x04,0xb2,0x22,0x00,0x00,0x22,0x2b,0x40,0x0b,0x22,0x26,0x11,0x11,0x62,0x22,0xb0,
    0x42,0x2d,0x21,0x11,0x11,0x12,0xd2,0x24,0x42,0x22,0x61,0x11,0x11,0x16,0x22,0x24,0x42,0x22,0x31,0x11,0x13,0x66,0x22,0x24,
    0xa2,0x2e,0x30,0x11,0x19,0x09,0xe2,0x2a,0x50,0x93,0x3c,0x31,0x12,0xc2,0x39,0x05,0x70,0x51,0x13,0x16,0x66,0xe6,0x15,0x07,
    0x00,0xa1,0x11,0x3c,0xc3,0x11,0x1a,0x00,0x07,0x08,0x13,0x0d,0xd0,0x31,0x80,0x70,0x00,0x50,0x81,0x32,0x23,0x18,0x05,0x00,
    0x00,0x05,0x05,0x8f,0xf8,0x50,0x50,0x00,0x00,0x00,0x70,0x00,0x00,0x07,0x00,0x00,0x00,0x00,0x00,0x00,0x00,0x00,0x00,0x00,
};
static const lv_image_dsc_t emoji_1f436 = {
    .header = {.magic = LV_IMAGE_HEADER_MAGIC, .cf = LV_COLOR_FORMAT_I4, .w = 16, .h = 16, .stride = 8},
    .data_size = sizeof(emoji_1f436_pixels), .data = emoji_1f436_pixels,
};
static const uint8_t emoji_1f437_pixels[] = {
    0xb3,0xd6,0xfe,0xf9,0x00,0x00,0x00,0x00,0xa1,0xab,0xf8,0xf9,0xb0,0xdd,0xff,0x1a,0x66,0x69,0xa3,0xfe,0xb0,0xd3,0xfe,0xa4,
    0xee,0xfa,0xff,0x0e,0xa8,0xae,0xff,0x18,0xaf,0xd2,0xff,0x6e,0x7f,0x7f,0xff,0x03,0x78,0x8c,0xa2,0xfe,0x5b,0x65,0x71,0xff,
    0xc1,0xe8,0xff,0xff,0x7f,0xff,0xff,0x02,0x9b,0x94,0xfd,0xb9,0x77,0x74,0xd5,0xff,0x16,0x11,0x13,0xd1,0x19,0x71,0x11,0xd1,
    0x61,0x16,0x31,0x11,0x11,0x13,0x63,0x16,0x16,0x5c,0x58,0x50,0x00,0x55,0xc0,0x31,0x72,0x00,0x20,0x00,0x00,0x00,0x00,0x27,
    0x7e,0x22,0x00,0x00,0x00,0x00,0x22,0xe9,0x17,0x22,0x00,0x00,0x00,0x00,0x22,0x71,0x17,0x00,0x00,0x00,0x00,0x00,0x00,0x71,
    0x15,0x00,0xb0,0x00,0x00,0xa4,0x00,0x81,0x15,0x00,0x0a,0x22,0x20,0xbb,0x00,0x51,0x15,0x00,0x00,0x44,0x4f,0x00,0x00,0x51,
    0x15,0x00,0x24,0x44,0x44,0x40,0x00,0x81,0x13,0x00,0x0a,0x44,0x44,0x20,0x00,0x36,0x61,0x80,0x00,0x00,0x00,0x00,0x03,0x16,
    0x16,0x13,0x50,0x00,0x00,0x05,0x31,0x91,0x11,0x71,0x13,0x33,0x33,0x11,0x16,0x11,0x11,0x11,0x11,0x11,0x11,0x11,0x11,0x11,
};
static const lv_image_dsc_t emoji_1f437 = {
    .header = {.magic = LV_IMAGE_HEADER_MAGIC, .cf = LV_COLOR_FORMAT_I4, .w = 16, .h = 16, .stride = 8},
    .data_size = sizeof(emoji_1f437_pixels), .data = emoji_1f437_pixels,
};
static const uint8_t emoji_1f438_pixels[] = {
    0x18,0xd2,0xb8,0xf4,0x00,0x00,0x00,0x00,0x19,0xdb,0xc3,0xfa,0x08,0xf8,0xf2,0x04,0x26,0xa3,0x9a,0xfe,0x19,0xd2,0xb3,0x16,
    0x15,0x6a,0xf0,0xff,0x0f,0xb6,0xa9,0x0a,0x19,0xd1,0xb7,0x5a,0x18,0xd1,0xb8,0xa7,0x30,0x22,0x24,0xfd,0x23,0x8b,0x7c,0xff,
    0x15,0x71,0x71,0x03,0x15,0x9a,0xd9,0xff,0x00,0xff,0x7f,0x02,0x25,0x7e,0x72,0xfd,0x11,0x71,0x15,0x31,0x13,0x31,0x17,0x11,
    0x10,0x11,0x71,0x17,0x71,0x13,0x11,0x11,0xe1,0x80,0x29,0x51,0x15,0x92,0x08,0x13,0x37,0x02,0x42,0x98,0x89,0x24,0x20,0x53,
    0x17,0x24,0xa4,0x20,0x02,0x4a,0xf2,0x71,0x1c,0x04,0xa4,0x20,0x02,0x4a,0xb2,0xc1,0x18,0x20,0x00,0x40,0x04,0x00,0x02,0x81,
    0x30,0x20,0x00,0xb0,0x0b,0x00,0x00,0x03,0x50,0x04,0x40,0x00,0x00,0x04,0x40,0x05,0x50,0x04,0x66,0x66,0x66,0x66,0x40,0x05,
    0x19,0x20,0x2d,0x66,0x66,0xd2,0x02,0x91,0x35,0x00,0x00,0x00,0x00,0x00,0x20,0x53,0x31,0x50,0x22,0x00,0x00,0x22,0x05,0x1e,
    0x13,0x17,0x80,0x00,0x00,0x98,0x71,0xc1,0x11,0x31,0x11,0x35,0x53,0x11,0x13,0x11,0x11,0x11,0x11,0x11,0x11,0x11,0x11,0x11,
};
static const lv_image_dsc_t emoji_1f438 = {
    .header = {.magic = LV_IMAGE_HEADER_MAGIC, .cf = LV_COLOR_FORMAT_I4, .w = 16, .h = 16, .stride = 8},
    .data_size = sizeof(emoji_1f438_pixels), .data = emoji_1f438_pixels,
};
static const uint8_t emoji_1f439_pixels[] = {
    0x00,0x00,0x00,0x00,0x61,0xa6,0xf4,0xf9,0x56,0xa5,0xf5,0x18,0xb0,0xd1,0xfa,0xf6,0x56,0xa2,0xf3,0x9f,0x54,0x9e,0xf0,0x62,
    0x9d,0xab,0xf0,0xfd,0x7f,0x7f,0xff,0x02,0x00,0xff,0xff,0x01,0x00,0x00,0xff,0x01,0x8f,0xa0,0xb9,0xfd,0x5b,0x64,0x6e,0xfd,
    0x3f,0x7f,0xff,0x04,0x73,0x88,0xa1,0xfc,0x44,0x70,0xa3,0xfe,0xf0,0xfd,0xff,0xff,0x00,0x90,0x07,0x00,0x00,0x80,0x07,0x00,
    0x90,0x02,0x20,0xcc,0xc2,0x00,0x20,0x00,0x77,0x41,0x15,0x00,0x00,0x24,0x14,0x20,0x02,0x16,0x64,0x54,0x42,0x46,0x61,0x20,
    0x92,0x16,0x11,0x11,0x11,0x11,0x61,0x20,0x00,0x24,0x11,0x13,0x31,0x11,0x14,0x07,0x02,0x04,0x11,0x13,0x31,0x11,0x50,0x20,
    0x20,0x21,0x1e,0x13,0x31,0xe1,0x12,0x98,0x20,0x41,0x10,0x13,0x31,0x01,0x15,0x02,0x02,0x11,0x11,0x33,0x33,0x11,0x14,0x00,
    0x02,0x11,0x13,0x3b,0xb3,0x31,0x11,0x00,0x02,0x11,0xa6,0xdb,0xbd,0xa6,0x11,0x07,0x20,0x51,0xa3,0x3f,0xf3,0x3a,0x15,0x00,
    0x08,0x05,0x03,0x30,0x03,0x30,0x50,0x80,0x00,0x00,0x00,0x00,0x00,0x20,0x08,0x00,0x00,0x00,0x00,0x00,0x00,0x00,0x00,0x00,
};
static const lv_image_dsc_t emoji_1f439 = {
    .header = {.magic = LV_IMAGE_HEADER_MAGIC, .cf = LV_COLOR_FORMAT_I4, .w = 16, .h = 16, .stride = 8},
    .data_size = sizeof(emoji_1f439_pixels), .data = emoji_1f439_pixels,
};
static const uint8_t emoji_1f43a_pixels[] = {
    0xaf,0xaf,0xaf,0x57,0xdc,0xdc,0xdc,0xfe,0xad,0xad,0xad,0x2b,0xa7,0xa7,0xa7,0xdc,0xf3,0xf3,0xf3,0x03,0x7c,0x7c,0x7c,0x09,
    0x5f,0x5f,0x5f,0xfd,0xb2,0xb2,0xb2,0x96,0x31,0x31,0x31,0xfe,0xc2,0xc2,0xc2,0x70,0x00,0x00,0x00,0x00,0xb4,0xb4,0xb4,0xfc,
    0xac,0xac,0xac,0xfa,0xc6,0xc6,0xc6,0xfc,0xb7,0xb7,0xb7,0x0e,0xaa,0xaa,0xaa,0x0d,0xae,0x00,0x5a,0xaa,0xaa,0xaa,0x20,0xfa,
    0xa0,0xdb,0x30,0x20,0x02,0x03,0xbd,0x0a,0xa2,0xb1,0x1d,0xcb,0xbb,0xb1,0x1d,0x0a,0x4e,0xc1,0x1b,0xbb,0xbb,0xcd,0x1b,0xfa,
    0xea,0x0d,0xbc,0xcb,0xbc,0xcc,0xd7,0xaf,0xa5,0xac,0xbb,0xbb,0xbb,0xbb,0xc4,0x45,0xfa,0x2b,0xc6,0x6b,0xb3,0x6c,0xb0,0xae,
    0xae,0x3b,0xc6,0x6b,0xb3,0x8c,0xbb,0xea,0xe3,0xbc,0xcc,0xbc,0xcb,0xcc,0xcb,0x3f,0xe7,0xbb,0xdd,0xbb,0xbb,0xdd,0xbb,0x7e,
    0xa2,0x3b,0xd1,0x1c,0x31,0x1d,0xb7,0xfa,0xfa,0x00,0x5b,0x18,0x8d,0xd5,0x0f,0xa5,0xa4,0xaa,0xa7,0x16,0x6d,0x7a,0xaa,0x4a,
    0xaa,0xf2,0x52,0x3d,0xdb,0x25,0x44,0xaa,0xaa,0xaa,0x4a,0xe9,0x92,0xa4,0xaa,0xaa,0xaa,0xaa,0xaa,0xaa,0xaa,0xaa,0xaa,0xaa,
};
static const lv_image_dsc_t emoji_1f43a = {
    .header = {.magic = LV_IMAGE_HEADER_MAGIC, .cf = LV_COLOR_FORMAT_I4, .w = 16, .h = 16, .stride = 8},
    .data_size = sizeof(emoji_1f43a_pixels), .data = emoji_1f43a_pixels,
};
static const uint8_t emoji_1f43b_pixels[] = {
    0x54,0x60,0x8d,0xf8,0x00,0x00,0x00,0x00,0x54,0x61,0x8e,0x1b,0x53,0x90,0xd5,0xfe,0x4d,0x52,0x77,0xfb,0x51,0x5a,0x85,0xac,
    0x63,0x66,0x75,0x06,0x51,0x5a,0x83,0x60,0x23,0x25,0x28,0xff,0x4e,0x54,0x7e,0x79,0x77,0x93,0xb9,0xfe,0x35,0x3d,0x46,0xff,
    0x00,0x00,0xff,0x01,0x3f,0x46,0x63,0xff,0x55,0x2a,0x55,0x06,0x00,0xff,0xff,0x01,0x11,0x12,0xe1,0x11,0x11,0x11,0x21,0x11,
    0xc2,0x00,0x05,0x50,0x05,0x70,0x05,0x6f,0x17,0x0a,0x00,0x00,0x00,0x00,0xa0,0x91,0x19,0x00,0x00,0x00,0x00,0x00,0x00,0x01,
    0x12,0x00,0x00,0x00,0x00,0x00,0x00,0x21,0x17,0x00,0x00,0x00,0x00,0x00,0x00,0x71,0x15,0x00,0x48,0x40,0x04,0x84,0x00,0x51,
    0x20,0x00,0x48,0x03,0x30,0x8d,0x00,0x02,0x20,0x00,0x40,0x38,0x83,0x04,0x00,0x02,0x20,0x00,0x43,0x3b,0xb3,0x34,0x00,0x06,
    0x15,0x00,0x43,0x33,0x33,0x34,0x00,0x51,0x12,0x00,0x40,0x30,0x03,0x04,0x00,0x21,0x61,0x70,0x00,0x00,0x00,0x00,0x07,0x16,
    0x16,0x16,0x75,0x04,0x40,0x57,0x61,0x61,0x11,0x61,0x11,0x22,0x22,0x11,0x16,0x11,0x11,0x11,0x11,0x11,0x11,0x11,0x11,0x11,
};
static const lv_image_dsc_t emoji_1f43b = {
    .header = {.magic = LV_IMAGE_HEADER_MAGIC, .cf = LV_COLOR_FORMAT_I4, .w = 16, .h = 16, .stride = 8},
    .data_size = sizeof(emoji_1f43b_pixels), .data = emoji_1f43b_pixels,
};
static const uint8_t emoji_1f43c_pixels[] = {
    0xd7,0xd7,0xd8,0xfe,0x60,0x60,0x60,0xf7,0x94,0x94,0x94,0xed,0x28,0x29,0x29,0xff,0x5c,0x5c,0x5c,0xa3,0x0c,0x0c,0x0c,0x28,
    0x53,0x53,0x53,0x69,0x65,0x65,0x65,0x0e,0x34,0x34,0x34,0x4a,0xff,0xff,0xff,0x01,0x87,0x87,0x87,0xb8,0x3c,0x3d,0x51,0xff,
    0x00,0x00,0x00,0x01,0xfc,0xfc,0xfc,0xfd,0x48,0x48,0x49,0xfe,0xb6,0xb6,0xb7,0xf9,0xcc,0xc7,0x5c,0xcc,0xcc,0xc7,0x7c,0xcc,
    0xc7,0x41,0x18,0x86,0x68,0x51,0x14,0x7c,0xc6,0x1e,0xe2,0x0d,0xd0,0x2e,0xe1,0x4c,0xc4,0x1e,0xfd,0xdd,0xdd,0xd0,0x1e,0x4c,
    0xc6,0xef,0xdd,0xdd,0xdd,0xdd,0x01,0x6c,0xcc,0x2d,0x02,0x20,0xd2,0x10,0xdf,0x5c,0xc6,0xdd,0x1e,0x30,0x03,0xee,0x0d,0x4c,
    0xc2,0xd1,0xee,0x3d,0x01,0xe3,0x1d,0x2c,0xcf,0xde,0xe3,0xfd,0xd0,0x33,0xe0,0x05,0xc2,0xd1,0x32,0x03,0x3f,0x23,0x1d,0xf5,
    0xc2,0xdd,0x00,0xf3,0x3f,0x00,0xdd,0x2c,0xc6,0x0d,0xd0,0x1e,0xb1,0x0d,0xdd,0x4c,0x7c,0x40,0xdd,0xd0,0x0d,0xdd,0x04,0xc7,
    0xc9,0xc8,0x42,0xf0,0x0f,0x2a,0x6c,0xcc,0xcc,0x9c,0xcc,0x55,0x55,0xcc,0xcc,0xcc,0xcc,0xcc,0xcc,0xcc,0xcc,0xcc,0xcc,0xcc,
};
static const lv_image_dsc_t emoji_1f43c = {
    .header = {.magic = LV_IMAGE_HEADER_MAGIC, .cf = LV_COLOR_FORMAT_I4, .w = 16, .h = 16, .stride = 8},
    .data_size = sizeof(emoji_1f43c_pixels), .data = emoji_1f43c_pixels,
};
static const uint8_t emoji_1f43d_pixels[] = {
    0xac,0x92,0xf9,0xa6,0xac,0xaa,0xff,0x09,0x93,0x5f,0xed,0xff,0xa3,0x99,0xfa,0xe4,0xff,0xff,0xff,0x01,0xa8,0xa1,0xfc,0x62,
    0x7f,0x7f,0xff,0x02,0x00,0x00,0xff,0x01,0xaf,0x76,0xee,0x4c,0xb1,0x74,0xed,0x3b,0xaa,0x00,0xaa,0x03,0x00,0x00,0x00,0x00,
    0xa9,0xa9,0xfe,0xfc,0xb2,0xb3,0xff,0xfe,0xa8,0x98,0xfb,0xfe,0x8b,0x45,0xe8,0xff,0xbb,0xbb,0xbb,0x1b,0xb1,0x7b,0xbb,0xbb,
    0xbb,0xbb,0x1b,0xb1,0x1b,0xb1,0xbb,0xbb,0xbb,0x46,0xbb,0x5c,0xc5,0x7b,0x67,0xbb,0xb4,0xbb,0x53,0xdc,0xcd,0x35,0xbb,0x4b,
    0x4b,0x10,0xdc,0xcc,0xcc,0xcd,0x01,0x64,0x61,0x0d,0xcc,0xcc,0xcc,0xcc,0xd0,0xb4,0xb5,0xdc,0x22,0x3c,0xc3,0x22,0xcd,0x5b,
    0x43,0xd3,0xff,0x2c,0xc2,0xff,0xed,0x0b,0x1c,0xd3,0xff,0x2c,0xc2,0xff,0x3d,0x31,0x13,0xde,0x2f,0x2c,0xc2,0xf2,0xec,0xc1,
    0xb0,0xdc,0xee,0xcc,0xcc,0xee,0xcd,0x3b,0xb5,0xdc,0xcc,0xcc,0xcc,0xcc,0xcd,0x5b,0x6a,0x0e,0xcc,0xce,0xec,0xcc,0xc0,0xb6,
    0x7b,0xb8,0x00,0x08,0x90,0x00,0x8b,0x4b,0xbb,0x4b,0xbb,0xbb,0xbb,0xbb,0xb4,0xbb,0xbb,0xbb,0xbb,0xbb,0xbb,0xbb,0xbb,0xbb,
};
static const lv_image_dsc_t emoji_1f43d = {
    .header = {.magic = LV_IMAGE_HEADER_MAGIC, .cf = LV_COLOR_FORMAT_I4, .w = 16, .h = 16, .stride = 8},
    .data_size = sizeof(emoji_1f43d_pixels), .data = emoji_1f43d_pixels,
};
static const uint8_t emoji_1f43e_pixels[] = {
    0xe0,0x70,0x0c,0x0b,0xb0,0x64,0x05,0x07,0xd7,0x74,0x18,0xfb,0xc5,0x6a,0x16,0x8f,0x7f,0x7f,0x00,0x02,0xd2,0x71,0x17,0x54,
    0xf2,0x83,0x1c,0xff,0xbf,0x3f,0x00,0x04,0x00,0x00,0x00,0x00,0xc4,0x6a,0x15,0x31,0xca,0x6d,0x17,0xf8,0xc5,0x6a,0x16,0xaf,
    0xc7,0x6b,0x16,0xd4,0xc5,0x6a,0x16,0x51,0xff,0x00,0x00,0x01,0xc6,0x6b,0x16,0x67,0x88,0xe8,0x48,0x87,0x18,0x88,0x88,0x88,
    0x81,0x81,0x89,0x08,0x88,0x88,0x88,0x88,0x08,0x92,0xfa,0xbd,0xd8,0x48,0x88,0x88,0x09,0xd2,0xbb,0xba,0xc8,0x08,0x88,0x88,
    0x1a,0xcd,0xd5,0x93,0xf8,0x08,0x88,0x88,0x43,0xb9,0xa2,0xaf,0x80,0x81,0x48,0x88,0x88,0x8c,0x2a,0x2c,0x11,0x48,0x8e,0x88,
    0xe0,0x0b,0xcf,0x50,0x88,0x8d,0x98,0x88,0x8e,0x81,0x88,0x88,0x0f,0x92,0xb3,0xb8,0x88,0x88,0x80,0x18,0x96,0xcb,0x3c,0xa8,
    0x88,0x8e,0x81,0x8f,0x3b,0xf9,0x59,0x0e,0x88,0x88,0x81,0x83,0x69,0xf2,0xac,0x9e,0x88,0x88,0x8e,0x81,0x5d,0xa2,0xa2,0x38,
    0x88,0x88,0x88,0x88,0x80,0xac,0xdd,0x08,0x88,0x88,0x88,0x8e,0x08,0x10,0x88,0x88,0x88,0x88,0x88,0x88,0x88,0x88,0x88,0x88,
};
static const lv_image_dsc_t emoji_1f43e = {
    .header = {.magic = LV_IMAGE_HEADER_MAGIC, .cf = LV_COLOR_FORMAT_I4, .w = 16, .h = 16, .stride = 8},
    .data_size = sizeof(emoji_1f43e_pixels), .data = emoji_1f43e_pixels,
};
static const uint8_t emoji_1f43f_pixels[] = {
    0x00,0x00,0x00,0x00,0x59,0x68,0x97,0xf2,0x69,0x94,0xc8,0xf9,0x90,0xb3,0xde,0xfc,0x59,0x65,0x9d,0x17,0x65,0x88,0xb9,0xfa,
    0x53,0x62,0x90,0x98,0x67,0x6a,0x79,0x07,0x53,0x60,0x8e,0x5b,0x9e,0xc9,0xfc,0xf9,0x6a,0x96,0xc9,0x9a,0x00,0x00,0xff,0x01,
    0x50,0x57,0x76,0x56,0x6b,0x7b,0xfb,0x0a,0x72,0xa1,0xb6,0x19,0x60,0x8e,0xc2,0x5e,0x00,0x07,0x00,0xd0,0x00,0x00,0x00,0x00,
    0x00,0x70,0x00,0x00,0x00,0x00,0x00,0x00,0x07,0x06,0x7f,0xf0,0xd0,0x00,0x47,0x70,0x70,0x41,0x13,0xa0,0xe0,0x00,0x00,0x00,
    0xb4,0x11,0x19,0x00,0x04,0xb0,0x86,0x67,0x06,0x53,0x32,0x10,0x00,0x08,0x11,0x14,0xb6,0x30,0x32,0x11,0x08,0x06,0x11,0x70,
    0x41,0x99,0x93,0x22,0x33,0x8c,0x11,0x70,0x0c,0x00,0x92,0x52,0x55,0x30,0x11,0x80,0x0d,0x06,0x22,0x52,0x25,0x30,0xc1,0x60,
    0x08,0x01,0x55,0x32,0x22,0x5e,0x81,0x60,0x00,0x00,0x43,0x92,0x52,0x10,0x11,0x80,0x00,0x00,0xa2,0x33,0x22,0x11,0x16,0x40,
    0x00,0x06,0xa5,0x22,0x2a,0x44,0x40,0x00,0x00,0x00,0x04,0x04,0xe0,0x00,0x04,0x00,0x00,0x00,0x00,0x00,0x00,0x00,0x00,0x00,
};
static const lv_image_dsc_t emoji_1f43f = {
    .header = {.magic = LV_IMAGE_HEADER_MAGIC, .cf = LV_COLOR_FORMAT_I4, .w = 16, .h = 16, .stride = 8},
    .data_size = sizeof(emoji_1f43f_pixels), .data = emoji_1f43f_pixels,
};
static const uint8_t emoji_1f44a_pixels[] = {
    0x00,0x00,0x00,0x00,0x27,0xce,0xfe,0xfe,0x1a,0xa2,0xe8,0xf7,0x00,0xa8,0xfa,0x10,0x07,0xad,0xfa,0xa0,0x00,0xff,0xff,0x01,
    0x06,0xab,0xf8,0x60,0x0e,0x2e,0x9c,0x17,0x01,0x7e,0xf7,0x0b,0x00,0x00,0xf4,0x01,0x15,0x75,0xc9,0xf6,0x03,0x6a,0xb8,0x12,
    0x0e,0x72,0xcf,0x57,0x07,0x00,0x5f,0x0a,0x17,0x58,0xb1,0x4f,0x1b,0x73,0xc4,0xa5,0x00,0x00,0x33,0x30,0x00,0x00,0x00,0x00,
    0x00,0x35,0x00,0x03,0x63,0x93,0x00,0x90,0x05,0x00,0x64,0x42,0x12,0x21,0x4d,0x80,0x50,0x64,0x11,0x11,0x11,0x11,0x2e,0x07,
    0x06,0x11,0x11,0x11,0x11,0x11,0x1f,0x0b,0x04,0x11,0x11,0x22,0x11,0x21,0x12,0x00,0x06,0x12,0x21,0x22,0x11,0x21,0x12,0xd0,
    0x06,0x12,0x21,0x22,0x11,0x21,0x12,0x70,0x03,0x11,0x21,0x22,0x11,0x21,0x12,0x70,0x08,0x21,0x21,0x12,0x11,0x22,0x1a,0x70,
    0x30,0x62,0x22,0x2a,0x22,0x0a,0xaa,0xe0,0x00,0x0b,0x78,0xc7,0x02,0x22,0x22,0xc0,0x00,0x50,0x00,0x00,0x42,0x24,0x44,0x39,
    0x00,0x08,0x58,0xb9,0x53,0x00,0x00,0x00,0x00,0x00,0x00,0x00,0x00,0x53,0x53,0x90,0x00,0x00,0x00,0x00,0x00,0x00,0x00,0x00,
};
static const lv_image_dsc_t emoji_1f44a = {
    .header = {.magic = LV_IMAGE_HEADER_MAGIC, .cf = LV_COLOR_FORMAT_I4, .w = 16, .h = 16, .stride = 8},
    .data_size = sizeof(emoji_1f44a_pixels), .data = emoji_1f44a_pixels,
};
static const uint8_t emoji_1f44b_pixels[] = {
    0x00,0x00,0x00,0x00,0x24,0xcc,0xfe,0xf6,0x21,0xb1,0xef,0xee,0x08,0x76,0xef,0x0f,0x0c,0xa8,0xf8,0x10,0x14,0x98,0xe4,0x91,
    0x1b,0x77,0xc7,0x68,0x00,0xff,0xff,0x01,0x08,0xa8,0xf8,0x5e,0x12,0x61,0xb1,0x19,0xff,0xff,0xff,0x01,0xd6,0xbd,0xae,0x19,
    0xc8,0xbd,0xad,0x6d,0xd5,0xc4,0xac,0x4d,0x13,0xc8,0xff,0x99,0x00,0x00,0xff,0x01,0x00,0x00,0x00,0x00,0x00,0xbb,0x0a,0x00,
    0x00,0xf3,0x43,0x05,0x80,0x0c,0x00,0x00,0x00,0x40,0x81,0x9e,0x20,0xd0,0xc3,0x00,0x00,0x43,0x31,0x23,0x15,0x00,0xb0,0xa0,
    0x30,0x42,0x68,0x10,0x12,0x00,0x85,0x07,0x04,0x0e,0x10,0x12,0x51,0x64,0x12,0x07,0xf7,0x40,0xe2,0x61,0x21,0x25,0x15,0x04,
    0x00,0x52,0x91,0x21,0x11,0x22,0x16,0x09,0x77,0x01,0x25,0x11,0x11,0x21,0x16,0x09,0x00,0xc3,0x11,0x11,0x12,0x11,0x16,0x03,
    0x0d,0x0d,0x41,0x11,0x11,0x11,0x16,0x09,0x00,0xc0,0x08,0x11,0x11,0x21,0x29,0x03,0x00,0xab,0xf0,0x81,0x11,0x11,0x00,0x70,
    0x00,0x00,0xa4,0x08,0x11,0x26,0x03,0x00,0x00,0x0a,0x00,0x70,0x03,0x00,0x70,0x00,0x00,0x00,0x00,0x00,0x00,0x00,0x00,0x00,
};
static const lv_image_dsc_t emoji_1f44b = {
    .header = {.magic = LV_IMAGE_HEADER_MAGIC, .cf = LV_COLOR_FORMAT_I4, .w = 16, .h = 16, .stride = 8},
    .data_size = sizeof(emoji_1f44b_pixels), .data = emoji_1f44b_pixels,
};
static const uint8_t emoji_1f44c_pixels[] = {
    0x00,0x00,0x01,0x00,0x1c,0xa3,0xe8,0xe6,0x28,0xd2,0xfe,0xfb,0x06,0xf9,0xff,0x04,0x01,0xa2,0xfa,0x12,0x01,0x78,0xf1,0x0c,
    0x1c,0x98,0xdf,0xa5,0x00,0x00,0xff,0x01,0x12,0x2c,0x8f,0x1f,0x0e,0x09,0x73,0x13,0x1a,0x75,0xc5,0x60,0x1e,0x94,0xde,0x6e,
    0x1a,0x65,0xbc,0x58,0x00,0x7f,0xbf,0x04,0x27,0xcd,0xff,0x95,0x1c,0x7b,0xcb,0x90,0x00,0x00,0x03,0x04,0x50,0x30,0x00,0x00,
    0x00,0x00,0x30,0x41,0x14,0x33,0x00,0x00,0x00,0x00,0x50,0x41,0x26,0x04,0x00,0x00,0x00,0x00,0x50,0x41,0x12,0xa0,0x40,0x00,
    0x00,0x00,0x34,0x31,0x12,0x19,0x37,0x00,0x00,0x00,0x30,0x86,0x11,0x2a,0x0d,0x00,0x00,0x73,0x0b,0x12,0x21,0x26,0x03,0x00,
    0x00,0x35,0x62,0x16,0x12,0x21,0x00,0x00,0x03,0x04,0x16,0x00,0x81,0x21,0x00,0x70,0x05,0x04,0x15,0x03,0x01,0x21,0x00,0x00,
    0x03,0x08,0x12,0x50,0xc1,0x21,0x00,0x00,0x00,0x40,0x62,0x21,0x12,0x21,0x03,0x00,0x00,0x75,0x81,0x22,0x22,0x26,0x03,0x00,
    0x00,0x07,0x09,0xf1,0x22,0xe3,0x33,0x00,0x00,0x00,0x70,0x09,0xb3,0x00,0x00,0x00,0x00,0x00,0x00,0x00,0x00,0x00,0x00,0x00,
};
static const lv_image_dsc_t emoji_1f44c = {
    .header = {.magic = LV_IMAGE_HEADER_MAGIC, .cf = LV_COLOR_FORMAT_I4, .w = 16, .h = 16, .stride = 8},
    .data_size = sizeof(emoji_1f44c_pixels), .data = emoji_1f44c_pixels,
};
static const uint8_t emoji_1f44d_pixels[] = {
    0x00,0x00,0x00,0x00,0x27,0xcc,0xfe,0xfb,0x17,0xa1,0xe9,0xf1,0x06,0xa2,0xf5,0x17,0x00,0xfb,0xfb,0x01,0x09,0x9d,0xed,0x5a,
    0x12,0x5a,0xaf,0x23,0x00,0x00,0xff,0x01,0x15,0xa3,0xeb,0xad,0x00,0x78,0xf2,0x02,0x0e,0x7b,0xd1,0xff,0x25,0xc7,0xff,0xac,
    0x19,0x6f,0xc0,0x61,0x09,0x09,0x6a,0x0e,0x18,0x61,0xb9,0x49,0x7f,0xff,0xff,0x02,0x00,0x00,0x00,0x00,0x30,0x00,0x00,0x00,
    0x00,0x00,0x09,0x03,0x18,0x09,0x00,0x00,0x00,0x00,0x04,0x73,0x11,0x60,0x90,0x00,0x00,0x00,0x09,0x0c,0x11,0xe6,0x30,0x00,
    0x00,0x00,0x70,0x02,0x12,0x00,0x00,0x00,0x00,0x04,0x3d,0x21,0x12,0x55,0x30,0x00,0x00,0x44,0x00,0x11,0x12,0x22,0x18,0x4f,
    0x00,0x00,0x62,0x11,0x12,0x21,0x12,0x00,0x30,0x58,0x21,0x11,0x1a,0x22,0x22,0x34,0x40,0x11,0x11,0x11,0x2a,0x21,0x11,0x30,
    0x40,0x11,0x11,0x11,0x22,0x22,0x22,0x00,0x30,0xb1,0x11,0x11,0x12,0x21,0x12,0x70,0x30,0xb1,0x11,0x11,0x12,0x22,0x25,0x04,
    0x40,0x35,0x5c,0x82,0x22,0x21,0x27,0x74,0x00,0x00,0x00,0x0d,0x06,0x65,0x34,0x40,0x00,0x00,0x00,0x00,0x00,0x00,0x00,0x00,
};
static const lv_image_dsc_t emoji_1f44d = {
    .header = {.magic = LV_IMAGE_HEADER_MAGIC, .cf = LV_COLOR_FORMAT_I4, .w = 16, .h = 16, .stride = 8},
    .data_size = sizeof(emoji_1f44d_pixels), .data = emoji_1f44d_pixels,
};
static const uint8_t emoji_1f44e_pixels[] = {
    0x00,0x00,0x01,0x00,0x27,0xcc,0xfe,0xfb,0x17,0xa3,0xeb,0xf0,0x05,0xa0,0xf3,0x1b,0x00,0xff,0xff,0x01,0x00,0x7c,0xf3,0x03,
    0x14,0xa2,0xeb,0xa3,0x00,0x0f,0xff,0x02,0x15,0x62,0xb9,0x50,0xff,0xff,0xff,0x01,0x0c,0x35,0x9d,0x16,0x24,0xc7,0xff,0xa5,
    0x0c,0x5d,0xb2,0x1b,0x06,0x92,0xe9,0x66,0x15,0x00,0x5f,0x07,0x7f,0x7f,0xff,0x02,0x00,0x00,0x00,0x00,0x00,0xe3,0x50,0x70,
    0x40,0x33,0x08,0x02,0x22,0x21,0x27,0x40,0x30,0xb1,0x12,0x11,0x12,0x22,0x23,0x04,0x30,0xb1,0x11,0x11,0x12,0x21,0x12,0x59,
    0x40,0x11,0x11,0x11,0x22,0x22,0x22,0x09,0x50,0x11,0x11,0x11,0x22,0x21,0x11,0x30,0x30,0x62,0x21,0x11,0x10,0x22,0x22,0x30,
    0x00,0x07,0x82,0x11,0x12,0x21,0x12,0x09,0x00,0x49,0x06,0x11,0x12,0x22,0x16,0x7f,0x00,0x05,0x3a,0x21,0x12,0x6d,0xd3,0x04,
    0x00,0x00,0x00,0xa2,0x12,0x00,0x00,0x00,0x00,0x00,0x03,0x08,0x12,0x85,0x54,0x00,0x00,0x00,0x00,0x43,0x11,0xc0,0xc0,0x00,
    0x00,0x00,0x04,0x03,0x16,0xe4,0x00,0x00,0x00,0x00,0x00,0x05,0x3a,0x04,0x00,0x00,0x00,0x00,0x00,0x00,0x00,0x00,0x00,0x00,
};
static const lv_image_dsc_t emoji_1f44e = {
    .header = {.magic = LV_IMAGE_HEADER_MAGIC, .cf = LV_COLOR_FORMAT_I4, .w = 16, .h = 16, .stride = 8},
    .data_size = sizeof(emoji_1f44e_pixels), .data = emoji_1f44e_pixels,
};
static const uint8_t emoji_1f44f_pixels[] = {
    0x00,0x00,0x00,0x00,0x27,0xcb,0xfe,0xfc,0x18,0xac,0xf2,0xfa,0x02,0xae,0xfe,0x0f,0x09,0xa5,0xf4,0x9d,0xdb,0xcd,0xba,0x60,
    0xde,0xcd,0xb4,0x22,0x0b,0xa2,0xf2,0x5d,0x01,0xf3,0xff,0x06,0x00,0x78,0xf3,0x08,0xf2,0xf4,0xf2,0x06,0xcf,0xcb,0xbd,0x86,
    0x8d,0xb6,0xcc,0x1d,0x7f,0xff,0xff,0x02,0x6f,0xb2,0xdc,0x49,0xff,0xbf,0xbf,0x04,0x00,0x00,0x83,0x33,0x3a,0x0f,0x50,0x00,
    0x00,0x03,0x00,0x00,0x06,0x56,0x50,0x60,0x00,0x80,0x83,0x74,0x70,0x55,0x5b,0x6a,0x08,0x87,0x41,0x22,0x23,0x37,0x66,0x0a,
    0x0d,0x02,0x12,0x12,0x24,0x42,0x77,0x89,0x80,0x82,0x12,0x21,0x22,0x22,0x24,0x03,0x90,0x32,0x21,0x22,0x12,0x21,0x24,0x03,
    0x3a,0x72,0x22,0x12,0x11,0x11,0x24,0x03,0x30,0x32,0x22,0x21,0x11,0x11,0x24,0x03,0x0a,0x64,0x22,0x11,0x11,0x11,0x24,0x03,
    0x05,0x5c,0x21,0x11,0x11,0x11,0x24,0x03,0x06,0xb5,0xe1,0x11,0x11,0x11,0x23,0x08,0x05,0x60,0x53,0x11,0x11,0x12,0x70,0x90,
    0x00,0x06,0xc0,0x97,0x44,0x79,0x00,0x00,0x00,0x00,0x09,0x00,0x00,0x00,0x00,0x00,0x00,0x00,0x00,0x00,0x00,0x00,0x00,0x00,
};
static const lv_image_dsc_t emoji_1f44f = {
    .header = {.magic = LV_IMAGE_HEADER_MAGIC, .cf = LV_COLOR_FORMAT_I4, .w = 16, .h = 16, .stride = 8},
    .data_size = sizeof(emoji_1f44f_pixels), .data = emoji_1f44f_pixels,
};
static const uint8_t emoji_1f450_pixels[] = {
    0x00,0x00,0x00,0x00,0x1c,0xac,0xee,0xda,0x25,0xcd,0xfe,0xfb,0x1a,0xa4,0xe9,0xa0,0x01,0xf6,0xff,0x03,0x0a,0xa7,0xf9,0x1b,
    0x06,0x7c,0xf1,0x0b,0x17,0xa1,0xe8,0x6a,0x17,0x60,0xae,0x13,0x0d,0x2d,0x9a,0x1a,0x00,0x7f,0x7f,0x02,0x20,0x7e,0xc9,0x5f,
    0xff,0x00,0x00,0x01,0x00,0xaa,0xaa,0x03,0x00,0x00,0xff,0x01,0x17,0x00,0x73,0x0b,0x00,0x00,0x00,0x00,0x00,0x00,0x00,0x00,
    0x00,0x06,0x60,0x00,0x00,0x04,0x60,0x00,0x00,0x00,0x00,0x04,0x40,0x40,0x00,0x00,0x05,0x05,0x60,0xa0,0x0d,0x05,0x50,0x50,
    0x04,0x33,0x1c,0x45,0x50,0x41,0x73,0x00,0x47,0x31,0x1b,0x73,0x37,0x71,0x13,0x78,0x53,0x11,0x11,0x13,0x31,0x21,0x11,0x76,
    0x53,0x11,0x22,0x23,0x32,0x22,0x11,0x36,0x47,0x12,0x21,0x23,0x12,0x22,0x21,0x70,0x60,0x52,0x22,0x23,0x32,0x22,0x18,0x06,
    0x05,0x06,0x31,0x3f,0x51,0x23,0x90,0x80,0x00,0x40,0x09,0x00,0x00,0x80,0x06,0x00,0x00,0x06,0x40,0x4e,0x40,0x04,0xa0,0x00,
    0x00,0x00,0x04,0x00,0x00,0x40,0x00,0x00,0x00,0x00,0x00,0x00,0x00,0x00,0x00,0x00,0x00,0x00,0x00,0x00,0x00,0x00,0x00,0x00,
};
static const lv_image_dsc_t emoji_1f450 = {
    .header = {.magic = LV_IMAGE_HEADER_MAGIC, .cf = LV_COLOR_FORMAT_I4, .w = 16, .h = 16, .stride = 8},
    .data_size = sizeof(emoji_1f450_pixels), .data = emoji_1f450_pixels,
};
static const uint8_t emoji_1f493_pixels[] = {
    0x95,0x58,0xf2,0xfd,0x00,0x00,0x00,0x00,0x71,0x29,0xd8,0x5e,0x73,0x28,0xe3,0x1d,0xb0,0x8e,0xf4,0x63,0xb4,0x95,0xf6,0x24,
    0x93,0x57,0xef,0x61,0xf3,0xf3,0xff,0x05,0x98,0x55,0xf0,0x23,0x8d,0x4b,0xee,0xaf,0x71,0x27,0xd8,0x95,0x64,0x1b,0xb5,0x07,
    0x7a,0x34,0xdf,0xef,0x82,0x3b,0xe9,0xfe,0x7f,0x6a,0xe9,0x04,0xaa,0x55,0xaa,0x03,0x11,0x55,0x71,0x11,0x11,0x17,0x55,0x11,
    0xf4,0x04,0x83,0x31,0x13,0x38,0x60,0x4f,0x54,0x22,0x2b,0x10,0x01,0xb2,0x22,0x45,0x72,0x26,0x99,0x21,0x16,0x99,0x22,0x27,
    0x32,0x90,0x00,0x02,0x60,0x00,0x0a,0x23,0xb8,0x00,0x00,0x0c,0x00,0x00,0x0c,0x3e,0x16,0x00,0x00,0x00,0x00,0x00,0x0d,0x21,
    0x18,0x00,0x00,0x00,0x00,0x00,0x0c,0x31,0xe1,0x00,0x00,0x00,0x00,0x00,0x0c,0x13,0x03,0x80,0x00,0x00,0x00,0x00,0xd3,0x30,
    0x72,0x26,0x00,0x00,0x00,0x00,0x22,0x27,0x54,0xa3,0x60,0x00,0x00,0x02,0x3a,0x45,0x14,0x4a,0x39,0x00,0x00,0xa3,0xa4,0x41,
    0x7b,0x45,0x20,0x60,0x02,0xb2,0x54,0xb7,0x11,0x15,0x18,0x16,0x01,0x81,0x51,0x11,0x11,0x11,0x11,0x11,0x11,0x11,0x11,0x11,
};
static const lv_image_dsc_t emoji_1f493 = {
    .header = {.magic = LV_IMAGE_HEADER_MAGIC, .cf = LV_COLOR_FORMAT_I4, .w = 16, .h = 16, .stride = 8},
    .data_size = sizeof(emoji_1f493_pixels), .data = emoji_1f493_pixels,
};
static const uint8_t emoji_1f494_pixels[] = {
    0x00,0x00,0x00,0x00,0x37,0x43,0xf7,0xf8,0x1d,0x22,0xee,0x11,0x33,0x38,0xdd,0xde,0x32,0x35,0xd3,0x65,0x4f,0x5b,0xfb,0xfd,
    0x33,0x27,0xb3,0x14,0x32,0x38,0xe0,0xad,0x34,0x42,0xf0,0x50,0x79,0x84,0xfe,0xfd,0x28,0x52,0xf4,0x17,0x55,0x55,0xaa,0x03,
    0x5f,0x5f,0xff,0x02,0x00,0x00,0x7f,0x02,0x35,0x42,0xf3,0xac,0x88,0x92,0xff,0xfb,0x02,0x00,0x60,0x00,0x20,0x06,0x00,0x00,
    0x20,0x43,0x33,0x40,0x02,0x73,0x34,0x0d,0x04,0x59,0x51,0x14,0x25,0x95,0x11,0x40,0x21,0x9f,0x53,0x14,0x75,0x95,0x11,0x32,
    0x21,0x95,0x31,0x18,0x11,0x11,0x11,0x32,0x21,0x51,0x11,0x4e,0x11,0x11,0x11,0x32,0x01,0x11,0x11,0x78,0x11,0x11,0x11,0x30,
    0x08,0x11,0x11,0x14,0x81,0x11,0x13,0x40,0xc0,0xe1,0x11,0x13,0x21,0x11,0x17,0x0b,0x22,0xa1,0x11,0x14,0xe1,0x11,0x32,0xdd,
    0x0a,0x0a,0x11,0x78,0x11,0x13,0x60,0x20,0x00,0xc0,0xa1,0x34,0x11,0x36,0x0b,0x00,0x00,0x0c,0x02,0x14,0x13,0x60,0xb0,0x00,
    0x00,0x00,0xc0,0x22,0x46,0x0b,0x00,0x00,0x00,0x00,0x02,0x00,0x00,0x20,0x00,0x00,0x00,0x00,0x00,0x00,0x00,0x00,0x00,0x00,
};
static const lv_image_dsc_t emoji_1f494 = {
    .header = {.magic = LV_IMAGE_HEADER_MAGIC, .cf = LV_COLOR_FORMAT_I4, .w = 16, .h = 16, .stride = 8},
    .data_size = sizeof(emoji_1f494_pixels), .data = emoji_1f494_pixels,
};
static const uint8_t emoji_1f495_pixels[] = {
    0x95,0x58,0xf3,0xfa,0x00,0x00,0x00,0x00,0x70,0x1e,0xdb,0x1e,0x8c,0x4c,0xed,0x5e,0x95,0x52,0xf1,0x17,0x92,0x54,0xf1,0xa0,
    0xff,0x00,0xff,0x01,0x7b,0x36,0xde,0xde,0x78,0x30,0xde,0xa2,0x65,0x1b,0xbc,0x0a,0x71,0x71,0xff,0x03,0x00,0x00,0xff,0x01,
    0x75,0x2d,0xda,0x59,0x81,0x3d,0xe4,0xe1,0x7f,0x00,0x7f,0x02,0xb1,0x85,0xf8,0xfb,0x11,0x11,0x11,0x11,0x11,0x11,0x35,0x21,
    0x11,0x64,0x96,0xe1,0x25,0x83,0x00,0x79,0x16,0x11,0x11,0xa1,0x5f,0x00,0x00,0xd2,0x61,0x23,0x09,0x11,0x00,0x00,0x00,0x72,
    0x64,0x00,0x00,0x26,0x30,0x00,0x00,0xc1,0x15,0x0f,0x00,0x71,0x13,0x00,0x0d,0x2e,0x40,0x00,0x00,0x72,0x33,0x25,0x0c,0x1a,
    0x40,0x00,0x00,0x00,0x00,0x02,0x21,0xb1,0x40,0x00,0x00,0x00,0x00,0x07,0x10,0x11,0x40,0x00,0x00,0x00,0x00,0x07,0x91,0xb1,
    0x15,0x00,0x00,0x00,0x00,0x08,0x10,0x11,0x13,0x00,0x00,0x00,0x00,0x72,0xb2,0x11,0x14,0x00,0x00,0x00,0x08,0x21,0xe1,0x11,
    0x01,0x50,0x00,0xd8,0x21,0x12,0x11,0x11,0xa1,0x43,0xc2,0x11,0x16,0x21,0x11,0x11,0x11,0x11,0x11,0x11,0x11,0x11,0x11,0x11,
};
static const lv_image_dsc_t emoji_1f495 = {
    .header = {.magic = LV_IMAGE_HEADER_MAGIC, .cf = LV_COLOR_FORMAT_I4, .w = 16, .h = 16, .stride = 8},
    .data_size = sizeof(emoji_1f495_pixels), .data = emoji_1f495_pixels,
};
static const uint8_t emoji_1f496_pixels[] = {
    0x00,0x00,0x00,0x00,0x93,0x56,0xf2,0xf9,0x61,0x99,0xf7,0xf8,0x73,0x19,0xe1,0x10,0x75,0x75,0xff,0x02,0x9d,0x8f,0xf6,0xfe,
    0x76,0x2e,0xdc,0xe0,0x75,0x76,0xf2,0xf5,0x32,0xd3,0xfc,0xfd,0x8e,0x52,0xee,0x58,0x87,0x3c,0xea,0xd3,0x96,0x4f,0xed,0x19,
    0x6f,0x28,0xd7,0x5f,0x8d,0x4f,0xed,0xa1,0x55,0xd6,0xfd,0xff,0xec,0x00,0xf4,0x0b,0x0f,0x00,0x30,0x0f,0x40,0x00,0x00,0x40,
    0x40,0x91,0x1a,0xc0,0x09,0xa7,0x20,0x03,0x09,0x15,0x11,0x1c,0x91,0x12,0xe1,0xc0,0x01,0x55,0x11,0x16,0x11,0x28,0x82,0x63,
    0xb1,0x51,0x11,0x11,0x15,0x12,0x21,0x63,0xb1,0x11,0x17,0x11,0x15,0x11,0x71,0x63,0x01,0x11,0x12,0x11,0x11,0x11,0x11,0x60,
    0x09,0x11,0x1e,0x51,0x11,0x11,0x1a,0xc0,0x00,0xd2,0x88,0xe2,0x11,0x50,0x10,0x00,0x44,0xb7,0x28,0x07,0x11,0x11,0x63,0x30,
    0x04,0x0f,0x18,0x71,0x72,0x16,0x30,0x30,0x00,0x40,0xb2,0x11,0x11,0xa3,0x00,0x00,0x00,0x00,0x00,0x11,0x1a,0x30,0x40,0x00,
    0x00,0x00,0x40,0x0d,0xd0,0x00,0x00,0x00,0x00,0x00,0x00,0x00,0x00,0x00,0x00,0x00,0x00,0x00,0x00,0x00,0x00,0x00,0x00,0x00,
};
static const lv_image_dsc_t emoji_1f496 = {
    .header = {.magic = LV_IMAGE_HEADER_MAGIC, .cf = LV_COLOR_FORMAT_I4, .w = 16, .h = 16, .stride = 8},
    .data_size = sizeof(emoji_1f496_pixels), .data = emoji_1f496_pixels,
};
static const uint8_t emoji_1f497_pixels[] = {
    0x62,0x1d,0xd8,0xa3,0x64,0x16,0xdf,0x16,0x5f,0x1a,0xd7,0x64,0x71,0x2c,0xdf,0xdc,0x83,0x3d,0xf1,0xfe,0x88,0x4c,0xec,0xfd,
    0x00,0x00,0xff,0x01,0x7f,0x00,0x7f,0x02,0x3f,0x00,0xbf,0x06,0x7f,0x7f,0xff,0x02,0x55,0x55,0xaa,0x03,0x55,0x00,0xaa,0x03,
    0xff,0x00,0xff,0x01,0x00,0x00,0x55,0x03,0x00,0x00,0x00,0x00,0x7c,0x3a,0xe5,0xfa,0xe6,0xee,0x1e,0xe6,0x6e,0xe1,0xee,0xee,
    0x6e,0x12,0x22,0x1e,0xe1,0x22,0x21,0xe6,0xe1,0x02,0x22,0x21,0x12,0x22,0x20,0x2e,0x12,0x20,0x00,0x02,0x20,0x00,0x02,0x21,
    0x12,0x00,0x00,0x00,0x00,0x00,0x00,0x21,0x12,0x00,0xff,0x30,0x0f,0xf3,0x00,0x21,0xe2,0x0f,0x55,0x43,0xf5,0x54,0x30,0x2e,
    0xe1,0x05,0x5f,0xff,0xff,0xff,0x30,0x1e,0x1e,0x2f,0x4f,0xff,0xff,0xff,0x32,0xe7,0x69,0x80,0x4f,0xff,0xff,0xff,0x08,0x76,
    0xe7,0xe1,0x34,0xff,0xff,0x43,0x1e,0xce,0xee,0x1e,0x13,0x4f,0xf4,0x31,0xe1,0xee,0xee,0xeb,0xe1,0x35,0x40,0x1e,0x1e,0xee,
    0xee,0xee,0xae,0x10,0x0d,0xe1,0xee,0xee,0xee,0xee,0xe1,0xee,0xee,0x7e,0xee,0xee,0xee,0xee,0xee,0xee,0xee,0xee,0xee,0xee,
};
static const lv_image_dsc_t emoji_1f497 = {
    .header = {.magic = LV_IMAGE_HEADER_MAGIC, .cf = LV_COLOR_FORMAT_I4, .w = 16, .h = 16, .stride = 8},
    .data_size = sizeof(emoji_1f497_pixels), .data = emoji_1f497_pixels,
};
static const uint8_t emoji_1f498_pixels[] = {
    0x00,0x00,0x00,0x00,0x97,0x5c,0xf3,0xfc,0x74,0x24,0xe9,0x0f,0x9f,0x52,0xf7,0x14,0x00,0xf1,0xff,0x09,0x0b,0xa5,0xf4,0xec,
    0x07,0xcf,0xff,0xef,0x74,0x2d,0xdb,0x75,0xff,0x00,0xff,0x01,0x7f,0x76,0xf6,0x02,0x8d,0x51,0xed,0x54,0x05,0xbb,0xff,0x12,
    0x7c,0x37,0xe1,0xe9,0x8e,0x4f,0xef,0x95,0x6c,0x36,0xbc,0x05,0x06,0xc0,0xff,0x8c,0xbf,0x0b,0x39,0x22,0x00,0xe0,0x28,0x00,
    0x46,0x60,0x00,0x00,0x20,0x00,0x00,0x00,0x05,0x50,0xad,0x72,0x00,0xad,0x72,0x08,0x00,0x00,0x11,0x1c,0x2d,0x11,0x1c,0x28,
    0x80,0x31,0x01,0x11,0xc1,0x01,0x11,0x70,0x90,0x31,0x11,0x11,0x11,0x11,0x11,0x00,0x80,0x31,0x11,0x11,0x11,0x11,0x11,0x70,
    0x03,0x0d,0x11,0x11,0x11,0x11,0x1c,0x20,0x09,0x03,0x11,0x11,0x00,0x11,0x17,0x03,0x00,0x00,0xa1,0x11,0x10,0x51,0x00,0x00,
    0x00,0x0e,0x0a,0x11,0x11,0x00,0x00,0x00,0x00,0x00,0x20,0xa1,0x11,0x05,0x56,0xfb,0x00,0x00,0x02,0x03,0x10,0x46,0x55,0x6b,
    0x00,0x00,0x00,0x30,0xe0,0x0f,0x60,0x04,0x00,0x00,0x00,0x09,0x09,0x40,0x04,0x44,0x00,0x00,0x00,0x00,0x00,0x00,0x00,0x00,
};
static const lv_image_dsc_t emoji_1f498 = {
    .header = {.magic = LV_IMAGE_HEADER_MAGIC, .cf = LV_COLOR_FORMAT_I4, .w = 16, .h = 16, .stride = 8},
    .data_size = sizeof(emoji_1f498_pixels), .data = emoji_1f498_pixels,
};
static const uint8_t emoji_1f499_pixels[] = {
    0xd2,0x75,0x18,0xf9,0x00,0x00,0x00,0x00,0xac,0x4f,0x0e,0xdc,0xac,0x53,0x04,0x07,0xde,0x75,0x10,0x11,0xde,0x85,0x2c,0xfe,
    0x7e,0x13,0x00,0x08,0xe3,0x9d,0x56,0xfd,0x7f,0x7f,0x00,0x02,0xce,0x71,0x13,0x57,0x8e,0x36,0x0a,0x19,0xce,0x72,0x17,0xa8,
    0x9e,0x45,0x0c,0x67,0xff,0x00,0x00,0x01,0x95,0x3c,0x0a,0x5e,0x9b,0x43,0x0b,0xaf,0x1d,0x11,0x61,0x1d,0x41,0x16,0x11,0x11,
    0x81,0x90,0x02,0xe1,0x19,0x00,0x2c,0x16,0x19,0x57,0x50,0x0e,0x95,0x75,0x00,0xc1,0x30,0x77,0x50,0x02,0x07,0x70,0x00,0x23,
    0x40,0x75,0x00,0x00,0x00,0x00,0x00,0x23,0x40,0x50,0x00,0x00,0x00,0x00,0x00,0x2a,0x10,0x00,0x00,0x00,0x00,0x00,0x00,0x21,
    0x19,0x00,0x00,0x00,0x00,0x00,0x02,0xc1,0x31,0xb0,0x00,0x00,0x00,0x00,0x0f,0x13,0x88,0x40,0x00,0x00,0x00,0x00,0x2a,0x66,
    0x14,0x14,0x00,0x00,0x00,0x02,0xa1,0x81,0x11,0x31,0x40,0x00,0x00,0x2a,0x13,0x11,0x11,0x13,0x14,0xb5,0x02,0x61,0x31,0x11,
    0x11,0x11,0x41,0x6b,0xb1,0x13,0x11,0x11,0x11,0x11,0x18,0x11,0x11,0x81,0x11,0x11,0x11,0x11,0x11,0x11,0x11,0x11,0x11,0x11,
};
static const lv_image_dsc_t emoji_1f499 = {
    .header = {.magic = LV_IMAGE_HEADER_MAGIC, .cf = LV_COLOR_FORMAT_I4, .w = 16, .h = 16, .stride = 8},
    .data_size = sizeof(emoji_1f499_pixels), .data = emoji_1f499_pixels,
};
static const uint8_t emoji_1f49a_pixels[] = {
    0x00,0x00,0x00,0x00,0x42,0xb3,0x7c,0xf9,0x3b,0xa9,0x70,0xdf,0x38,0xa4,0x6b,0x15,0x60,0xca,0x97,0xfe,0x49,0xbb,0x83,0xfe,
    0x38,0xa4,0x6c,0x5e,0x00,0x7f,0x7f,0x02,0x55,0xaa,0x55,0x03,0x7f,0x7f,0x7f,0x02,0x3a,0xa4,0x6d,0xa5,0x41,0xb2,0x7b,0xa5,
    0x88,0xd8,0xb2,0xfb,0x00,0xff,0xff,0x01,0x41,0xb4,0x7c,0x52,0x7f,0xff,0x7f,0x02,0x00,0x00,0x30,0x0d,0x90,0x03,0x00,0x00,
    0x70,0x62,0x22,0x60,0x06,0x12,0x26,0x07,0x06,0x44,0x41,0x16,0x64,0x44,0x11,0x60,0x31,0x4c,0x52,0x12,0x24,0x45,0x11,0x23,
    0x31,0x45,0x21,0x11,0x15,0x11,0x11,0x23,0x31,0x41,0x11,0x11,0x11,0x11,0x11,0x23,0x01,0x51,0x11,0x11,0x11,0x11,0x11,0x20,
    0x0e,0x41,0x11,0x11,0x11,0x11,0x12,0x60,0x80,0xb4,0x11,0x11,0x11,0x11,0x1a,0x08,0x77,0x31,0x51,0x11,0x11,0x11,0x23,0x77,
    0x09,0x03,0x15,0x11,0x11,0x52,0x30,0x70,0x00,0x80,0x31,0x51,0x15,0x23,0x08,0x00,0x00,0x08,0x03,0x14,0x42,0x30,0x80,0x00,
    0x00,0x00,0xf0,0x0b,0xa0,0x08,0x00,0x00,0x00,0x00,0x07,0x00,0x00,0x70,0x00,0x00,0x00,0x00,0x00,0x00,0x00,0x00,0x00,0x00,
};
static const lv_image_dsc_t emoji_1f49a = {
    .header = {.magic = LV_IMAGE_HEADER_MAGIC, .cf = LV_COLOR_FORMAT_I4, .w = 16, .h = 16, .stride = 8},
    .data_size = sizeof(emoji_1f49a_pixels), .data = emoji_1f49a_pixels,
};
static const uint8_t emoji_1f49b_pixels[] = {
    0x2f,0xd1,0xfe,0xee,0x5a,0xe8,0xfe,0xfe,0x08,0xa3,0xf7,0x10,0x08,0xaf,0xf6,0xdb,0x00,0x7f,0xfc,0x04,0x17,0xe3,0xff,0x0e,
    0x05,0xa5,0xf2,0x63,0x2e,0xc9,0xff,0x55,0x55,0xaa,0xff,0x03,0x31,0xcc,0xff,0xa5,0x00,0xaa,0xaa,0x03,0x0e,0xaf,0xf5,0xa5,
    0x00,0x00,0xff,0x01,0x00,0x3f,0xbf,0x04,0x00,0x00,0x00,0x00,0x30,0xcb,0xfe,0xfc,0xe5,0xee,0x2e,0xe5,0x5e,0xe2,0xee,0xce,
    0x4e,0x60,0x03,0x6e,0xe7,0x0f,0x36,0xe4,0xe7,0x11,0x10,0x06,0x70,0x11,0x00,0x6e,0x20,0x11,0x1f,0xf3,0xf1,0x10,0xff,0x32,
    0x5f,0x11,0xff,0xff,0xff,0xff,0xff,0x32,0x5f,0x1f,0xff,0xff,0xff,0xff,0xff,0x32,0xe0,0x0f,0xff,0xff,0xff,0xff,0xff,0x3e,
    0xe7,0x0f,0xff,0xff,0xff,0xff,0xf3,0x6e,0x8e,0x90,0xff,0xff,0xff,0xff,0xfb,0xea,0x44,0x50,0x0f,0xff,0xff,0xf0,0x32,0x44,
    0xe5,0xe5,0x00,0xff,0xff,0x03,0x2e,0x4e,0xee,0x8e,0x50,0x0f,0xf0,0x32,0xe2,0xee,0xee,0xe8,0xe2,0x00,0x03,0x4e,0x2e,0xee,
    0xee,0xee,0x5e,0x49,0xbd,0xea,0xee,0xee,0xee,0xee,0xe4,0xee,0xee,0x4e,0xee,0xee,0xee,0xee,0xee,0xee,0xee,0xee,0xee,0xee,
};
static const lv_image_dsc_t emoji_1f49b = {
    .header = {.magic = LV_IMAGE_HEADER_MAGIC, .cf = LV_COLOR_FORMAT_I4, .w = 16, .h = 16, .stride = 8},
    .data_size = sizeof(emoji_1f49b_pixels), .data = emoji_1f49b_pixels,
};
static const uint8_t emoji_1f49c_pixels[] = {
    0x00,0x00,0x00,0x00,0xbb,0x46,0xaa,0xf9,0xc6,0x4f,0xb4,0xfb,0xb1,0x2d,0x98,0xda,0x7f,0x06,0x7f,0x02,0xa3,0x08,0x6f,0x0f,
    0xac,0x2a,0x93,0x61,0xb0,0x4c,0xa6,0x11,0xda,0x8f,0xcf,0xfd,0xb3,0x29,0x9b,0x0f,0xc2,0x39,0xa9,0xfe,0xbc,0x46,0xaa,0xa5,
    0xbc,0x46,0xab,0x4d,0xff,0x00,0xff,0x01,0xaf,0x2d,0x95,0xa5,0xd4,0x6b,0xc5,0xfe,0x0d,0x00,0x50,0x0d,0x00,0x05,0x00,0x00,
    0x40,0x63,0x33,0x60,0x06,0x13,0x36,0x04,0x06,0xf8,0x22,0xa6,0xc2,0x82,0x2a,0x60,0x91,0x88,0x21,0x13,0x1f,0x81,0x12,0x39,
    0x71,0x82,0x11,0x11,0x11,0x11,0x11,0x39,0x91,0x21,0x11,0x11,0x11,0x11,0x11,0x39,0x01,0x21,0x11,0x11,0x11,0x11,0x1a,0x30,
    0x0c,0x21,0x11,0x11,0x11,0x11,0x13,0x60,0x70,0xb2,0x11,0x11,0x11,0x11,0xae,0x05,0x44,0x71,0x21,0x11,0x11,0x12,0x35,0x44,
    0x00,0x07,0x22,0x11,0x11,0x23,0x50,0x40,0x00,0x70,0x72,0x21,0x12,0x35,0x05,0x00,0x00,0x07,0x07,0x12,0x23,0x50,0x90,0x00,
    0x00,0x00,0x00,0x4b,0xe0,0x05,0x00,0x00,0x00,0x00,0x04,0x00,0x00,0x40,0x00,0x00,0x00,0x00,0x00,0x00,0x00,0x00,0x00,0x00,
};
static const lv_image_dsc_t emoji_1f49c = {
    .header = {.magic = LV_IMAGE_HEADER_MAGIC, .cf = LV_COLOR_FORMAT_I4, .w = 16, .h = 16, .stride = 8},
    .data_size = sizeof(emoji_1f49c_pixels), .data = emoji_1f49c_pixels,
};
static const uint8_t emoji_1f49d_pixels[] = {
    0x00,0x00,0x00,0x00,0x95,0x55,0xf2,0xf6,0x2a,0xe2,0xfe,0xfe,0x54,0xa7,0xf8,0xfc,0x70,0x10,0xe4,0x15,0x64,0xdf,0xfd,0xfc,
    0x7f,0x76,0xfa,0x03,0x06,0xb1,0xff,0xf6,0xa7,0x8a,0xfb,0xfd,0x81,0x3a,0xe5,0xe3,0xa5,0x56,0xfb,0x0f,0x79,0x2c,0xdc,0xe5,
    0x07,0xea,0xff,0x09,0x90,0x50,0xf1,0xa6,0x6f,0x69,0xec,0xff,0x71,0x2a,0xd7,0x76,0x00,0x00,0x40,0x00,0x60,0x04,0x00,0x00,
    0x40,0x01,0x19,0xf0,0x00,0xd1,0x9f,0x04,0x00,0x18,0x11,0x1f,0xa1,0x81,0x11,0x00,0x01,0x81,0x15,0x8b,0x11,0x81,0x11,0xb4,
    0x01,0x11,0x32,0x51,0x11,0x11,0x11,0x94,0x05,0x25,0x52,0x23,0x33,0x33,0x33,0x00,0x05,0x22,0x57,0x72,0x22,0x22,0x22,0x7c,
    0x00,0x27,0x72,0x22,0x33,0x33,0x33,0x00,0x6c,0x02,0x2e,0x23,0x11,0x11,0x1b,0x06,0xc0,0x03,0x21,0xee,0x11,0x11,0xb4,0x04,
    0x00,0xc0,0x11,0x11,0x11,0x19,0x40,0x00,0x00,0x40,0x01,0x11,0x11,0x94,0x0a,0x00,0x00,0x06,0x06,0xd1,0x11,0x40,0xa0,0x00,
    0x00,0x00,0x60,0x0d,0xd0,0x0a,0x00,0x00,0x00,0x00,0x00,0x00,0x00,0x40,0x00,0x00,0x00,0x00,0x00,0x00,0x00,0x00,0x00,0x00,
};
static const lv_image_dsc_t emoji_1f49d = {
    .header = {.magic = LV_IMAGE_HEADER_MAGIC, .cf = LV_COLOR_FORMAT_I4, .w = 16, .h = 16, .stride = 8},
    .data_size = sizeof(emoji_1f49d_pixels), .data = emoji_1f49d_pixels,
};
static const uint8_t emoji_1f49e_pixels[] = {
    0x95,0x58,0xf3,0xfb,0x00,0x00,0x00,0x00,0x6e,0x20,0xde,0x21,0xf9,0xf1,0xff,0x0e,0x91,0x54,0xeb,0x66,0x96,0x53,0xec,0x14,
    0xe0,0xaf,0xfe,0x1a,0xe0,0xc8,0xff,0xf0,0xd1,0xba,0xfd,0x61,0x91,0x54,0xee,0x9a,0xd3,0xbc,0xfe,0x95,0xe0,0xce,0xff,0x54,
    0x81,0x3d,0xe5,0xe8,0x00,0x00,0xff,0x01,0xb1,0x9f,0xfd,0x0e,0xd9,0xc4,0xff,0x9f,0x11,0x16,0x11,0x11,0x24,0x01,0x54,0x21,
    0x11,0x31,0x68,0xb6,0x00,0x00,0x00,0x02,0x1e,0x18,0x77,0xf0,0x00,0x00,0x00,0x02,0x61,0x87,0x78,0x6e,0x00,0x00,0x00,0xc0,
    0x36,0x73,0x11,0x11,0x40,0x00,0x00,0x01,0xd3,0x42,0x21,0x12,0x29,0x00,0x00,0x35,0x14,0x00,0xc2,0x90,0x00,0x90,0x03,0xad,
    0x00,0x00,0x0c,0x00,0x00,0x05,0x1a,0xa1,0x50,0x00,0x00,0x00,0x00,0x01,0x87,0xa1,0x50,0x00,0x00,0x00,0x00,0x4b,0x07,0x61,
    0x14,0x00,0x00,0x00,0x00,0x8f,0x7a,0x1e,0x50,0x90,0x00,0x00,0xc4,0xf0,0xf3,0x33,0x02,0x59,0x00,0x00,0x4b,0xab,0x11,0xd1,
    0x10,0x15,0x90,0x02,0x1e,0x11,0x3d,0x11,0x11,0x01,0x14,0x21,0x21,0x36,0x11,0x11,0x11,0x11,0x11,0x11,0x11,0x11,0x11,0x11,
};
static const lv_image_dsc_t emoji_1f49e = {
    .header = {.magic = LV_IMAGE_HEADER_MAGIC, .cf = LV_COLOR_FORMAT_I4, .w = 16, .h = 16, .stride = 8},
    .data_size = sizeof(emoji_1f49e_pixels), .data = emoji_1f49e_pixels,
};
static const uint8_t emoji_1f49f_pixels[] = {
    0xf2,0xf0,0xf2,0xfe,0xc5,0x59,0xb5,0xfd,0xbc,0x46,0xab,0xfa,0xb4,0x34,0x9d,0xf8,0x00,0x00,0x00,0x00,0xa9,0x20,0x8b,0x90,
    0x9f,0x0e,0x73,0x18,0xb5,0x49,0xa8,0x17,0xbc,0x48,0xab,0x90,0xaa,0x27,0x8d,0x1c,0xd1,0x72,0xc3,0xff,0xc0,0x3d,0xaa,0xff,
    0xd4,0x8f,0xca,0xfc,0xa8,0x22,0x8c,0x6b,0xc3,0x45,0xaf,0x91,0xc1,0x57,0xaf,0x1d,0x70,0xe8,0x88,0x88,0x88,0x88,0x8e,0xd6,
    0x72,0xaa,0xa1,0x11,0x11,0x11,0x11,0x36,0x92,0xc1,0x1c,0x12,0x21,0xc1,0x22,0x36,0x91,0x1c,0x00,0x01,0x10,0x00,0xc2,0x36,
    0x72,0x10,0x00,0x00,0x00,0x00,0x01,0x39,0xf3,0xa0,0x00,0x00,0x00,0x00,0x0a,0x39,0xf2,0x10,0x00,0x00,0x00,0x00,0x01,0x39,
    0x72,0x20,0x00,0x00,0x00,0x00,0x02,0x36,0x72,0x21,0x00,0x00,0x00,0x00,0x12,0x36,0x72,0x13,0x10,0x00,0x00,0x01,0x31,0x36,
    0x72,0x22,0x31,0x00,0x00,0x13,0x22,0x36,0x72,0x22,0x23,0x10,0x01,0x32,0x22,0x36,0x72,0x12,0x22,0x31,0x13,0x22,0x21,0x36,
    0x93,0x13,0xbb,0x13,0x31,0xbb,0x3b,0x39,0x6d,0x55,0x55,0x55,0x55,0x55,0x55,0xd7,0x44,0x44,0x44,0x44,0x44,0x44,0x44,0x44,
};
static const lv_image_dsc_t emoji_1f49f = {
    .header = {.magic = LV_IMAGE_HEADER_MAGIC, .cf = LV_COLOR_FORMAT_I4, .w = 16, .h = 16, .stride = 8},
    .data_size = sizeof(emoji_1f49f_pixels), .data = emoji_1f49f_pixels,
};
static const uint8_t emoji_1f4a9_pixels[] = {
    0x00,0x00,0x00,0x00,0x45,0x5a,0x8c,0xf3,0x8b,0x98,0xb3,0xfe,0x39,0x4f,0x83,0xf7,0x4d,0x60,0x90,0x13,0x40,0x55,0x87,0x67,
    0x79,0x79,0x79,0x02,0x00,0x00,0xff,0x01,0x41,0x56,0x87,0xa6,0x25,0x6b,0x7f,0x08,0x25,0x25,0x7f,0x03,0xa5,0xb1,0xc2,0xfe,
    0x3d,0x53,0x88,0x22,0xfa,0xfa,0xfb,0xfe,0x32,0x49,0x7e,0xfd,0x7c,0x8a,0xab,0xfe,0x00,0x00,0x70,0x45,0x69,0x70,0x00,0x00,
    0x00,0x07,0x7c,0x11,0x00,0x09,0x00,0x00,0x00,0x0a,0x48,0x11,0x84,0x40,0x00,0x00,0x00,0x00,0x01,0x11,0x11,0x15,0x66,0x00,
    0x00,0x0a,0x51,0x11,0x11,0x18,0x0a,0x00,0x0a,0x65,0x13,0xe1,0x1e,0x31,0xca,0x70,0x06,0x08,0x32,0x21,0x12,0x21,0x16,0x40,
    0x70,0x43,0x2b,0x22,0x22,0xb2,0x34,0x09,0x0c,0x13,0x2b,0x2b,0xb2,0x22,0x31,0xc0,0x08,0x11,0x32,0x23,0x32,0x23,0x11,0x80,
    0x91,0x11,0x32,0x22,0x22,0x23,0x11,0x19,0x41,0x11,0x32,0xdd,0xdd,0xf3,0x11,0x14,0x05,0x11,0x13,0x11,0x11,0x31,0x11,0x50,
    0x60,0x51,0x11,0x33,0x33,0x11,0x15,0x06,0x00,0x00,0x44,0x44,0x44,0x44,0x00,0x00,0x00,0x00,0x00,0x00,0x00,0x00,0x00,0x00,
};
static const lv_image_dsc_t emoji_1f4a9 = {
    .header = {.magic = LV_IMAGE_HEADER_MAGIC, .cf = LV_COLOR_FORMAT_I4, .w = 16, .h = 16, .stride = 8},
    .data_size = sizeof(emoji_1f4a9_pixels), .data = emoji_1f4a9_pixels,
};
static const uint8_t emoji_1f525_pixels[] = {
    0x00,0x00,0x00,0x00,0x0b,0x6b,0xfd,0xf5,0x08,0x6b,0xf9,0x0d,0x99,0xf1,0xff,0xfe,0x04,0x04,0xff,0x01,0x15,0x5c,0xfa,0x96,
    0x13,0x97,0xff,0xf9,0x67,0xde,0xff,0xfe,0x14,0x5e,0xfa,0x67,0x03,0x8f,0xff,0x55,0x4c,0xbd,0xff,0xff,0x1f,0xae,0xff,0x8b,
    0xcd,0xff,0xff,0xfc,0x00,0xff,0xff,0x01,0x7f,0x00,0xff,0x02,0x7f,0x7f,0xff,0x02,0x00,0x00,0xf0,0x85,0x20,0x40,0x00,0x00,
    0x00,0x00,0x40,0x21,0x15,0xe2,0x00,0x00,0x00,0x04,0x22,0x05,0x11,0x80,0x40,0x00,0x00,0x00,0x00,0x21,0x11,0x10,0x20,0x00,
    0x04,0x42,0x22,0x11,0x11,0x14,0x44,0x00,0x02,0x05,0x58,0x11,0x61,0x12,0x04,0x00,0x20,0x21,0x51,0x16,0x71,0x50,0x20,0x00,
    0x20,0x81,0x11,0x17,0x71,0x15,0x12,0x04,0x20,0x51,0x11,0x67,0x76,0x11,0x18,0x02,0x20,0x51,0x11,0x63,0x37,0x11,0x15,0x02,
    0x20,0x81,0x1a,0x73,0x33,0xa1,0x18,0x02,0x44,0x21,0x63,0x33,0x33,0x36,0x12,0x02,0x02,0x09,0x67,0xc3,0x3c,0x36,0x50,0x20,
    0x00,0x20,0x96,0x73,0x33,0x68,0x02,0x40,0x00,0x02,0x02,0x9b,0xb9,0x20,0xd0,0x00,0x00,0x00,0x00,0x00,0x00,0x00,0x00,0x00,
};
static const lv_image_dsc_t emoji_1f525 = {
    .header = {.magic = LV_IMAGE_HEADER_MAGIC, .cf = LV_COLOR_FORMAT_I4, .w = 16, .h = 16, .stride = 8},
    .data_size = sizeof(emoji_1f525_pixels), .data = emoji_1f525_pixels,
};
static const uint8_t emoji_1f600_pixels[] = {
    0x2d,0xd2,0xfa,0xfe,0x00,0x00,0x00,0x00,0x24,0xb5,0xf3,0xe4,0x1b,0xa4,0xf2,0x98,0x00,0xff,0xff,0x01,0x1a,0x9d,0xf5,0x30,
    0x04,0x6c,0xf5,0x0b,0x06,0x1c,0x33,0xff,0x00,0x06,0xf2,0x03,0x9d,0xa1,0xa9,0xff,0x1d,0x77,0x92,0xfd,0x2a,0x8b,0xaa,0xfc,
    0x16,0x37,0x57,0xff,0x4b,0xbd,0xd3,0xff,0x79,0x9e,0xac,0xff,0x00,0xaa,0xaa,0x03,0x11,0x14,0x11,0x65,0x56,0x11,0x41,0x11,
    0x11,0x81,0x03,0x22,0x22,0x35,0x14,0x11,0x44,0x63,0x00,0x00,0x00,0x00,0x31,0x48,0xf1,0x30,0x00,0x00,0x00,0x00,0x03,0x10,
    0x15,0x20,0x00,0x00,0x00,0x00,0x02,0x51,0x13,0x00,0x0c,0xa0,0x0b,0xc0,0x00,0x31,0x12,0x00,0x07,0xa0,0x0a,0x70,0x00,0x21,
    0x12,0x00,0x00,0x00,0x00,0x00,0x00,0x21,0x12,0x0b,0xed,0xd2,0x2d,0x0e,0xb0,0x21,0x13,0x0b,0x0e,0x99,0x99,0x90,0xb0,0x31,
    0x15,0x00,0x07,0x7c,0xc7,0x70,0x02,0x51,0xf1,0x30,0x0a,0x00,0x00,0xa0,0x03,0x1f,0x44,0x63,0x00,0x00,0x00,0x02,0x30,0x68,
    0x11,0x41,0x03,0x22,0x22,0x30,0x14,0x11,0x11,0x10,0x11,0x86,0x68,0x11,0x41,0x11,0x11,0x11,0x11,0x11,0x11,0x11,0x11,0x11,
};
static const lv_image_dsc_t emoji_1f600 = {
    .header = {.magic = LV_IMAGE_HEADER_MAGIC, .cf = LV_COLOR_FORMAT_I4, .w = 16, .h = 16, .stride = 8},
    .data_size = sizeof(emoji_1f600_pixels), .data = emoji_1f600_pixels,
};
static const uint8_t emoji_1f601_pixels[] = {
    0x00,0x00,0x00,0x00,0x2b,0xd4,0xfc,0xfe,0x23,0xb5,0xed,0xeb,0x1b,0xa4,0xf2,0x98,0x00,0xff,0xff,0x01,0x59,0xa4,0xb9,0xfd,
    0xa5,0xac,0xb3,0xff,0x12,0xa2,0xf6,0x1b,0xdc,0xd9,0xdc,0xfe,0x04,0x74,0xe7,0x1a,0x16,0x53,0x6c,0xff,0x00,0x00,0xff,0x01,
    0x2e,0x8a,0xa5,0xfd,0x19,0x9f,0xf1,0x40,0x00,0xaa,0xaa,0x03,0x5b,0x7e,0x90,0xfe,0x00,0x04,0x00,0x97,0x79,0x00,0x40,0x00,
    0x00,0x40,0xd3,0x22,0x22,0x3d,0x04,0x00,0x44,0x93,0x11,0x11,0x11,0x11,0x3b,0xeb,0x70,0x31,0x11,0x11,0x11,0x11,0x13,0x00,
    0x07,0x21,0x11,0x11,0x11,0x11,0x12,0x70,0x03,0x11,0x2a,0xc1,0x1c,0xa2,0x11,0x30,0x02,0x11,0x0a,0xa1,0x1a,0xa0,0x11,0x30,
    0x02,0x11,0x11,0x11,0x11,0x11,0x11,0x20,0x02,0x15,0x05,0x55,0x55,0x50,0x51,0x20,0x03,0x1c,0x68,0x88,0x88,0x86,0xc1,0x30,
    0x07,0x12,0xf6,0x66,0x66,0x6f,0x22,0x90,0x70,0x31,0x25,0x08,0x80,0x52,0x13,0x07,0xb4,0xb3,0x11,0x22,0x22,0x12,0x30,0xeb,
    0x00,0x40,0xd3,0x22,0x22,0x39,0x04,0x00,0x00,0x04,0x00,0x09,0x90,0x00,0x40,0x00,0x00,0x00,0x00,0x00,0x00,0x00,0x00,0x00,
};
static const lv_image_dsc_t emoji_1f601 = {
    .header = {.magic = LV_IMAGE_HEADER_MAGIC, .cf = LV_COLOR_FORMAT_I4, .w = 16, .h = 16, .stride = 8},
    .data_size = sizeof(emoji_1f601_pixels), .data = emoji_1f601_pixels,
};
static const uint8_t emoji_1f602_pixels[] = {
    0x00,0x00,0x00,0x00,0x2d,0xd7,0xfc,0xfe,0x24,0xb6,0xee,0xee,0x19,0xa6,0xf6,0x99,0x00,0xff,0xff,0x01,0x22,0x91,0xb0,0xfe,
    0x54,0xb7,0xc9,0xfe,0x1c,0x6d,0x89,0xfd,0x95,0xa0,0xa3,0xf7,0x12,0xa1,0xf8,0x20,0xf6,0xca,0x4d,0xfa,0x65,0xa0,0xa0,0xf2,
    0xf1,0xbc,0x2f,0xfe,0x00,0x6c,0xf5,0x11,0x00,0x00,0xec,0x04,0x0c,0x45,0x5f,0xfe,0x00,0x04,0x00,0xd9,0x9d,0x00,0x40,0x00,
    0x00,0x40,0x03,0x22,0x22,0x30,0x04,0x00,0x44,0x03,0x11,0x11,0x11,0x11,0x30,0x9e,0x90,0x31,0x51,0x11,0x11,0x15,0x13,0x00,
    0x09,0x27,0x51,0x11,0x11,0x15,0x72,0x90,0x03,0x12,0x5f,0x51,0x12,0xf5,0x21,0x30,0x02,0x16,0x75,0x71,0x17,0x57,0x61,0x30,
    0x08,0xc0,0x11,0x11,0x11,0x11,0x0c,0xb0,0x0a,0xcb,0xb6,0x62,0x26,0x66,0xbc,0xa0,0x0a,0xa7,0x08,0x88,0x88,0x80,0x5a,0xa0,
    0x00,0x61,0xf0,0x00,0x00,0x0f,0x16,0x00,0x40,0x31,0x17,0x00,0x00,0x71,0x13,0x0e,0x40,0x03,0x11,0x11,0x11,0x12,0x30,0x04,
    0x00,0x40,0x03,0x22,0x22,0x39,0x04,0x00,0x00,0x00,0x00,0xed,0xde,0x00,0x40,0x00,0x00,0x00,0x00,0x00,0x00,0x00,0x00,0x00,
};
static const lv_image_dsc_t emoji_1f602 = {
    .header = {.magic = LV_IMAGE_HEADER_MAGIC, .cf = LV_COLOR_FORMAT_I4, .w = 16, .h = 16, .stride = 8},
    .data_size = sizeof(emoji_1f602_pixels), .data = emoji_1f602_pixels,
};
static const uint8_t emoji_1f603_pixels[] = {
    0x00,0x00,0x00,0x00,0x2e,0xd3,0xfb,0xfd,0x25,0xb6,0xf0,0xea,0x1b,0xa4,0xf1,0x9a,0x00,0xff,0xff,0x01,0x10,0xa0,0xf6,0x1f,
    0x00,0x00,0xf5,0x02,0x07,0x1d,0x34,0xff,0x25,0x8f,0xad,0xfd,0x1b,0x6e,0x8b,0xfd,0x9d,0xa1,0xa8,0xff,0x07,0x70,0xf2,0x17,
    0x51,0xc3,0xd8,0xff,0x0e,0x51,0x6c,0xfe,0x79,0x9d,0xac,0xff,0x19,0x9d,0xf0,0x40,0x00,0x04,0x00,0xb5,0x5b,0x00,0x40,0x00,
    0x00,0x40,0xf3,0x22,0x22,0x3f,0x04,0x00,0x44,0x63,0x11,0x11,0x11,0x11,0x36,0x06,0x50,0x31,0x11,0x11,0x11,0x11,0x13,0x00,
    0x05,0x21,0x19,0x81,0x12,0x91,0x12,0x50,0x03,0x11,0x17,0xd1,0x19,0x71,0x11,0x30,0x02,0x11,0x17,0xd1,0x19,0x71,0x11,0x30,
    0x02,0x11,0x18,0x21,0x11,0x81,0x11,0x20,0x02,0x18,0xec,0xc2,0x2c,0xce,0x81,0x30,0x03,0x18,0x0e,0xaa,0xaa,0xa0,0x81,0x30,
    0x05,0x21,0xd7,0x70,0x07,0x7d,0x12,0xb0,0x50,0x31,0x19,0x00,0x00,0x91,0x13,0x05,0x64,0x63,0x11,0x11,0x11,0x12,0x30,0x06,
    0x00,0x40,0xf3,0x22,0x22,0x35,0x04,0x00,0x00,0x04,0x00,0x6b,0xb6,0x00,0x40,0x00,0x00,0x00,0x00,0x00,0x00,0x00,0x00,0x00,
};
static const lv_image_dsc_t emoji_1f603 = {
    .header = {.magic = LV_IMAGE_HEADER_MAGIC, .cf = LV_COLOR_FORMAT_I4, .w = 16, .h = 16, .stride = 8},
    .data_size = sizeof(emoji_1f603_pixels), .data = emoji_1f603_pixels,
};
static const uint8_t emoji_1f604_pixels[] = {
    0x2d,0xd5,0xfc,0xfe,0x00,0x00,0x00,0x00,0x25,0xb7,0xf1,0xea,0x1a,0xa4,0xf1,0x9a,0x00,0xff,0xff,0x01,0x10,0xa0,0xf7,0x1f,
    0x00,0x00,0xf5,0x02,0x12,0x50,0x6a,0xfe,0x29,0x8d,0xab,0xfc,0x58,0xb8,0xcc,0xff,0x9d,0xa2,0xa9,0xff,0x07,0x70,0xf2,0x17,
    0x01,0x18,0x2f,0xff,0x1d,0x72,0x8e,0xfd,0x19,0x9d,0xf1,0x40,0x00,0xaa,0xaa,0x03,0x11,0x14,0x11,0xb5,0x5b,0x11,0x41,0x11,
    0x11,0x41,0xe3,0x22,0x22,0x3e,0x14,0x11,0x44,0x63,0x00,0x00,0x00,0x00,0x36,0xf6,0x51,0x30,0x00,0x00,0x00,0x00,0x03,0x10,
    0x15,0x20,0x00,0x00,0x00,0x00,0x02,0x51,0x13,0x00,0x27,0x80,0x08,0x72,0x00,0x31,0x12,0x00,0xd7,0x70,0x07,0x7d,0x00,0x31,
    0x12,0x00,0x00,0x00,0x00,0x00,0x00,0x21,0x12,0x08,0x09,0x92,0x29,0x99,0x80,0x31,0x13,0x08,0x00,0xaa,0xaa,0xa0,0x80,0x31,
    0x15,0x20,0x7c,0xc0,0x0c,0xc7,0x02,0xb1,0x51,0x30,0x0d,0x00,0x00,0xd0,0x03,0x15,0x64,0x63,0x00,0x00,0x00,0x02,0x31,0xf6,
    0x11,0x41,0xe3,0x22,0x22,0x35,0x14,0x11,0x11,0x10,0x11,0x6b,0xb6,0x11,0x41,0x11,0x11,0x11,0x11,0x11,0x11,0x11,0x11,0x11,
};
static const lv_image_dsc_t emoji_1f604 = {
    .header = {.magic = LV_IMAGE_HEADER_MAGIC, .cf = LV_COLOR_FORMAT_I4, .w = 16, .h = 16, .stride = 8},
    .data_size = sizeof(emoji_1f604_pixels), .data = emoji_1f604_pixels,
};
static const uint8_t emoji_1f605_pixels[] = {
    0x00,0x00,0x00,0x00,0x2d,0xd5,0xfc,0xfe,0x25,0xb7,0xf1,0xe9,0x1a,0xa3,0xf0,0x9b,0x00,0xff,0xff,0x01,0x12,0x50,0x69,0xfe,
    0x14,0xa0,0xf7,0x24,0x00,0x00,0xf2,0x03,0x29,0x8d,0xab,0xfc,0x0d,0x73,0xeb,0x17,0x58,0xb8,0xcc,0xff,0x9d,0xa1,0xa9,0xff,
    0x02,0x18,0x2f,0xff,0x1c,0x72,0x8f,0xfd,0xf0,0xb0,0x2a,0xf3,0x19,0x35,0x5a,0xff,0x00,0x04,0x00,0x96,0x69,0x00,0x00,0x00,
    0x00,0x40,0x03,0x22,0x22,0x36,0x00,0x00,0x44,0x73,0x11,0x11,0x11,0x11,0x0e,0x00,0x60,0x31,0x11,0x11,0x11,0x11,0x00,0x00,
    0x06,0x21,0x11,0x11,0x11,0x11,0xe0,0x00,0x03,0x11,0x25,0x81,0x18,0x52,0x0e,0x00,0x02,0x11,0xd5,0x51,0x15,0x5d,0x10,0x30,
    0x02,0x11,0x11,0x11,0x11,0x11,0x11,0x20,0x02,0x18,0x0a,0xa2,0x2a,0xaa,0x81,0x30,0x03,0x18,0x00,0xbb,0xbb,0xb0,0x81,0x30,
    0x06,0x21,0x5c,0xcf,0xfc,0xc5,0x12,0x90,0x00,0x31,0x1d,0x00,0x00,0xd1,0x13,0x06,0x74,0x73,0x11,0x11,0x11,0x12,0x30,0x07,
    0x00,0x40,0x03,0x22,0x22,0x36,0x04,0x00,0x00,0x04,0x00,0x79,0x97,0x00,0x40,0x00,0x00,0x00,0x00,0x00,0x00,0x00,0x00,0x00,
};
static const lv_image_dsc_t emoji_1f605 = {
    .header = {.magic = LV_IMAGE_HEADER_MAGIC, .cf = LV_COLOR_FORMAT_I4, .w = 16, .h = 16, .stride = 8},
    .data_size = sizeof(emoji_1f605_pixels), .data = emoji_1f605_pixels,
};
static const uint8_t emoji_1f606_pixels[] = {
    0x00,0x00,0x00,0x00,0x2d,0xd1,0xf9,0xfd,0x25,0xb6,0xf0,0xea,0x1b,0xa4,0xf1,0x9a,0x00,0xff,0xff,0x01,0x10,0xa0,0xf8,0x1f,
    0x00,0x00,0xf5,0x02,0x0e,0x52,0x6d,0xfe,0x25,0x90,0xad,0xfd,0x05,0x1c,0x33,0xff,0x07,0x70,0xf2,0x17,0x9d,0xa1,0xa8,0xff,
    0x14,0x33,0x51,0xff,0x19,0x9d,0xf0,0x40,0x55,0xc4,0xd9,0xff,0x5b,0xb7,0xcb,0xff,0x00,0x04,0x00,0xa5,0x5a,0x00,0x40,0x00,
    0x00,0x40,0xd3,0x22,0x22,0x3d,0x04,0x00,0x44,0x63,0x11,0x11,0x11,0x11,0x36,0x06,0x50,0x31,0x11,0x11,0x11,0x11,0x13,0x00,
    0x05,0x21,0x21,0x11,0x11,0x12,0x12,0x50,0x03,0x11,0x77,0x11,0x11,0x77,0x11,0x30,0x02,0x11,0x89,0xc1,0x1c,0x98,0x11,0x30,
    0x02,0x11,0x78,0x11,0x11,0x87,0x11,0x20,0x02,0x18,0xfe,0xe2,0x2f,0xe0,0x81,0x30,0x03,0x18,0x00,0xbb,0xbb,0xb0,0x81,0x30,
    0x05,0x21,0x79,0x9c,0xc9,0x97,0x12,0xa0,0x50,0x31,0x10,0x00,0x00,0x01,0x13,0x05,0x64,0x63,0x11,0x11,0x11,0x12,0x30,0x06,
    0x00,0x40,0xd3,0x22,0x22,0x35,0x04,0x00,0x00,0x04,0x00,0x6a,0xa6,0x00,0x40,0x00,0x00,0x00,0x00,0x00,0x00,0x00,0x00,0x00,
};
static const lv_image_dsc_t emoji_1f606 = {
    .header = {.magic = LV_IMAGE_HEADER_MAGIC, .cf = LV_COLOR_FORMAT_I4, .w = 16, .h = 16, .stride = 8},
    .data_size = sizeof(emoji_1f606_pixels), .data = emoji_1f606_pixels,
};
static const uint8_t emoji_1f607_pixels[] = {
    0x2d,0xd5,0xfa,0xfe,0x00,0x00,0x00,0x00,0x1f,0xb1,0xea,0xe5,0xe4,0xc7,0x5f,0xf7,0x00,0xff,0xff,0x01,0x1c,0xa5,0xf1,0xa9,
    0x0c,0x97,0xef,0x5d,0xea,0xa7,0x5f,0xb0,0x4c,0xc8,0xdf,0xff,0x14,0x51,0x69,0xff,0xff,0xb7,0x14,0x26,0x04,0x8b,0xf3,0x22,
    0xff,0xd3,0x26,0x11,0x52,0xb8,0xd6,0xf8,0x1b,0x74,0x8e,0xff,0x00,0x74,0xf0,0x09,0x11,0x10,0xca,0xaa,0xaa,0xac,0x01,0x11,
    0xc0,0x07,0x70,0xdd,0xdd,0x07,0x70,0x0c,0x03,0x37,0x08,0x88,0x88,0x80,0x73,0x30,0x41,0x00,0x33,0x33,0x33,0x33,0x00,0x14,
    0x4b,0x20,0x00,0x00,0x00,0x00,0x02,0xb4,0x15,0x00,0x0e,0x20,0x02,0xe0,0x00,0x61,0x15,0x00,0xe0,0x90,0x09,0x0e,0x00,0x51,
    0x12,0x00,0x00,0x00,0x00,0x00,0x00,0x21,0x12,0x00,0x00,0x00,0x00,0x00,0x00,0x21,0x15,0x00,0x00,0x00,0x00,0x00,0x00,0x51,
    0x16,0x00,0x02,0x99,0x99,0x20,0x00,0x61,0x40,0x50,0x00,0x02,0x20,0x00,0x05,0x1f,0x04,0xb2,0x00,0x00,0x00,0x00,0x2f,0x44,
    0x14,0x10,0x62,0x20,0x22,0x26,0x01,0x41,0x11,0x41,0x10,0xb6,0x6b,0x01,0x14,0x11,0x11,0x11,0x11,0x11,0x11,0x11,0x11,0x11,
};
static const lv_image_dsc_t emoji_1f607 = {
    .header = {.magic = LV_IMAGE_HEADER_MAGIC, .cf = LV_COLOR_FORMAT_I4, .w = 16, .h = 16, .stride = 8},
    .data_size = sizeof(emoji_1f607_pixels), .data = emoji_1f607_pixels,
};
static const uint8_t emoji_1f608_pixels[] = {
    0x00,0x00,0x00,0x00,0xdf,0x5a,0xdf,0xfe,0xa5,0x34,0x9e,0xef,0x72,0x1c,0x6c,0x11,0x61,0x1f,0x68,0xf5,0x9d,0x33,0x93,0x9b,
    0xaa,0x55,0xaa,0x03,0xa2,0x2d,0x9c,0x21,0x86,0x2c,0x79,0x33,0x6b,0x47,0x8c,0xff,0x77,0x2b,0x6c,0xa8,0xa8,0x49,0xaf,0xf8,
    0xbc,0x50,0xc5,0xff,0x7f,0x7f,0x7f,0x02,0x99,0x29,0x8f,0x5c,0xff,0x00,0xff,0x01,0x36,0x03,0x33,0x7d,0xd7,0x33,0x30,0x63,
    0x3a,0x80,0x00,0x00,0x00,0x00,0x08,0xa3,0x04,0x25,0x8e,0x52,0x25,0xe8,0x52,0x40,0x0a,0x02,0x21,0x11,0x11,0x12,0x20,0xa0,
    0x00,0x42,0x11,0x11,0x11,0x11,0x24,0x00,0xf0,0x21,0x11,0x11,0x11,0x11,0x12,0x0f,0x03,0x21,0x11,0x11,0x11,0x11,0x12,0x30,
    0x07,0x21,0xc0,0xb1,0x1b,0x0c,0x12,0x30,0x07,0x21,0x10,0x01,0x10,0x41,0x12,0x80,0x03,0x21,0x19,0x91,0x19,0x91,0x12,0x30,
    0x00,0x21,0x11,0x2c,0xc2,0x11,0x15,0x00,0x60,0x72,0x11,0x44,0x44,0x11,0x23,0x00,0x03,0x0e,0x21,0x11,0x11,0x12,0x00,0xd0,
    0x00,0x00,0x35,0x2b,0xb2,0x53,0x03,0x00,0x00,0x06,0x00,0x03,0x30,0x00,0x60,0x00,0x00,0x00,0x00,0x00,0x00,0x00,0x00,0x00,
};
static const lv_image_dsc_t emoji_1f608 = {
    .header = {.magic = LV_IMAGE_HEADER_MAGIC, .cf = LV_COLOR_FORMAT_I4, .w = 16, .h = 16, .stride = 8},
    .data_size = sizeof(emoji_1f608_pixels), .data = emoji_1f608_pixels,
};
static const uint8_t emoji_1f609_pixels[] = {
    0x2e,0xd6,0xfb,0xfe,0x00,0x00,0x00,0x00,0x24,0xb2,0xe6,0xee,0x1a,0xa5,0xf2,0x9a,0x0e,0x9c,0xf4,0x21,0x00,0xff,0xff,0x01,
    0x1a,0x72,0x8e,0xfe,0x0a,0x1b,0x31,0xff,0x00,0x06,0xf2,0x03,0x20,0x8c,0xa8,0xff,0x06,0x75,0xf1,0x0e,0x18,0x9d,0xf1,0x40,
    0x00,0xaa,0xaa,0x03,0x13,0x4d,0x67,0xfe,0x55,0xaa,0xff,0x03,0x7f,0xff,0xff,0x02,0x11,0x15,0x11,0xa4,0x4a,0x11,0x51,0x11,
    0x11,0x51,0xb3,0x22,0x22,0x3b,0x15,0x11,0x55,0xa3,0x00,0x00,0x00,0x00,0x38,0xc8,0x41,0x30,0x26,0x00,0x00,0x00,0x03,0x1e,
    0x14,0x02,0xd2,0x00,0x00,0x00,0x02,0x41,0x13,0x02,0x02,0x00,0x00,0x29,0x00,0x31,0x12,0x00,0x27,0x60,0x06,0x79,0x00,0x31,
    0x12,0x00,0x0d,0x90,0x06,0x96,0x00,0x21,0x12,0x00,0x00,0x00,0x00,0x00,0x00,0x31,0x13,0x00,0x06,0x92,0x29,0x60,0x00,0x31,
    0x14,0x20,0x06,0x77,0x77,0x60,0x02,0x41,0x41,0x30,0x00,0x02,0x20,0x00,0x03,0x14,0x85,0x03,0x00,0x00,0x00,0x02,0x31,0xc8,
    0x11,0x51,0xb3,0x22,0x22,0x34,0x15,0x11,0x11,0x1f,0x11,0x8a,0xa8,0x11,0x51,0x11,0x11,0x11,0x11,0x11,0x11,0x11,0x11,0x11,
};
static const lv_image_dsc_t emoji_1f609 = {
    .header = {.magic = LV_IMAGE_HEADER_MAGIC, .cf = LV_COLOR_FORMAT_I4, .w = 16, .h = 16, .stride = 8},
    .data_size = sizeof(emoji_1f609_pixels), .data = emoji_1f609_pixels,
};
static const uint8_t emoji_1f60a_pixels[] = {
    0x2e,0xd5,0xfb,0xfd,0x00,0x00,0x00,0x00,0x24,0xb0,0xf3,0xf1,0x1b,0xa5,0xf3,0x9a,0x0f,0x9c,0xf5,0x21,0x00,0xff,0xff,0x01,
    0x13,0x4e,0x67,0xff,0x00,0x00,0xf2,0x03,0x07,0x72,0xf7,0x0e,0x1a,0x6e,0x8e,0xff,0x1f,0x8a,0xa6,0xff,0x19,0xa0,0xf3,0x40,
    0x00,0xaa,0xaa,0x03,0x7f,0xff,0xff,0x02,0x55,0xaa,0xff,0x03,0x00,0x00,0x7f,0x02,0x11,0x15,0x11,0x84,0x48,0x11,0x51,0x11,
    0x11,0x51,0xb3,0x22,0x22,0x3b,0x15,0x11,0x55,0x83,0x00,0x00,0x00,0x00,0x37,0xc7,0x41,0x30,0x00,0x00,0x00,0x00,0x03,0x1e,
    0x14,0x20,0x00,0x00,0x00,0x00,0x02,0x41,0x13,0x00,0x26,0xa0,0x0a,0x62,0x00,0x31,0x12,0x00,0x96,0x60,0x06,0x69,0x00,0x31,
    0x12,0x22,0x20,0x00,0x00,0x00,0x00,0x21,0x12,0x22,0x22,0x00,0x00,0x00,0x00,0x31,0x13,0x22,0x29,0x00,0x00,0x92,0x00,0x31,
    0x14,0x22,0x2a,0x66,0x66,0xa0,0x02,0x41,0x41,0x30,0x00,0x02,0x20,0x00,0x03,0x14,0x75,0xf3,0x00,0x00,0x00,0x02,0x31,0xc7,
    0x11,0x51,0xb3,0x22,0x22,0x34,0x15,0x11,0x11,0x1d,0x11,0x78,0x87,0x11,0x51,0x11,0x11,0x11,0x11,0x11,0x11,0x11,0x11,0x11,
};
static const lv_image_dsc_t emoji_1f60a = {
    .header = {.magic = LV_IMAGE_HEADER_MAGIC, .cf = LV_COLOR_FORMAT_I4, .w = 16, .h = 16, .stride = 8},
    .data_size = sizeof(emoji_1f60a_pixels), .data = emoji_1f60a_pixels,
};
static const uint8_t emoji_1f60b_pixels[] = {
    0x2e,0xd8,0xfb,0xfe,0x00,0x00,0x00,0x00,0x26,0xb3,0xf0,0xe8,0x1f,0xa6,0xf3,0x96,0x00,0xff,0xff,0x01,0x15,0x59,0x72,0xfe,
    0x20,0x91,0xad,0xfe,0x00,0x00,0xf4,0x02,0x16,0xa1,0xf7,0x1f,0x1b,0x6e,0x8e,0xfc,0x0d,0x71,0xe8,0x1a,0x19,0x9d,0xf1,0x40,
    0x7a,0x37,0xf5,0xfb,0x8b,0x44,0xff,0xfe,0x60,0x58,0xfb,0x90,0x69,0x72,0xfe,0xfe,0x11,0x14,0x11,0xa8,0x8a,0x11,0x41,0x11,
    0x11,0x41,0xb3,0x22,0x22,0x3b,0x14,0x11,0x44,0x73,0x00,0x00,0x00,0x00,0x37,0x07,0x81,0x30,0x00,0x00,0x00,0x00,0x03,0x10,
    0x18,0x20,0x00,0x00,0x00,0x00,0x02,0x81,0x13,0x00,0x65,0x60,0x06,0x56,0x00,0x31,0x12,0x00,0x56,0x50,0x05,0x65,0x00,0x21,
    0x12,0x00,0x00,0x00,0x00,0x00,0x00,0x21,0x12,0x26,0x00,0x00,0x00,0x00,0x22,0x21,0x13,0x09,0x20,0x00,0x00,0x02,0xcf,0x31,
    0x18,0x00,0x56,0x00,0x00,0x2c,0xcd,0x01,0x81,0x30,0x09,0x59,0x95,0x9f,0xdd,0xe1,0x74,0x03,0x00,0x02,0x20,0x02,0xe0,0x01,
    0x11,0x41,0xb3,0x22,0x22,0x3a,0x11,0x11,0x11,0x14,0x11,0x7a,0xa7,0x11,0x00,0x71,0x11,0x11,0x11,0x11,0x11,0x11,0x11,0x11,
};
static const lv_image_dsc_t emoji_1f60b = {
    .header = {.magic = LV_IMAGE_HEADER_MAGIC, .cf = LV_COLOR_FORMAT_I4, .w = 16, .h = 16, .stride = 8},
    .data_size = sizeof(emoji_1f60b_pixels), .data = emoji_1f60b_pixels,
};
static const uint8_t emoji_1f60c_pixels[] = {
    0x2e,0xd7,0xfc,0xfe,0x00,0x00,0x00,0x00,0x23,0xb3,0xeb,0xe9,0x1a,0xa4,0xf2,0x95,0x20,0x8e,0xa9,0xfe,0x00,0xff,0xff,0x01,
    0x0e,0x9b,0xf4,0x21,0x00,0x00,0xf2,0x03,0x00,0x75,0xef,0x0e,0x19,0x6b,0x86,0xfe,0x14,0x53,0x6b,0xff,0x18,0x9d,0xf0,0x40,
    0x0d,0x30,0x49,0xfe,0x00,0xaa,0xaa,0x03,0x7f,0xff,0xff,0x02,0x55,0xaa,0xff,0x03,0x11,0x15,0x11,0x86,0x68,0x11,0x51,0x11,
    0x11,0x51,0xb3,0x22,0x22,0x3b,0x15,0x11,0x55,0x83,0x00,0x00,0x00,0x00,0x37,0xd7,0x61,0x30,0x02,0x00,0x00,0x20,0x03,0x1f,
    0x16,0x02,0x94,0x00,0x00,0x49,0x20,0x61,0x13,0x02,0x00,0x00,0x00,0x00,0x20,0x31,0x12,0x02,0x42,0x40,0x04,0x24,0x20,0x21,
    0x12,0x00,0x9a,0x40,0x04,0xa9,0x00,0x21,0x12,0x00,0x00,0x00,0x00,0x00,0x00,0x21,0x13,0x00,0x00,0x00,0x00,0x00,0x00,0x31,
    0x16,0x20,0x00,0x94,0x4a,0x00,0x02,0x61,0x61,0x30,0x00,0x4c,0xc4,0x00,0x03,0x16,0x75,0x03,0x00,0x00,0x00,0x02,0x31,0xd7,
    0x11,0x51,0xb3,0x22,0x22,0x36,0x15,0x11,0x11,0x1e,0x11,0x78,0x87,0x11,0x51,0x11,0x11,0x11,0x11,0x11,0x11,0x11,0x11,0x11,
};
static const lv_image_dsc_t emoji_1f60c = {
    .header = {.magic = LV_IMAGE_HEADER_MAGIC, .cf = LV_COLOR_FORMAT_I4, .w = 16, .h = 16, .stride = 8},
    .data_size = sizeof(emoji_1f60c_pixels), .data = emoji_1f60c_pixels,
};
static const uint8_t emoji_1f60d_pixels[] = {
    0x00,0x00,0x00,0x00,0x2e,0xd5,0xfc,0xfe,0x28,0xad,0xf1,0xf0,0x1a,0xa4,0xf3,0x95,0x32,0x59,0xf0,0xfe,0x34,0x35,0xed,0xfe,
    0x00,0xff,0xff,0x01,0x0f,0xa2,0xf7,0x20,0x54,0x61,0xfa,0xfd,0x00,0x00,0xff,0x01,0x09,0x17,0x2d,0xfe,0x09,0x65,0xec,0x11,
    0x21,0x94,0xb1,0xff,0x19,0x9f,0xf3,0x40,0x00,0xaa,0xaa,0x03,0x00,0x00,0xb6,0x07,0x00,0x06,0x00,0xb7,0x7b,0x00,0x60,0x00,
    0x00,0x60,0xd3,0x22,0x22,0x3d,0x06,0x00,0x66,0x93,0x11,0x11,0x11,0x11,0x39,0xe9,0x70,0x31,0x12,0x21,0x12,0x21,0x13,0x00,
    0x07,0x24,0x45,0x52,0x28,0x54,0x42,0x70,0x03,0x88,0x54,0x52,0x28,0x45,0x54,0x30,0x02,0x88,0x44,0x52,0x15,0x44,0x54,0x20,
    0x02,0x14,0x45,0x41,0x12,0x55,0x41,0x20,0x02,0x11,0x22,0x11,0x11,0x22,0x11,0x20,0x03,0x11,0x11,0xc2,0x2c,0x11,0x11,0x30,
    0x07,0x21,0x1c,0xa0,0x0a,0xc1,0x12,0x70,0x70,0x31,0x12,0x0a,0xa0,0x21,0x13,0x07,0x96,0x03,0x11,0x12,0x21,0x12,0x30,0xe9,
    0x00,0x60,0xd3,0x22,0x22,0x37,0x06,0x00,0x00,0x00,0x00,0xfb,0xbf,0x00,0x60,0x00,0x00,0x00,0x00,0x00,0x00,0x00,0x00,0x00,
};
static const lv_image_dsc_t emoji_1f60d = {
    .header = {.magic = LV_IMAGE_HEADER_MAGIC, .cf = LV_COLOR_FORMAT_I4, .w = 16, .h = 16, .stride = 8},
    .data_size = sizeof(emoji_1f60d_pixels), .data = emoji_1f60d_pixels,
};
static const uint8_t emoji_1f60e_pixels[] = {
    0x00,0x01,0x02,0x01,0x2e,0xd6,0xfc,0xfd,0x09,0x1c,0x2f,0xfc,0x24,0xb3,0xe4,0xf2,0x1b,0xa8,0xf4,0x98,0x15,0x56,0x71,0xfe,
    0x00,0xff,0xff,0x01,0x18,0x6f,0x8e,0xf5,0x11,0x36,0x4d,0xfd,0x11,0xa1,0xf9,0x1d,0x0d,0x75,0xeb,0x17,0x00,0x00,0xec,0x04,
    0x18,0x9d,0xf1,0x40,0x00,0x22,0x6e,0x04,0x0a,0x23,0x39,0x9f,0x1e,0x82,0xa1,0xfe,0x00,0x06,0x00,0xa9,0x9a,0x00,0x60,0x00,
    0x00,0x60,0xc4,0x33,0x33,0x4c,0x06,0x00,0x6d,0x04,0x11,0x11,0x11,0x11,0x40,0xd6,0x00,0x41,0x11,0x11,0x11,0x11,0x14,0x00,
    0x0e,0x55,0x55,0x77,0x77,0x55,0x55,0xe0,0x02,0x88,0x22,0x22,0x22,0x52,0x22,0x20,0x00,0x82,0x22,0x23,0x32,0x82,0x22,0x00,
    0x07,0x22,0x22,0x21,0x12,0x22,0x22,0x76,0x03,0x78,0x85,0x31,0x13,0x58,0x87,0x40,0x04,0x11,0x33,0x11,0x11,0x33,0x11,0x40,
    0x09,0x31,0x15,0x57,0x75,0x51,0x13,0xa0,0x90,0x41,0x11,0x3f,0xf3,0x11,0x14,0x09,0xb6,0xd4,0x11,0x11,0x11,0x13,0x40,0x0b,
    0x00,0x60,0xc4,0x33,0x33,0x49,0x06,0x00,0x00,0x00,0x00,0xba,0xab,0x00,0x60,0x00,0x00,0x00,0x00,0x00,0x00,0x00,0x00,0x00,
};
static const lv_image_dsc_t emoji_1f60e = {
    .header = {.magic = LV_IMAGE_HEADER_MAGIC, .cf = LV_COLOR_FORMAT_I4, .w = 16, .h = 16, .stride = 8},
    .data_size = sizeof(emoji_1f60e_pixels), .data = emoji_1f60e_pixels,
};
static const uint8_t emoji_1f60f_pixels[] = {
    0x2e,0xd4,0xf9,0xfe,0x00,0x00,0x00,0x00,0x24,0xb2,0xe8,0xea,0x1b,0xa5,0xf3,0x95,0x00,0xff,0xff,0x01,0x0f,0x9c,0xf3,0x21,
    0x20,0x90,0xad,0xfe,0x0e,0x33,0x4a,0xfe,0x06,0x71,0xed,0x0e,0x00,0x00,0xf7,0x02,0x19,0x9f,0xf3,0x40,0x1b,0x76,0x93,0xfc,
    0x00,0xaa,0xaa,0x03,0x00,0x00,0xb6,0x07,0x55,0xaa,0xff,0x03,0x7f,0xff,0xff,0x02,0x11,0x14,0x11,0x85,0x58,0x11,0x41,0x11,
    0x11,0x41,0xa3,0x22,0x22,0x3a,0x14,0x11,0x44,0x83,0x00,0x00,0x00,0x00,0x39,0xc9,0x51,0x30,0x00,0x00,0x00,0x00,0x03,0x1e,
    0x15,0x00,0x60,0x00,0x00,0x06,0x00,0x51,0x13,0x0b,0x20,0x00,0x00,0x02,0xb0,0x31,0x12,0x00,0x66,0x00,0x00,0x62,0x00,0x21,
    0x12,0x00,0x27,0x60,0x00,0xb7,0x20,0x21,0x12,0x00,0x00,0x00,0x00,0x00,0x00,0x21,0x13,0x00,0x00,0x00,0x00,0x20,0x00,0x31,
    0x15,0x20,0x00,0x00,0x06,0x70,0x02,0x51,0x51,0x30,0x02,0x77,0x77,0x20,0x03,0x15,0x94,0x03,0x00,0x22,0x20,0x02,0x31,0xc9,
    0x11,0x41,0xa3,0x22,0x22,0x35,0x14,0x11,0x11,0x1f,0x11,0xd8,0x89,0x11,0x41,0x11,0x11,0x11,0x11,0x11,0x11,0x11,0x11,0x11,
};
static const lv_image_dsc_t emoji_1f60f = {
    .header = {.magic = LV_IMAGE_HEADER_MAGIC, .cf = LV_COLOR_FORMAT_I4, .w = 16, .h = 16, .stride = 8},
    .data_size = sizeof(emoji_1f60f_pixels), .data = emoji_1f60f_pixels,
};
static const uint8_t emoji_1f610_pixels[] = {
    0x2e,0xd6,0xfb,0xfd,0x00,0x00,0x00,0x00,0x23,0xb4,0xef,0xe8,0x1a,0xa5,0xf3,0x95,0x0e,0x9d,0xf4,0x21,0x1b,0x73,0x8d,0xff,
    0x00,0xff,0xff,0x01,0x00,0x00,0xf2,0x03,0x1e,0x84,0x9f,0xff,0x06,0x75,0xf1,0x0e,0x19,0xa0,0xf3,0x40,0x00,0xaa,0xaa,0x03,
    0x0a,0x1b,0x32,0xff,0x16,0x4b,0x66,0xff,0x7f,0xff,0xff,0x02,0x55,0xaa,0xff,0x03,0x11,0x16,0x11,0x94,0x49,0x11,0x61,0x11,
    0x11,0x61,0xa3,0x22,0x22,0x3a,0x16,0x11,0x66,0x93,0x00,0x00,0x00,0x00,0x37,0xb7,0x41,0x30,0x00,0x00,0x00,0x00,0x03,0x1f,
    0x14,0x20,0x00,0x00,0x00,0x00,0x02,0x41,0x13,0x00,0x0d,0x80,0x08,0xd0,0x00,0x31,0x12,0x00,0x0c,0x50,0x05,0xc0,0x00,0x21,
    0x12,0x00,0x02,0x00,0x00,0x20,0x00,0x21,0x12,0x00,0x00,0x00,0x00,0x00,0x00,0x21,0x13,0x00,0x25,0x55,0x55,0x52,0x00,0x31,
    0x14,0x20,0x25,0x88,0x88,0x52,0x02,0x41,0x41,0x30,0x00,0x00,0x00,0x00,0x03,0x14,0x76,0x03,0x00,0x00,0x00,0x02,0x31,0xb7,
    0x11,0x61,0xa3,0x22,0x22,0x34,0x16,0x11,0x11,0x1e,0x11,0x79,0x97,0x11,0x61,0x11,0x11,0x11,0x11,0x11,0x11,0x11,0x11,0x11,
};
static const lv_image_dsc_t emoji_1f610 = {
    .header = {.magic = LV_IMAGE_HEADER_MAGIC, .cf = LV_COLOR_FORMAT_I4, .w = 16, .h = 16, .stride = 8},
    .data_size = sizeof(emoji_1f610_pixels), .data = emoji_1f610_pixels,
};
static const uint8_t emoji_1f611_pixels[] = {
    0x2e,0xd5,0xfb,0xfd,0x00,0x00,0x00,0x00,0x23,0xb4,0xf1,0xe6,0x1b,0xa6,0xf3,0x95,0x00,0xff,0xff,0x01,0x0f,0x9d,0xf5,0x21,
    0x1b,0x76,0x91,0xff,0x00,0x72,0xf7,0x0e,0x00,0x00,0xf0,0x03,0x1e,0x84,0x9f,0xff,0x19,0xa0,0xf4,0x40,0x0f,0x35,0x49,0xff,
    0x13,0x4a,0x60,0xff,0x00,0xaa,0xaa,0x03,0x55,0xaa,0xff,0x03,0x00,0x00,0x7f,0x02,0x11,0x14,0x11,0x75,0x57,0x11,0x41,0x11,
    0x11,0x41,0xa3,0x22,0x22,0x3a,0x14,0x11,0x44,0x73,0x00,0x00,0x00,0x00,0x38,0xd4,0x51,0x30,0x00,0x00,0x00,0x00,0x03,0x1e,
    0x15,0x20,0x00,0x00,0x00,0x00,0x02,0x51,0x13,0x00,0x00,0x00,0x00,0x00,0x00,0x31,0x12,0x00,0x9b,0xc0,0x0c,0xb9,0x00,0x21,
    0x12,0x00,0x00,0x00,0x00,0x00,0x00,0x21,0x12,0x00,0x00,0x00,0x00,0x00,0x00,0x21,0x13,0x00,0x26,0x66,0x66,0x62,0x00,0x31,
    0x15,0x20,0x26,0x69,0x99,0x62,0x02,0x51,0x51,0x30,0x00,0x00,0x00,0x00,0x03,0x15,0x84,0xf3,0x00,0x00,0x00,0x02,0x31,0xd8,
    0x11,0x41,0xa3,0x22,0x22,0x35,0x14,0x11,0x11,0x14,0x11,0x87,0x78,0x11,0x41,0x11,0x11,0x11,0x11,0x11,0x11,0x11,0x11,0x11,
};
static const lv_image_dsc_t emoji_1f611 = {
    .header = {.magic = LV_IMAGE_HEADER_MAGIC, .cf = LV_COLOR_FORMAT_I4, .w = 16, .h = 16, .stride = 8},
    .data_size = sizeof(emoji_1f611_pixels), .data = emoji_1f611_pixels,
};
static const uint8_t emoji_1f612_pixels[] = {
    0x2e,0xd4,0xfa,0xfe,0x00,0x00,0x00,0x00,0x24,0xb3,0xe8,0xea,0x1b,0xa5,0xf3,0x95,0x00,0xff,0xff,0x01,0x0e,0x9c,0xf4,0x21,
    0x21,0x93,0xb1,0xfe,0x1b,0x76,0x96,0xfd,0x00,0x72,0xf7,0x0e,0x00,0x00,0xf0,0x03,0x0e,0x2f,0x47,0xff,0x18,0x9f,0xf4,0x40,
    0x16,0x5c,0x73,0xff,0x00,0xaa,0xaa,0x03,0x7f,0xff,0xff,0x02,0x55,0xaa,0xff,0x03,0x11,0x14,0x11,0x85,0x58,0x11,0x41,0x11,
    0x11,0x41,0xb3,0x22,0x22,0x3b,0x14,0x11,0x44,0x83,0x00,0x00,0x00,0x00,0x39,0xd4,0x51,0x30,0x00,0x00,0x00,0x00,0x03,0x1f,
    0x15,0x02,0x76,0x00,0x00,0x67,0x20,0x51,0x13,0x07,0x20,0x00,0x00,0x02,0x70,0x31,0x12,0x00,0x66,0x00,0x00,0x62,0x00,0x21,
    0x12,0x00,0x2a,0x60,0x00,0x7a,0x20,0x21,0x12,0x00,0x00,0x00,0x00,0x00,0x00,0x21,0x13,0x00,0x00,0x02,0x20,0x00,0x00,0x31,
    0x15,0x20,0x00,0xca,0xac,0x00,0x02,0x51,0x51,0x30,0x02,0x60,0x06,0x20,0x03,0x15,0x94,0x03,0x00,0x00,0x00,0x02,0x31,0xd9,
    0x11,0x41,0xb3,0x22,0x22,0x35,0x14,0x11,0x11,0x1e,0x11,0x98,0x89,0x11,0x41,0x11,0x11,0x11,0x11,0x11,0x11,0x11,0x11,0x11,
};
static const lv_image_dsc_t emoji_1f612 = {
    .header = {.magic = LV_IMAGE_HEADER_MAGIC, .cf = LV_COLOR_FORMAT_I4, .w = 16, .h = 16, .stride = 8},
    .data_size = sizeof(emoji_1f612_pixels), .data = emoji_1f612_pixels,
};
static const uint8_t emoji_1f613_pixels[] = {
    0x2e,0xd6,0xfb,0xfe,0x00,0x00,0x00,0x00,0x23,0xb5,0xf2,0xe3,0x18,0xa6,0xf5,0x9b,0x0c,0x9c,0xf6,0x1c,0x18,0x68,0x83,0xfe,
    0x1f,0x8f,0xad,0xfe,0x00,0xff,0xff,0x01,0x00,0x00,0xff,0x01,0xf3,0xad,0x30,0xfb,0x00,0x60,0xdd,0x13,0xab,0xb6,0x74,0xfe,
    0x44,0xd9,0xed,0xff,0xc6,0xb9,0x6f,0x98,0xeb,0xcb,0x66,0xff,0x18,0x60,0x78,0xff,0x10,0x00,0x01,0x14,0x41,0x11,0x41,0x11,
    0x10,0x10,0xd3,0x22,0x22,0x34,0x17,0x11,0x00,0x09,0xe0,0x00,0x00,0x00,0x31,0x48,0x01,0xde,0x90,0x00,0x00,0x00,0x03,0x10,
    0x14,0x00,0x9b,0x00,0x00,0x00,0x02,0x41,0x13,0x00,0x9b,0x00,0x00,0x00,0x00,0x31,0x13,0xcb,0x0c,0x00,0x00,0x00,0x00,0x31,
    0x12,0x00,0x66,0x20,0x02,0x66,0x00,0x21,0x12,0x06,0xf5,0x50,0x05,0x5f,0x60,0x21,0x13,0x00,0x00,0x00,0x00,0x00,0x00,0x31,
    0x14,0x00,0x00,0x06,0x60,0x00,0x02,0x41,0x41,0x30,0x00,0x55,0x55,0x00,0x03,0x14,0x77,0xa3,0x00,0x00,0x00,0x00,0x38,0x77,
    0x18,0x11,0x03,0x22,0x22,0x30,0x17,0x81,0x11,0x80,0x11,0xa4,0xaa,0x11,0x71,0x11,0x11,0x11,0x11,0x11,0x11,0x11,0x11,0x11,
};
static const lv_image_dsc_t emoji_1f613 = {
    .header = {.magic = LV_IMAGE_HEADER_MAGIC, .cf = LV_COLOR_FORMAT_I4, .w = 16, .h = 16, .stride = 8},
    .data_size = sizeof(emoji_1f613_pixels), .data = emoji_1f613_pixels,
};
static const uint8_t emoji_1f614_pixels[] = {
    0x2e,0xd4,0xf8,0xfe,0x24,0xb1,0xe5,0xed,0x1b,0xa5,0xf3,0x95,0x0f,0x9c,0xf5,0x21,0x00,0xff,0xff,0x01,0x00,0x00,0xf4,0x02,
    0x12,0x48,0x5f,0xfe,0x1a,0x6e,0x8a,0xfe,0x07,0x73,0xed,0x11,0x19,0x9f,0xf0,0x40,0x00,0xaa,0xaa,0x03,0x7f,0xff,0xff,0x02,
    0x55,0xaa,0xff,0x03,0x00,0x00,0x7f,0x02,0x00,0x00,0x00,0x00,0x2e,0xd6,0xfc,0xfe,0xee,0xe4,0xee,0x83,0x38,0xee,0x4e,0xee,
    0xee,0x4e,0x92,0x11,0x11,0x29,0xe4,0xee,0x44,0x52,0x0f,0xff,0xff,0xf0,0x25,0xa5,0x3e,0x20,0x0f,0xff,0xff,0xf0,0x02,0xec,
    0xe3,0x1f,0x00,0x0f,0xf0,0x00,0xf1,0x3e,0xe2,0x01,0x70,0x0f,0xf0,0x07,0x10,0x2e,0xe1,0x01,0xf0,0x00,0x00,0x0f,0x10,0x1e,
    0xe1,0xf0,0x1f,0x1f,0xf1,0x01,0x0f,0x1e,0xe1,0xf1,0x66,0x70,0xf7,0x66,0x1f,0x1e,0xe2,0x0f,0xf0,0x00,0x00,0x0f,0xf0,0x2e,
    0xe3,0x10,0xf0,0x11,0x11,0x0f,0x01,0x3e,0x3e,0x20,0x0f,0x76,0x67,0xf0,0x02,0xe3,0x54,0xd2,0x0f,0xff,0xff,0xf1,0x2e,0xa5,
    0xee,0x4e,0x92,0x11,0x11,0x23,0xe4,0xee,0xee,0xeb,0xee,0x58,0x85,0xee,0x4e,0xee,0xee,0xee,0xee,0xee,0xee,0xee,0xee,0xee,
};
static const lv_image_dsc_t emoji_1f614 = {
    .header = {.magic = LV_IMAGE_HEADER_MAGIC, .cf = LV_COLOR_FORMAT_I4, .w = 16, .h = 16, .stride = 8},
    .data_size = sizeof(emoji_1f614_pixels), .data = emoji_1f614_pixels,
};
static const uint8_t emoji_1f615_pixels[] = {
    0x2e,0xd4,0xfa,0xfd,0x00,0x00,0x00,0x00,0x23,0xb5,0xef,0xe7,0x1b,0xa5,0xf3,0x95,0x0e,0x9d,0xf6,0x20,0x00,0xff,0xff,0x01,
    0x1b,0x73,0x8c,0xff,0x00,0x00,0xf4,0x02,0x00,0x6f,0xf5,0x11,0x17,0x9d,0xf0,0x40,0x10,0x34,0x4d,0xff,0x1e,0x81,0x9d,0xff,
    0x00,0xaa,0xaa,0x03,0x7f,0xff,0xff,0x02,0x15,0x54,0x6c,0xff,0x55,0xaa,0xff,0x03,0x11,0x15,0x11,0x84,0x48,0x11,0x51,0x11,
    0x11,0x51,0x93,0x22,0x22,0x39,0x15,0x11,0x55,0x73,0x00,0x00,0x00,0x00,0x37,0xc7,0x41,0x30,0x00,0x00,0x00,0x00,0x03,0x1f,
    0x14,0x20,0x00,0x00,0x00,0x00,0x02,0x41,0x13,0x00,0x2a,0xb0,0x06,0xa0,0x00,0x31,0x12,0x00,0x20,0x60,0x06,0xa0,0x00,0x21,
    0x12,0x00,0x00,0x00,0x00,0x00,0x00,0x21,0x12,0x00,0x00,0x00,0x22,0x00,0x00,0x21,0x13,0x00,0x00,0x6e,0x66,0x60,0x00,0x31,
    0x14,0x20,0x0b,0x20,0x00,0x00,0x02,0x41,0x41,0x30,0x00,0x00,0x00,0x00,0x03,0x14,0x75,0x03,0x00,0x00,0x00,0x02,0x31,0xc7,
    0x11,0x51,0x93,0x22,0x22,0x34,0x15,0x11,0x11,0x1d,0x11,0x78,0x87,0x11,0x51,0x11,0x11,0x11,0x11,0x11,0x11,0x11,0x11,0x11,
};
static const lv_image_dsc_t emoji_1f615 = {
    .header = {.magic = LV_IMAGE_HEADER_MAGIC, .cf = LV_COLOR_FORMAT_I4, .w = 16, .h = 16, .stride = 8},
    .data_size = sizeof(emoji_1f615_pixels), .data = emoji_1f615_pixels,
};
static const uint8_t emoji_1f616_pixels[] = {
    0x2e,0xd5,0xfb,0xfe,0x00,0x00,0x00,0x00,0x23,0xb4,0xec,0xe8,0x1b,0xa4,0xf2,0x95,0x00,0xff,0xff,0x01,0x10,0xa0,0xf6,0x1d,
    0x15,0x57,0x6f,0xfe,0x1b,0x75,0x8d,0xff,0x21,0x93,0xb1,0xfe,0x00,0x00,0xf2,0x03,0x05,0x77,0xef,0x16,0x09,0x18,0x2d,0xff,
    0x19,0x9f,0xf1,0x40,0x0f,0x39,0x50,0xfb,0x00,0xaa,0xaa,0x03,0x55,0xaa,0xff,0x03,0x11,0x14,0x11,0xa5,0x5a,0x11,0x41,0x11,
    0x11,0x41,0xc3,0x22,0x22,0x3c,0x14,0x11,0x44,0xa3,0x00,0x00,0x00,0x00,0x39,0xe9,0x51,0x30,0x00,0x00,0x00,0x00,0x03,0x1f,
    0x15,0x20,0x00,0x00,0x00,0x00,0x02,0x51,0x13,0x00,0x20,0x00,0x00,0x02,0x00,0x31,0x12,0x00,0x67,0x00,0x00,0x67,0x00,0x21,
    0x12,0x00,0x06,0xb2,0x8b,0x70,0x00,0x21,0x12,0x00,0x76,0x70,0x27,0x68,0x00,0x21,0x13,0x00,0x80,0x00,0x00,0x08,0x00,0x31,
    0x15,0x20,0x87,0xb6,0x6b,0x78,0x02,0x51,0x51,0x30,0x2d,0x26,0x62,0xd8,0x03,0x15,0x94,0x03,0x00,0x00,0x00,0x00,0x31,0xe9,
    0x11,0x41,0xc3,0x22,0x22,0x3a,0x14,0x11,0x11,0x14,0x11,0x9a,0xa9,0x11,0x41,0x11,0x11,0x11,0x11,0x11,0x11,0x11,0x11,0x11,
};
static const lv_image_dsc_t emoji_1f616 = {
    .header = {.magic = LV_IMAGE_HEADER_MAGIC, .cf = LV_COLOR_FORMAT_I4, .w = 16, .h = 16, .stride = 8},
    .data_size = sizeof(emoji_1f616_pixels), .data = emoji_1f616_pixels,
};
static const uint8_t emoji_1f617_pixels[] = {
    0x2e,0xd5,0xfb,0xfe,0x00,0x00,0x00,0x00,0x24,0xb5,0xee,0xea,0x1b,0xa5,0xf3,0x98,0x0f,0x9c,0xf5,0x21,0x00,0xff,0xff,0x01,
    0x00,0x00,0xf5,0x02,0x1b,0x76,0x90,0xff,0x00,0x6f,0xf5,0x11,0x16,0x56,0x70,0xfe,0x18,0x9d,0xf1,0x40,0x0f,0x30,0x49,0xff,
    0x00,0xaa,0xaa,0x03,0x7f,0xff,0xff,0x02,0x21,0x8c,0xa8,0xff,0x0c,0x23,0x39,0xff,0x11,0x15,0x11,0x84,0x48,0x11,0x51,0x11,
    0x11,0x51,0xa3,0x22,0x22,0x3a,0x15,0x11,0x55,0x63,0x00,0x00,0x00,0x00,0x36,0xc6,0x41,0x30,0x00,0x00,0x00,0x00,0x03,0x10,
    0x14,0x20,0x00,0x00,0x00,0x00,0x02,0x41,0x13,0x00,0x09,0x70,0x0e,0xb2,0x00,0x31,0x12,0x00,0x0b,0x70,0x07,0xf2,0x00,0x31,
    0x12,0x00,0x00,0x00,0x00,0x00,0x00,0x21,0x12,0x00,0x00,0x02,0x92,0x00,0x00,0x21,0x13,0x00,0x00,0x00,0x97,0x00,0x00,0x31,
    0x14,0x20,0x00,0x00,0x77,0x00,0x02,0x41,0x41,0x30,0x00,0x02,0x92,0x00,0x03,0x14,0x65,0x63,0x00,0x00,0x00,0x02,0x31,0xc6,
    0x11,0x51,0xa3,0x22,0x22,0x34,0x15,0x11,0x11,0x1d,0x11,0x68,0x86,0x11,0x51,0x11,0x11,0x11,0x11,0x11,0x11,0x11,0x11,0x11,
};
static const lv_image_dsc_t emoji_1f617 = {
    .header = {.magic = LV_IMAGE_HEADER_MAGIC, .cf = LV_COLOR_FORMAT_I4, .w = 16, .h = 16, .stride = 8},
    .data_size = sizeof(emoji_1f617_pixels), .data = emoji_1f617_pixels,
};
static const uint8_t emoji_1f618_pixels[] = {
    0x2e,0xd6,0xfb,0xfe,0x00,0x00,0x00,0x00,0x27,0xae,0xeb,0xef,0x1d,0xa6,0xf3,0x9b,0x15,0x9d,0xf5,0x26,0x00,0x0b,0xfb,0x02,
    0x20,0x94,0xaf,0xfe,0x37,0x35,0xe9,0xfc,0x16,0x57,0x71,0xfe,0x00,0xff,0xff,0x01,0x06,0x77,0xf5,0x0e,0x2b,0x33,0xd6,0xb0,
    0x30,0x45,0xe2,0xfd,0x1b,0x7d,0x95,0xfe,0x11,0x11,0xb1,0x11,0x55,0xaa,0xff,0x03,0x11,0x59,0x11,0xa4,0x4a,0x11,0x41,0x11,
    0x11,0x11,0x03,0x22,0x22,0x34,0x10,0x11,0x99,0xa3,0x00,0x00,0x00,0x00,0x31,0x45,0xf1,0x30,0x66,0x00,0x00,0x00,0x03,0x1f,
    0x14,0x02,0xd0,0x00,0x00,0x02,0x02,0x41,0x13,0x00,0x20,0x60,0x06,0x06,0x00,0x31,0x12,0x00,0x20,0x60,0x08,0x8d,0x00,0x31,
    0x52,0x00,0x00,0x00,0x00,0x02,0x20,0x21,0x12,0x00,0x00,0x02,0x80,0x20,0xc2,0x31,0x13,0x00,0x00,0x00,0x86,0x27,0x77,0xb1,
    0x14,0x00,0x00,0x00,0x86,0x27,0x77,0xb1,0x01,0x30,0x00,0x02,0x82,0x2c,0xcb,0xe5,0x99,0x53,0x00,0x00,0x00,0x02,0x31,0x15,
    0x11,0x11,0x03,0x22,0x22,0x34,0x10,0x01,0x11,0x50,0x11,0x5a,0xae,0x11,0x01,0x11,0x11,0x11,0x11,0x11,0x11,0x11,0x11,0x11,
};
static const lv_image_dsc_t emoji_1f618 = {
    .header = {.magic = LV_IMAGE_HEADER_MAGIC, .cf = LV_COLOR_FORMAT_I4, .w = 16, .h = 16, .stride = 8},
    .data_size = sizeof(emoji_1f618_pixels), .data = emoji_1f618_pixels,
};
static const uint8_t emoji_1f619_pixels[] = {
    0x2e,0xd5,0xfb,0xfd,0x00,0x00,0x00,0x00,0x23,0xb3,0xee,0xe7,0x1b,0xa6,0xf3,0x95,0x00,0xff,0xff,0x01,0x0e,0x9d,0xf6,0x20,
    0x15,0x55,0x6e,0xfe,0x00,0x00,0xf2,0x03,0x00,0x6f,0xf5,0x11,0x21,0x95,0xb0,0xff,0x18,0x9d,0xf0,0x40,0x1a,0x6a,0x85,0xff,
    0x00,0xaa,0xaa,0x03,0x7f,0xff,0xff,0x02,0x55,0xaa,0xff,0x03,0x00,0x00,0x7f,0x02,0x11,0x14,0x11,0x85,0x58,0x11,0x41,0x11,
    0x11,0x41,0xa3,0x22,0x22,0x3a,0x14,0x11,0x44,0x73,0x00,0x00,0x00,0x00,0x37,0xc4,0x51,0x30,0x00,0x00,0x00,0x00,0x03,0x1e,
    0x15,0x20,0x00,0x00,0x00,0x00,0x02,0x51,0x13,0x00,0x26,0x90,0x09,0x62,0x00,0x31,0x12,0x00,0xb6,0x60,0x06,0x6b,0x00,0x21,
    0x12,0x00,0x00,0x00,0x00,0x00,0x00,0x21,0x12,0x00,0x00,0x02,0x60,0x00,0x00,0x21,0x13,0x00,0x00,0x00,0x69,0x00,0x00,0x31,
    0x15,0x20,0x00,0x00,0x69,0x00,0x02,0x51,0x51,0x30,0x00,0x02,0x62,0x00,0x03,0x15,0x74,0xf3,0x00,0x00,0x00,0x02,0x31,0xc7,
    0x11,0x41,0xa3,0x22,0x22,0x35,0x14,0x11,0x11,0x1d,0x11,0x78,0x87,0x11,0x41,0x11,0x11,0x11,0x11,0x11,0x11,0x11,0x11,0x11,
};
static const lv_image_dsc_t emoji_1f619 = {
    .header = {.magic = LV_IMAGE_HEADER_MAGIC, .cf = LV_COLOR_FORMAT_I4, .w = 16, .h = 16, .stride = 8},
    .data_size = sizeof(emoji_1f619_pixels), .data = emoji_1f619_pixels,
};
static const uint8_t emoji_1f61a_pixels[] = {
    0x2e,0xd3,0xf9,0xfe,0x00,0x00,0x00,0x00,0x23,0xae,0xf0,0xef,0x1a,0xa5,0xf3,0x95,0x11,0x9c,0xf6,0x1e,0x00,0xff,0xff,0x01,
    0x14,0x51,0x6a,0xfe,0x21,0x92,0xb0,0xfe,0x00,0x00,0xf4,0x02,0x17,0x9b,0xef,0x40,0x0c,0x6f,0xf2,0x14,0x1c,0x7a,0x9c,0xfb,
    0x00,0xaa,0xaa,0x03,0x55,0xaa,0xff,0x03,0x7f,0xff,0xff,0x02,0x00,0x00,0x7f,0x02,0x11,0x15,0x11,0xa4,0x44,0x11,0x51,0x11,
    0x11,0x51,0x93,0x22,0x22,0x39,0x15,0x11,0x55,0x83,0x00,0x00,0x00,0x00,0x38,0xc8,0x41,0x30,0x2b,0x00,0x02,0xb7,0x03,0x1d,
    0x14,0x02,0x70,0x00,0x00,0x07,0x20,0x41,0x13,0x00,0x07,0x00,0x00,0x70,0x00,0x31,0x12,0x02,0x66,0x60,0x06,0x66,0x00,0x21,
    0x12,0x22,0x20,0x00,0x00,0x00,0x00,0x21,0x12,0x22,0x22,0x02,0x60,0x00,0x00,0x21,0x13,0x22,0x22,0x00,0x67,0x00,0x00,0x31,
    0x14,0x22,0x20,0x00,0x67,0x00,0x02,0x41,0x41,0x30,0x00,0x02,0x62,0x00,0x03,0x14,0x85,0xf3,0x00,0x00,0x00,0x02,0x31,0xc8,
    0x11,0x51,0x93,0x22,0x22,0x34,0x15,0x11,0x11,0x1e,0x11,0x8a,0xa8,0x11,0x51,0x11,0x11,0x11,0x11,0x11,0x11,0x11,0x11,0x11,
};
static const lv_image_dsc_t emoji_1f61a = {
    .header = {.magic = LV_IMAGE_HEADER_MAGIC, .cf = LV_COLOR_FORMAT_I4, .w = 16, .h = 16, .stride = 8},
    .data_size = sizeof(emoji_1f61a_pixels), .data = emoji_1f61a_pixels,
};
static const uint8_t emoji_1f61b_pixels[] = {
    0x2e,0xd6,0xfc,0xfe,0x00,0x00,0x00,0x00,0x25,0xb3,0xeb,0xe7,0x0e,0xa1,0xf6,0x19,0x21,0xa3,0xf4,0x9f,0x1d,0x6f,0x8f,0xfe,
    0x00,0xff,0xff,0x01,0x17,0x9c,0xf1,0x67,0x73,0x37,0xeb,0xfe,0x86,0x42,0xff,0xef,0x08,0x7d,0xf5,0x0a,0x22,0x94,0xb2,0xfd,
    0x22,0x2b,0x61,0xfd,0x06,0x14,0x27,0xfe,0x16,0x55,0x6e,0xff,0x7e,0x41,0xff,0x53,0x11,0x66,0x11,0x33,0x33,0x11,0x66,0x11,
    0x10,0x11,0x72,0x20,0x02,0x27,0x11,0x01,0x6a,0xa4,0x00,0x00,0x00,0x00,0x4a,0xa6,0x61,0x40,0x00,0x00,0x00,0x00,0x04,0x10,
    0x17,0x00,0x00,0x00,0x00,0x00,0x00,0x31,0x14,0x00,0x0b,0x20,0x00,0xb0,0x00,0x41,0x12,0x00,0x2d,0xe0,0x05,0xd2,0x00,0x21,
    0x12,0x00,0x05,0xb0,0x0b,0x50,0x00,0x21,0x14,0x00,0x00,0x00,0x00,0x00,0x00,0x41,0x14,0x0b,0xee,0x55,0x55,0x5c,0xb0,0x41,
    0x13,0x22,0xdc,0x88,0x88,0xcd,0x22,0xa1,0x31,0x70,0x5c,0x90,0x89,0xc5,0x07,0x13,0x13,0x17,0x02,0x08,0x80,0x02,0x71,0x31,
    0x11,0xa1,0x34,0x09,0x99,0x43,0x16,0x11,0x11,0x13,0x11,0xf9,0x9f,0x11,0x31,0x11,0x11,0x11,0x11,0x11,0x11,0x11,0x11,0x11,
};
static const lv_image_dsc_t emoji_1f61b = {
    .header = {.magic = LV_IMAGE_HEADER_MAGIC, .cf = LV_COLOR_FORMAT_I4, .w = 16, .h = 16, .stride = 8},
    .data_size = sizeof(emoji_1f61b_pixels), .data = emoji_1f61b_pixels,
};
static const uint8_t emoji_1f61c_pixels[] = {
    0x00,0x00,0x00,0x00,0x2b,0xd3,0xfb,0xfe,0x25,0xb1,0xed,0xe4,0x0e,0xa0,0xf6,0x19,0x21,0xa3,0xf4,0x9f,0x1b,0x6f,0x8f,0xfe,
    0x00,0xff,0xff,0x01,0x74,0x38,0xed,0xfe,0xe2,0xeb,0xec,0xff,0x17,0x9c,0xef,0x67,0x86,0x42,0xfe,0xef,0x08,0x7d,0xf5,0x0a,
    0x1f,0x2e,0x5f,0xfd,0x56,0xe3,0xfd,0xfd,0x93,0xf2,0xfe,0xfe,0x04,0x15,0x27,0xfe,0x00,0x66,0x00,0x33,0x33,0x00,0x66,0x00,
    0x06,0x00,0x92,0x21,0x12,0x29,0x00,0x00,0x6b,0xb4,0x11,0x11,0x11,0x11,0x4b,0xb6,0x60,0x41,0x11,0x11,0x11,0x11,0x14,0x00,
    0x09,0x11,0x11,0x11,0x1e,0x8e,0x11,0x30,0x04,0x11,0x50,0x11,0xe8,0x08,0xd1,0x40,0x02,0x11,0x5f,0x51,0x80,0xf8,0xe1,0x20,
    0x02,0x12,0x01,0x11,0xd8,0x88,0xd1,0x20,0x04,0x11,0x11,0x11,0x1d,0xed,0x11,0x40,0x04,0x10,0xc5,0x55,0x55,0x5c,0x01,0x40,
    0x03,0x22,0xfc,0x77,0x77,0xcf,0x22,0xb0,0x30,0x91,0x5c,0xa7,0x7a,0xc5,0x19,0x03,0x03,0x09,0x12,0x07,0x70,0x02,0x90,0x30,
    0x00,0xb0,0x34,0x0a,0xaa,0x43,0x06,0x00,0x00,0x03,0x00,0x0a,0xa0,0x00,0x30,0x00,0x00,0x00,0x00,0x00,0x00,0x00,0x00,0x00,
};
static const lv_image_dsc_t emoji_1f61c = {
    .header = {.magic = LV_IMAGE_HEADER_MAGIC, .cf = LV_COLOR_FORMAT_I4, .w = 16, .h = 16, .stride = 8},
    .data_size = sizeof(emoji_1f61c_pixels), .data = emoji_1f61c_pixels,
};
static const uint8_t emoji_1f61d_pixels[] = {
    0x00,0x00,0x00,0x00,0x2e,0xd5,0xfa,0xfe,0x25,0xb1,0xe9,0xe9,0x0f,0xa0,0xf6,0x18,0x21,0xa3,0xf4,0x9f,0x14,0x4f,0x67,0xff,
    0x00,0xff,0xff,0x01,0x1f,0x70,0x93,0xfe,0x17,0x9c,0xf0,0x67,0x86,0x42,0xff,0xee,0x20,0x8c,0xa9,0xfd,0x7b,0x42,0xfc,0xfb,
    0x05,0x7c,0xf3,0x0a,0x70,0x33,0xe0,0xff,0x07,0x1d,0x2f,0xfe,0x26,0x26,0x64,0xfd,0x00,0x66,0x00,0x33,0x33,0x00,0x66,0x00,
    0x06,0x00,0x82,0x21,0x12,0x28,0x00,0x00,0x6c,0x34,0x11,0x11,0x11,0x11,0x4c,0xc6,0x60,0x41,0x11,0x11,0x11,0x11,0x14,0x00,
    0x08,0x11,0x11,0x11,0x11,0x11,0x11,0x30,0x04,0x12,0x52,0x11,0x11,0xa5,0x21,0x40,0x02,0x11,0xae,0x51,0x15,0xea,0x11,0x20,
    0x02,0x12,0x55,0xa1,0x1a,0x55,0x21,0x20,0x04,0x11,0x11,0x11,0x11,0x11,0x11,0x40,0x04,0x1a,0x57,0x77,0x77,0x75,0xa1,0x40,
    0x03,0x22,0xef,0xdd,0xdd,0xfe,0x22,0xc0,0x30,0x81,0x7f,0x9b,0xb9,0xf7,0x18,0x03,0x03,0x08,0x12,0x0b,0xb0,0x02,0x80,0x30,
    0x00,0xc0,0x34,0xb9,0x99,0x43,0x06,0x00,0x00,0x03,0x00,0x09,0x90,0x00,0x30,0x00,0x00,0x00,0x00,0x00,0x00,0x00,0x00,0x00,
};
static const lv_image_dsc_t emoji_1f61d = {
    .header = {.magic = LV_IMAGE_HEADER_MAGIC, .cf = LV_COLOR_FORMAT_I4, .w = 16, .h = 16, .stride = 8},
    .data_size = sizeof(emoji_1f61d_pixels), .data = emoji_1f61d_pixels,
};
static const uint8_t emoji_1f61e_pixels[] = {
    0x2e,0xd6,0xfc,0xfe,0x00,0x00,0x00,0x00,0x23,0xb3,0xf0,0xe6,0x1b,0xa5,0xf3,0x95,0x00,0xff,0xff,0x01,0x10,0x9d,0xf6,0x21,
    0x1f,0x8c,0xa8,0xfe,0x16,0x5c,0x76,0xfe,0x00,0x00,0xf2,0x03,0x00,0x71,0xf5,0x11,0x19,0x9c,0xf0,0x40,0x00,0xaa,0xaa,0x03,
    0x7f,0xff,0xff,0x02,0x18,0x66,0x80,0xff,0x55,0xaa,0xff,0x03,0x00,0x00,0x7f,0x02,0x11,0x14,0x11,0x95,0x59,0x11,0x41,0x11,
    0x11,0x41,0xa3,0x22,0x22,0x3a,0x14,0x11,0x44,0x83,0x00,0x00,0x00,0x00,0x38,0xb4,0x51,0x30,0x00,0x00,0x00,0x00,0x03,0x1e,
    0x15,0x20,0x00,0x00,0x00,0x00,0x02,0x51,0x13,0x00,0x00,0x00,0x00,0x00,0x00,0x31,0x12,0x00,0x00,0x00,0x00,0x00,0x00,0x21,
    0x12,0x00,0x00,0x00,0x00,0x00,0x00,0x21,0x12,0x00,0x67,0xd0,0x07,0x76,0x00,0x21,0x13,0x00,0x66,0x00,0x00,0x66,0x00,0x31,
    0x15,0x20,0x00,0x27,0x72,0x00,0x02,0x51,0x51,0x30,0x02,0x76,0x67,0x20,0x03,0x15,0x84,0xf3,0x00,0x00,0x00,0x02,0x31,0xb8,
    0x11,0x41,0xa3,0x22,0x22,0x35,0x14,0x11,0x11,0x1c,0x11,0x89,0x98,0x11,0x41,0x11,0x11,0x11,0x11,0x11,0x11,0x11,0x11,0x11,
};
static const lv_image_dsc_t emoji_1f61e = {
    .header = {.magic = LV_IMAGE_HEADER_MAGIC, .cf = LV_COLOR_FORMAT_I4, .w = 16, .h = 16, .stride = 8},
    .data_size = sizeof(emoji_1f61e_pixels), .data = emoji_1f61e_pixels,
};
static const uint8_t emoji_1f61f_pixels[] = {
    0x2e,0xd5,0xfa,0xfe,0x00,0x00,0x00,0x00,0x24,0xb2,0xe6,0xed,0x1b,0xa5,0xf3,0x9a,0x10,0x9b,0xf5,0x1e,0x00,0xff,0xff,0x01,
    0x00,0x00,0xf4,0x03,0x1c,0x77,0x94,0xfd,0x0e,0x33,0x4a,0xff,0x00,0x6f,0xf2,0x14,0x17,0x9b,0xef,0x40,0x21,0x91,0xb0,0xfd,
    0x0c,0x21,0x38,0xff,0x12,0x44,0x5d,0xff,0x00,0xaa,0xaa,0x03,0x55,0xaa,0xff,0x03,0x11,0x15,0x11,0x94,0x44,0x11,0x51,0x11,
    0x11,0x51,0xa3,0x22,0x22,0x3a,0x15,0x11,0x55,0x63,0x00,0x00,0x00,0x00,0x36,0xe5,0x41,0x30,0x27,0x00,0x00,0x72,0x03,0x1f,
    0x14,0x02,0x70,0x00,0x00,0x07,0x20,0x41,0x13,0x00,0x00,0x00,0x00,0x00,0x00,0x31,0x12,0x00,0x0d,0x70,0x0b,0x82,0x00,0x31,
    0x12,0x00,0x0c,0x70,0x07,0xc2,0x00,0x21,0x12,0x00,0x00,0x00,0x00,0x00,0x00,0x31,0x13,0x00,0x00,0x02,0x20,0x00,0x00,0x31,
    0x14,0x20,0x02,0xd8,0x88,0x20,0x02,0x41,0x41,0x30,0x02,0xb0,0x0b,0x20,0x03,0x14,0x65,0x63,0x00,0x00,0x00,0x02,0x31,0xe6,
    0x11,0x51,0xa3,0x22,0x22,0x34,0x15,0x11,0x11,0x10,0x11,0x69,0x96,0x11,0x51,0x11,0x11,0x11,0x11,0x11,0x11,0x11,0x11,0x11,
};
static const lv_image_dsc_t emoji_1f61f = {
    .header = {.magic = LV_IMAGE_HEADER_MAGIC, .cf = LV_COLOR_FORMAT_I4, .w = 16, .h = 16, .stride = 8},
    .data_size = sizeof(emoji_1f61f_pixels), .data = emoji_1f61f_pixels,
};
static const uint8_t emoji_1f620_pixels[] = {
    0x2e,0xd5,0xfb,0xfe,0x00,0x00,0x00,0x00,0x23,0xb4,0xef,0xe8,0x1b,0xa6,0xf4,0x95,0x00,0xff,0xff,0x01,0x0e,0x9d,0xf6,0x20,
    0x16,0x59,0x72,0xfe,0x00,0x00,0xf2,0x03,0x21,0x96,0xb3,0xfd,0x00,0x71,0xf5,0x11,0x1c,0x78,0x92,0xff,0x18,0x9c,0xf0,0x40,
    0x00,0xaa,0xaa,0x03,0x0a,0x15,0x2e,0xff,0x55,0xaa,0xff,0x03,0x00,0x00,0x7f,0x02,0x11,0x14,0x11,0x95,0x59,0x11,0x41,0x11,
    0x11,0x41,0xb3,0x22,0x22,0x3b,0x14,0x11,0x44,0x73,0x00,0x00,0x00,0x00,0x37,0xc4,0x51,0x30,0x00,0x00,0x00,0x00,0x03,0x1e,
    0x15,0x20,0x00,0x00,0x00,0x00,0x02,0x51,0x13,0x00,0x00,0x00,0x00,0x00,0x00,0x31,0x12,0x00,0x00,0x00,0x00,0x00,0x00,0x21,
    0x12,0x00,0x26,0x80,0x08,0x62,0x00,0x21,0x12,0x00,0x06,0xd0,0x0d,0x60,0x00,0x21,0x13,0x00,0x0a,0xa0,0x0a,0xa0,0x00,0x31,
    0x15,0x20,0x00,0x26,0x62,0x00,0x02,0x51,0x51,0x30,0x08,0x68,0x86,0x80,0x03,0x15,0x74,0xf3,0x02,0x00,0x00,0x22,0x31,0xc7,
    0x11,0x41,0xb3,0x22,0x22,0x35,0x14,0x11,0x11,0x14,0x11,0x79,0x97,0x11,0x41,0x11,0x11,0x11,0x11,0x11,0x11,0x11,0x11,0x11,
};
static const lv_image_dsc_t emoji_1f620 = {
    .header = {.magic = LV_IMAGE_HEADER_MAGIC, .cf = LV_COLOR_FORMAT_I4, .w = 16, .h = 16, .stride = 8},
    .data_size = sizeof(emoji_1f620_pixels), .data = emoji_1f620_pixels,
};
static const uint8_t emoji_1f621_pixels[] = {
    0x2a,0x9d,0xf7,0xfd,0x00,0x00,0x00,0x00,0x0e,0x69,0xfa,0xf0,0x07,0x52,0xf5,0x9a,0x00,0x60,0xfd,0x0e,0x04,0x12,0xf1,0x0d,
    0x20,0x69,0x96,0xfe,0x11,0x36,0x50,0xff,0x41,0xc8,0xfd,0xff,0x3e,0xc2,0xfb,0xff,0x17,0x4f,0x76,0xfd,0x05,0x4b,0xf4,0x40,
    0x00,0xff,0xff,0x01,0x24,0x00,0x91,0x07,0x00,0x55,0xaa,0x03,0x0c,0x28,0x3e,0xff,0x11,0x14,0x11,0x54,0x45,0x11,0x41,0x11,
    0x11,0x51,0xb3,0x22,0x22,0x3b,0x15,0x11,0x54,0x53,0x20,0x00,0x00,0x02,0x35,0x45,0x41,0x32,0x00,0x00,0x00,0x00,0x23,0x14,
    0x14,0x20,0x00,0x00,0x00,0x00,0x02,0x41,0x13,0x20,0x09,0x99,0x99,0x90,0x02,0x31,0x12,0x00,0x66,0x88,0x88,0x66,0x00,0x31,
    0x12,0x00,0x07,0xa0,0x0a,0x70,0x00,0x21,0x12,0x00,0x07,0x70,0x07,0xf0,0x00,0x31,0x13,0x20,0x06,0x08,0x80,0x60,0x02,0x31,
    0x14,0x20,0x00,0x67,0x76,0x00,0x02,0x51,0x41,0x32,0x0a,0x60,0x06,0xa0,0x23,0x14,0x54,0x13,0x22,0x00,0x00,0x22,0x31,0xe5,
    0x11,0xc1,0xb3,0x22,0x22,0x35,0x1c,0x11,0x11,0x14,0x11,0xd5,0x50,0x11,0x41,0x11,0x11,0x11,0x11,0x11,0x11,0x11,0x11,0x11,
};
static const lv_image_dsc_t emoji_1f621 = {
    .header = {.magic = LV_IMAGE_HEADER_MAGIC, .cf = LV_COLOR_FORMAT_I4, .w = 16, .h = 16, .stride = 8},
    .data_size = sizeof(emoji_1f621_pixels), .data = emoji_1f621_pixels,
};
static const uint8_t emoji_1f622_pixels[] = {
    0x2e,0xd7,0xfb,0xfe,0x00,0x00,0x00,0x00,0x24,0xb2,0xe6,0xee,0x1a,0xa5,0xf3,0x9a,0x13,0x9b,0xf5,0x21,0x00,0xff,0xff,0x01,
    0x00,0x06,0xff,0x01,0x20,0x8f,0xad,0xfe,0x17,0x73,0x91,0xfe,0x17,0x57,0x6f,0xfe,0xfd,0xcd,0x64,0xfd,0x00,0x6f,0xef,0x14,
    0x9f,0xcc,0xa4,0xfe,0xf3,0xad,0x31,0xfe,0x0c,0x1e,0x38,0xff,0x23,0xa5,0xf3,0x40,0x11,0x15,0x11,0xb4,0x44,0x11,0x51,0x11,
    0x11,0x51,0xf3,0x22,0x22,0x3f,0x15,0x11,0x55,0x63,0x00,0x00,0x00,0x00,0x36,0x06,0x41,0x30,0x00,0x00,0x00,0x00,0x03,0x10,
    0x14,0x20,0x72,0x00,0x00,0x27,0x02,0x41,0x13,0x02,0x82,0x00,0x00,0x28,0x20,0x31,0x12,0x00,0x2e,0x90,0x08,0xe2,0x00,0x31,
    0x12,0x00,0x09,0x70,0x07,0x90,0x00,0x21,0x12,0x00,0x0c,0x00,0x00,0x00,0x00,0x31,0x13,0x00,0x00,0x00,0x00,0x00,0x00,0x31,
    0x14,0x2c,0xad,0x08,0x92,0x00,0x02,0x41,0x01,0x3c,0xad,0x08,0x79,0x20,0x03,0x14,0x60,0x10,0xad,0x00,0x00,0x02,0x31,0x06,
    0x10,0x10,0x00,0x22,0x22,0x34,0x15,0x11,0x11,0x61,0x11,0x6b,0xb0,0x11,0x51,0x11,0x11,0x11,0x11,0x11,0x11,0x11,0x11,0x11,
};
static const lv_image_dsc_t emoji_1f622 = {
    .header = {.magic = LV_IMAGE_HEADER_MAGIC, .cf = LV_COLOR_FORMAT_I4, .w = 16, .h = 16, .stride = 8},
    .data_size = sizeof(emoji_1f622_pixels), .data = emoji_1f622_pixels,
};
static const uint8_t emoji_1f623_pixels[] = {
    0x2e,0xd5,0xfa,0xfe,0x00,0x00,0x00,0x00,0x24,0xb2,0xe7,0xec,0x1b,0xa4,0xf2,0x95,0x00,0xff,0xff,0x01,0x0f,0x9c,0xf5,0x21,
    0x1f,0x8b,0xa8,0xfe,0x00,0x06,0xf2,0x03,0x10,0x3b,0x52,0xff,0x16,0x5b,0x73,0xff,0x07,0x73,0xed,0x11,0x1b,0x74,0x8d,0xff,
    0x17,0x9f,0xf3,0x40,0x00,0xaa,0xaa,0x03,0x7f,0xff,0xff,0x02,0x55,0xaa,0xff,0x03,0x11,0x14,0x11,0xa5,0x5a,0x11,0x41,0x11,
    0x11,0x41,0xc3,0x22,0x22,0x3c,0x14,0x11,0x44,0x73,0x00,0x00,0x00,0x00,0x37,0xd4,0x51,0x30,0x00,0x00,0x00,0x00,0x03,0x1f,
    0x15,0x20,0x2b,0x00,0x00,0x62,0x02,0x51,0x13,0x02,0x60,0x00,0x00,0x06,0x20,0x31,0x12,0x00,0x26,0x00,0x00,0x62,0x00,0x21,
    0x12,0x00,0x28,0x90,0x09,0x82,0x00,0x21,0x12,0x00,0x89,0xb0,0x0b,0x98,0x20,0x21,0x13,0x00,0x20,0x00,0x00,0x02,0x00,0x31,
    0x15,0x20,0x00,0xb8,0x89,0x00,0x02,0x51,0x51,0x30,0x02,0x60,0x06,0x20,0x03,0x15,0x74,0x03,0x00,0x00,0x00,0x02,0x31,0xd7,
    0x11,0x41,0xc3,0x22,0x22,0x35,0x14,0x11,0x11,0x1e,0x11,0x7a,0xa7,0x11,0x41,0x11,0x11,0x11,0x11,0x11,0x11,0x11,0x11,0x11,
};
static const lv_image_dsc_t emoji_1f623 = {
    .header = {.magic = LV_IMAGE_HEADER_MAGIC, .cf = LV_COLOR_FORMAT_I4, .w = 16, .h = 16, .stride = 8},
    .data_size = sizeof(emoji_1f623_pixels), .data = emoji_1f623_pixels,
};
static const uint8_t emoji_1f624_pixels[] = {
    0x00,0x00,0x00,0x00,0x2d,0xd5,0xf9,0xfc,0xf2,0xf3,0xe5,0xfb,0x24,0xb2,0xe6,0xef,0x22,0x94,0xb2,0xfe,0x0f,0xa0,0xfc,0x19,
    0x1d,0xa9,0xf6,0x96,0x12,0x54,0x6c,0xfe,0xea,0xb3,0x5e,0x11,0x58,0xd8,0xed,0xfc,0x00,0x73,0xf3,0x12,0xf7,0xdf,0xb7,0xe4,
    0xff,0x00,0x00,0x01,0x55,0xaa,0xff,0x03,0xe5,0xc9,0x8c,0x5b,0xe5,0xc2,0x81,0x3b,0x00,0x05,0x00,0x05,0x50,0x00,0x50,0x00,
    0x00,0xa0,0x50,0x13,0x31,0x05,0x0a,0x00,0x05,0x06,0x34,0x11,0x11,0x43,0x60,0x50,0xd0,0x61,0x14,0x73,0x37,0x41,0x10,0x0d,
    0x05,0x31,0x11,0x11,0x11,0x11,0x13,0x50,0x06,0x11,0x44,0x41,0x14,0x44,0x11,0x60,0x06,0x11,0x47,0x71,0x17,0x74,0x11,0x60,
    0x06,0x11,0x11,0x11,0x11,0x11,0x11,0x30,0xc0,0x29,0x02,0x93,0x39,0x20,0x92,0x0c,0x0b,0x22,0x20,0x77,0x77,0x02,0x22,0xb0,
    0x82,0x22,0x23,0x11,0x11,0x32,0x22,0x28,0x8b,0x22,0x29,0x11,0x11,0x92,0x22,0xb8,0x0f,0xe0,0x01,0x11,0x11,0x10,0x0e,0xf0,
    0x00,0x00,0x56,0x33,0x33,0x6a,0x00,0x00,0x00,0x80,0x00,0x0a,0xa0,0x00,0x08,0x00,0x00,0x00,0x00,0x00,0x00,0x00,0x00,0x00,
};
static const lv_image_dsc_t emoji_1f624 = {
    .header = {.magic = LV_IMAGE_HEADER_MAGIC, .cf = LV_COLOR_FORMAT_I4, .w = 16, .h = 16, .stride = 8},
    .data_size = sizeof(emoji_1f624_pixels), .data = emoji_1f624_pixels,
};
static const uint8_t emoji_1f625_pixels[] = {
    0x2e,0xd9,0xfc,0xfe,0x00,0x00,0x00,0x00,0x24,0xb4,0xe7,0xf0,0x1a,0xa6,0xf2,0x9b,0x0e,0x9b,0xf4,0x22,0x00,0xff,0xff,0x01,
    0x21,0x95,0xb0,0xfe,0x17,0x5c,0x75,0xfe,0x00,0x00,0xf0,0x03,0x07,0x72,0xf7,0x0e,0xf9,0xcc,0x68,0xf9,0xf3,0xab,0x2e,0xfd,
    0x1b,0x72,0x90,0xfe,0x1b,0x9d,0xf0,0x40,0xdc,0xb9,0x58,0xeb,0x59,0xce,0xd5,0xff,0x11,0x15,0x11,0x94,0x49,0x11,0x51,0x11,
    0x11,0x51,0xd3,0x22,0x22,0x3d,0x15,0x11,0x55,0x93,0x00,0x00,0x00,0x00,0x38,0x08,0x41,0x30,0x02,0x00,0x00,0x20,0x03,0x10,
    0x14,0x02,0xc6,0x00,0x00,0x6c,0x22,0x41,0x13,0x02,0x20,0x00,0x00,0x02,0x20,0x31,0x12,0xf0,0x06,0x00,0x00,0x60,0x00,0x31,
    0x12,0xe0,0x20,0x70,0x0c,0x02,0x00,0x21,0x10,0xbe,0x07,0x60,0x06,0x70,0x00,0x31,0x10,0xab,0xf0,0x00,0x00,0x00,0x00,0x31,
    0x0a,0xab,0x00,0x27,0x72,0x00,0x02,0x41,0x0e,0xab,0x02,0x7c,0x67,0x20,0x03,0x14,0x10,0x00,0x00,0x00,0x00,0x02,0x31,0x08,
    0x11,0x11,0xd3,0x22,0x22,0x34,0x15,0x11,0x10,0x00,0x11,0x89,0x98,0x11,0x51,0x11,0x11,0x11,0x11,0x11,0x11,0x11,0x11,0x11,
};
static const lv_image_dsc_t emoji_1f625 = {
    .header = {.magic = LV_IMAGE_HEADER_MAGIC, .cf = LV_COLOR_FORMAT_I4, .w = 16, .h = 16, .stride = 8},
    .data_size = sizeof(emoji_1f625_pixels), .data = emoji_1f625_pixels,
};
static const uint8_t emoji_1f626_pixels[] = {
    0x2e,0xd5,0xfb,0xfe,0x00,0x00,0x00,0x00,0x24,0xb6,0xee,0xea,0x1a,0xa5,0xf3,0x95,0x00,0xff,0xff,0x01,0x0f,0x9d,0xf4,0x21,
    0x20,0x8b,0xa7,0xff,0x0a,0x1c,0x32,0xfe,0x06,0x75,0xed,0x0e,0x00,0x00,0xff,0x01,0x19,0x9f,0xf3,0x40,0x00,0xaa,0xaa,0x03,
    0x1b,0x74,0x94,0xfb,0x00,0x00,0xb6,0x07,0x11,0x40,0x59,0xfe,0x12,0x3a,0x55,0xff,0x11,0x14,0x11,0x85,0x58,0x11,0x41,0x11,
    0x11,0x41,0xa3,0x22,0x22,0x3a,0x14,0x11,0x44,0x83,0x00,0x00,0x00,0x00,0x39,0xb9,0x51,0x30,0x00,0x00,0x00,0x00,0x03,0x10,
    0x15,0x20,0x00,0x00,0x00,0x00,0x02,0x51,0x13,0x00,0x00,0x00,0x00,0x00,0x00,0x31,0x12,0x00,0x2f,0x60,0x06,0xf2,0x00,0x21,
    0x12,0x00,0x27,0x60,0x06,0x72,0x00,0x21,0x12,0x00,0x00,0x00,0x00,0x00,0x00,0x21,0x13,0x00,0x00,0x26,0x62,0x00,0x00,0x31,
    0x15,0x20,0x06,0x77,0x77,0x60,0x02,0x51,0x51,0x30,0x0c,0x7e,0xe7,0xc0,0x03,0x15,0x94,0x03,0x00,0x20,0x02,0x02,0x31,0xb9,
    0x11,0x41,0xa3,0x22,0x22,0x35,0x14,0x11,0x11,0x10,0x11,0xd8,0x8d,0x11,0x41,0x11,0x11,0x11,0x11,0x11,0x11,0x11,0x11,0x11,
};
static const lv_image_dsc_t emoji_1f626 = {
    .header = {.magic = LV_IMAGE_HEADER_MAGIC, .cf = LV_COLOR_FORMAT_I4, .w = 16, .h = 16, .stride = 8},
    .data_size = sizeof(emoji_1f626_pixels), .data = emoji_1f626_pixels,
};
static const uint8_t emoji_1f627_pixels[] = {
    0x2e,0xd4,0xf9,0xfe,0x00,0x00,0x00,0x00,0x23,0xb3,0xee,0xe6,0x1b,0xa6,0xf4,0x95,0x20,0x8e,0xae,0xfd,0x00,0xff,0xff,0x01,
    0x0f,0x9b,0xf4,0x21,0x0a,0x1d,0x34,0xfe,0x00,0x00,0xff,0x01,0x0f,0x35,0x4d,0xfe,0x00,0x6a,0xf0,0x11,0x1b,0x75,0x94,0xfd,
    0x17,0x99,0xeb,0x40,0x00,0x00,0x91,0x07,0x00,0xaa,0xaa,0x03,0x7f,0xff,0xff,0x02,0x11,0x15,0x11,0xa6,0x6a,0x11,0x51,0x11,
    0x11,0x51,0xc3,0x22,0x22,0x3c,0x15,0x11,0x55,0x83,0x00,0x00,0x00,0x00,0x31,0xe8,0x61,0x30,0xb4,0x00,0x00,0x4b,0x03,0x10,
    0x16,0x02,0x40,0x00,0x00,0x04,0x20,0x61,0x13,0x00,0x00,0x00,0x00,0x00,0x00,0x31,0x12,0x00,0x00,0x40,0x04,0x90,0x00,0x21,
    0x12,0x00,0x07,0xb0,0x0b,0x70,0x00,0x21,0x12,0x00,0x00,0x00,0x00,0x00,0x00,0x21,0x13,0x00,0x00,0x04,0x40,0x00,0x00,0x31,
    0x16,0x20,0x02,0x97,0x79,0x20,0x02,0x61,0x61,0x30,0x04,0x79,0x97,0x40,0x03,0x16,0x85,0x83,0x00,0x20,0x02,0x02,0x31,0xe8,
    0x11,0x51,0xc3,0x22,0x22,0x36,0x15,0x11,0x11,0x1f,0x11,0xda,0xad,0x11,0x51,0x11,0x11,0x11,0x11,0x11,0x11,0x11,0x11,0x11,
};
static const lv_image_dsc_t emoji_1f627 = {
    .header = {.magic = LV_IMAGE_HEADER_MAGIC, .cf = LV_COLOR_FORMAT_I4, .w = 16, .h = 16, .stride = 8},
    .data_size = sizeof(emoji_1f627_pixels), .data = emoji_1f627_pixels,
};
static const uint8_t emoji_1f628_pixels[] = {
    0x00,0x00,0x00,0x00,0x30,0xd3,0xf7,0xfe,0xa1,0xb2,0x9b,0xfe,0x22,0xb1,0xe8,0xf0,0x60,0xd0,0xd5,0xfe,0x86,0xc4,0xb3,0xfe,
    0x14,0xa0,0xf0,0x99,0xe5,0x8d,0x71,0xf2,0x19,0x52,0x68,0xfe,0x68,0x9c,0x9a,0xf4,0xdb,0xa1,0x86,0xff,0xff,0x77,0x61,0x0c,
    0x4c,0xb4,0xca,0xdd,0x06,0x97,0xf1,0x22,0x00,0xff,0xff,0x01,0x09,0x1d,0x35,0xff,0x00,0x0b,0x00,0xbb,0xbb,0x00,0xb0,0x00,
    0x00,0x00,0x00,0x77,0x77,0x00,0x00,0x00,0x00,0x00,0xaa,0x77,0x77,0xaa,0x00,0x00,0x00,0x0a,0x00,0x22,0x22,0x00,0xa0,0x00,
    0x00,0x29,0x92,0x22,0x22,0x29,0x92,0x00,0x00,0x52,0x55,0x55,0x55,0x55,0x25,0x00,0x0c,0x44,0x98,0x04,0x40,0x09,0x44,0x90,
    0x0c,0x44,0xcf,0x84,0x48,0xfc,0x44,0xc0,0x03,0x11,0x11,0x11,0x11,0x11,0x11,0x60,0x06,0x11,0x11,0x13,0x31,0x11,0x11,0x60,
    0x0d,0x31,0x11,0x8f,0xf8,0x11,0x13,0xd0,0xd0,0x61,0x13,0x08,0x80,0x31,0x16,0x0d,0x0e,0x06,0x11,0x11,0x11,0x13,0x60,0x00,
    0x00,0xe0,0x06,0x33,0x33,0x6d,0x0e,0x00,0x00,0x0e,0x00,0x00,0x00,0x00,0xe0,0x00,0x00,0x00,0x00,0x00,0x00,0x00,0x00,0x00,
};
static const lv_image_dsc_t emoji_1f628 = {
    .header = {.magic = LV_IMAGE_HEADER_MAGIC, .cf = LV_COLOR_FORMAT_I4, .w = 16, .h = 16, .stride = 8},
    .data_size = sizeof(emoji_1f628_pixels), .data = emoji_1f628_pixels,
};
static const uint8_t emoji_1f629_pixels[] = {
    0x00,0x00,0x00,0x00,0x2e,0xd4,0xfb,0xfc,0x23,0xb4,0xe9,0xf1,0x1a,0xa6,0xf2,0x9a,0x24,0x4f,0x65,0xfe,0x00,0xff,0xff,0x01,
    0x0f,0x9d,0xf6,0x21,0x1f,0x8c,0xaa,0xfd,0x04,0x1b,0x31,0xff,0x1b,0x70,0x8c,0xfd,0x00,0x00,0xf2,0x03,0x00,0x6a,0xec,0x0f,
    0x18,0xa0,0xf3,0x40,0x00,0xaa,0xaa,0x03,0x94,0xb0,0xbb,0xff,0xb3,0xb9,0xc1,0xff,0x00,0x05,0x00,0xb6,0x60,0x00,0x50,0x00,
    0x00,0x50,0xc3,0x12,0x21,0x3c,0x05,0x00,0x55,0xb3,0x11,0x21,0x12,0x11,0x3a,0xda,0x60,0x31,0x17,0x71,0x17,0x71,0x13,0x00,
    0x06,0x21,0x27,0x11,0x11,0x72,0x12,0x60,0x03,0x11,0x11,0x41,0x14,0x11,0x11,0x30,0x02,0x11,0x98,0x41,0x14,0x89,0x11,0x30,
    0x02,0x11,0x22,0x12,0x21,0x21,0x11,0x20,0x02,0x11,0x10,0xef,0xfe,0x01,0x11,0x30,0x03,0x11,0x24,0x04,0x44,0x42,0x11,0x30,
    0x06,0x21,0x98,0x88,0x88,0x84,0x12,0x60,0x60,0x31,0x90,0x97,0x79,0x09,0x13,0x06,0xa5,0x03,0x21,0x11,0x11,0x12,0x30,0xda,
    0x00,0x50,0xc3,0x22,0x22,0x36,0x05,0x00,0x00,0x00,0x00,0xab,0xba,0x00,0x50,0x00,0x00,0x00,0x00,0x00,0x00,0x00,0x00,0x00,
};
static const lv_image_dsc_t emoji_1f629 = {
    .header = {.magic = LV_IMAGE_HEADER_MAGIC, .cf = LV_COLOR_FORMAT_I4, .w = 16, .h = 16, .stride = 8},
    .data_size = sizeof(emoji_1f629_pixels), .data = emoji_1f629_pixels,
};
static const uint8_t emoji_1f62a_pixels[] = {
    0x2e,0xd8,0xfc,0xfd,0x00,0x00,0x00,0x00,0x24,0xb2,0xe6,0xef,0x1e,0xab,0xf7,0x9c,0xf9,0xc8,0x55,0xf9,0x1a,0x71,0x8d,0xfd,
    0x00,0xff,0xff,0x01,0x16,0x9f,0xf8,0x1b,0x21,0x91,0xad,0xff,0x00,0x00,0xff,0x01,0x09,0x6a,0xe7,0x1e,0x06,0x10,0x28,0xfd,
    0x19,0x9d,0xf0,0x40,0xf8,0xd9,0x5c,0x13,0x2b,0x5c,0x67,0xfd,0x00,0x00,0x73,0x05,0x11,0x16,0x11,0xa7,0x77,0x11,0x61,0x11,
    0x11,0x61,0xc3,0x22,0x22,0x3c,0x16,0x11,0x66,0x93,0x00,0x00,0x00,0x00,0x39,0x09,0x71,0x30,0x00,0x00,0x00,0x00,0x03,0x10,
    0x17,0x00,0x20,0x00,0x00,0x02,0x00,0x71,0x13,0x05,0x80,0x00,0x00,0x08,0x50,0x31,0x12,0x22,0x00,0x00,0x00,0x00,0x22,0x31,
    0x12,0x02,0x58,0x50,0x05,0x25,0x20,0x21,0x12,0x00,0x8e,0x80,0x02,0xe0,0x00,0x30,0x13,0x00,0x00,0x00,0x00,0x44,0x40,0x01,
    0x17,0x20,0x00,0x85,0x50,0x44,0x44,0x4d,0x71,0x30,0x05,0xbb,0xbb,0xe4,0x44,0x4d,0x96,0xf3,0x02,0x82,0x25,0x20,0x44,0x00,
    0x11,0x61,0xc3,0x02,0x22,0x3a,0x00,0x11,0x11,0x16,0x11,0xfa,0xaf,0x11,0x11,0xd1,0x11,0x11,0x11,0x11,0x11,0x11,0x11,0x11,
};
static const lv_image_dsc_t emoji_1f62a = {
    .header = {.magic = LV_IMAGE_HEADER_MAGIC, .cf = LV_COLOR_FORMAT_I4, .w = 16, .h = 16, .stride = 8},
    .data_size = sizeof(emoji_1f62a_pixels), .data = emoji_1f62a_pixels,
};
static const uint8_t emoji_1f62b_pixels[] = {
    0x00,0x00,0x00,0x00,0x2d,0xd3,0xfa,0xfc,0x23,0xb1,0xe6,0xf0,0x1b,0xa6,0xf3,0x9a,0x1a,0x6d,0x88,0xfd,0x0f,0x9d,0xf6,0x21,
    0x00,0xff,0xff,0x01,0x1f,0x90,0xae,0xfe,0x00,0x05,0xf4,0x02,0x2d,0x4b,0x61,0xfe,0x02,0x18,0x2f,0xff,0x10,0x36,0x4d,0xfd,
    0x00,0x63,0xe6,0x14,0x18,0x9d,0xf1,0x40,0x00,0xaa,0xaa,0x03,0x93,0xae,0xb9,0xff,0x00,0x06,0x00,0xc5,0x50,0x00,0x60,0x00,
    0x00,0x60,0xd3,0x12,0x21,0x3d,0x06,0x00,0x66,0x83,0x11,0x71,0x17,0x11,0x38,0xe8,0x50,0x31,0x14,0x21,0x12,0x41,0x13,0x00,
    0x05,0x21,0x22,0x11,0x11,0x22,0x12,0x50,0x03,0x11,0x14,0x41,0x14,0x41,0x11,0x30,0x02,0x11,0x14,0xb1,0x1b,0x41,0x11,0x30,
    0x02,0x11,0x77,0x12,0x21,0x77,0x11,0x20,0x02,0x11,0x10,0xf0,0x0f,0x01,0x11,0x30,0x03,0x11,0x29,0x09,0x99,0x92,0x11,0x30,
    0x05,0x21,0x4a,0xaa,0xaa,0xa9,0x12,0x50,0x50,0x31,0x4b,0x47,0x74,0xb4,0x13,0x05,0x86,0x03,0x21,0x11,0x11,0x12,0x30,0xe8,
    0x00,0x60,0xd3,0x22,0x22,0x35,0x06,0x00,0x00,0x00,0x00,0x8c,0xc8,0x00,0x60,0x00,0x00,0x00,0x00,0x00,0x00,0x00,0x00,0x00,
};
static const lv_image_dsc_t emoji_1f62b = {
    .header = {.magic = LV_IMAGE_HEADER_MAGIC, .cf = LV_COLOR_FORMAT_I4, .w = 16, .h = 16, .stride = 8},
    .data_size = sizeof(emoji_1f62b_pixels), .data = emoji_1f62b_pixels,
};
static const uint8_t emoji_1f62c_pixels[] = {
    0x2c,0xd2,0xfa,0xfe,0x00,0x00,0x00,0x00,0x27,0xaf,0xe3,0xec,0x1b,0xa5,0xf2,0x9a,0x00,0xff,0xff,0x01,0x13,0xa2,0xf8,0x1b,
    0xce,0xcc,0xd7,0xff,0x68,0xa4,0xb6,0xff,0xa4,0xa4,0xb1,0xfe,0x00,0x00,0xf2,0x03,0x05,0x76,0xe9,0x1e,0x34,0x90,0xac,0xfd,
    0x1e,0x77,0x91,0xff,0x12,0x34,0x4d,0xff,0x19,0x9c,0xf0,0x40,0x00,0xaa,0xaa,0x03,0x11,0x14,0x11,0xa5,0x5a,0x11,0x41,0x11,
    0x11,0x41,0xe3,0x22,0x22,0x3e,0x14,0x11,0x44,0x03,0x00,0x00,0x00,0x00,0x39,0xf9,0x51,0x30,0x00,0x00,0x00,0x00,0x03,0x10,
    0x15,0x20,0x00,0x00,0x00,0x00,0x02,0x51,0x13,0x00,0x0d,0xc0,0x0b,0xd0,0x00,0x31,0x12,0x00,0x0d,0xc0,0x0c,0x00,0x00,0x31,
    0x12,0x00,0x00,0x00,0x00,0x00,0x00,0x21,0x12,0x00,0xb7,0x77,0x77,0x7b,0x00,0x31,0x13,0x0b,0x86,0x66,0x66,0x68,0xb0,0x31,
    0x15,0x02,0x86,0x80,0x08,0x68,0x22,0xa1,0x51,0x30,0x22,0x22,0x22,0x22,0x03,0x15,0x94,0x03,0x00,0x00,0x00,0x00,0x31,0xf9,
    0x11,0x41,0xe3,0x22,0x22,0x3a,0x14,0x11,0x11,0x14,0x11,0x9a,0xa9,0x11,0x41,0x11,0x11,0x11,0x11,0x11,0x11,0x11,0x11,0x11,
};
static const lv_image_dsc_t emoji_1f62c = {
    .header = {.magic = LV_IMAGE_HEADER_MAGIC, .cf = LV_COLOR_FORMAT_I4, .w = 16, .h = 16, .stride = 8},
    .data_size = sizeof(emoji_1f62c_pixels), .data = emoji_1f62c_pixels,
};
static const uint8_t emoji_1f62d_pixels[] = {
    0x2e,0xd2,0xf8,0xfe,0x00,0x00,0x01,0x00,0x25,0xb2,0xec,0xe6,0xf3,0xca,0x56,0xfe,0xe6,0xbc,0x47,0xfe,0x1f,0xa7,0xf3,0xa4,
    0x00,0xff,0xff,0x01,0x19,0xa4,0xf7,0x21,0x1d,0x94,0xb5,0xfe,0xf8,0xb5,0x25,0x50,0x0a,0x7e,0xf4,0x0c,0x14,0x9d,0xf7,0x5e,
    0x16,0x5b,0x75,0xfd,0xfa,0xbb,0x2a,0x96,0xf4,0xb3,0x1d,0x1f,0x4a,0xc9,0xda,0xfd,0x11,0x66,0x11,0x77,0x77,0x11,0x66,0x11,
    0x16,0x11,0xb2,0x20,0x02,0x2b,0x11,0x01,0x6a,0xa5,0x00,0x00,0x00,0x00,0x5a,0xa6,0x61,0x50,0x00,0x00,0x00,0x00,0x05,0x10,
    0x1b,0x02,0x00,0x00,0x00,0x00,0x20,0x71,0x15,0x0c,0x88,0x00,0x00,0x88,0xc0,0x51,0x12,0x08,0x00,0xc0,0x0c,0x00,0x80,0x21,
    0x12,0x00,0x43,0x00,0x00,0x34,0x00,0x21,0x15,0x00,0x34,0x00,0x20,0x34,0x00,0x51,0x15,0x0f,0x43,0x00,0x00,0x34,0x00,0x51,
    0x17,0x2f,0x43,0x80,0x00,0x34,0x02,0xa1,0x71,0xb2,0x43,0x80,0x00,0x34,0x2b,0x17,0x00,0x90,0x30,0x02,0x2f,0x30,0x0e,0x00,
    0xe1,0x93,0x30,0x42,0x03,0x30,0x0e,0x00,0x10,0x19,0xdd,0x91,0x09,0xdd,0xe1,0x01,0x11,0x11,0x11,0x11,0x11,0x11,0x11,0x11,
};
static const lv_image_dsc_t emoji_1f62d = {
    .header = {.magic = LV_IMAGE_HEADER_MAGIC, .cf = LV_COLOR_FORMAT_I4, .w = 16, .h = 16, .stride = 8},
    .data_size = sizeof(emoji_1f62d_pixels), .data = emoji_1f62d_pixels,
};
static const uint8_t emoji_1f62e_pixels[] = {
    0x2d,0xd3,0xf9,0xfd,0x00,0x00,0x00,0x00,0x22,0xb4,0xf3,0xe4,0x1a,0xa5,0xf3,0x95,0x00,0xff,0xff,0x01,0x0f,0x9d,0xf4,0x21,
    0x0f,0x34,0x4c,0xfe,0x0a,0x1d,0x33,0xff,0x06,0x75,0xef,0x0e,0x00,0x07,0xf0,0x03,0x1c,0x76,0x91,0xfe,0x1f,0x85,0xa2,0xff,
    0x17,0x9f,0xf4,0x40,0x14,0x53,0x6d,0xfe,0x00,0xaa,0xaa,0x03,0x55,0xaa,0xff,0x03,0x11,0x14,0x11,0x85,0x58,0x11,0x41,0x11,
    0x11,0x41,0xc3,0x22,0x22,0x3c,0x14,0x11,0x44,0x83,0x00,0x00,0x00,0x00,0x39,0xe4,0x51,0x30,0x00,0x00,0x00,0x00,0x03,0x1f,
    0x15,0x20,0x00,0x00,0x00,0x00,0x02,0x51,0x13,0x00,0x06,0xa0,0x0b,0x60,0x00,0x31,0x12,0x00,0x07,0xa0,0x0a,0x70,0x00,0x21,
    0x12,0x00,0x00,0x00,0x00,0x00,0x00,0x21,0x12,0x00,0x00,0x0b,0xa0,0x00,0x00,0x21,0x13,0x00,0x00,0xd7,0x76,0x20,0x00,0x31,
    0x15,0x20,0x02,0x76,0x67,0xb0,0x02,0x51,0x51,0x30,0x00,0xa6,0x6d,0x00,0x03,0x15,0x94,0x03,0x00,0x00,0x00,0x02,0x31,0xe9,
    0x11,0x41,0xc3,0x22,0x22,0x35,0x14,0x11,0x11,0x10,0x11,0x98,0x89,0x11,0x41,0x11,0x11,0x11,0x11,0x11,0x11,0x11,0x11,0x11,
};
static const lv_image_dsc_t emoji_1f62e = {
    .header = {.magic = LV_IMAGE_HEADER_MAGIC, .cf = LV_COLOR_FORMAT_I4, .w = 16, .h = 16, .stride = 8},
    .data_size = sizeof(emoji_1f62e_pixels), .data = emoji_1f62e_pixels,
};
static const uint8_t emoji_1f62f_pixels[] = {
    0x2e,0xd6,0xfc,0xfe,0x00,0x00,0x00,0x00,0x24,0xb1,0xe6,0xed,0x1b,0xa6,0xf4,0x9a,0x21,0x90,0xae,0xfe,0x0e,0x9b,0xf4,0x21,
    0x00,0xff,0xff,0x01,0x00,0x00,0xf4,0x02,0x09,0x16,0x2d,0xfe,0x00,0x6a,0xdf,0x11,0x00,0xaa,0xaa,0x03,0x17,0x99,0xec,0x40,
    0x13,0x4a,0x62,0xff,0x1c,0x79,0x9c,0xfb,0x55,0xaa,0xff,0x03,0x00,0x00,0x7f,0x02,0x11,0x16,0x11,0x95,0x59,0x11,0x61,0x11,
    0x11,0x61,0xb3,0x22,0x22,0x3b,0x16,0x11,0x66,0xf3,0x00,0x00,0x00,0x00,0x37,0xa7,0x51,0x30,0xd4,0x00,0x00,0x4d,0x03,0x1e,
    0x15,0x02,0x20,0x00,0x00,0x02,0x20,0x51,0x13,0x00,0x02,0x00,0x00,0x20,0x00,0x31,0x12,0x00,0x48,0x40,0x04,0x84,0x00,0x31,
    0x12,0x00,0x2c,0x20,0x02,0xc2,0x00,0x21,0x12,0x00,0x00,0x00,0x00,0x00,0x00,0x31,0x13,0x00,0x00,0x04,0x40,0x00,0x00,0x31,
    0x15,0x20,0x00,0x48,0x84,0x00,0x02,0x51,0x51,0x30,0x00,0x48,0x84,0x00,0x03,0x15,0x76,0x73,0x00,0x04,0x40,0x02,0x31,0xa7,
    0x11,0x61,0xb3,0x22,0x22,0x35,0x16,0x11,0x11,0x16,0x11,0x79,0x97,0x11,0xa1,0x11,0x11,0x11,0x11,0x11,0x11,0x11,0x11,0x11,
};
static const lv_image_dsc_t emoji_1f62f = {
    .header = {.magic = LV_IMAGE_HEADER_MAGIC, .cf = LV_COLOR_FORMAT_I4, .w = 16, .h = 16, .stride = 8},
    .data_size = sizeof(emoji_1f62f_pixels), .data = emoji_1f62f_pixels,
};
static const uint8_t emoji_1f630_pixels[] = {
    0x00,0x00,0x00,0x01,0x2d,0xd5,0xf6,0xfe,0x14,0x57,0x6c,0xfe,0x22,0xb5,0xed,0xed,0x10,0x17,0x20,0xf8,0x21,0x98,0xb2,0xfe,
    0x0d,0x39,0x49,0xfd,0x17,0x6c,0x8a,0xfc,0x11,0xa1,0xf1,0xa1,0xff,0xae,0x16,0xfc,0x07,0x13,0x19,0x9b,0x00,0x00,0x63,0x03,
    0xf4,0xca,0x56,0xf4,0x04,0x51,0x60,0x0f,0x00,0x6f,0xe8,0x12,0x00,0xff,0xff,0x01,0x00,0x0b,0x00,0x00,0x00,0x00,0xb0,0x00,
    0x00,0x00,0x0a,0x44,0x44,0xa0,0x00,0x00,0x0b,0x0a,0x44,0x44,0x44,0x44,0xa0,0x00,0xd0,0x06,0x62,0x66,0x66,0x26,0x60,0x0d,
    0x0d,0x22,0x22,0x22,0x22,0x22,0x22,0x00,0x00,0x57,0x25,0x55,0x55,0x52,0x75,0x00,0x08,0x01,0x15,0x31,0x13,0x51,0x11,0x30,
    0x03,0xc0,0x14,0x21,0x17,0x43,0x11,0x30,0x00,0x90,0x12,0x51,0x15,0x21,0x11,0x30,0x00,0xc9,0x01,0x11,0x11,0x11,0x11,0x80,
    0x0c,0x09,0x01,0x22,0x27,0x11,0x13,0x00,0x00,0xc9,0x07,0x46,0x64,0x71,0x18,0x00,0x00,0x00,0x31,0x31,0x13,0x33,0x80,0xef,
    0x00,0x00,0x08,0x33,0x33,0x80,0x00,0x00,0x00,0x00,0x00,0xbe,0xe0,0x00,0xf0,0x00,0x00,0x00,0x00,0x00,0x00,0x00,0x00,0x00,
};
static const lv_image_dsc_t emoji_1f630 = {
    .header = {.magic = LV_IMAGE_HEADER_MAGIC, .cf = LV_COLOR_FORMAT_I4, .w = 16, .h = 16, .stride = 8},
    .data_size = sizeof(emoji_1f630_pixels), .data = emoji_1f630_pixels,
};
static const uint8_t emoji_1f631_pixels[] = {
    0x00,0x00,0x01,0x02,0x0c,0x1a,0x22,0xfb,0x28,0xac,0xe4,0xfe,0x15,0x53,0x6f,0xfe,0x1a,0x6f,0x9e,0xfb,0xeb,0xf1,0xf8,0xff,
    0x54,0xdf,0xfa,0xfc,0x34,0xd3,0xfd,0xfb,0x21,0x91,0xd8,0x6d,0x0e,0x74,0xe5,0x18,0xf3,0x75,0x5b,0xfc,0x1d,0xb1,0xf6,0x0c,
    0x55,0xaa,0xff,0x03,0x00,0xff,0xff,0x01,0x27,0xca,0xf8,0x67,0x0c,0x31,0x44,0xff,0x00,0x00,0x00,0x00,0x00,0x00,0x00,0x00,
    0x00,0x00,0x0a,0xaa,0xaa,0xa0,0x00,0x00,0x00,0x01,0x11,0x11,0x11,0x11,0x10,0x00,0x00,0x11,0x11,0x11,0x11,0x11,0x11,0x90,
    0x00,0xf1,0x30,0x01,0x10,0x03,0x1f,0x00,0x00,0x33,0x05,0x53,0x35,0x50,0x33,0x00,0x00,0x44,0x55,0x54,0x45,0x55,0x40,0x00,
    0x08,0x22,0x05,0x02,0x20,0x50,0x22,0x00,0x08,0x22,0x22,0x23,0x32,0x22,0x22,0x80,0x08,0x22,0x27,0x41,0x14,0x72,0x22,0x80,
    0xc0,0x07,0x62,0x31,0x13,0x26,0x70,0x0c,0x9d,0xb7,0x60,0x41,0x14,0x06,0x7b,0xd9,0x0c,0x00,0x66,0x4f,0xf4,0x66,0x00,0xc0,
    0x0b,0xde,0x76,0x43,0x34,0x67,0xed,0xb0,0x00,0x0b,0xe8,0x99,0x99,0x8e,0xb0,0x00,0x00,0x00,0x00,0x00,0x00,0x00,0x00,0x00,
};
static const lv_image_dsc_t emoji_1f631 = {
    .header = {.magic = LV_IMAGE_HEADER_MAGIC, .cf = LV_COLOR_FORMAT_I4, .w = 16, .h = 16, .stride = 8},
    .data_size = sizeof(emoji_1f631_pixels), .data = emoji_1f631_pixels,
};
static const uint8_t emoji_1f632_pixels[] = {
    0x2e,0xd6,0xfa,0xfe,0x00,0x00,0x00,0x00,0x26,0xb6,0xed,0xf1,0x19,0xa5,0xf4,0x98,0x00,0xff,0xff,0x01,0x10,0x9b,0xf4,0x24,
    0x22,0x8d,0xaa,0xfd,0x1a,0x71,0x8d,0xfd,0x28,0x4d,0x63,0xff,0x04,0x0f,0x26,0xfe,0x00,0x00,0xff,0x01,0x10,0x73,0xed,0x11,
    0x19,0xa3,0xf7,0x40,0x00,0xaa,0xaa,0x03,0x29,0xc0,0xff,0xa3,0x00,0x00,0xb6,0x07,0x11,0x14,0x11,0xb5,0x5b,0x11,0x41,0x11,
    0x11,0x41,0xce,0x22,0x22,0xec,0x14,0x11,0x44,0x13,0x22,0x00,0x00,0x22,0x31,0xda,0x51,0x32,0x76,0x00,0x00,0x67,0x23,0x10,
    0x15,0x22,0x00,0x00,0x00,0x00,0x22,0x51,0x13,0x00,0x00,0x60,0x02,0x00,0x00,0x31,0x12,0x00,0x29,0x70,0x06,0x92,0x00,0x31,
    0x12,0x00,0x07,0x20,0x00,0x70,0x00,0x21,0x12,0x00,0x00,0x02,0x20,0x00,0x00,0x31,0x13,0x00,0x00,0x00,0x00,0x00,0x00,0x31,
    0x15,0x20,0x00,0x68,0x86,0x00,0x02,0x51,0x01,0x30,0x00,0x69,0x96,0x00,0x03,0x15,0xa4,0xa3,0x00,0x28,0x80,0x02,0x31,0xda,
    0x11,0x41,0xc3,0x22,0x22,0x35,0x14,0x11,0x11,0x10,0x11,0xfb,0xbf,0x11,0x41,0x11,0x11,0x11,0x11,0x11,0x11,0x11,0x11,0x11,
};
static const lv_image_dsc_t emoji_1f632 = {
    .header = {.magic = LV_IMAGE_HEADER_MAGIC, .cf = LV_COLOR_FORMAT_I4, .w = 16, .h = 16, .stride = 8},
    .data_size = sizeof(emoji_1f632_pixels), .data = emoji_1f632_pixels,
};
static const uint8_t emoji_1f633_pixels[] = {
    0x00,0x00,0x00,0x00,0x2c,0xd4,0xfc,0xfe,0x23,0xae,0xec,0xf1,0x1a,0xa4,0xf3,0x99,0xf1,0xfb,0xfc,0xfe,0x00,0xff,0xff,0x01,
    0x0f,0x9e,0xf6,0x20,0x58,0xdd,0xfd,0xfe,0x00,0x00,0xf0,0x03,0x00,0x72,0xee,0x0e,0x9c,0xe5,0xfd,0xfd,0x91,0x9a,0xa6,0xff,
    0x20,0x88,0xa8,0xfb,0x31,0x4e,0x64,0xff,0x27,0xc5,0xff,0x40,0x00,0xaa,0xaa,0x03,0x00,0x05,0x00,0x96,0x69,0x00,0x50,0x00,
    0x00,0x50,0xe0,0x22,0x22,0x0e,0x05,0x00,0x55,0x93,0x22,0x11,0x11,0x22,0x35,0xf8,0x60,0x32,0xc2,0x11,0x11,0x2c,0x23,0x00,
    0x06,0x21,0x11,0x11,0x11,0x11,0x12,0x60,0x03,0x17,0x44,0x71,0x17,0x44,0x71,0x30,0x02,0x14,0xb0,0x41,0x14,0xbb,0x41,0x30,
    0x02,0x14,0x0d,0x47,0x14,0xdd,0x47,0x20,0x02,0x2a,0x44,0xa1,0x1a,0x44,0xa1,0x30,0x03,0x22,0x07,0x11,0x11,0x77,0x11,0x30,
    0x06,0x22,0x22,0x12,0x21,0x11,0x12,0x60,0x60,0x31,0x11,0x20,0x0c,0x11,0x13,0x06,0x85,0x03,0x11,0x11,0x11,0x12,0x30,0xf8,
    0x00,0x50,0x03,0x22,0x22,0x36,0x05,0x00,0x00,0x05,0x00,0x89,0x98,0x00,0x50,0x00,0x00,0x00,0x00,0x00,0x00,0x00,0x00,0x00,
};
static const lv_image_dsc_t emoji_1f633 = {
    .header = {.magic = LV_IMAGE_HEADER_MAGIC, .cf = LV_COLOR_FORMAT_I4, .w = 16, .h = 16, .stride = 8},
    .data_size = sizeof(emoji_1f633_pixels), .data = emoji_1f633_pixels,
};
static const uint8_t emoji_1f634_pixels[] = {
    0x2d,0xd5,0xfa,0xfd,0x00,0x00,0x00,0x00,0x22,0xb3,0xee,0xe8,0x1b,0xa6,0xf2,0xa8,0x00,0xff,0xff,0x01,0x11,0x9a,0xf0,0x5a,
    0x0a,0xa2,0xf9,0x10,0x00,0x79,0xf0,0x15,0x13,0x4a,0x61,0xff,0xf6,0x78,0x66,0x19,0x72,0xb5,0xc8,0xfd,0x19,0x6b,0x87,0xfe,
    0xfd,0x7a,0x5b,0xd6,0xfc,0x75,0x54,0x5c,0xa0,0xa0,0xa9,0xf0,0x4a,0xc8,0xed,0xff,0x11,0x16,0x11,0x11,0x11,0x11,0x99,0x90,
    0x11,0x41,0x65,0x32,0x00,0x0d,0x0c,0xc9,0x16,0x15,0x20,0x00,0xaf,0xe0,0x0c,0xd1,0x61,0x50,0x00,0x00,0x0e,0xaa,0xfe,0xd4,
    0x16,0x20,0x00,0x00,0xaf,0x00,0x02,0x61,0x13,0x00,0x00,0x00,0x00,0x00,0x00,0x31,0x13,0x02,0x20,0x20,0x00,0x02,0x20,0x31,
    0x12,0x00,0x88,0xb0,0x0b,0x88,0x00,0x21,0x12,0x00,0x00,0x00,0x00,0x00,0x00,0x21,0x13,0x00,0x00,0x00,0x00,0x00,0x00,0x31,
    0x15,0x00,0x00,0x00,0x00,0x00,0x02,0x51,0x41,0x30,0x00,0xb8,0x0b,0x00,0x03,0x14,0x44,0x73,0x00,0x00,0x00,0x00,0x37,0x74,
    0x14,0x11,0x52,0x22,0x22,0x25,0x11,0x01,0x11,0x41,0x11,0x75,0x57,0x11,0x14,0x11,0x11,0x11,0x11,0x11,0x11,0x11,0x11,0x11,
};
static const lv_image_dsc_t emoji_1f634 = {
    .header = {.magic = LV_IMAGE_HEADER_MAGIC, .cf = LV_COLOR_FORMAT_I4, .w = 16, .h = 16, .stride = 8},
    .data_size = sizeof(emoji_1f634_pixels), .data = emoji_1f634_pixels,
};
static const uint8_t emoji_1f635_pixels[] = {
    0x2d,0xd4,0xf9,0xfd,0x00,0x00,0x00,0x00,0x25,0xb5,0xec,0xee,0x19,0xa5,0xf4,0x93,0x00,0xff,0xff,0x01,0x0f,0x9d,0xf5,0x21,
    0x1a,0x71,0x8b,0xfe,0x21,0x91,0xb0,0xfe,0x0b,0x23,0x3a,0xfe,0x16,0x5a,0x73,0xff,0x07,0x67,0xdf,0x11,0x0e,0x34,0x4c,0xfe,
    0x19,0xa3,0xf8,0x40,0x00,0x00,0xff,0x01,0x29,0xc0,0xff,0xa3,0x00,0xaa,0xaa,0x03,0x11,0x14,0x11,0xa5,0x5a,0x11,0x41,0x11,
    0x11,0x41,0xce,0x22,0x22,0xec,0x14,0x11,0x44,0x03,0x22,0x00,0x00,0x22,0x31,0xfd,0x51,0x32,0x67,0x00,0x00,0x76,0x23,0x10,
    0x15,0x20,0x00,0x00,0x00,0x00,0x02,0x51,0x13,0x02,0x70,0x60,0x06,0x07,0x20,0x31,0x12,0x00,0x6b,0x20,0x02,0xb6,0x00,0x21,
    0x12,0x00,0x66,0x90,0x09,0x66,0x00,0x21,0x12,0x02,0x70,0x00,0x00,0x07,0x20,0x21,0x13,0x00,0x00,0x29,0x92,0x00,0x00,0x31,
    0x15,0x20,0x00,0x88,0x88,0x00,0x02,0x51,0x51,0x30,0x02,0xb8,0x8b,0x20,0x03,0x15,0xd4,0x03,0x00,0x07,0x70,0x02,0x31,0xfd,
    0x11,0x41,0xc3,0x20,0x22,0x35,0x14,0x11,0x11,0x14,0x11,0x0a,0xa0,0x11,0x41,0x11,0x11,0x11,0x11,0x11,0x11,0x11,0x11,0x11,
};
static const lv_image_dsc_t emoji_1f635 = {
    .header = {.magic = LV_IMAGE_HEADER_MAGIC, .cf = LV_COLOR_FORMAT_I4, .w = 16, .h = 16, .stride = 8},
    .data_size = sizeof(emoji_1f635_pixels), .data = emoji_1f635_pixels,
};
static const uint8_t emoji_1f636_pixels[] = {
    0x2e,0xd6,0xfc,0xfe,0x00,0x00,0x00,0x00,0x23,0xb5,0xf3,0xe5,0x1b,0xa5,0xf3,0x95,0x00,0xff,0xff,0x01,0x0e,0x9d,0xf6,0x20,
    0x00,0x00,0xf2,0x03,0x00,0x6f,0xf5,0x11,0x23,0x9d,0xb9,0xff,0x19,0x9d,0xf0,0x40,0x00,0xaa,0xaa,0x03,0x19,0x67,0x81,0xff,
    0x0a,0x11,0x2b,0xff,0x55,0xaa,0xff,0x03,0x7f,0xff,0xff,0x02,0x17,0x5e,0x77,0xff,0x11,0x14,0x11,0x75,0x57,0x11,0x41,0x11,
    0x11,0x41,0x93,0x22,0x22,0x39,0x14,0x11,0x44,0x63,0x00,0x00,0x00,0x00,0x36,0xa4,0x51,0x30,0x00,0x00,0x00,0x00,0x03,0x1d,
    0x15,0x20,0x00,0x00,0x00,0x00,0x02,0x51,0x13,0x00,0x08,0x20,0x00,0x80,0x00,0x31,0x12,0x00,0x2c,0xf0,0x0b,0xc2,0x00,0x21,
    0x12,0x00,0x0b,0x80,0x08,0xb0,0x00,0x21,0x12,0x00,0x00,0x00,0x00,0x00,0x00,0x21,0x13,0x00,0x00,0x00,0x00,0x00,0x00,0x31,
    0x15,0x20,0x00,0x00,0x00,0x00,0x02,0x51,0x51,0x30,0x00,0x00,0x00,0x00,0x03,0x15,0x64,0x03,0x00,0x00,0x00,0x02,0x31,0xa6,
    0x11,0x41,0x93,0x22,0x22,0x35,0x14,0x11,0x11,0x1e,0x11,0x67,0x76,0x11,0xa1,0x11,0x11,0x11,0x11,0x11,0x11,0x11,0x11,0x11,
};
static const lv_image_dsc_t emoji_1f636 = {
    .header = {.magic = LV_IMAGE_HEADER_MAGIC, .cf = LV_COLOR_FORMAT_I4, .w = 16, .h = 16, .stride = 8},
    .data_size = sizeof(emoji_1f636_pixels), .data = emoji_1f636_pixels,
};
static const uint8_t emoji_1f637_pixels[] = {
    0x00,0x00,0x00,0x00,0x2c,0xd2,0xfa,0xfd,0xf3,0xf8,0xf9,0xfe,0x1a,0xa5,0xf2,0x99,0x20,0xb6,0xf5,0xea,0x00,0xff,0xff,0x01,
    0x9e,0xdb,0xeb,0xf5,0x19,0x9a,0xf7,0x20,0x57,0xd3,0xf2,0xff,0x00,0x0e,0xff,0x03,0x8e,0xb8,0xca,0xdd,0x17,0x9c,0xf3,0x40,
    0x0c,0x77,0xf9,0x20,0x00,0x19,0x32,0xff,0x7f,0xff,0xff,0x02,0xab,0xcc,0xe1,0x95,0x00,0x05,0x00,0xc7,0x77,0x00,0x50,0x00,
    0x00,0x50,0xb3,0x44,0x44,0x3b,0x05,0x00,0x55,0x93,0x11,0x11,0x11,0x11,0x39,0x09,0x70,0x31,0x11,0x11,0x11,0x11,0x13,0x00,
    0x07,0x41,0x11,0x11,0x11,0x11,0x14,0x70,0x03,0x11,0x10,0x01,0x10,0x01,0x11,0x30,0x04,0x11,0x1d,0x01,0x10,0xd4,0x11,0x30,
    0x06,0x81,0x88,0x66,0x66,0x88,0x18,0x60,0x0a,0x26,0x22,0x22,0x22,0x22,0x62,0xa0,0x03,0x1a,0x22,0x22,0x22,0x22,0xa1,0x30,
    0x07,0x10,0x22,0x22,0x22,0x22,0x64,0x70,0x00,0xf2,0x22,0x22,0x22,0x22,0x2f,0x00,0x55,0x03,0x86,0x22,0x22,0x60,0x30,0x05,
    0x00,0x50,0xb3,0x44,0x44,0x3c,0x05,0x00,0x00,0x0e,0x00,0x97,0xc9,0x00,0xe0,0x00,0x00,0x00,0x00,0x00,0x00,0x00,0x00,0x00,
};
static const lv_image_dsc_t emoji_1f637 = {
    .header = {.magic = LV_IMAGE_HEADER_MAGIC, .cf = LV_COLOR_FORMAT_I4, .w = 16, .h = 16, .stride = 8},
    .data_size = sizeof(emoji_1f637_pixels), .data = emoji_1f637_pixels,
};
static const uint8_t emoji_1f638_pixels[] = {
    0x00,0x00,0x00,0x00,0x23,0xc8,0xfe,0xf5,0x24,0xb0,0xf1,0xf6,0x12,0xb0,0xfb,0x13,0xa1,0xa1,0x9e,0x1d,0x4f,0xc5,0xff,0xfb,
    0x00,0x7f,0xff,0x02,0x26,0xcc,0xff,0xa2,0x0a,0xf4,0xff,0x03,0x96,0xd2,0xff,0xff,0xa0,0x9e,0x9d,0x47,0x56,0xb3,0xd9,0xe5,
    0x23,0xd3,0xff,0x4b,0x4d,0x96,0xaf,0xff,0x7f,0xa8,0xb8,0x09,0x19,0x8d,0xb9,0xfc,0x80,0x33,0x03,0x08,0x80,0x30,0x33,0x08,
    0x30,0x71,0x00,0x60,0x06,0x00,0x17,0x03,0x03,0x19,0x1c,0x08,0x80,0xc1,0x91,0x30,0x03,0x50,0x91,0x22,0x22,0x19,0x05,0x30,
    0x03,0x50,0x51,0x22,0x22,0x15,0x05,0x30,0x03,0x15,0x11,0x22,0x22,0x11,0x51,0x30,0x00,0x01,0x22,0x12,0x21,0x22,0x10,0x00,
    0xea,0x21,0x00,0x21,0x12,0x00,0x12,0xae,0x4a,0xb2,0x22,0x20,0x02,0x22,0x2b,0xa4,0x44,0xb1,0x12,0x10,0x01,0x21,0x1b,0x44,
    0x44,0x01,0xf0,0xdd,0xdd,0x0f,0x10,0x44,0xe4,0x31,0xf0,0x00,0x00,0x0f,0x13,0x4e,0x00,0x03,0x12,0x00,0x00,0x21,0x30,0x00,
    0x00,0x60,0x0c,0x77,0x77,0xc0,0x06,0x00,0x00,0x06,0x00,0x00,0x00,0x00,0x60,0x00,0x00,0x00,0x00,0x00,0x00,0x00,0x00,0x00,
};
static const lv_image_dsc_t emoji_1f638 = {
    .header = {.magic = LV_IMAGE_HEADER_MAGIC, .cf = LV_COLOR_FORMAT_I4, .w = 16, .h = 16, .stride = 8},
    .data_size = sizeof(emoji_1f638_pixels), .data = emoji_1f638_pixels,
};
static const uint8_t emoji_1f639_pixels[] = {
    0x00,0x00,0x00,0x00,0x22,0xac,0xeb,0xf6,0x20,0xc8,0xfe,0xf5,0x10,0xb3,0xfd,0x10,0x4f,0xc5,0xff,0xfb,0x57,0xa4,0xaf,0xff,
    0x00,0xf6,0xff,0x06,0x26,0xcc,0xff,0xa2,0x00,0x7f,0xff,0x03,0x97,0x99,0xa3,0x41,0xac,0xa3,0x91,0x0e,0x97,0xd2,0xff,0xff,
    0x23,0xd5,0xff,0x4b,0xe0,0xd3,0xff,0xfe,0x64,0x52,0x4b,0xfc,0x08,0x4b,0x65,0xfe,0x60,0x33,0x03,0x06,0x60,0x30,0x33,0x06,
    0x30,0x72,0x00,0x80,0x08,0x00,0x27,0x03,0x03,0x2b,0x2c,0x03,0x30,0xc2,0xb2,0x30,0x03,0x4d,0xb2,0x11,0x11,0x2b,0xd4,0x30,
    0x03,0x4d,0x42,0x11,0x11,0x24,0xd4,0x30,0x03,0x24,0x22,0x11,0x11,0x22,0x42,0x30,0x60,0x02,0x11,0x21,0x12,0x11,0x20,0x06,
    0x09,0x12,0xf0,0x12,0x21,0x0f,0x21,0x90,0xa9,0x05,0x11,0x10,0x01,0x11,0x50,0x9a,0xa0,0x00,0x21,0x20,0x02,0x12,0x00,0x0a,
    0x00,0x05,0x10,0x55,0x55,0x01,0x50,0x00,0x00,0x00,0x1e,0x0e,0xe0,0xe1,0x10,0x00,0x00,0x03,0x21,0xf0,0x0f,0x12,0x60,0x00,
    0x00,0x00,0x0c,0x77,0x77,0xc0,0x00,0x00,0x00,0x08,0x00,0x00,0x00,0x00,0x80,0x00,0x00,0x00,0x00,0x00,0x00,0x00,0x00,0x00,
};
static const lv_image_dsc_t emoji_1f639 = {
    .header = {.magic = LV_IMAGE_HEADER_MAGIC, .cf = LV_COLOR_FORMAT_I4, .w = 16, .h = 16, .stride = 8},
    .data_size = sizeof(emoji_1f639_pixels), .data = emoji_1f639_pixels,
};
static const uint8_t emoji_1f63a_pixels[] = {
    0x00,0x00,0x00,0x00,0x24,0xc8,0xfe,0xf7,0x23,0xae,0xee,0xf4,0x11,0xb4,0xfe,0x11,0x9d,0x9c,0x9e,0x1a,0x1a,0x6b,0x90,0xfe,
    0x09,0xeb,0xff,0x07,0x4e,0xc5,0xfe,0xfb,0x00,0x7f,0xff,0x02,0xa2,0x9e,0x9e,0x4d,0x1c,0xc1,0xff,0x4b,0x20,0xbe,0xfd,0xad,
    0x00,0x12,0x17,0xff,0x21,0xc1,0xfe,0x9a,0x96,0xd2,0xff,0xff,0x56,0xb1,0xd5,0xe6,0x60,0x33,0x03,0x06,0x60,0x30,0x33,0x06,
    0x30,0xd1,0x00,0x80,0x08,0x00,0x1d,0x03,0x03,0x1e,0x1a,0x03,0x30,0xa1,0xe1,0x30,0x03,0x70,0xe1,0x22,0x22,0x1e,0x07,0x30,
    0x03,0x70,0x71,0x22,0x22,0x17,0x07,0x30,0x06,0x17,0x11,0x22,0x22,0x11,0x71,0x30,0x60,0xb1,0x22,0x12,0x21,0x22,0x1b,0x00,
    0x44,0x21,0x5c,0x21,0x12,0xc5,0x12,0x44,0x49,0xf1,0x25,0x25,0x52,0x52,0x1f,0x94,0x49,0xf1,0x12,0x1c,0xc1,0x21,0x1f,0x94,
    0x49,0x01,0x25,0x00,0x00,0x52,0x10,0x94,0x04,0x61,0x11,0x25,0x52,0x11,0x16,0x40,0x00,0x03,0x11,0x11,0x11,0x11,0x30,0x00,
    0x00,0x80,0x0a,0xdb,0xbd,0xa0,0x08,0x00,0x00,0x08,0x00,0x00,0x00,0x00,0x80,0x00,0x00,0x00,0x00,0x00,0x00,0x00,0x00,0x00,
};
static const lv_image_dsc_t emoji_1f63a = {
    .header = {.magic = LV_IMAGE_HEADER_MAGIC, .cf = LV_COLOR_FORMAT_I4, .w = 16, .h = 16, .stride = 8},
    .data_size = sizeof(emoji_1f63a_pixels), .data = emoji_1f63a_pixels,
};
static const uint8_t emoji_1f63b_pixels[] = {
    0x00,0x00,0x00,0x00,0x25,0xc9,0xfe,0xf5,0x28,0x9e,0xf2,0xf1,0x0f,0xb3,0xff,0x11,0x32,0x50,0xf4,0xfe,0xa0,0x9e,0x9a,0x1d,
    0x36,0x39,0xee,0xfd,0x0e,0xf6,0xff,0x08,0x50,0x5f,0xfa,0xfe,0x52,0xc5,0xfe,0xfa,0x96,0xd2,0xfe,0xff,0x20,0xc1,0xfe,0x9a,
    0x00,0x7f,0xff,0x03,0x5f,0xad,0xe7,0x18,0x9d,0x9f,0xa2,0x48,0x55,0xb6,0xd9,0xe4,0x70,0x33,0x03,0x07,0x70,0x30,0x33,0x07,
    0x30,0xb1,0x00,0xc0,0x0c,0x00,0x1b,0x03,0x03,0x1a,0x10,0x03,0x30,0x01,0xa1,0x30,0x03,0x90,0xa1,0x22,0x22,0x1a,0x09,0x30,
    0x03,0x90,0x92,0x42,0x28,0x29,0x09,0x30,0x07,0x28,0x46,0x62,0x28,0x64,0x82,0x70,0x00,0x08,0x64,0x62,0x28,0x44,0x40,0x00,
    0x05,0x28,0x64,0x42,0x14,0x66,0x42,0x50,0x5e,0xf2,0x44,0x40,0x02,0x44,0x2f,0xe5,0x5e,0xf1,0x22,0x10,0x01,0x22,0x1f,0xe5,
    0xd5,0x01,0x20,0x00,0x00,0x02,0x10,0x5d,0x55,0xd1,0x11,0x20,0x02,0x11,0x1d,0x55,0x00,0x03,0x11,0x11,0x11,0x11,0x70,0x00,
    0x00,0x00,0x00,0xb0,0x0b,0x00,0x00,0x00,0x00,0x0c,0x00,0x00,0x00,0x00,0xc0,0x00,0x00,0x00,0x00,0x00,0x00,0x00,0x00,0x00,
};
static const lv_image_dsc_t emoji_1f63b = {
    .header = {.magic = LV_IMAGE_HEADER_MAGIC, .cf = LV_COLOR_FORMAT_I4, .w = 16, .h = 16, .stride = 8},
    .data_size = sizeof(emoji_1f63b_pixels), .data = emoji_1f63b_pixels,
};
static const uint8_t emoji_1f63c_pixels[] = {
    0x00,0x00,0x00,0x00,0x24,0xc8,0xfe,0xf7,0x24,0xb1,0xf2,0xf5,0x12,0xb4,0xfe,0x11,0x9e,0x9f,0x9e,0x19,0x14,0x6f,0x98,0xfd,
    0x09,0xeb,0xff,0x07,0x4e,0xc4,0xfe,0xfb,0x0d,0x4a,0x62,0xfe,0x00,0x7f,0xff,0x02,0xa1,0x9e,0x9e,0x4d,0x21,0xc1,0xfc,0xa2,
    0x1c,0xc1,0xfe,0x4b,0xe0,0xd3,0xff,0xfe,0x56,0xb1,0xd6,0xe6,0x96,0xd2,0xff,0xff,0x60,0x33,0x03,0x06,0x60,0x30,0x33,0x06,
    0x30,0xb1,0x00,0x90,0x09,0x00,0x1b,0x03,0x03,0x1f,0x1c,0x03,0x30,0xc1,0xf1,0x30,0x03,0x7d,0xf1,0x22,0x22,0x1f,0xd7,0x30,
    0x03,0x7d,0x71,0x22,0x22,0x17,0xd7,0x30,0x06,0x17,0x11,0x22,0x22,0x11,0x71,0x30,0x60,0x01,0x22,0x12,0x21,0x22,0x10,0x00,
    0x44,0x21,0x80,0x21,0x12,0x08,0x12,0x44,0x4a,0xe1,0x25,0x25,0x52,0x52,0x1e,0xa4,0x4a,0xe1,0x11,0x18,0x81,0x21,0x1e,0xa4,
    0x4a,0x01,0x22,0x25,0x88,0x81,0x10,0xa4,0x04,0x61,0x12,0x05,0x55,0x21,0x16,0x40,0x00,0x03,0x11,0x11,0x21,0x11,0x30,0x00,
    0x00,0x90,0x0c,0xbb,0xbb,0xc0,0x09,0x00,0x00,0x09,0x00,0x00,0x00,0x00,0x90,0x00,0x00,0x00,0x00,0x00,0x00,0x00,0x00,0x00,
};
static const lv_image_dsc_t emoji_1f63c = {
    .header = {.magic = LV_IMAGE_HEADER_MAGIC, .cf = LV_COLOR_FORMAT_I4, .w = 16, .h = 16, .stride = 8},
    .data_size = sizeof(emoji_1f63c_pixels), .data = emoji_1f63c_pixels,
};
static const uint8_t emoji_1f63d_pixels[] = {
    0x00,0x00,0x00,0x00,0x28,0xb0,0xf2,0xf6,0x24,0xc6,0xfe,0xf6,0x0f,0xb2,0xfe,0x10,0x9f,0x9f,0xa1,0x1b,0x54,0x9e,0xee,0xf5,
    0x4e,0xc5,0xff,0xfb,0x0c,0xe9,0xff,0x09,0x22,0xc4,0xff,0xa2,0x00,0x7f,0xff,0x02,0xa4,0x9e,0x9d,0x47,0x96,0xd2,0xff,0xff,
    0x16,0xbc,0xff,0x4c,0xe0,0xd3,0xff,0xfe,0x0d,0x4e,0x68,0xfe,0x08,0x32,0x43,0xfe,0x70,0x33,0x03,0x07,0x70,0x30,0x33,0x07,
    0x30,0x82,0xc0,0x30,0x03,0x0c,0x28,0x03,0x03,0x2b,0x2c,0x07,0x70,0xc2,0xb2,0x30,0x03,0x6d,0xb2,0x11,0x11,0x2b,0xd6,0x30,
    0x03,0x6d,0x62,0x11,0x11,0x26,0xd6,0x30,0x03,0x26,0x22,0x11,0x11,0x22,0x62,0x30,0x00,0x02,0x11,0x21,0x12,0x11,0x20,0x00,
    0x4a,0x12,0xef,0x12,0x21,0xfe,0x21,0xa4,0x4a,0x51,0x11,0x10,0x01,0x11,0x15,0xa4,0x44,0x52,0x15,0x2e,0x01,0x11,0x25,0x44,
    0x44,0x01,0x55,0x12,0xe1,0x55,0x10,0x44,0x04,0x71,0x55,0x11,0xf1,0x55,0x17,0x40,0x00,0x03,0x22,0x21,0x12,0x22,0x30,0x00,
    0x00,0x90,0x00,0x88,0x88,0x00,0x09,0x00,0x00,0x09,0x00,0x00,0x00,0x00,0x90,0x00,0x00,0x00,0x00,0x00,0x00,0x00,0x00,0x00,
};
static const lv_image_dsc_t emoji_1f63d = {
    .header = {.magic = LV_IMAGE_HEADER_MAGIC, .cf = LV_COLOR_FORMAT_I4, .w = 16, .h = 16, .stride = 8},
    .data_size = sizeof(emoji_1f63d_pixels), .data = emoji_1f63d_pixels,
};
static const uint8_t emoji_1f63e_pixels[] = {
    0x00,0x00,0x00,0x00,0x21,0xad,0xf6,0xf3,0x25,0xc9,0xfd,0xf7,0x1a,0xee,0xff,0x09,0x1a,0xb5,0xfd,0x0f,0x00,0x7f,0xff,0x02,
    0xa6,0xa0,0x9e,0x1e,0x0d,0x4b,0x65,0xfd,0x1d,0xb9,0xfc,0xac,0x53,0xb2,0xd9,0xe3,0x13,0x6a,0x8b,0xff,0xa0,0x9e,0x9e,0x46,
    0x63,0xaa,0xaa,0x04,0x5a,0xae,0xd1,0x07,0x22,0xce,0xff,0x49,0x17,0x85,0xac,0xfc,0x00,0x34,0x05,0x03,0x30,0x50,0x43,0x00,
    0x40,0x01,0x30,0x40,0x04,0x03,0x10,0x04,0x50,0x11,0x24,0x04,0x40,0x42,0x11,0x05,0x03,0x11,0x22,0x11,0x11,0x22,0x11,0x30,
    0x03,0x11,0x12,0x11,0x11,0x21,0x11,0x30,0x50,0x81,0x22,0x11,0x11,0x22,0x18,0x05,0xd6,0x82,0x11,0x21,0x12,0x11,0x28,0x0d,
    0x06,0x92,0x70,0x12,0x21,0x07,0x21,0xbc,0x6b,0x92,0x1a,0x1a,0xa1,0xa1,0x29,0xb6,0x66,0x92,0x22,0x20,0x02,0x22,0x29,0x66,
    0x46,0x02,0x12,0x17,0x71,0x21,0x20,0xbd,0xc6,0x32,0x21,0x7f,0xf7,0x12,0x23,0x05,0x03,0x04,0x22,0x22,0x22,0x22,0x40,0xc0,
    0x00,0x50,0x0e,0x08,0x80,0xe0,0x05,0x00,0x00,0x05,0x00,0x00,0x00,0x00,0x50,0x00,0x00,0x00,0x00,0x00,0x00,0x00,0x00,0x00,
};
static const lv_image_dsc_t emoji_1f63e = {
    .header = {.magic = LV_IMAGE_HEADER_MAGIC, .cf = LV_COLOR_FORMAT_I4, .w = 16, .h = 16, .stride = 8},
    .data_size = sizeof(emoji_1f63e_pixels), .data = emoji_1f63e_pixels,
};
static const uint8_t emoji_1f63f_pixels[] = {
    0x00,0x00,0x00,0x00,0x25,0xc9,0xfe,0xf8,0x27,0xb1,0xf2,0xf3,0x20,0xb9,0xfe,0x13,0xa5,0x9d,0x9a,0x15,0x00,0xff,0xff,0x01,
    0x1e,0xbe,0xfe,0xaf,0x10,0x57,0x74,0xfe,0xa1,0xd5,0xff,0xfc,0x54,0xb3,0xd4,0xea,0x16,0xc5,0xff,0x5e,0x15,0xbe,0xff,0x6d,
    0x0f,0x62,0x85,0xfc,0x4a,0xc3,0xfd,0xfd,0x1e,0xc4,0xff,0x95,0x9d,0x9e,0xa0,0x53,0x00,0x00,0x35,0x05,0x50,0x53,0x00,0x00,
    0x0b,0xa3,0x00,0x00,0x00,0x00,0x3a,0xb0,0x51,0x11,0xe3,0x03,0x30,0x3e,0x11,0x15,0x06,0x88,0x11,0x22,0x22,0x11,0x88,0x60,
    0x0b,0x80,0xd1,0x22,0x22,0x1d,0x08,0xb0,0x03,0x1d,0x11,0x22,0x22,0x11,0xd1,0x30,0x30,0x61,0x27,0x21,0x12,0x72,0x16,0x03,
    0x04,0x21,0xc0,0x21,0x12,0x07,0x12,0x40,0x4f,0x91,0x92,0x10,0x01,0x22,0x19,0xf4,0x4f,0x92,0x00,0x17,0xc1,0x11,0x29,0xf4,
    0x44,0x00,0x00,0x27,0x72,0x12,0x10,0x44,0x00,0x00,0x00,0xc0,0x0c,0x11,0x10,0x00,0x00,0x00,0x00,0x11,0x11,0x11,0x30,0x00,
    0x00,0x00,0x0a,0xe6,0x6e,0xa0,0x00,0x00,0x00,0x00,0x00,0x00,0x00,0x00,0x00,0x00,0x00,0x00,0x00,0x00,0x00,0x00,0x00,0x00,
};
static const lv_image_dsc_t emoji_1f63f = {
    .header = {.magic = LV_IMAGE_HEADER_MAGIC, .cf = LV_COLOR_FORMAT_I4, .w = 16, .h = 16, .stride = 8},
    .data_size = sizeof(emoji_1f63f_pixels), .data = emoji_1f63f_pixels,
};
static const uint8_t emoji_1f640_pixels[] = {
    0x1b,0xa4,0xfb,0xf7,0x00,0x00,0x00,0x00,0x19,0xae,0xf9,0x9f,0x24,0xc8,0xfc,0xf6,0x0c,0xe9,0xff,0x06,0x29,0xaf,0xff,0x0e,
    0xad,0x9a,0x96,0x26,0x52,0xb2,0xe8,0xef,0xa5,0xd6,0xfc,0xfd,0x04,0x16,0x1b,0xfe,0x00,0x7f,0xff,0x02,0x5f,0xac,0xeb,0x06,
    0x65,0xc9,0xfe,0xfd,0x00,0x00,0xff,0x01,0x0f,0xbc,0xff,0x48,0x22,0xc3,0xff,0xa3,0x14,0x15,0x05,0x14,0x41,0x50,0x51,0x41,
    0xda,0x40,0x3e,0x4a,0xa4,0xe3,0x04,0xad,0x51,0xec,0x82,0x14,0x41,0x28,0xce,0x15,0x51,0x28,0x03,0x00,0x00,0x30,0x82,0x15,
    0xb1,0x28,0xc3,0x00,0x00,0x3c,0x82,0x1b,0xb1,0xf3,0x07,0x00,0x00,0x70,0x3f,0x1b,0x16,0x30,0x80,0x73,0x37,0x08,0x03,0x61,
    0x66,0x70,0xc8,0x00,0x00,0x87,0x07,0x66,0x60,0x70,0x00,0x30,0x03,0x00,0x07,0x06,0x06,0x70,0x00,0x00,0x00,0x00,0x07,0x60,
    0xb6,0x20,0x00,0x09,0x90,0x00,0x02,0x6b,0x11,0x40,0x00,0x09,0x90,0x00,0x04,0x11,0x15,0x12,0x00,0x09,0x90,0x00,0x21,0x51,
    0x4d,0x50,0x00,0xf2,0x2f,0x00,0x05,0xd4,0xa1,0x52,0x20,0x11,0x11,0x02,0x25,0x1a,0x11,0x11,0x11,0x11,0x11,0x11,0x11,0x11,
};
static const lv_image_dsc_t emoji_1f640 = {
    .header = {.magic = LV_IMAGE_HEADER_MAGIC, .cf = LV_COLOR_FORMAT_I4, .w = 16, .h = 16, .stride = 8},
    .data_size = sizeof(emoji_1f640_pixels), .data = emoji_1f640_pixels,
};
static const uint8_t emoji_1f641_pixels[] = {
    0x2e,0xd4,0xfa,0xfd,0x00,0x00,0x00,0x00,0x23,0xb5,0xf3,0xe4,0x1b,0xa5,0xf3,0x95,0x00,0xff,0xff,0x01,0x0f,0x9d,0xf5,0x21,
    0x1e,0x85,0xa0,0xff,0x00,0x00,0xf2,0x03,0x00,0x6f,0xf5,0x11,0x1c,0x76,0x90,0xff,0x18,0x9f,0xf1,0x40,0x00,0xaa,0xaa,0x03,
    0x12,0x39,0x54,0xff,0x17,0x60,0x79,0xff,0x0c,0x26,0x3e,0xff,0x55,0xaa,0xff,0x03,0x11,0x14,0x11,0x85,0x58,0x11,0x41,0x11,
    0x11,0x41,0xa3,0x22,0x22,0x3a,0x14,0x11,0x44,0x73,0x00,0x00,0x00,0x00,0x37,0xb4,0x51,0x30,0x00,0x00,0x00,0x00,0x03,0x1f,
    0x15,0x20,0x00,0x00,0x00,0x00,0x02,0x51,0x13,0x00,0x0c,0x90,0x06,0xc0,0x00,0x31,0x12,0x00,0x0e,0x90,0x09,0xe0,0x00,0x21,
    0x12,0x00,0x00,0x00,0x00,0x00,0x00,0x21,0x12,0x00,0x00,0x00,0x00,0x00,0x00,0x21,0x13,0x00,0x00,0x6d,0xd6,0x00,0x00,0x31,
    0x15,0x20,0x06,0x62,0x26,0x60,0x02,0x51,0x51,0x30,0x00,0x00,0x00,0x00,0x03,0x15,0x74,0x03,0x00,0x00,0x00,0x02,0x31,0xb7,
    0x11,0x41,0xa3,0x22,0x22,0x35,0x14,0x11,0x11,0x14,0x11,0x78,0x87,0x11,0x41,0x11,0x11,0x11,0x11,0x11,0x11,0x11,0x11,0x11,
};
static const lv_image_dsc_t emoji_1f641 = {
    .header = {.magic = LV_IMAGE_HEADER_MAGIC, .cf = LV_COLOR_FORMAT_I4, .w = 16, .h = 16, .stride = 8},
    .data_size = sizeof(emoji_1f641_pixels), .data = emoji_1f641_pixels,
};
static const uint8_t emoji_1f642_pixels[] = {
    0x2e,0xd3,0xf9,0xfe,0x00,0x00,0x00,0x00,0x22,0xb5,0xf7,0xe1,0x1b,0xa5,0xf3,0x95,0x0d,0x9b,0xf6,0x1e,0x00,0xff,0xff,0x01,
    0x00,0x00,0xf4,0x02,0x1b,0x73,0x8d,0xff,0x21,0x92,0xad,0xff,0x00,0x6f,0xf2,0x14,0x19,0xa0,0xf3,0x40,0x00,0xaa,0xaa,0x03,
    0x12,0x39,0x54,0xff,0x0c,0x26,0x3e,0xff,0x15,0x56,0x6e,0xff,0x55,0xaa,0xff,0x03,0x11,0x15,0x11,0x94,0x44,0x11,0x51,0x11,
    0x11,0x51,0xa3,0x22,0x22,0x3a,0x15,0x11,0x55,0x63,0x00,0x00,0x00,0x00,0x36,0xb6,0x41,0x30,0x00,0x00,0x00,0x00,0x03,0x1f,
    0x14,0x20,0x00,0x00,0x00,0x00,0x02,0x41,0x13,0x00,0x0c,0x70,0x08,0xc0,0x00,0x31,0x12,0x00,0x0d,0x70,0x07,0xd0,0x00,0x21,
    0x12,0x00,0x00,0x00,0x00,0x00,0x00,0x21,0x12,0x00,0x00,0x00,0x00,0x00,0x00,0x21,0x13,0x00,0x08,0x80,0x08,0x80,0x00,0x31,
    0x14,0x20,0x00,0x7e,0xe7,0x00,0x02,0x41,0x41,0x30,0x00,0x00,0x00,0x00,0x03,0x14,0x65,0x03,0x00,0x00,0x00,0x02,0x31,0xb6,
    0x11,0x51,0xa3,0x22,0x22,0x34,0x15,0x11,0x11,0x10,0x11,0x69,0x96,0x11,0x51,0x11,0x11,0x11,0x11,0x11,0x11,0x11,0x11,0x11,
};
static const lv_image_dsc_t emoji_1f642 = {
    .header = {.magic = LV_IMAGE_HEADER_MAGIC, .cf = LV_COLOR_FORMAT_I4, .w = 16, .h = 16, .stride = 8},
    .data_size = sizeof(emoji_1f642_pixels), .data = emoji_1f642_pixels,
};
static const uint8_t emoji_1f643_pixels[] = {
    0x2e,0xd4,0xf9,0xfe,0x00,0x00,0x00,0x00,0x22,0xb4,0xf7,0xe1,0x1b,0xa5,0xf3,0x95,0x00,0xff,0xff,0x01,0x12,0xa0,0xf7,0x21,
    0x21,0x92,0xac,0xff,0x00,0x00,0xf7,0x02,0x1b,0x73,0x8d,0xff,0x00,0x71,0xf5,0x11,0x0e,0x95,0xef,0x40,0x00,0x00,0x7f,0x02,
    0x15,0x56,0x6e,0xff,0x0c,0x26,0x3e,0xff,0x12,0x3a,0x54,0xff,0x00,0xaa,0xaa,0x03,0x11,0x14,0x11,0x95,0x59,0x11,0x41,0x11,
    0x11,0x41,0x53,0x22,0x22,0x3a,0x14,0x11,0x7f,0x13,0x00,0x00,0x00,0x00,0x37,0x44,0x51,0x30,0x00,0x00,0x00,0x00,0x03,0x10,
    0x15,0x20,0x00,0x8c,0xc8,0x00,0x02,0x51,0x13,0x00,0x06,0x60,0x06,0x60,0x00,0x31,0x12,0x00,0x00,0x00,0x00,0x00,0x00,0x21,
    0x12,0x00,0x00,0x00,0x00,0x00,0x00,0x21,0x12,0x00,0x0d,0x80,0x08,0xd0,0x00,0x21,0x13,0x00,0x0e,0x60,0x08,0xe0,0x00,0x31,
    0x15,0x20,0x00,0x00,0x00,0x00,0x02,0x51,0x51,0x30,0x00,0x00,0x00,0x00,0x03,0x15,0x74,0xb3,0x00,0x00,0x00,0x02,0x3b,0x47,
    0x11,0x41,0xa3,0x22,0x22,0x3a,0x14,0x11,0x11,0x10,0x11,0x09,0x97,0x11,0x41,0x11,0x11,0x11,0x11,0x11,0x11,0x11,0x11,0x11,
};
static const lv_image_dsc_t emoji_1f643 = {
    .header = {.magic = LV_IMAGE_HEADER_MAGIC, .cf = LV_COLOR_FORMAT_I4, .w = 16, .h = 16, .stride = 8},
    .data_size = sizeof(emoji_1f643_pixels), .data = emoji_1f643_pixels,
};
static const uint8_t emoji_1f644_pixels[] = {
    0x2d,0xd4,0xfc,0xfd,0x00,0x00,0x00,0x00,0x25,0xb5,0xf1,0xea,0x1c,0xa6,0xf2,0x9a,0x5e,0xdc,0xfb,0xfe,0xf3,0xf8,0xfc,0xff,
    0x11,0x9c,0xf7,0x1e,0x00,0xff,0xff,0x01,0x00,0x00,0xf4,0x02,0x21,0x95,0xb3,0xfe,0xae,0xe0,0xed,0xfd,0x19,0x9f,0xf0,0x40,
    0x00,0x6f,0xf2,0x14,0x15,0x58,0x74,0xfe,0x00,0xaa,0xaa,0x03,0x10,0x1f,0x35,0xff,0x11,0x17,0x11,0xc6,0x66,0x11,0x71,0x11,
    0x11,0x71,0xb3,0x22,0x22,0x3b,0x17,0x11,0x77,0x83,0x00,0x00,0x00,0x00,0x38,0xe8,0x61,0x30,0x00,0x00,0x00,0x00,0x03,0x10,
    0x16,0x20,0x29,0x00,0x00,0x92,0x02,0x61,0x13,0x04,0x0f,0xa4,0x0a,0xf0,0x40,0x31,0x12,0x0a,0x55,0x54,0x45,0x55,0xa0,0x31,
    0x12,0x04,0x55,0x50,0x05,0x55,0x40,0x21,0x12,0x00,0x44,0x40,0x00,0x44,0x00,0x31,0x13,0x00,0x00,0x00,0x00,0x00,0x00,0x31,
    0x16,0x20,0x00,0x29,0x92,0x00,0x02,0x61,0x61,0x30,0x00,0x9d,0xd0,0x00,0x03,0x16,0x87,0x03,0x00,0x00,0x00,0x02,0x31,0xe8,
    0x11,0x71,0xb3,0x22,0x22,0x36,0x17,0x11,0x11,0x10,0x11,0x8c,0xc8,0x11,0x71,0x11,0x11,0x11,0x11,0x11,0x11,0x11,0x11,0x11,
};
static const lv_image_dsc_t emoji_1f644 = {
    .header = {.magic = LV_IMAGE_HEADER_MAGIC, .cf = LV_COLOR_FORMAT_I4, .w = 16, .h = 16, .stride = 8},
    .data_size = sizeof(emoji_1f644_pixels), .data = emoji_1f644_pixels,
};
static const uint8_t emoji_1f645_pixels[] = {
    0x00,0x00,0x00,0x00,0x16,0x9f,0xee,0xfc,0x00,0x65,0xe9,0xf3,0x3b,0x4a,0x66,0xf5,0x25,0xce,0xfd,0xfc,0x25,0x60,0x6e,0x14,
    0x07,0x6c,0xe7,0x1a,0x00,0x00,0xff,0x01,0x28,0x6c,0xa4,0xfd,0x03,0xf8,0xff,0x03,0x16,0xaa,0xee,0x14,0x00,0x36,0xa9,0x91,
    0x3c,0x47,0x64,0x70,0x06,0x61,0xb2,0x0f,0x3d,0x3c,0x58,0xfc,0x15,0x15,0x78,0x05,0x00,0x0f,0x50,0x5c,0x05,0x00,0x00,0x00,
    0x00,0x07,0x0c,0x33,0x33,0xc5,0x07,0x00,0x05,0x0c,0x33,0xe3,0x3e,0x03,0xf7,0x00,0x05,0x53,0x3e,0x81,0x10,0x33,0x59,0x50,
    0x00,0x03,0x38,0x14,0x41,0x13,0x50,0x00,0x0a,0xa0,0x81,0x34,0x13,0x18,0x09,0xa0,0x00,0x18,0x11,0x04,0x41,0x48,0x04,0x00,
    0x96,0x14,0x14,0x41,0x14,0x41,0x41,0x69,0x00,0xd1,0x11,0x11,0x11,0x11,0x10,0x0a,0x0d,0x06,0x21,0x11,0x11,0x12,0x60,0xa0,
    0x0d,0x50,0x22,0x11,0x11,0x22,0x06,0xd0,0x09,0x02,0x22,0x22,0x11,0x12,0x20,0x60,0x70,0x62,0x22,0x22,0x21,0x11,0x2f,0x07,
    0x77,0x62,0x22,0x20,0x82,0x22,0x27,0x90,0x06,0x06,0x00,0xbb,0xbb,0x00,0x60,0x50,0x00,0x00,0x00,0x00,0x00,0x00,0x00,0x00,
};
static const lv_image_dsc_t emoji_1f645 = {
    .header = {.magic = LV_IMAGE_HEADER_MAGIC, .cf = LV_COLOR_FORMAT_I4, .w = 16, .h = 16, .stride = 8},
    .data_size = sizeof(emoji_1f645_pixels), .data = emoji_1f645_pixels,
};
static const uint8_t emoji_1f646_pixels[] = {
    0x00,0x00,0x00,0x00,0x0b,0x75,0xed,0xf5,0x1c,0x99,0xeb,0xfb,0x26,0xcd,0xfc,0xfd,0x2e,0x6e,0x9c,0xf7,0x02,0x6f,0xf0,0x94,
    0x0a,0x6d,0xf9,0x0a,0x30,0x54,0x74,0xfe,0x00,0x00,0xff,0x01,0x1f,0x95,0xe5,0xa1,0x30,0x31,0x4a,0xfd,0x05,0x71,0xf0,0x65,
    0x11,0x83,0xf6,0x61,0x09,0xf8,0xff,0x07,0x09,0x91,0xff,0x0f,0x2f,0x8e,0xb3,0xff,0x00,0x00,0x00,0x09,0x90,0xd0,0x88,0x00,
    0x08,0x00,0x92,0x47,0x74,0x30,0x0d,0x80,0x8d,0x69,0x37,0xaa,0xa0,0x43,0x96,0xd8,0x60,0xc2,0x1a,0xaa,0x77,0x01,0x2c,0x06,
    0x60,0x92,0x4a,0x72,0x33,0xf1,0x29,0x06,0x0e,0x22,0x44,0x23,0x32,0x22,0x22,0xe0,0x0c,0x21,0xff,0x43,0x34,0xf2,0x12,0xc0,
    0xe2,0x21,0x22,0x23,0x32,0x22,0x12,0x2e,0x61,0x24,0x23,0x32,0x23,0x32,0x42,0x16,0x61,0x21,0x73,0x24,0x42,0x37,0x12,0x16,
    0x05,0x21,0x04,0x33,0x33,0x40,0x12,0x50,0x0b,0x11,0xc0,0x12,0x21,0x0c,0x11,0xb0,0x0b,0x11,0x11,0x12,0x21,0x11,0x11,0xb0,
    0x06,0x11,0x11,0x11,0x11,0x11,0x11,0x60,0x08,0xb5,0x55,0x55,0x55,0x55,0x5b,0x80,0x00,0x00,0x00,0x00,0x00,0x00,0x00,0x00,
};
static const lv_image_dsc_t emoji_1f646 = {
    .header = {.magic = LV_IMAGE_HEADER_MAGIC, .cf = LV_COLOR_FORMAT_I4, .w = 16, .h = 16, .stride = 8},
    .data_size = sizeof(emoji_1f646_pixels), .data = emoji_1f646_pixels,
};
static const uint8_t emoji_1f647_pixels[] = {
    0x00,0x00,0x00,0x00,0x1b,0x9c,0xef,0xfd,0x31,0x39,0x54,0xfc,0x0b,0x73,0xe4,0xfd,0x26,0xcc,0xfb,0xfe,0x1f,0x63,0xa0,0xfd,
    0x33,0x47,0x69,0xe7,0x62,0x5c,0x6b,0x0a,0x07,0x75,0xf0,0x58,0xba,0xb0,0xa8,0x17,0x07,0x73,0xf4,0x9c,0xff,0xff,0xff,0x01,
    0x1b,0xd0,0xff,0x91,0x11,0xa2,0xf7,0x90,0x3b,0x46,0x62,0xac,0x00,0x7f,0xff,0x02,0x00,0x00,0x00,0x00,0x00,0x90,0x00,0x00,
    0x0b,0x09,0x07,0x00,0x00,0x09,0x00,0xb0,0x00,0xb9,0x00,0xe0,0xe0,0x00,0x9b,0x00,0x00,0x70,0x02,0x22,0x22,0x60,0x07,0x00,
    0x07,0x07,0x62,0x22,0x22,0x26,0x00,0x70,0x00,0x0e,0x22,0x22,0x22,0x22,0x67,0x00,0x00,0x06,0x22,0x25,0x11,0x52,0x20,0x00,
    0x00,0x76,0x65,0x54,0x41,0x15,0x67,0x00,0x00,0x06,0x10,0x04,0x45,0x01,0x60,0xf0,0x00,0x00,0x11,0x14,0x41,0x41,0x00,0x00,
    0xf0,0x01,0x11,0x44,0x44,0x11,0x10,0x0f,0x00,0x11,0x33,0x11,0x11,0x33,0x11,0x80,0x0a,0x13,0x35,0x53,0x35,0x53,0x31,0xa0,
    0x08,0x33,0x11,0x13,0x31,0x11,0x33,0x80,0x00,0x8a,0xdc,0xcd,0xdc,0xcd,0xa8,0x00,0x00,0x00,0x00,0x00,0x00,0x00,0x00,0x00,
};
static const lv_image_dsc_t emoji_1f647 = {
    .header = {.magic = LV_IMAGE_HEADER_MAGIC, .cf = LV_COLOR_FORMAT_I4, .w = 16, .h = 16, .stride = 8},
    .data_size = sizeof(emoji_1f647_pixels), .data = emoji_1f647_pixels,
};
static const uint8_t emoji_1f648_pixels[] = {
    0x00,0x00,0x00,0x00,0x5a,0x88,0xb7,0xf5,0x66,0x9c,0xd0,0xfb,0x58,0x79,0xa6,0xfa,0x5b,0x89,0xb8,0x58,0x57,0x86,0xb3,0x1f,
    0x5a,0x89,0xb7,0x9c,0x54,0x60,0xaa,0x10,0x64,0x97,0xca,0x13,0x16,0x6e,0xff,0xff,0x00,0x00,0xff,0x01,0x00,0xff,0xff,0x01,
    0x3f,0x7f,0xbf,0x04,0x82,0xc4,0xf7,0xff,0x7f,0x7f,0x7f,0x02,0x6a,0x7f,0xe9,0x04,0x00,0x00,0x0c,0xe0,0x0f,0xc0,0x00,0x00,
    0x00,0x00,0x00,0x08,0xf0,0x0b,0x00,0x00,0x00,0x0b,0x04,0x11,0x16,0x40,0xb0,0x00,0x00,0x7e,0x62,0x11,0x11,0x26,0x07,0x00,
    0x08,0x04,0x22,0x21,0x12,0x22,0x40,0x00,0x00,0x01,0x22,0x2d,0xd2,0x22,0x10,0x0a,0x05,0x21,0x11,0x12,0x21,0x11,0x22,0x7a,
    0x06,0xd1,0x11,0x33,0x13,0x11,0x1d,0x60,0x04,0x21,0x33,0x22,0x22,0x33,0x12,0x40,0x06,0x23,0x10,0x99,0x99,0x01,0x32,0x60,
    0x51,0x30,0x22,0x22,0x22,0x21,0x31,0x15,0x42,0x11,0x11,0x12,0x22,0x11,0x11,0x24,0x51,0x21,0x48,0x50,0x07,0x86,0x22,0x15,
    0x05,0x85,0x00,0x00,0x00,0x00,0x40,0x50,0xa0,0x00,0x7a,0x7c,0xc7,0xb0,0x00,0x00,0x00,0x00,0x00,0x00,0x00,0x00,0x00,0x00,
};
static const lv_image_dsc_t emoji_1f648 = {
    .header = {.magic = LV_IMAGE_HEADER_MAGIC, .cf = LV_COLOR_FORMAT_I4, .w = 16, .h = 16, .stride = 8},
    .data_size = sizeof(emoji_1f648_pixels), .data = emoji_1f648_pixels,
};
static const uint8_t emoji_1f649_pixels[] = {
    0x00,0x00,0x00,0x00,0x67,0x9e,0xd1,0xfe,0x5d,0x8a,0xb6,0xee,0x86,0xcb,0xfb,0xfe,0x59,0x88,0xb6,0xa1,0x5a,0x89,0xb8,0x61,
    0x54,0x73,0xa0,0xf4,0x57,0x95,0xb0,0x12,0x00,0xff,0xff,0x01,0x53,0x79,0xac,0x15,0x00,0x00,0xff,0x01,0x5f,0x98,0xd4,0x15,
    0x17,0x6b,0xfd,0xfe,0x7f,0x7f,0xff,0x02,0xff,0xff,0xff,0x01,0x7f,0x7f,0x7f,0x02,0x00,0x00,0x00,0x70,0x07,0x70,0x00,0x00,
    0x00,0x00,0x80,0x00,0x00,0x0e,0x00,0x00,0x00,0xa8,0x05,0x42,0x24,0x50,0x8a,0x00,0x0f,0x00,0x41,0x22,0x22,0x24,0x0b,0x80,
    0x00,0x05,0x11,0x12,0x21,0x11,0x50,0xa0,0x07,0x46,0x13,0x33,0x33,0x31,0x64,0xb8,0x04,0x16,0x11,0x03,0x30,0x11,0x61,0x50,
    0xa5,0x26,0x11,0x21,0x22,0x31,0x62,0x5a,0x05,0x16,0x13,0x11,0x11,0x31,0x61,0x50,0x92,0x66,0x10,0xcc,0xcc,0x31,0x66,0x29,
    0x51,0x04,0x11,0x31,0x13,0x11,0x40,0x15,0x51,0x21,0x24,0x21,0x12,0x42,0x12,0x14,0x72,0x22,0x70,0x99,0x97,0x07,0x41,0x27,
    0x09,0xb0,0x0d,0x00,0x00,0x70,0x0b,0x90,0x80,0x08,0xf0,0x8d,0xd8,0x0f,0xe0,0x0e,0x00,0x00,0x00,0x00,0x00,0x00,0x00,0x00,
};
static const lv_image_dsc_t emoji_1f649 = {
    .header = {.magic = LV_IMAGE_HEADER_MAGIC, .cf = LV_COLOR_FORMAT_I4, .w = 16, .h = 16, .stride = 8},
    .data_size = sizeof(emoji_1f649_pixels), .data = emoji_1f649_pixels,
};
static const uint8_t emoji_1f64a_pixels[] = {
    0x00,0x00,0x00,0x00,0x6b,0xa0,0xd0,0xfa,0x5b,0x89,0xb7,0xf2,0x58,0x76,0xa1,0xf1,0x8a,0xd0,0xfc,0xfe,0x5a,0x87,0xb5,0x57,
    0x6a,0x6a,0x79,0x14,0x52,0x69,0xa7,0x1b,0x58,0x9a,0xa9,0x12,0x5b,0x8a,0xb8,0x9c,0x00,0x00,0xff,0x01,0x3c,0x78,0xb5,0x04,
    0x00,0xff,0xff,0x01,0x55,0x6a,0x97,0x5d,0x56,0x6b,0x98,0x98,0x66,0x99,0xcc,0x05,0x00,0x00,0x0b,0x80,0x08,0x80,0x00,0x00,
    0x00,0x00,0xc0,0x00,0x00,0x06,0x00,0x00,0x00,0x0c,0x05,0x92,0x29,0x50,0xc0,0x00,0x00,0x70,0x91,0x22,0x22,0x29,0x00,0x00,
    0x0f,0x05,0x11,0x12,0x21,0x11,0x50,0xb0,0x00,0x02,0x14,0x44,0x44,0x41,0x20,0x0a,0xa8,0x12,0x11,0x04,0x40,0x11,0x21,0x7a,
    0x09,0x42,0x11,0x31,0x12,0x41,0x14,0x50,0x05,0x12,0x14,0x13,0x31,0x41,0x11,0x70,0xa0,0x72,0x11,0x32,0x33,0x11,0x27,0x0c,
    0x0f,0x05,0x22,0x22,0x23,0x22,0x80,0xb0,0x6a,0x52,0x22,0x23,0x33,0x22,0x25,0x06,0x0b,0x21,0x13,0xd6,0x66,0x31,0x12,0x80,
    0x60,0xd3,0xe0,0x00,0x00,0x0e,0x3d,0x00,0x00,0x00,0x00,0x76,0x67,0x00,0x00,0x00,0x00,0x00,0x00,0x00,0x00,0x00,0x00,0x00,
};
static const lv_image_dsc_t emoji_1f64a = {
    .header = {.magic = LV_IMAGE_HEADER_MAGIC, .cf = LV_COLOR_FORMAT_I4, .w = 16, .h = 16, .stride = 8},
    .data_size = sizeof(emoji_1f64a_pixels), .data = emoji_1f64a_pixels,
};
static const uint8_t emoji_1f64b_pixels[] = {
    0x00,0x00,0x00,0x00,0x21,0x9d,0xea,0xf9,0x23,0x77,0xee,0xf6,0x25,0xcc,0xfd,0xfb,0x31,0x37,0x52,0xfd,0x23,0x6c,0xeb,0x92,
    0x32,0x71,0x95,0xf5,0x33,0x4c,0x6c,0xfa,0x59,0x5d,0x6a,0x10,0x26,0x58,0x6e,0x1c,0x15,0x77,0xf4,0x0b,0x2f,0x90,0xb5,0xfe,
    0x1d,0x9e,0xf2,0x5b,0x26,0x2a,0x73,0x13,0x29,0xc6,0xff,0x14,0x1a,0x8a,0xee,0x12,0x00,0xe0,0xc0,0x0d,0x00,0x90,0xd0,0x00,
    0x0e,0x03,0x16,0x04,0x47,0x78,0x08,0x00,0x0e,0x33,0x17,0x44,0x44,0x47,0x00,0x80,0x00,0x33,0x1b,0x44,0x77,0x44,0x78,0x00,
    0x0c,0x13,0x14,0x71,0x33,0xb4,0x48,0x08,0x0c,0x11,0x76,0x13,0x31,0x16,0x49,0x09,0x00,0x12,0x6b,0x63,0x36,0xb1,0x49,0x08,
    0x01,0x12,0x11,0x13,0x31,0x11,0x60,0x0d,0xa1,0x12,0x13,0x31,0x13,0x31,0x00,0x90,0xf1,0x12,0x73,0x16,0x61,0x36,0x00,0x80,
    0xf1,0x11,0x06,0x33,0x33,0x60,0x90,0x00,0x00,0x11,0x12,0x21,0x12,0x5c,0x00,0x00,0x00,0x12,0x22,0x21,0x12,0x11,0x2a,0x0a,
    0x00,0x22,0x22,0x22,0x22,0x22,0x22,0x0a,0x0a,0x55,0x55,0x55,0x55,0x55,0x55,0xa0,0x00,0x00,0x00,0x00,0x00,0x00,0x00,0x00,
};
static const lv_image_dsc_t emoji_1f64b = {
    .header = {.magic = LV_IMAGE_HEADER_MAGIC, .cf = LV_COLOR_FORMAT_I4, .w = 16, .h = 16, .stride = 8},
    .data_size = sizeof(emoji_1f64b_pixels), .data = emoji_1f64b_pixels,
};
static const uint8_t emoji_1f64c_pixels[] = {
    0x00,0x00,0x00,0x00,0x1c,0xad,0xef,0xdf,0x28,0xd1,0xfe,0xfd,0x1b,0x9b,0xe2,0x8b,0x17,0x96,0xe0,0x5e,0x2e,0xaf,0xf3,0x0d,
    0x03,0xf3,0xff,0x03,0x27,0xcd,0xfe,0x9a,0x14,0x7c,0xe9,0x0f,0x1d,0x7a,0xc8,0x50,0xc5,0xbe,0xb0,0x4d,0x00,0x7f,0x7f,0x02,
    0xc6,0xbc,0xaf,0x2d,0xbb,0xbe,0xb0,0x13,0x71,0x71,0x7a,0x04,0xba,0xba,0xb2,0x4c,0x00,0x00,0x00,0x00,0xd0,0x00,0x00,0x00,
    0x00,0x8e,0x0d,0x0a,0xc0,0x00,0x0b,0x00,0x06,0x00,0x00,0xaa,0xca,0x00,0x00,0x60,0x60,0x53,0x34,0xfd,0xcf,0x43,0x35,0x08,
    0x05,0x31,0x11,0x00,0x06,0x11,0x13,0x80,0x03,0x11,0x11,0xe0,0xe6,0x11,0x11,0x40,0x03,0x11,0x11,0x00,0x00,0x11,0x11,0x30,
    0x03,0x22,0x21,0x41,0x14,0x12,0x22,0x30,0x07,0x22,0x21,0x19,0x91,0x12,0x22,0x30,0x03,0x22,0x12,0x10,0x01,0x21,0x22,0x40,
    0x08,0x12,0x21,0x06,0x69,0x12,0x21,0x00,0x50,0x32,0x23,0x05,0x50,0x32,0x23,0x05,0x56,0x32,0x24,0xb8,0x5b,0x42,0x23,0x65,
    0x00,0x47,0x79,0x00,0x00,0x47,0x74,0x00,0x00,0x00,0x00,0x00,0x00,0x00,0x00,0x00,0x00,0x00,0x00,0x00,0x00,0x00,0x00,0x00,
};
static const lv_image_dsc_t emoji_1f64c = {
    .header = {.magic = LV_IMAGE_HEADER_MAGIC, .cf = LV_COLOR_FORMAT_I4, .w = 16, .h = 16, .stride = 8},
    .data_size = sizeof(emoji_1f64c_pixels), .data = emoji_1f64c_pixels,
};
static const uint8_t emoji_1f64d_pixels[] = {
    0x00,0x00,0x00,0x00,0x21,0x9f,0xe2,0xfd,0x27,0xcc,0xfb,0xfe,0x31,0x37,0x52,0xfa,0x5d,0x60,0x6b,0x0d,0x0c,0x78,0xf2,0xfd,
    0x34,0x47,0x66,0xfa,0x01,0x6f,0xf2,0x95,0x00,0x7f,0xff,0x02,0x28,0x6b,0x9a,0xf8,0x2f,0x89,0xad,0xfe,0x21,0x62,0x6f,0x10,
    0x08,0x74,0xf1,0x5e,0x30,0x3b,0x5d,0x58,0x3a,0x44,0x63,0xa4,0x3e,0x49,0x68,0x64,0x00,0x00,0x00,0x00,0x00,0x04,0x00,0x00,
    0x00,0x00,0xbb,0xbd,0xe0,0x40,0x40,0x00,0x00,0x00,0xe6,0x33,0x66,0x60,0x04,0x00,0x04,0x0f,0x63,0x33,0x33,0x36,0xf0,0x40,
    0x04,0x0e,0x33,0x33,0x99,0x33,0x64,0x00,0xb0,0x46,0x33,0x91,0x22,0x16,0x34,0x0b,0x40,0x43,0x61,0x12,0x21,0x2a,0x30,0x04,
    0x40,0x46,0xa1,0xa2,0x2a,0x11,0x6f,0x04,0x00,0x09,0x11,0xa2,0x2a,0x12,0x90,0x00,0x00,0x0d,0x12,0x21,0x12,0x21,0xd0,0x40,
    0x04,0x00,0x62,0x21,0x12,0x26,0x00,0x40,0x08,0x80,0x59,0x22,0x22,0x95,0x08,0x80,0x80,0xc1,0x15,0x51,0x15,0x51,0x1c,0x08,
    0x80,0x71,0x55,0x55,0x55,0x55,0x17,0x08,0x80,0xc7,0x77,0x77,0x77,0x77,0x7c,0x08,0x00,0x00,0x00,0x00,0x00,0x00,0x00,0x00,
};
static const lv_image_dsc_t emoji_1f64d = {
    .header = {.magic = LV_IMAGE_HEADER_MAGIC, .cf = LV_COLOR_FORMAT_I4, .w = 16, .h = 16, .stride = 8},
    .data_size = sizeof(emoji_1f64d_pixels), .data = emoji_1f64d_pixels,
};
static const uint8_t emoji_1f64e_pixels[] = {
    0x01,0x01,0x01,0x00,0x21,0x9f,0xee,0xfd,0x26,0xcc,0xfb,0xfd,0x22,0x77,0xf1,0xfc,0x32,0x38,0x54,0xfa,0x09,0x75,0xfb,0x0e,
    0x1c,0x1c,0x7f,0x02,0x2f,0x6e,0x93,0xf2,0x34,0x46,0x65,0xf6,0x5c,0x62,0x77,0x10,0x1c,0x9c,0xf2,0x12,0x21,0x6c,0xe9,0x90,
    0x00,0x00,0xff,0x01,0x34,0x3a,0x59,0x5a,0x1f,0x73,0xec,0x5c,0x3c,0x48,0x69,0x6a,0x00,0x00,0x60,0x9d,0x00,0x90,0x90,0x00,
    0x00,0x60,0x04,0x44,0x48,0x09,0x00,0x00,0x00,0x00,0x84,0x44,0x44,0x48,0x90,0x60,0x06,0x09,0x84,0x47,0x10,0x84,0xf0,0x00,
    0x06,0x0f,0x48,0x72,0x21,0x18,0xd0,0x00,0x06,0x0f,0x81,0x72,0x27,0x17,0x00,0x60,0x06,0x0d,0x72,0x12,0x21,0x20,0xd0,0x60,
    0x00,0x90,0x72,0x21,0x12,0x27,0x09,0x00,0x00,0x6a,0x07,0x21,0x12,0x70,0xa6,0x00,0x00,0x50,0xe3,0x11,0x11,0x30,0x05,0x00,
    0x05,0x0a,0x11,0x11,0x11,0x11,0xac,0x50,0x0a,0x00,0x22,0x11,0x11,0x11,0x00,0xa0,0x50,0x51,0x11,0x13,0x31,0x11,0x3a,0x05,
    0x50,0x53,0x33,0x33,0x33,0x33,0x35,0x05,0x0c,0xce,0xbb,0xb0,0xbb,0xbb,0xe0,0xc0,0x00,0x00,0x00,0x00,0x00,0x00,0x00,0x00,
};
static const lv_image_dsc_t emoji_1f64e = {
    .header = {.magic = LV_IMAGE_HEADER_MAGIC, .cf = LV_COLOR_FORMAT_I4, .w = 16, .h = 16, .stride = 8},
    .data_size = sizeof(emoji_1f64e_pixels), .data = emoji_1f64e_pixels,
};
static const uint8_t emoji_1f64f_pixels[] = {
    0x00,0x00,0x00,0x00,0x1d,0xad,0xf0,0xfa,0x01,0xaa,0xfa,0x11,0x26,0xcd,0xfd,0xfa,0xd4,0x8d,0x24,0xf5,0x0d,0xa4,0xf1,0x58,
    0x14,0x9a,0xe5,0xa0,0x00,0xff,0xff,0x01,0xff,0x7f,0x00,0x02,0x0c,0x7f,0xe5,0x0b,0xcd,0x83,0x1c,0x99,0xff,0xff,0x00,0x01,
    0xc7,0x86,0x26,0x58,0x00,0x6a,0xb4,0x03,0xff,0x00,0x00,0x01,0x7f,0xaa,0x7f,0x06,0x00,0x00,0x00,0x29,0x92,0x00,0x00,0x00,
    0x00,0x00,0xd0,0x21,0x12,0x0d,0x00,0x00,0x00,0x00,0x20,0x51,0x15,0x02,0x00,0x00,0x00,0x00,0xd7,0x61,0x16,0x7d,0x00,0x00,
    0x00,0x00,0x70,0x61,0x16,0x07,0x00,0x00,0x00,0x07,0x02,0x11,0x11,0x20,0x70,0x00,0x00,0x02,0x05,0x11,0x11,0x50,0x20,0x00,
    0x00,0x02,0x95,0x31,0x13,0x59,0x20,0x00,0x00,0x8f,0x06,0x31,0x13,0x60,0xf8,0x00,0x00,0x00,0x23,0x31,0x13,0x32,0x00,0x00,
    0xb0,0x00,0x33,0x31,0x13,0x33,0x00,0x0b,0x80,0x44,0x01,0x16,0x61,0x10,0x44,0x08,0x00,0xc4,0x40,0x50,0x05,0x04,0x4c,0x00,
    0x08,0x0a,0x4a,0x00,0x00,0xa4,0xa0,0x80,0x00,0xe0,0xc0,0x2b,0xb2,0x0c,0x0e,0x00,0x00,0x00,0x00,0x00,0x00,0x00,0x00,0x00,
};
static const lv_image_dsc_t emoji_1f64f = {
    .header = {.magic = LV_IMAGE_HEADER_MAGIC, .cf = LV_COLOR_FORMAT_I4, .w = 16, .h = 16, .stride = 8},
    .data_size = sizeof(emoji_1f64f_pixels), .data = emoji_1f64f_pixels,
};
static const uint8_t emoji_1f910_pixels[] = {
    0x2e,0xd3,0xf9,0xfe,0x00,0x00,0x00,0x00,0x27,0xb4,0xea,0xea,0x1c,0xa6,0xf4,0x97,0x00,0xff,0xff,0x01,0x4e,0x8b,0x99,0xfe,
    0x00,0x05,0xf4,0x03,0x1a,0xa1,0xf8,0x23,0x55,0x7a,0x82,0xfd,0x5a,0x6e,0x72,0xfe,0x0d,0x75,0xec,0x1a,0x21,0x8e,0xa9,0xff,
    0x61,0x63,0x63,0x09,0x0c,0x21,0x39,0xff,0x1b,0x9d,0xef,0x40,0x5d,0x5e,0x61,0x53,0x11,0x14,0x11,0xa7,0x7a,0x11,0x41,0x11,
    0x11,0x41,0xe3,0x22,0x22,0x3e,0x14,0x11,0x44,0x63,0x00,0x00,0x00,0x00,0x36,0x06,0x71,0x30,0x00,0x00,0x00,0x00,0x03,0x10,
    0x17,0x20,0x02,0x00,0x00,0x20,0x02,0x71,0x13,0x00,0x00,0xb0,0x0b,0xd2,0x00,0x31,0x12,0x00,0x0d,0xb0,0x0b,0xd0,0x00,0x31,
    0x12,0x00,0x02,0x00,0x00,0x20,0x00,0x21,0x12,0x00,0x00,0x00,0x00,0x00,0x00,0x21,0x13,0x08,0x58,0x58,0x58,0x58,0x50,0x31,
    0x17,0x02,0x95,0x95,0x95,0x99,0x85,0x01,0x01,0x30,0x20,0x00,0x00,0x20,0x20,0x0c,0x64,0x63,0x00,0x00,0x00,0x02,0x3f,0xfc,
    0x11,0x41,0xe3,0x22,0x22,0x3a,0x11,0x11,0x11,0x14,0x11,0x6a,0xa6,0x11,0x4c,0xc1,0x11,0x11,0x11,0x11,0x11,0x11,0x11,0x11,
};
static const lv_image_dsc_t emoji_1f910 = {
    .header = {.magic = LV_IMAGE_HEADER_MAGIC, .cf = LV_COLOR_FORMAT_I4, .w = 16, .h = 16, .stride = 8},
    .data_size = sizeof(emoji_1f910_pixels), .data = emoji_1f910_pixels,
};
static const uint8_t emoji_1f911_pixels[] = {
    0x00,0x00,0x00,0x00,0x2d,0xd4,0xfa,0xfb,0x24,0xae,0xe1,0xf2,0x10,0xa6,0xf9,0x17,0x1e,0x94,0xa3,0xfe,0x1e,0xab,0xf3,0xa1,
    0x03,0xe0,0x04,0xf3,0x16,0x64,0x76,0xff,0x00,0xff,0xff,0x01,0x06,0x7a,0xf3,0x11,0x1d,0x93,0x1c,0xfe,0x17,0xa2,0xf0,0x67,
    0x09,0x26,0x2e,0xfd,0x1d,0x72,0x98,0xfc,0x13,0x64,0x26,0xfd,0x10,0x3d,0x57,0xff,0x00,0x88,0x00,0x33,0x33,0x00,0x88,0x00,
    0x00,0x00,0xb1,0x11,0x11,0x1b,0x00,0x00,0x89,0x95,0x22,0x11,0x11,0x22,0x59,0x98,0x80,0x52,0xd2,0x11,0x11,0x2d,0x25,0x00,
    0x0b,0x11,0x12,0x11,0x11,0x21,0x11,0x30,0x05,0x11,0x1f,0x41,0x14,0x71,0x11,0x50,0x02,0x11,0x17,0x41,0x12,0x71,0x11,0x20,
    0x02,0x11,0x17,0x41,0x14,0x71,0x11,0x20,0x05,0x11,0x11,0x11,0x11,0x11,0x11,0x50,0x05,0x14,0xf7,0x74,0x47,0x7f,0x41,0x50,
    0x03,0x22,0xcc,0x6a,0xa6,0xec,0x22,0x90,0x30,0xb1,0xdc,0x6a,0xa6,0xed,0x1b,0x03,0x03,0x0b,0x24,0x6a,0xe6,0x42,0xb0,0x30,
    0x00,0x90,0x95,0x6a,0xa6,0x09,0x08,0x00,0x00,0x03,0x00,0x06,0x60,0x00,0x30,0x00,0x00,0x00,0x00,0x00,0x00,0x00,0x00,0x00,
};
static const lv_image_dsc_t emoji_1f911 = {
    .header = {.magic = LV_IMAGE_HEADER_MAGIC, .cf = LV_COLOR_FORMAT_I4, .w = 16, .h = 16, .stride = 8},
    .data_size = sizeof(emoji_1f911_pixels), .data = emoji_1f911_pixels,
};
static const uint8_t emoji_1f912_pixels[] = {
    0x2e,0xd4,0xfa,0xfe,0x00,0x00,0x00,0x00,0x25,0xb4,0xef,0xec,0x1b,0xa5,0xf3,0x96,0x51,0xa7,0xf3,0xfd,0x0f,0x9c,0xf8,0x1e,
    0x00,0xff,0xff,0x01,0x22,0x96,0xb1,0xfe,0x00,0x00,0xf2,0x03,0x16,0x5f,0x77,0xff,0x09,0x73,0xf5,0x0f,0x20,0x72,0x90,0xfe,
    0x38,0x32,0xe8,0xfe,0x5c,0xda,0xfd,0xfe,0x19,0xa0,0xf0,0x40,0xd2,0xd2,0xe1,0xe8,0x11,0x16,0x11,0xa5,0x55,0x11,0x61,0x11,
    0x11,0x61,0xe3,0x22,0x22,0x3e,0x16,0x11,0x66,0xa3,0x00,0x00,0x00,0x00,0x38,0x08,0x51,0x30,0x00,0x00,0x00,0x00,0x03,0x10,
    0x15,0x20,0xb7,0x00,0x00,0x77,0x02,0x51,0x13,0x02,0x27,0x20,0x00,0x72,0x2d,0xf0,0x12,0x00,0x00,0x90,0x0b,0x00,0xdf,0x00,
    0x12,0x04,0x49,0x70,0x07,0xb4,0xc4,0x21,0x12,0x44,0x40,0x00,0x00,0xdc,0x04,0x21,0x13,0x24,0x47,0x99,0x9b,0xc0,0x42,0x31,
    0x15,0x20,0x02,0x00,0x00,0x20,0x02,0x51,0x51,0x30,0x00,0x00,0x00,0x00,0x03,0x15,0x86,0x03,0x00,0x00,0x00,0x02,0x31,0x08,
    0x11,0x61,0xe3,0x22,0x22,0x35,0x16,0x11,0x11,0x16,0x11,0x8a,0xa8,0x11,0x61,0x11,0x11,0x11,0x11,0x11,0x11,0x11,0x11,0x11,
};
static const lv_image_dsc_t emoji_1f912 = {
    .header = {.magic = LV_IMAGE_HEADER_MAGIC, .cf = LV_COLOR_FORMAT_I4, .w = 16, .h = 16, .stride = 8},
    .data_size = sizeof(emoji_1f912_pixels), .data = emoji_1f912_pixels,
};
static const uint8_t emoji_1f913_pixels[] = {
    0x00,0x01,0x01,0x01,0x2c,0xd5,0xfb,0xfe,0x22,0xb1,0xe0,0xee,0x20,0x8a,0xa8,0xfd,0x1c,0x52,0x68,0xfe,0x21,0x77,0x93,0xfe,
    0x1b,0xa5,0xf0,0x9c,0x00,0xff,0xff,0x01,0x14,0x9f,0xf2,0x21,0xa0,0xba,0xc5,0xff,0x05,0x73,0xe9,0x1e,0x00,0x00,0xf8,0x02,
    0x1c,0x37,0x5e,0xfd,0x06,0x1d,0x31,0xed,0x4d,0xb6,0xff,0xff,0x1a,0x5e,0x79,0x05,0x00,0x07,0x00,0xa8,0x8a,0x00,0x70,0x00,
    0x00,0x00,0x86,0x22,0x22,0x60,0x00,0x00,0xb0,0x06,0x11,0x11,0x11,0x11,0x60,0x07,0x00,0x03,0x53,0x21,0x12,0x35,0x30,0x0f,
    0xfd,0x42,0x22,0x54,0x45,0x22,0x24,0xdf,0x00,0x31,0x55,0x14,0x42,0x34,0x13,0x00,0x06,0x51,0x44,0x33,0x33,0x4c,0x15,0x20,
    0x02,0x53,0x35,0x41,0x14,0x53,0x35,0x20,0x06,0x15,0x53,0x21,0x12,0x35,0x51,0x20,0x06,0x13,0x09,0x99,0x99,0x90,0x31,0x60,
    0x08,0x12,0xdd,0x44,0x44,0xcd,0x22,0xa0,0x80,0x61,0x24,0xc0,0x0c,0xc2,0x16,0x08,0xb0,0xb6,0x11,0xee,0xee,0x11,0x6b,0x7b,
    0x00,0x70,0x86,0x22,0x22,0x6a,0x07,0x00,0x00,0x07,0x00,0x0a,0xab,0x00,0x70,0x00,0x00,0x00,0x00,0x00,0x00,0x00,0x00,0x00,
};
static const lv_image_dsc_t emoji_1f913 = {
    .header = {.magic = LV_IMAGE_HEADER_MAGIC, .cf = LV_COLOR_FORMAT_I4, .w = 16, .h = 16, .stride = 8},
    .data_size = sizeof(emoji_1f913_pixels), .data = emoji_1f913_pixels,
};
static const uint8_t emoji_1f914_pixels[] = {
    0x2e,0xd4,0xfa,0xfe,0x00,0x00,0x00,0x00,0x24,0xae,0xe7,0xea,0x5e,0xe2,0xf9,0xfc,0x1f,0xa8,0xf2,0x9e,0x06,0xff,0xff,0x01,
    0x13,0xa3,0xf6,0x1e,0x08,0x7d,0xed,0x11,0x1f,0x8c,0xab,0xfe,0x19,0x9c,0xee,0x5d,0x16,0x58,0x72,0xff,0x43,0xb6,0xea,0xfe,
    0x00,0x07,0xf7,0x02,0x12,0x3b,0x57,0xff,0x48,0xdb,0xfc,0xac,0x55,0xaa,0xff,0x03,0x11,0x55,0x11,0x66,0x66,0x11,0x55,0x11,
    0x1c,0x11,0x92,0x00,0x02,0x29,0x11,0xc1,0x57,0x74,0x28,0x80,0x00,0x00,0x47,0x75,0x51,0x40,0x22,0x80,0x02,0x82,0x04,0x1f,
    0x19,0x00,0x0d,0xa0,0x08,0x82,0x00,0x61,0x14,0x00,0x0a,0x00,0x0a,0xd0,0x00,0x41,0x12,0x00,0x00,0x00,0x0a,0xa0,0x00,0x21,
    0x12,0x00,0x00,0x00,0x00,0x00,0x00,0x21,0x14,0x22,0x00,0x88,0x02,0x00,0x00,0x41,0x14,0x0b,0x00,0x03,0x02,0x00,0x00,0x41,
    0x16,0x23,0x23,0x33,0xb0,0x00,0x02,0x71,0x01,0xe3,0x33,0xb2,0x00,0x00,0x09,0x16,0x55,0xe3,0x33,0xb0,0x00,0x02,0x91,0x61,
    0xfc,0x03,0x33,0x22,0x22,0x47,0x17,0x11,0x15,0x17,0x44,0x90,0xc1,0x11,0x61,0x11,0x11,0x11,0x11,0x11,0x11,0x11,0x11,0x11,
};
static const lv_image_dsc_t emoji_1f914 = {
    .header = {.magic = LV_IMAGE_HEADER_MAGIC, .cf = LV_COLOR_FORMAT_I4, .w = 16, .h = 16, .stride = 8},
    .data_size = sizeof(emoji_1f914_pixels), .data = emoji_1f914_pixels,
};
static const uint8_t emoji_1f915_pixels[] = {
    0x00,0x00,0x00,0x00,0x2e,0xd6,0xfa,0xfe,0xea,0xea,0xea,0xfb,0x22,0xb5,0xed,0xef,0x13,0xa2,0xf2,0x9a,0x11,0xa4,0xf9,0x17,
    0x00,0x13,0xec,0x04,0xff,0xff,0xff,0x01,0x15,0x5d,0x76,0xff,0x0a,0x76,0xf7,0x0c,0x51,0xcd,0xeb,0xf6,0xca,0xd2,0xd6,0xb2,
    0x09,0x91,0xed,0x57,0x23,0x9b,0xb8,0xfe,0x6b,0xa8,0xb4,0xff,0xab,0xdc,0xeb,0xfe,0x00,0x05,0x00,0x95,0x56,0x00,0x77,0x00,
    0x00,0x00,0x54,0x33,0x3a,0xb0,0x00,0x70,0x00,0x04,0x11,0x1a,0xf2,0x22,0xb0,0x77,0x00,0x0f,0x22,0x22,0x22,0x22,0x2b,0x07,
    0x00,0x22,0x22,0x22,0x22,0x22,0x22,0x00,0x00,0x22,0x22,0x20,0xea,0xa1,0x31,0x40,0x00,0x22,0x20,0xe1,0x11,0x31,0x11,0x36,
    0x02,0x22,0xe0,0x81,0x10,0x03,0x11,0x30,0x02,0xf3,0x18,0xd1,0x1d,0x81,0x11,0x36,0x00,0x11,0x11,0x11,0x11,0x11,0x11,0x40,
    0x05,0x31,0x11,0x38,0x88,0x31,0x13,0xc0,0x50,0xc1,0x11,0x11,0x1d,0x01,0x14,0x00,0x05,0x04,0x31,0x11,0x11,0x13,0x46,0x90,
    0x00,0x90,0x54,0x33,0x33,0x4c,0x00,0x00,0x00,0x05,0x00,0x69,0x96,0x00,0x06,0x00,0x00,0x00,0x00,0x00,0x00,0x00,0x00,0x00,
};
static const lv_image_dsc_t emoji_1f915 = {
    .header = {.magic = LV_IMAGE_HEADER_MAGIC, .cf = LV_COLOR_FORMAT_I4, .w = 16, .h = 16, .stride = 8},
    .data_size = sizeof(emoji_1f915_pixels), .data = emoji_1f915_pixels,
};
static const uint8_t emoji_1f916_pixels[] = {
    0xaa,0xa1,0x96,0xfa,0x00,0x00,0x00,0x00,0xae,0xa4,0x92,0xa4,0xd3,0xd3,0xd2,0xff,0x22,0x23,0xc7,0xf3,0x1a,0x1a,0xdb,0x0f,
    0x32,0x32,0xbd,0x0f,0xaf,0xa5,0x8e,0x5d,0xb2,0xb2,0x65,0x03,0xaa,0xaa,0xaa,0x03,0xe5,0xd9,0x77,0x14,0xc1,0xb6,0xa0,0xff,
    0xff,0xff,0xff,0x01,0x22,0x22,0xc8,0x91,0xff,0x7f,0x7f,0x02,0xa6,0x9b,0x7e,0xfe,0x11,0x11,0x1c,0x57,0x75,0xc1,0x11,0x11,
    0x11,0x11,0xe1,0xa0,0x0a,0x1e,0x11,0x11,0x11,0x89,0x98,0xa2,0x2a,0x89,0x98,0x11,0x11,0x11,0x11,0x17,0x71,0x11,0x11,0x11,
    0x85,0x72,0x22,0x20,0x02,0x22,0x27,0x59,0x01,0x0b,0x00,0x00,0x00,0x00,0xb0,0x11,0x0d,0x00,0x00,0x00,0x00,0x00,0x00,0xd6,
    0x64,0x0f,0x33,0x30,0x03,0x33,0xf0,0x45,0x64,0x00,0x03,0x00,0x00,0x30,0x00,0x45,0x64,0x00,0x00,0x00,0x00,0x00,0x00,0x45,
    0x64,0x00,0x00,0x00,0x00,0x00,0x00,0x45,0x64,0x00,0x03,0x33,0x33,0x30,0x00,0x45,0x60,0x00,0x00,0x00,0x00,0x00,0x00,0xd5,
    0x01,0x0b,0x00,0x00,0x00,0x00,0xb0,0x1c,0xa6,0x72,0x22,0x22,0x22,0x22,0x27,0x6e,0x11,0x11,0x11,0x11,0x11,0x11,0x11,0x11,
};
static const lv_image_dsc_t emoji_1f916 = {
    .header = {.magic = LV_IMAGE_HEADER_MAGIC, .cf = LV_COLOR_FORMAT_I4, .w = 16, .h = 16, .stride = 8},
    .data_size = sizeof(emoji_1f916_pixels), .data = emoji_1f916_pixels,
};
static const uint8_t emoji_1f917_pixels[] = {
    0x29,0xb0,0xf2,0xf3,0x2d,0xd1,0xfa,0xfc,0x1e,0xa8,0xf0,0x9f,0x1d,0x94,0xe7,0x24,0x1e,0x9e,0xea,0x70,0x14,0x53,0x6b,0xff,
    0x1a,0x72,0x94,0xff,0x08,0x7f,0xf4,0x06,0x48,0xcf,0xf6,0xfc,0x21,0x92,0xae,0xff,0x00,0xff,0xff,0x02,0x42,0xb6,0xeb,0xf7,
    0x07,0x17,0xa4,0x0d,0x1b,0x7d,0xd7,0xff,0x00,0x00,0x00,0x00,0x2d,0xd6,0xfc,0xfd,0xee,0xae,0xe3,0x42,0x24,0x3e,0xea,0xee,
    0xe7,0xe3,0x20,0x11,0x11,0x02,0x3e,0x7e,0xae,0x30,0xf1,0x1f,0xf1,0x1f,0x03,0xea,0x73,0x0f,0xf1,0x1f,0xf1,0x1f,0xf0,0x77,
    0xe4,0x1f,0x05,0x91,0x16,0x50,0xf1,0x4e,0xe2,0x1f,0x65,0x5f,0x15,0x56,0xff,0x2e,0xe0,0x10,0x0f,0xff,0xf1,0x1f,0xf1,0x0e,
    0xe0,0x00,0xd6,0xf1,0x1f,0x90,0xf1,0x0e,0xe2,0x00,0x06,0x55,0x55,0x6f,0x11,0x2e,0xe4,0x00,0x01,0x09,0x91,0xf1,0x00,0x4e,
    0xe4,0x0b,0x00,0xff,0xff,0x00,0xb0,0x4e,0x32,0x08,0x80,0x00,0x00,0x0b,0x8b,0x23,0x30,0x08,0x1f,0x00,0x00,0xf1,0x80,0x03,
    0x74,0x0f,0xf1,0x42,0x24,0x1f,0xf0,0x43,0xee,0xc4,0x23,0xee,0xee,0x32,0x2c,0xee,0xee,0xee,0xee,0xee,0xee,0xee,0xee,0xee,
};
static const lv_image_dsc_t emoji_1f917 = {
    .header = {.magic = LV_IMAGE_HEADER_MAGIC, .cf = LV_COLOR_FORMAT_I4, .w = 16, .h = 16, .stride = 8},
    .data_size = sizeof(emoji_1f917_pixels), .data = emoji_1f917_pixels,
};
static const uint8_t emoji_1f918_pixels[] = {
    0x00,0x00,0x00,0x00,0x1b,0xa8,0xeb,0xf4,0x26,0xcc,0xfe,0xfd,0x08,0xa6,0xfa,0x12,0x05,0x74,0xf4,0x04,0x0e,0x9a,0xe8,0x64,
    0x00,0xf9,0xff,0x01,0x16,0xa1,0xea,0x94,0x09,0x68,0xb8,0x0f,0x17,0x64,0xb9,0x52,0x00,0x00,0xff,0x01,0x11,0x32,0x98,0x21,
    0x1d,0x73,0xc5,0x5d,0x00,0x7f,0x7f,0x02,0x7f,0x7f,0xff,0x02,0x1d,0x7e,0xcc,0xf2,0x00,0x03,0xa0,0x00,0x0a,0x05,0x30,0x60,
    0x00,0x00,0x00,0x00,0x40,0x32,0x70,0x30,0x00,0x63,0x80,0x46,0x6a,0x52,0x50,0x40,0x40,0x32,0x54,0x00,0x00,0x72,0xc0,0x80,
    0x60,0x42,0x10,0x34,0x34,0x72,0x90,0x30,0x00,0x01,0x15,0x21,0x11,0x12,0x90,0x80,0x03,0x07,0x21,0x21,0x21,0x11,0xb0,0x40,
    0x03,0x05,0x21,0x11,0x11,0x11,0xb0,0xd0,0x03,0x05,0x21,0x11,0x22,0x1f,0xb0,0x60,0x06,0x03,0x22,0x11,0x11,0x12,0x90,0x80,
    0x06,0x03,0x12,0x11,0x11,0x12,0x70,0x30,0x00,0xe0,0x12,0x21,0x12,0x22,0x90,0x30,0x00,0x30,0x52,0x22,0x22,0x21,0x04,0x00,
    0x00,0x04,0x07,0x12,0x22,0x1b,0x0d,0x00,0x00,0x00,0x60,0x85,0x7c,0x00,0xa0,0x00,0x00,0x00,0x00,0x00,0x00,0x00,0x00,0x00,
};
static const lv_image_dsc_t emoji_1f918 = {
    .header = {.magic = LV_IMAGE_HEADER_MAGIC, .cf = LV_COLOR_FORMAT_I4, .w = 16, .h = 16, .stride = 8},
    .data_size = sizeof(emoji_1f918_pixels), .data = emoji_1f918_pixels,
};
static const uint8_t emoji_1f919_pixels[] = {
    0x00,0x00,0x00,0x00,0x27,0xcc,0xfe,0xfc,0x11,0xa3,0xee,0xf1,0x01,0xa9,0xfe,0x0a,0x14,0x9d,0xe7,0xa3,0x09,0xef,0xff,0x04,
    0x08,0xa0,0xf1,0x5d,0x00,0x00,0xff,0x01,0x04,0x75,0xbb,0x0f,0x26,0xc8,0xfe,0x6d,0x18,0x66,0xbc,0x6e,0x00,0x7f,0xff,0x04,
    0xff,0xff,0xff,0x01,0x06,0x00,0x7f,0x0b,0x55,0xff,0xff,0x03,0x1c,0x6f,0xc1,0x75,0x00,0x00,0x00,0x33,0x00,0x00,0x00,0x00,
    0x00,0x00,0x30,0x61,0x60,0x30,0x00,0x00,0x00,0x00,0xb3,0x61,0x45,0x50,0x00,0x00,0x00,0x07,0x50,0x41,0x40,0x33,0x00,0x00,
    0x05,0x5c,0x06,0x11,0x03,0x00,0x70,0x00,0x00,0x0d,0x41,0x11,0x11,0x26,0x05,0x00,0x03,0x44,0x11,0x11,0x12,0x22,0x60,0x80,
    0x09,0x11,0x11,0x11,0x11,0x22,0x40,0xb0,0x09,0x11,0x11,0x11,0x11,0x22,0x27,0x70,0x09,0x11,0x11,0x11,0x12,0x22,0x40,0x30,
    0x09,0x11,0x11,0x11,0x11,0x22,0x63,0x30,0x05,0x6a,0x21,0x11,0x11,0x26,0x00,0x70,0x00,0x00,0x0a,0x42,0x22,0x11,0x16,0x75,
    0x05,0x88,0x00,0x00,0xd8,0xf4,0x24,0x0c,0x00,0x00,0x78,0xe5,0x00,0x00,0x00,0x00,0x00,0x00,0x00,0x00,0x00,0x00,0x00,0x00,
};
static const lv_image_dsc_t emoji_1f919 = {
    .header = {.magic = LV_IMAGE_HEADER_MAGIC, .cf = LV_COLOR_FORMAT_I4, .w = 16, .h = 16, .stride = 8},
    .data_size = sizeof(emoji_1f919_pixels), .data = emoji_1f919_pixels,
};
static const uint8_t emoji_1f91a_pixels[] = {
    0x00,0x00,0x00,0x00,0x25,0xc9,0xfe,0xfc,0x22,0xb2,0xf1,0xf6,0x05,0xa3,0xf7,0x15,0x17,0xa9,0xef,0x9f,0x06,0xf8,0xff,0x01,
    0x0e,0x5e,0xb1,0x20,0x01,0x7d,0xf7,0x05,0x10,0xa1,0xea,0x59,0x00,0x00,0xff,0x01,0x1a,0x7c,0xcb,0x9d,0x17,0xc1,0xff,0xb7,
    0x15,0x38,0xa0,0x1d,0x00,0x7f,0x7f,0x02,0x09,0x00,0x5b,0x0b,0x55,0xaa,0xff,0x03,0x00,0x00,0x00,0x03,0x70,0x00,0x00,0x00,
    0x00,0x09,0x03,0x84,0x28,0x30,0x90,0x00,0x00,0x03,0x08,0x12,0x21,0x80,0x60,0x00,0x00,0x03,0x08,0x12,0x21,0x48,0x77,0x00,
    0x00,0x03,0x04,0x22,0x22,0x22,0x05,0x00,0x05,0x53,0x04,0x22,0x22,0x22,0xe0,0x90,0x00,0x00,0x0b,0x22,0x22,0x22,0xc0,0xd0,
    0x03,0x44,0x0b,0x11,0x21,0x22,0x60,0x70,0x53,0x11,0xa2,0x11,0x11,0x12,0x60,0x60,0x70,0x31,0x11,0x11,0x11,0x12,0x60,0x60,
    0x03,0x03,0x11,0x11,0x11,0x12,0x60,0x70,0x00,0x50,0x41,0x11,0x11,0x12,0xe0,0x90,0x00,0x5f,0x32,0x11,0x11,0x1a,0x03,0x00,
    0x00,0x05,0x03,0x41,0x12,0x40,0xd0,0x00,0x00,0x00,0x50,0x03,0x3c,0x00,0x00,0x00,0x00,0x00,0x00,0x00,0x00,0x00,0x00,0x00,
};
static const lv_image_dsc_t emoji_1f91a = {
    .header = {.magic = LV_IMAGE_HEADER_MAGIC, .cf = LV_COLOR_FORMAT_I4, .w = 16, .h = 16, .stride = 8},
    .data_size = sizeof(emoji_1f91a_pixels), .data = emoji_1f91a_pixels,
};
static const uint8_t emoji_1f91b_pixels[] = {
    0x00,0x00,0x00,0x00,0x27,0xce,0xfe,0xfd,0x18,0xaa,0xf0,0xf7,0x00,0xb7,0xfd,0x07,0x0d,0xac,0xf7,0x9b,0x00,0xff,0xff,0x01,
    0x06,0xaf,0xfb,0x67,0x26,0xc9,0xff,0xb3,0x11,0x75,0xca,0xfe,0x00,0x7f,0x7f,0x02,0x04,0x63,0xef,0x11,0x18,0x5b,0xb4,0x26,
    0x0f,0x6c,0xc5,0x95,0x07,0x36,0xa0,0x18,0x06,0x0c,0x62,0x0f,0x1b,0x5e,0xb5,0x5e,0x00,0x00,0x00,0x00,0x00,0x00,0x00,0x00,
    0x00,0x53,0x33,0x33,0x33,0x33,0x33,0x90,0x00,0x00,0x00,0x00,0x00,0x00,0x00,0x00,0x50,0x36,0x44,0x44,0x44,0x44,0x66,0x30,
    0x50,0x41,0x11,0x11,0x11,0x11,0x11,0x70,0x0e,0x21,0x11,0x11,0x11,0x11,0x11,0x70,0x0e,0x22,0x21,0x11,0x11,0x11,0x11,0x70,
    0x0d,0x21,0x88,0x21,0x11,0x11,0x11,0x70,0x0b,0x22,0x82,0x82,0x11,0x22,0x22,0x60,0x0b,0x22,0x22,0x21,0x12,0x2c,0xa3,0xa0,
    0x0b,0x22,0x22,0x11,0x22,0xc0,0x00,0x00,0x05,0x0c,0x11,0x22,0x4f,0x03,0xa9,0x00,0x09,0x5b,0x46,0xd0,0x00,0x50,0x00,0x00,
    0x00,0x00,0x00,0x00,0x5a,0x00,0x00,0x00,0x00,0x09,0x33,0x50,0x00,0x00,0x00,0x00,0x00,0x00,0x00,0x00,0x00,0x00,0x00,0x00,
};
static const lv_image_dsc_t emoji_1f91b = {
    .header = {.magic = LV_IMAGE_HEADER_MAGIC, .cf = LV_COLOR_FORMAT_I4, .w = 16, .h = 16, .stride = 8},
    .data_size = sizeof(emoji_1f91b_pixels), .data = emoji_1f91b_pixels,
};
static const uint8_t emoji_1f91c_pixels[] = {
    0x00,0x00,0x00,0x00,0x27,0xce,0xfe,0xfd,0x17,0xa8,0xef,0xf6,0x00,0xb7,0xfd,0x07,0x0c,0xac,0xf8,0x97,0x0e,0x56,0xae,0x1b,
    0x00,0xff,0xff,0x01,0x07,0xaf,0xfc,0x63,0x26,0xc8,0xfe,0xa3,0x05,0x76,0xeb,0x15,0x12,0x73,0xc9,0xff,0x1b,0x62,0xb6,0x4f,
    0x0c,0x6f,0xca,0x9c,0x06,0x1e,0x8b,0x11,0x00,0x7f,0x7f,0x02,0x00,0x00,0xff,0x01,0x00,0x00,0x00,0x00,0x00,0x00,0x00,0x00,
    0x06,0x33,0x33,0x33,0x33,0x33,0x36,0x00,0x00,0x00,0x00,0x00,0x00,0x00,0x00,0x00,0x03,0x77,0x44,0x44,0x44,0x44,0x73,0x06,
    0x08,0x11,0x11,0x11,0x11,0x11,0x12,0x09,0x08,0x11,0x11,0x11,0x11,0x11,0x12,0xd0,0x08,0x11,0x11,0x11,0x11,0x12,0x22,0x50,
    0x08,0x11,0x11,0x11,0x12,0xaa,0x12,0x50,0x07,0x22,0x22,0x11,0x1a,0x22,0x22,0x50,0x0f,0x39,0xc2,0x21,0x12,0x22,0x21,0xb0,
    0x00,0x00,0x00,0x22,0x11,0x22,0x22,0x50,0x00,0xe5,0x30,0xb4,0x22,0x11,0xc0,0x00,0x00,0x00,0x09,0x00,0x0d,0x74,0x56,0x50,
    0x00,0x00,0x00,0x56,0x00,0x00,0x00,0x00,0x00,0x00,0x00,0x00,0x06,0x33,0xe0,0x00,0x00,0x00,0x00,0x00,0x00,0x00,0x00,0x00,
};
static const lv_image_dsc_t emoji_1f91c = {
    .header = {.magic = LV_IMAGE_HEADER_MAGIC, .cf = LV_COLOR_FORMAT_I4, .w = 16, .h = 16, .stride = 8},
    .data_size = sizeof(emoji_1f91c_pixels), .data = emoji_1f91c_pixels,
};
static const uint8_t emoji_1f91d_pixels[] = {
    0x00,0x00,0x00,0x00,0x1a,0xcd,0xfd,0xf8,0x14,0xa9,0xec,0xf6,0x01,0xab,0xf8,0x16,0x00,0xfc,0xff,0x02,0x01,0x79,0xf2,0x05,
    0x07,0xaa,0xf5,0x61,0x0c,0xae,0xf7,0x8d,0x10,0xca,0xfe,0xa2,0x00,0x7f,0x7f,0x02,0x00,0x6a,0xb4,0x03,0x00,0x00,0xff,0x01,
    0x17,0x77,0xc8,0x5d,0x00,0xbf,0xbf,0x04,0x00,0x00,0xaa,0x03,0x21,0xc5,0xff,0x73,0x0b,0xb0,0x00,0x00,0x00,0x00,0x09,0x40,
    0x00,0x0d,0x55,0x35,0xa3,0x33,0x40,0x00,0x05,0xe0,0x00,0x00,0x00,0x00,0x03,0x30,0x0f,0x16,0x33,0x66,0x66,0x66,0x71,0x80,
    0x08,0x11,0x12,0x22,0x11,0x11,0x11,0x80,0x01,0x11,0x12,0x22,0x22,0x11,0x11,0x14,0x01,0x11,0x12,0x22,0x21,0x22,0x21,0x14,
    0x07,0x11,0x11,0x11,0x11,0x10,0x21,0x60,0x50,0xc2,0x22,0x11,0x12,0x21,0x2c,0x05,0x44,0x42,0x12,0x21,0x12,0x22,0x20,0x30,
    0x0a,0x93,0x21,0x22,0x22,0x12,0x33,0x40,0x00,0x50,0x32,0x22,0x22,0x74,0x04,0x00,0x00,0x09,0x00,0x35,0x35,0x00,0x50,0x00,
    0x00,0x00,0x44,0x00,0x00,0x54,0x00,0x00,0x00,0x00,0x00,0x54,0x34,0x00,0x00,0x00,0x00,0x00,0x00,0x00,0x00,0x00,0x00,0x00,
};
static const lv_image_dsc_t emoji_1f91d = {
    .header = {.magic = LV_IMAGE_HEADER_MAGIC, .cf = LV_COLOR_FORMAT_I4, .w = 16, .h = 16, .stride = 8},
    .data_size = sizeof(emoji_1f91d_pixels), .data = emoji_1f91d_pixels,
};
static const uint8_t emoji_1f91e_pixels[] = {
    0x00,0x00,0x00,0x00,0x19,0xa5,0xeb,0xf4,0x26,0xce,0xfe,0xfe,0x00,0xb1,0xff,0x0b,0x0b,0x56,0xad,0x1e,0x09,0xaa,0xf6,0x56,
    0x0a,0x78,0xf7,0x03,0x17,0xa6,0xeb,0xa0,0x00,0x00,0xff,0x01,0x1b,0x71,0xc4,0x67,0x00,0xff,0xff,0x01,0x10,0x1d,0x93,0x11,
    0x00,0x00,0x6b,0x06,0x6a,0xff,0xff,0x02,0x19,0x6b,0xbe,0xa6,0x14,0x7e,0xd0,0xff,0x00,0x00,0x00,0x00,0xb3,0x53,0x00,0x00,
    0x00,0x00,0x03,0x05,0x11,0x24,0x04,0x00,0x00,0x00,0x03,0x05,0x21,0x1b,0x08,0x00,0x00,0x00,0x06,0xdc,0x12,0xe0,0x30,0x00,
    0x00,0x08,0xd0,0x00,0x12,0x1c,0x08,0x00,0x00,0x00,0x03,0x75,0x11,0x14,0x04,0x00,0x0a,0x03,0x71,0x21,0x11,0x29,0x04,0x00,
    0x03,0x05,0x21,0x11,0x11,0x17,0x06,0x00,0x03,0x05,0x11,0xf2,0x22,0x1e,0x00,0x00,0x03,0x05,0x11,0x11,0xf1,0x21,0x40,0x00,
    0x03,0x05,0x22,0x11,0x11,0x11,0x40,0x40,0x0a,0x03,0x12,0x21,0x22,0x21,0xca,0x00,0x00,0x30,0x72,0x22,0x22,0x20,0x03,0x00,
    0x00,0x86,0x67,0x12,0x21,0x90,0x60,0x00,0x00,0x00,0x00,0x49,0x9b,0x06,0x00,0x00,0x00,0x00,0x00,0x00,0x00,0x00,0x00,0x00,
};
static const lv_image_dsc_t emoji_1f91e = {
    .header = {.magic = LV_IMAGE_HEADER_MAGIC, .cf = LV_COLOR_FORMAT_I4, .w = 16, .h = 16, .stride = 8},
    .data_size = sizeof(emoji_1f91e_pixels), .data = emoji_1f91e_pixels,
};
static const uint8_t emoji_1f91f_pixels[] = {
    0x00,0x00,0x00,0x00,0x1c,0xac,0xee,0xf3,0x26,0xcd,0xfe,0xfc,0x07,0xa8,0xf7,0x13,0x05,0x79,0xf5,0x09,0x0e,0x9f,0xeb,0x62,
    0x00,0xff,0xff,0x01,0x14,0x52,0xae,0x33,0x18,0xaa,0xee,0xa1,0x0b,0x03,0x5d,0x0d,0x00,0x00,0xff,0x01,0x18,0x68,0xbb,0x55,
    0xff,0xff,0xff,0x01,0x13,0x75,0xcb,0x66,0x00,0x00,0xaa,0x03,0x00,0xaa,0xaa,0x03,0x00,0x36,0x00,0x00,0x40,0x55,0x04,0x00,
    0x00,0x00,0x00,0x00,0xce,0x11,0x06,0x00,0x00,0x34,0x0f,0x63,0xa3,0x28,0x03,0x00,0x04,0x18,0x60,0x00,0x05,0x25,0x04,0x00,
    0xca,0x21,0x03,0x43,0x48,0x2b,0x63,0x30,0x30,0x82,0xd2,0x11,0x11,0x27,0x00,0x00,0x30,0x52,0x12,0x11,0x11,0x19,0x35,0x50,
    0x40,0x52,0x11,0x11,0x11,0x14,0x12,0x19,0x60,0x32,0x11,0x11,0x11,0x11,0x21,0x76,0x40,0x31,0x21,0x11,0x12,0x22,0x17,0x04,
    0xa0,0x41,0x22,0x21,0x22,0x22,0xb0,0x30,0x06,0x08,0x22,0x21,0x22,0x21,0x03,0x00,0x03,0x03,0x22,0x22,0x22,0x17,0x64,0x00,
    0x00,0x40,0x51,0x22,0x21,0x70,0x40,0x00,0x00,0x04,0x07,0x55,0xd9,0x04,0x00,0x00,0x00,0x00,0x00,0x00,0x00,0x00,0x00,0x00,
};
static const lv_image_dsc_t emoji_1f91f = {
    .header = {.magic = LV_IMAGE_HEADER_MAGIC, .cf = LV_COLOR_FORMAT_I4, .w = 16, .h = 16, .stride = 8},
    .data_size = sizeof(emoji_1f91f_pixels), .data = emoji_1f91f_pixels,
};
static const uint8_t emoji_1f920_pixels[] = {
    0x00,0x00,0x00,0x00,0x2c,0xd6,0xfb,0xfe,0x26,0xb0,0xea,0xf3,0x62,0x6c,0x8e,0xfb,0x45,0x4c,0x76,0xfa,0x16,0x28,0x4c,0xfd,
    0x2b,0x4a,0x70,0xf7,0x29,0x6d,0x97,0xfd,0x00,0xff,0xff,0x01,0x12,0xa4,0xf7,0x1d,0x02,0x6c,0xe2,0x0d,0x12,0xad,0xf5,0x9d,
    0x1a,0x2a,0x55,0x4d,0x31,0x89,0xb1,0xff,0x52,0x55,0x5c,0x09,0x5c,0xc5,0xda,0xff,0x00,0xee,0x0e,0x00,0x00,0x00,0xee,0x00,
    0x00,0x00,0x06,0x34,0x43,0x60,0x00,0x00,0x00,0x00,0x03,0x33,0x33,0x30,0x00,0x00,0xc5,0x64,0x33,0x33,0x33,0x33,0x46,0x5c,
    0xc5,0x56,0x46,0x44,0x44,0x64,0x65,0x5c,0x05,0x52,0x74,0x44,0x44,0x47,0x25,0x50,0x00,0xd1,0x12,0xdd,0xdd,0x21,0x17,0x00,
    0x0c,0x21,0x16,0x71,0x1d,0x61,0x12,0xc0,0x09,0x21,0x15,0x71,0x17,0x51,0x12,0x90,0x09,0x21,0x12,0x11,0x11,0x21,0x12,0xa0,
    0x80,0x21,0x00,0xff,0xff,0xf0,0x12,0x00,0x90,0xb1,0x64,0x30,0x03,0x47,0x10,0x09,0x8a,0xa2,0x16,0x57,0x05,0x61,0x2a,0xa8,
    0x08,0x0a,0xb1,0x20,0x02,0x2b,0xa0,0x80,0x00,0x80,0x09,0xbb,0xbb,0x90,0x08,0x00,0x00,0x00,0x00,0x00,0x00,0x00,0x00,0x00,
};
static const lv_image_dsc_t emoji_1f920 = {
    .header = {.magic = LV_IMAGE_HEADER_MAGIC, .cf = LV_COLOR_FORMAT_I4, .w = 16, .h = 16, .stride = 8},
    .data_size = sizeof(emoji_1f920_pixels), .data = emoji_1f920_pixels,
};
static const uint8_t emoji_1f921_pixels[] = {
    0xf0,0xec,0xed,0xfa,0x00,0x00,0x00,0x00,0x06,0x22,0xea,0xf1,0xa2,0xa4,0xeb,0xfe,0x9d,0x9f,0x9a,0xfe,0xe5,0xe2,0xd4,0xa0,
    0x69,0x72,0xe8,0xfe,0x34,0x45,0xee,0xfd,0xf5,0xf4,0xf4,0x09,0x06,0x19,0xed,0x12,0xcd,0xaa,0x96,0xff,0x78,0x83,0xe6,0xff,
    0x11,0x0e,0xae,0x1f,0xed,0xeb,0xdd,0x5f,0xaa,0xa0,0x95,0x25,0x04,0x10,0xd9,0x89,0x99,0x00,0x91,0x11,0x11,0x19,0x00,0x99,
    0x1f,0x22,0x2f,0x0d,0xd0,0xf2,0x22,0xf1,0xc2,0x22,0x26,0x00,0x00,0x62,0x22,0x2c,0xc2,0x22,0x64,0x00,0x00,0x46,0x22,0x2c,
    0x02,0x20,0x43,0x40,0x04,0x34,0x02,0x20,0x10,0x30,0x00,0x00,0x00,0x00,0x03,0x01,0x15,0x00,0xa0,0x00,0x04,0x0a,0x00,0x51,
    0x15,0x00,0x40,0x43,0x34,0x04,0x00,0x51,0x15,0x03,0xa4,0xb7,0x26,0x4a,0x00,0x51,0x15,0x03,0x3a,0xb2,0x2b,0x00,0x00,0x51,
    0x1d,0x00,0x27,0x3b,0x63,0x67,0x00,0x01,0x00,0x00,0x73,0x33,0x33,0x37,0x00,0x08,0x81,0x80,0x07,0x63,0x36,0x70,0x0e,0x18,
    0x18,0x1e,0x50,0x3b,0x63,0x05,0xe1,0x01,0x11,0x81,0x10,0xd5,0x50,0xe1,0x10,0x11,0x11,0x11,0x11,0x11,0x11,0x11,0x11,0x11,
};
static const lv_image_dsc_t emoji_1f921 = {
    .header = {.magic = LV_IMAGE_HEADER_MAGIC, .cf = LV_COLOR_FORMAT_I4, .w = 16, .h = 16, .stride = 8},
    .data_size = sizeof(emoji_1f921_pixels), .data = emoji_1f921_pixels,
};
static const uint8_t emoji_1f922_pixels[] = {
    0x00,0x01,0x00,0x00,0x5e,0xd4,0xb2,0xf7,0x4c,0xd5,0xcd,0xfd,0x31,0x98,0xa5,0xfe,0x4e,0xb8,0xa5,0xf0,0x62,0xcb,0x9d,0x9a,
    0x37,0xdc,0xeb,0xff,0x52,0xb3,0x8d,0x9b,0x4d,0xa4,0xd3,0xfd,0x55,0xab,0xa5,0x09,0x68,0xd2,0x99,0x1c,0x7f,0xff,0xff,0x02,
    0x1f,0x58,0x67,0xff,0x28,0x71,0x8f,0xff,0x37,0xa5,0xc7,0xfe,0x00,0xff,0xff,0x01,0x00,0x0b,0x00,0xaa,0xaa,0x00,0xb0,0x00,
    0x00,0x00,0x05,0x11,0x11,0x50,0x0f,0x00,0xfb,0x05,0x11,0x11,0x11,0x11,0x50,0x90,0x90,0x51,0x14,0x22,0x22,0x41,0x15,0x09,
    0x0a,0x11,0x33,0x22,0x22,0x33,0x11,0x90,0x05,0x14,0x3c,0xd6,0x63,0xc3,0x41,0x70,0x01,0x12,0x20,0x06,0x6c,0x02,0x21,0x50,
    0x01,0x12,0x23,0x66,0x66,0x32,0x21,0x40,0x01,0x12,0xe3,0xe3,0x33,0xd8,0x81,0x70,0x05,0x13,0xed,0xc3,0x3c,0xd8,0x82,0x70,
    0x0a,0x13,0xe3,0x32,0x23,0x88,0x84,0x00,0x90,0x71,0x44,0x22,0x22,0x28,0x17,0x09,0x00,0x07,0x11,0x11,0x11,0x11,0x00,0x90,
    0x00,0xf0,0x07,0x41,0x44,0x70,0x00,0x00,0x00,0x0b,0x00,0x00,0x00,0x00,0xb0,0x00,0x00,0x00,0x00,0x00,0x00,0x00,0x00,0x00,
};
static const lv_image_dsc_t emoji_1f922 = {
    .header = {.magic = LV_IMAGE_HEADER_MAGIC, .cf = LV_COLOR_FORMAT_I4, .w = 16, .h = 16, .stride = 8},
    .data_size = sizeof(emoji_1f922_pixels), .data = emoji_1f922_pixels,
};
static const uint8_t emoji_1f923_pixels[] = {
    0x00,0x00,0x00,0x00,0x2d,0xd5,0xfb,0xfc,0x23,0xb2,0xe8,0xeb,0xf4,0xaf,0x25,0xfd,0x17,0x70,0x8e,0xfd,0x1b,0xab,0xf7,0x68,
    0x10,0xa0,0xf4,0x21,0x1c,0x49,0x5e,0xfe,0x10,0xa0,0xf0,0x9e,0x02,0x74,0xeb,0x0f,0x9a,0xa5,0xa8,0xff,0x9e,0xa4,0x6b,0xfe,
    0x0d,0x2b,0x4d,0xff,0xfe,0xce,0x5d,0xfd,0x56,0x5b,0x9d,0xff,0x01,0x17,0x29,0xff,0x00,0x00,0x00,0x65,0x55,0x90,0x00,0x00,
    0x00,0x60,0x51,0x11,0x11,0x25,0x00,0x00,0x06,0x05,0x11,0x10,0x41,0x00,0x00,0x00,0x00,0x51,0x11,0x14,0x44,0x30,0xd3,0x00,
    0x06,0x11,0x11,0x17,0xc0,0x33,0x33,0x00,0x05,0x11,0x11,0x14,0x21,0x0b,0xb0,0x80,0x02,0x11,0x11,0x11,0x12,0x07,0x41,0x80,
    0x02,0x24,0x77,0x11,0x20,0xaf,0x41,0x80,0x02,0x24,0x74,0x12,0xaa,0xfc,0x21,0x80,0x08,0x11,0x7b,0x10,0xac,0xe0,0x11,0x50,
    0x06,0x10,0x33,0xae,0xfe,0x01,0x12,0x00,0x00,0x50,0xd3,0x0c,0x72,0x11,0x26,0x09,0x00,0x00,0xd3,0xb1,0x11,0x12,0x90,0x90,
    0x00,0x00,0x00,0x21,0x22,0x89,0x00,0x00,0x00,0x00,0x00,0x66,0x60,0x00,0x90,0x00,0x00,0x00,0x00,0x00,0x00,0x00,0x00,0x00,
};
static const lv_image_dsc_t emoji_1f923 = {
    .header = {.magic = LV_IMAGE_HEADER_MAGIC, .cf = LV_COLOR_FORMAT_I4, .w = 16, .h = 16, .stride = 8},
    .data_size = sizeof(emoji_1f923_pixels), .data = emoji_1f923_pixels,
};
static const uint8_t emoji_1f924_pixels[] = {
    0x2e,0xd6,0xfb,0xfd,0x00,0x00,0x00,0x00,0x23,0xb0,0xe6,0xeb,0x1c,0xa8,0xf3,0xa9,0x03,0xfb,0xff,0x04,0x20,0x88,0xa4,0xfe,
    0x17,0xa0,0xf8,0x60,0x08,0x99,0xf3,0x12,0x14,0x53,0x6c,0xff,0x1c,0x78,0x97,0xff,0x00,0x75,0xf2,0x09,0x1f,0x27,0x31,0xff,
    0xff,0x19,0x00,0x03,0x55,0xaa,0xff,0x03,0x8a,0xc6,0xaa,0xfe,0x55,0xb4,0xb8,0xe6,0x11,0x17,0x11,0x11,0x11,0x11,0x71,0x11,
    0x11,0x41,0x76,0x32,0x23,0x04,0x14,0x11,0x17,0x16,0x00,0x00,0x00,0x52,0x61,0x71,0xd1,0x60,0x95,0x00,0x00,0x09,0x26,0x1d,
    0x17,0x22,0x50,0x00,0x00,0x00,0x02,0x71,0x13,0x00,0x29,0x50,0x05,0x92,0x00,0x31,0x13,0x00,0x85,0x20,0x02,0x58,0x00,0x31,
    0x12,0x00,0x00,0x00,0x00,0x00,0x00,0x21,0x12,0x00,0x00,0x00,0x00,0x00,0x00,0x21,0x13,0x00,0x08,0x52,0x25,0x80,0x00,0x31,
    0x16,0x00,0x05,0xbb,0xb0,0x50,0x02,0x61,0x41,0x30,0x00,0x0f,0x00,0x00,0x03,0x14,0x44,0xa3,0x00,0x00,0xe0,0x00,0x3a,0xa4,
    0x14,0x11,0x62,0x22,0xe0,0xf6,0xc1,0x01,0x11,0x41,0x11,0x76,0x00,0xc1,0x04,0x11,0x11,0x11,0x11,0x11,0x11,0x11,0x11,0x11,
};
static const lv_image_dsc_t emoji_1f924 = {
    .header = {.magic = LV_IMAGE_HEADER_MAGIC, .cf = LV_COLOR_FORMAT_I4, .w = 16, .h = 16, .stride = 8},
    .data_size = sizeof(emoji_1f924_pixels), .data = emoji_1f924_pixels,
};
static const uint8_t emoji_1f925_pixels[] = {
    0x2e,0xd7,0xfb,0xfd,0x00,0x00,0x00,0x00,0x24,0xb2,0xe9,0xf5,0x00,0xff,0xff,0x01,0x13,0x9b,0xf8,0x11,0x1e,0xa8,0xf3,0xb0,
    0x17,0x9d,0xf0,0x61,0x1f,0x8d,0xaf,0xfe,0x07,0x74,0xee,0x13,0x1a,0x72,0x91,0xfe,0x00,0x18,0xa9,0x06,0x14,0x4f,0x6e,0xfe,
    0x19,0x79,0xd4,0x58,0x00,0x00,0xff,0x02,0x7f,0x7f,0xff,0x02,0x09,0x09,0x23,0xff,0x11,0x33,0x11,0x44,0x4a,0x11,0x41,0x11,
    0x13,0x11,0x65,0x22,0x20,0x04,0x13,0x11,0x33,0x45,0x00,0x00,0x02,0x20,0x61,0x01,0x38,0x50,0x27,0x00,0x02,0x97,0x06,0x10,
    0x16,0x02,0x90,0x00,0x00,0x02,0x02,0x43,0x15,0x00,0x07,0x20,0x07,0x70,0x00,0x61,0x82,0x00,0x2f,0x90,0x09,0xb2,0x22,0x5a,
    0x42,0x00,0x09,0x20,0x00,0x00,0x00,0x2c,0x82,0x00,0x00,0x00,0x02,0x22,0x22,0x2c,0x15,0x00,0x00,0x00,0x00,0x02,0x77,0x01,
    0x16,0x00,0x00,0x07,0x70,0x00,0x02,0x8e,0x3d,0x50,0x00,0xbb,0x90,0x00,0x26,0x14,0x33,0x85,0x00,0x20,0x00,0x02,0x61,0x01,
    0x13,0x11,0x65,0x22,0x22,0x58,0x13,0x11,0x11,0x30,0x11,0xa8,0x8d,0x11,0x41,0x11,0x11,0x11,0x11,0x11,0x11,0x11,0x11,0x11,
};
static const lv_image_dsc_t emoji_1f925 = {
    .header = {.magic = LV_IMAGE_HEADER_MAGIC, .cf = LV_COLOR_FORMAT_I4, .w = 16, .h = 16, .stride = 8},
    .data_size = sizeof(emoji_1f925_pixels), .data = emoji_1f925_pixels,
};
static const uint8_t emoji_1f926_pixels[] = {
    0x01,0x01,0x01,0x00,0x20,0x9b,0xec,0xfb,0x31,0x38,0x53,0xfa,0x25,0xc9,0xfb,0xfd,0x52,0x58,0x68,0x12,0x21,0x75,0xef,0xfc,
    0x34,0x49,0x69,0xf4,0x21,0x71,0xeb,0x92,0x19,0x93,0xfd,0x14,0x19,0x5a,0x69,0x13,0x2b,0x64,0x8c,0xf6,0x33,0x35,0x53,0x5d,
    0x15,0x17,0x6c,0x0c,0x00,0x00,0xff,0x01,0x3a,0x44,0x63,0x9f,0x1e,0x8a,0xf6,0x91,0x00,0xdd,0x99,0x0b,0xe0,0x40,0x00,0x00,
    0x00,0x00,0xe6,0x22,0x26,0x64,0x09,0x00,0x04,0x00,0x62,0x22,0x22,0x26,0x00,0x40,0x04,0x0e,0x22,0x22,0xa6,0x22,0x64,0x00,
    0x00,0x46,0x22,0x61,0x33,0x02,0x24,0x09,0x40,0x42,0x60,0x13,0x31,0x3a,0x20,0x0c,0x40,0x46,0x01,0x13,0x31,0x11,0x29,0x04,
    0xc0,0x0a,0x11,0x13,0x31,0x11,0xa0,0x0c,0x09,0x0b,0x13,0x31,0x11,0x31,0xb0,0x90,0x04,0x0b,0xa3,0x31,0x51,0x16,0xb0,0x40,
    0x00,0x0c,0x0a,0x33,0x51,0x10,0xc8,0x00,0x00,0x08,0x07,0x51,0x15,0x11,0x80,0x00,0x00,0x01,0x11,0x51,0x55,0x11,0x18,0x00,
    0xd8,0x11,0x55,0x55,0x55,0x11,0x11,0x8d,0x08,0x77,0x77,0x77,0x77,0x7f,0xff,0x00,0x00,0x00,0x00,0x00,0x00,0x00,0x00,0x00,
};
static const lv_image_dsc_t emoji_1f926 = {
    .header = {.magic = LV_IMAGE_HEADER_MAGIC, .cf = LV_COLOR_FORMAT_I4, .w = 16, .h = 16, .stride = 8},
    .data_size = sizeof(emoji_1f926_pixels), .data = emoji_1f926_pixels,
};
static const uint8_t emoji_1f927_pixels[] = {
    0x00,0x00,0x00,0x00,0x2d,0xd5,0xfc,0xfe,0xeb,0xea,0xea,0xfb,0x21,0xb5,0xec,0xeb,0x05,0x71,0xee,0x0b,0x1c,0xa6,0xf3,0xa1,
    0x17,0x51,0x6a,0xfe,0x19,0x73,0x8f,0xfd,0x1d,0x9f,0xf1,0x62,0x20,0xa3,0xf8,0x22,0x5f,0xd4,0xed,0xfe,0x20,0x8a,0xa9,0xfe,
    0xa0,0xe8,0xf3,0xff,0x00,0xff,0xff,0x01,0xee,0xee,0xee,0x0a,0x00,0x0f,0xa9,0x06,0x00,0x0d,0x00,0x99,0x99,0x00,0x0d,0x00,
    0x00,0xd0,0x85,0x31,0x13,0x38,0x40,0xd0,0x00,0x05,0x11,0x11,0x11,0x11,0x39,0x04,0x00,0x81,0x11,0x11,0x11,0x11,0x13,0x44,
    0x09,0x33,0xb1,0x11,0x11,0x1b,0x31,0x80,0x08,0x11,0x76,0x31,0x13,0x67,0x11,0x50,0x05,0x11,0x10,0x03,0x30,0x61,0x11,0x34,
    0x05,0x13,0x67,0xac,0xa3,0x76,0x11,0x34,0x05,0xaa,0xcc,0x22,0xc1,0x11,0x11,0x34,0x02,0x22,0x22,0x22,0xa1,0xbb,0xb1,0x50,
    0x00,0x22,0x22,0x22,0x67,0x66,0x71,0x80,0x00,0x22,0x22,0x20,0x76,0x71,0x15,0x04,0x00,0x22,0x22,0x20,0x31,0x13,0x5f,0x40,
    0xe0,0x00,0x22,0x03,0x33,0x54,0x00,0x00,0x0e,0x00,0xe0,0x0f,0xf0,0x00,0x00,0x00,0x00,0x00,0x00,0x00,0x00,0x00,0x00,0x00,
};
static const lv_image_dsc_t emoji_1f927 = {
    .header = {.magic = LV_IMAGE_HEADER_MAGIC, .cf = LV_COLOR_FORMAT_I4, .w = 16, .h = 16, .stride = 8},
    .data_size = sizeof(emoji_1f927_pixels), .data = emoji_1f927_pixels,
};
static const uint8_t emoji_1f928_pixels[] = {
    0x2e,0xd9,0xfc,0xfe,0x24,0xb5,0xef,0xe9,0x1b,0xa6,0xf4,0x98,0x21,0x8e,0xaa,0xfe,0x10,0x9b,0xf5,0x1e,0x00,0xff,0xff,0x01,
    0x1b,0x72,0x8b,0xff,0x00,0x00,0xf4,0x02,0x16,0x57,0x71,0xfd,0x00,0x6f,0xf2,0x14,0x19,0xa1,0xf4,0x40,0x00,0xaa,0xaa,0x03,
    0x55,0xaa,0xff,0x03,0x0e,0x29,0x41,0xff,0x00,0x00,0x00,0x00,0x2e,0xd4,0xfb,0xfd,0xee,0xe5,0xee,0x94,0x44,0xee,0x5e,0xee,
    0xee,0x5e,0xa2,0x11,0x11,0x2a,0xe5,0xee,0x55,0x72,0x0f,0xff,0x0f,0x01,0x2e,0xb7,0x4e,0x20,0xff,0xff,0xf3,0x88,0x02,0xec,
    0xe4,0x10,0x33,0x10,0x03,0xf1,0x10,0x4e,0xe2,0xf1,0x33,0x61,0x01,0x30,0xf0,0x2e,0xe1,0x0f,0xf8,0x60,0x08,0xdf,0xff,0x2e,
    0xe1,0xff,0xf8,0x60,0x03,0x80,0xff,0x1e,0xe1,0xff,0x00,0x00,0x00,0x00,0xff,0x1e,0xe2,0x0f,0xf6,0x66,0x66,0x6f,0xf0,0x2e,
    0xe4,0x10,0x03,0x33,0x33,0x30,0xf1,0x4e,0x4e,0x20,0x0f,0x00,0x00,0xf0,0x02,0xe4,0x75,0x72,0x0f,0x00,0xff,0x01,0x2e,0xb7,
    0xee,0x5e,0xa2,0x11,0x11,0x24,0xe5,0xee,0xee,0xe5,0xee,0x79,0x97,0xee,0x5e,0xee,0xee,0xee,0xee,0xee,0xee,0xee,0xee,0xee,
};
static const lv_image_dsc_t emoji_1f928 = {
    .header = {.magic = LV_IMAGE_HEADER_MAGIC, .cf = LV_COLOR_FORMAT_I4, .w = 16, .h = 16, .stride = 8},
    .data_size = sizeof(emoji_1f928_pixels), .data = emoji_1f928_pixels,
};
static const uint8_t emoji_1f929_pixels[] = {
    0x00,0x00,0x00,0x00,0x2e,0xd8,0xfd,0xfe,0x28,0xac,0xf5,0xef,0x34,0x5b,0xf4,0xfd,0x1b,0xa2,0xf1,0x9b,0x00,0x00,0xf7,0x02,
    0x00,0xff,0xff,0x01,0x0f,0x71,0xeb,0x22,0x53,0xae,0xdb,0xff,0x11,0xa7,0xfc,0x13,0x35,0x34,0xf0,0xfe,0x9d,0xa1,0xa9,0xff,
    0x02,0x18,0x2f,0xff,0x5e,0x61,0xf2,0xfc,0x31,0x94,0xb1,0xfb,0x18,0x9c,0xf2,0x43,0x00,0x06,0x00,0x79,0x97,0x00,0x60,0x00,
    0x05,0x50,0xf4,0x22,0x22,0x4f,0x05,0x50,0x60,0x04,0x31,0x11,0x11,0x18,0x06,0x05,0x90,0x48,0xd3,0x32,0x23,0x3d,0x20,0x00,
    0x00,0x3a,0x3a,0x31,0x13,0xa3,0x33,0x70,0x04,0x23,0x3a,0x21,0x12,0xa3,0x32,0x40,0x02,0x13,0x33,0x31,0x13,0x33,0x31,0x40,
    0x02,0x12,0x21,0x11,0x11,0x12,0x21,0x20,0x02,0x1e,0x08,0x82,0x28,0x88,0xe1,0x40,0x04,0x10,0x00,0xbb,0xbb,0xb0,0xe1,0x40,
    0x09,0x21,0x0c,0xc0,0x0c,0xc0,0x12,0x70,0x90,0x41,0x10,0x0d,0xd0,0x01,0x14,0x09,0x56,0x54,0x11,0x11,0x11,0x12,0x40,0x05,
    0x00,0x60,0xf4,0x22,0x22,0x47,0x06,0x00,0x00,0x00,0x00,0x57,0x75,0x00,0x60,0x00,0x00,0x00,0x00,0x00,0x00,0x00,0x00,0x00,
};
static const lv_image_dsc_t emoji_1f929 = {
    .header = {.magic = LV_IMAGE_HEADER_MAGIC, .cf = LV_COLOR_FORMAT_I4, .w = 16, .h = 16, .stride = 8},
    .data_size = sizeof(emoji_1f929_pixels), .data = emoji_1f929_pixels,
};
static const uint8_t emoji_1f92a_pixels[] = {
    0x00,0x00,0x00,0x00,0x2a,0xcf,0xfa,0xfd,0x20,0xb4,0xed,0xe9,0x12,0xa3,0xf7,0x18,0x1f,0xa7,0xf3,0xa3,0x57,0xe0,0xfb,0xfe,
    0xeb,0xf0,0xf0,0xfe,0x00,0xff,0xff,0x01,0x95,0xa6,0xae,0xff,0x70,0x37,0xf1,0xfe,0x14,0x99,0xef,0x67,0xa2,0xe3,0xf2,0xfd,
    0x23,0x4f,0x66,0xfd,0x00,0x00,0xff,0x01,0x87,0x42,0xff,0xfd,0x0a,0x7c,0xe4,0x11,0x00,0x70,0x00,0x33,0x33,0x00,0x7d,0x00,
    0x07,0x00,0xa2,0x11,0x12,0x4a,0x00,0xd0,0x77,0x34,0x11,0x11,0x15,0x51,0x4f,0x77,0x7d,0x41,0x11,0x11,0xb6,0x6b,0x14,0x00,
    0x0a,0x11,0x11,0x15,0x6c,0x06,0x12,0x30,0x04,0x15,0xbb,0x15,0x68,0x86,0x11,0x40,0x02,0x1b,0x08,0x51,0x56,0x65,0x11,0x40,
    0xd2,0x1b,0x8b,0x51,0x12,0x08,0x01,0x20,0x02,0x11,0x51,0x22,0x08,0x60,0xc1,0x40,0x04,0x11,0x08,0x86,0x60,0xc0,0x01,0xa0,
    0x03,0x21,0xc0,0x00,0x99,0x0c,0x12,0xf0,0x30,0x41,0x20,0x99,0x9e,0x01,0x1a,0x03,0xd3,0x0a,0x15,0xe9,0x90,0x02,0xa0,0x30,
    0x00,0xf0,0x34,0x0e,0xee,0x0f,0x07,0x00,0x00,0x03,0x00,0x00,0x00,0x00,0x30,0x00,0x00,0x00,0x00,0x00,0x00,0x00,0x00,0x00,
};
static const lv_image_dsc_t emoji_1f92a = {
    .header = {.magic = LV_IMAGE_HEADER_MAGIC, .cf = LV_COLOR_FORMAT_I4, .w = 16, .h = 16, .stride = 8},
    .data_size = sizeof(emoji_1f92a_pixels), .data = emoji_1f92a_pixels,
};
static const uint8_t emoji_1f92b_pixels[] = {
    0x00,0x00,0x00,0x00,0x2d,0xd1,0xfa,0xfe,0x23,0xab,0xf0,0xf6,0x0e,0xa5,0xf8,0x16,0x1c,0xa5,0xf1,0xa3,0x59,0xd3,0xf4,0xfe,
    0x18,0x9f,0xef,0x64,0x00,0xff,0xff,0x01,0x00,0x7f,0xff,0x02,0x44,0xb7,0xe8,0xff,0x22,0x98,0xb6,0xfe,0x0b,0x15,0x2e,0xff,
    0x1b,0x6e,0x89,0xff,0x00,0x7f,0xbf,0x04,0x00,0x33,0xaa,0x0f,0x15,0x55,0x6e,0xff,0x00,0x77,0x00,0x33,0x33,0x00,0x77,0x00,
    0x07,0x00,0x64,0x21,0x12,0x26,0x00,0x70,0x78,0x34,0x11,0x11,0x11,0x11,0x43,0x87,0x70,0x41,0x12,0x21,0x11,0xa1,0x14,0x03,
    0x06,0x11,0x2b,0xf1,0x1c,0xb2,0x11,0x60,0x04,0x11,0x1a,0x21,0x11,0xa1,0x11,0x40,0x02,0x11,0x11,0x19,0x21,0x11,0x11,0x20,
    0x02,0x21,0x11,0x25,0x91,0x11,0x12,0x20,0x04,0x22,0x11,0x15,0x21,0x11,0x22,0x40,0x04,0x22,0x21,0x25,0x59,0x22,0x22,0x40,
    0x03,0x22,0x22,0x95,0x55,0x22,0x22,0x30,0x30,0x62,0x22,0x55,0x55,0x22,0x26,0x03,0x03,0x06,0x22,0x15,0x51,0x22,0x60,0x30,
    0x00,0x80,0x34,0x21,0x12,0x43,0x08,0x00,0x00,0x03,0x00,0xe4,0x46,0x00,0xd0,0x00,0x00,0x00,0x00,0x00,0x00,0x00,0x00,0x00,
};
static const lv_image_dsc_t emoji_1f92b = {
    .header = {.magic = LV_IMAGE_HEADER_MAGIC, .cf = LV_COLOR_FORMAT_I4, .w = 16, .h = 16, .stride = 8},
    .data_size = sizeof(emoji_1f92b_pixels), .data = emoji_1f92b_pixels,
};
static const uint8_t emoji_1f92c_pixels[] = {
    0x00,0x00,0x00,0x00,0x2a,0x9c,0xf5,0xfd,0x0d,0x66,0xf7,0xe9,0x12,0x1c,0x29,0xfe,0x05,0x59,0xfd,0x14,0x06,0x54,0xf9,0x95,
    0x00,0x06,0xff,0x02,0x67,0x64,0x62,0xfd,0x14,0x35,0x4d,0xfe,0x41,0xc7,0xfc,0xff,0x19,0x4e,0x6d,0xff,0x17,0x5f,0xa6,0xfa,
    0x07,0x53,0xff,0x40,0xa3,0xa3,0xa4,0xfd,0x00,0x0f,0x47,0xa4,0x08,0x33,0x92,0xed,0x00,0x04,0x00,0x64,0x46,0x00,0x40,0x00,
    0x00,0x60,0xc5,0x22,0x22,0x5c,0x06,0x00,0x64,0x65,0x21,0x11,0x11,0x12,0x56,0x46,0x40,0x52,0x11,0x11,0x11,0x11,0x25,0x04,
    0x04,0x21,0x11,0x11,0x11,0x11,0x12,0x40,0x05,0x21,0xba,0x19,0x91,0xab,0x12,0x50,0x02,0x11,0x18,0x31,0x18,0x81,0x11,0x20,
    0x02,0x11,0x18,0xa9,0x9a,0x81,0x11,0x20,0x02,0x12,0x00,0x11,0x99,0x10,0x11,0x20,0x05,0x13,0x38,0x33,0x38,0xaa,0xb2,0x50,
    0x04,0x23,0xdd,0x77,0x73,0x70,0x82,0x00,0x00,0x53,0x77,0x70,0x77,0xd0,0xf5,0x04,0x06,0x00,0x33,0x33,0x33,0x73,0xe0,0x06,
    0x00,0x00,0xc5,0x22,0xbf,0xe0,0x00,0x00,0x00,0x00,0x00,0x04,0x40,0x00,0x06,0x00,0x00,0x00,0x00,0x00,0x00,0x00,0x00,0x00,
};
static const lv_image_dsc_t emoji_1f92c = {
    .header = {.magic = LV_IMAGE_HEADER_MAGIC, .cf = LV_COLOR_FORMAT_I4, .w = 16, .h = 16, .stride = 8},
    .data_size = sizeof(emoji_1f92c_pixels), .data = emoji_1f92c_pixels,
};
static const uint8_t emoji_1f92d_pixels[] = {
    0x2d,0xd1,0xfb,0xfd,0x00,0x00,0x00,0x00,0x27,0xaf,0xf1,0xf2,0x19,0xa2,0xf2,0x65,0x10,0xa4,0xf9,0x13,0x55,0xd7,0xf8,0xfe,
    0x0b,0x70,0xe9,0x0e,0x00,0xff,0xff,0x01,0x1e,0xa4,0xf1,0xa7,0x21,0x91,0xb4,0xff,0x13,0x49,0x63,0xff,0x44,0xb2,0xe7,0xff,
    0x00,0xaa,0xaa,0x03,0x0c,0x27,0x3c,0xff,0x1b,0x75,0xae,0xff,0x00,0x00,0xff,0x02,0x11,0x71,0x16,0x43,0x34,0x61,0x17,0x11,
    0x17,0x16,0x32,0x00,0x00,0x23,0x61,0x71,0x67,0x42,0x00,0x00,0x00,0x00,0x24,0x76,0x76,0x80,0x00,0x00,0x00,0x00,0x08,0xf7,
    0x13,0x00,0x00,0x00,0x00,0x00,0x00,0x31,0x18,0x00,0x9d,0xa0,0x0a,0xd9,0x00,0x81,0x12,0x22,0xe2,0x90,0x09,0x29,0x00,0x21,
    0x12,0x22,0x22,0x00,0x00,0x00,0x00,0x21,0x18,0x22,0x22,0xb0,0x5b,0x22,0x00,0x81,0x13,0x02,0xae,0x52,0x5b,0x52,0x20,0x31,
    0x14,0x20,0x29,0x55,0x55,0x22,0x22,0x60,0x41,0x30,0x02,0x55,0x55,0x22,0x23,0x14,0x14,0x13,0x22,0x00,0x00,0x02,0x01,0x41,
    0x11,0xc1,0x63,0x00,0x02,0x80,0x1c,0x11,0x11,0x14,0x11,0x43,0x86,0x11,0x41,0x11,0x11,0x11,0x11,0x11,0x11,0x11,0x11,0x11,
};
static const lv_image_dsc_t emoji_1f92d = {
    .header = {.magic = LV_IMAGE_HEADER_MAGIC, .cf = LV_COLOR_FORMAT_I4, .w = 16, .h = 16, .stride = 8},
    .data_size = sizeof(emoji_1f92d_pixels), .data = emoji_1f92d_pixels,
};
static const uint8_t emoji_1f92e_pixels[] = {
    0x00,0x00,0x00,0x00,0x2d,0xd1,0xf9,0xfd,0x26,0xb4,0xe9,0xeb,0x35,0x9a,0x57,0xfd,0x13,0x4e,0x62,0xfe,0x20,0xa7,0xf1,0xa2,
    0x20,0x8e,0xa6,0xf8,0x15,0xa0,0xf4,0x22,0x00,0xff,0xff,0x01,0x4c,0xd2,0x93,0xfd,0x44,0xb1,0x6d,0x24,0x0a,0x7f,0xf9,0x05,
    0xd5,0xf8,0xf5,0xff,0x43,0xad,0x69,0xfd,0xb0,0xd0,0xaa,0xff,0x1c,0xa2,0xf4,0x5c,0x00,0x88,0x00,0x77,0x77,0x00,0x88,0x00,
    0x08,0x00,0xf2,0x12,0x21,0x2f,0x00,0x00,0x8b,0xb5,0x11,0x11,0x11,0x11,0x5b,0xb8,0x80,0x51,0x20,0x21,0x12,0x02,0x15,0x00,
    0x0f,0x11,0x62,0x11,0x11,0x26,0x11,0x70,0x05,0x11,0x46,0x11,0x11,0x64,0x11,0x50,0x02,0x11,0x10,0x41,0x14,0x41,0x11,0x20,
    0x02,0x11,0x64,0x41,0x14,0x46,0x11,0x20,0x05,0x12,0x60,0xcc,0xcc,0x06,0x21,0x50,0x05,0x11,0x0c,0xee,0xee,0x00,0x11,0x50,
    0x07,0x21,0x40,0x33,0x33,0x34,0x12,0x70,0x70,0x52,0x04,0xdd,0xd3,0x30,0x2f,0x07,0x0b,0xa6,0x6d,0x33,0x33,0x33,0x00,0xa0,
    0x00,0x00,0x09,0x99,0x99,0x99,0x0a,0xa0,0x00,0xa0,0x00,0x00,0x00,0x00,0x00,0x00,0x00,0x00,0x00,0x00,0x00,0x00,0x00,0x00,
};
static const lv_image_dsc_t emoji_1f92e = {
    .header = {.magic = LV_IMAGE_HEADER_MAGIC, .cf = LV_COLOR_FORMAT_I4, .w = 16, .h = 16, .stride = 8},
    .data_size = sizeof(emoji_1f92e_pixels), .data = emoji_1f92e_pixels,
};
static const uint8_t emoji_1f92f_pixels[] = {
    0x00,0x00,0x00,0x00,0xf2,0xee,0xda,0xfa,0x28,0xcc,0xfa,0xfd,0x1b,0xa5,0xf0,0xee,0xf4,0xd8,0xa3,0xf4,0x13,0xa3,0xf4,0xa1,
    0x59,0xda,0xf9,0xfd,0x00,0x7c,0xf3,0x0a,0x12,0x96,0xec,0x1f,0xfd,0xf8,0xe6,0x15,0xa5,0xdd,0xe8,0xf4,0x10,0x9d,0xf3,0x61,
    0xf5,0xea,0xca,0xa6,0xee,0xd6,0xa7,0x9d,0xd9,0xb5,0x68,0xfc,0x04,0x0e,0x24,0xfd,0x00,0x00,0x00,0xc1,0x00,0x90,0x00,0x00,
    0x09,0x90,0xc1,0x11,0x41,0x1c,0xc0,0x99,0x0c,0x1d,0x11,0x11,0x11,0x11,0xd0,0x10,0x00,0xdd,0x11,0x11,0x11,0x11,0xdc,0x40,
    0x00,0x91,0x1a,0xa1,0x14,0x41,0x10,0x00,0x82,0x04,0x4a,0x61,0x41,0x14,0x40,0x50,0x80,0x50,0x00,0x40,0xe4,0x40,0x05,0x28,
    0x0b,0x33,0x0a,0xe0,0xee,0xa0,0x55,0xb0,0x03,0x26,0x10,0x12,0x21,0x01,0x63,0x50,0x05,0x2a,0x0f,0x16,0x61,0xf0,0xa2,0x50,
    0x0b,0x36,0x11,0x12,0x21,0x11,0x63,0xb0,0x08,0x32,0x26,0x20,0x02,0x66,0x23,0x79,0x70,0x83,0x22,0x0f,0xf0,0x22,0x38,0x07,
    0x07,0x08,0x53,0x30,0x03,0x35,0x70,0x70,0x00,0x70,0x08,0xb5,0x5b,0x70,0x07,0x00,0x00,0x00,0x00,0x00,0x00,0x00,0x00,0x00,
};
static const lv_image_dsc_t emoji_1f92f = {
    .header = {.magic = LV_IMAGE_HEADER_MAGIC, .cf = LV_COLOR_FORMAT_I4, .w = 16, .h = 16, .stride = 8},
    .data_size = sizeof(emoji_1f92f_pixels), .data = emoji_1f92f_pixels,
};
static const uint8_t emoji_1f970_pixels[] = {
    0x2e,0xd7,0xfa,0xfe,0x00,0x00,0x00,0x00,0x27,0xb2,0xe8,0xf1,0x34,0x4b,0xf5,0xfa,0x1e,0xa5,0xf3,0x9f,0x21,0x95,0xb1,0xfe,
    0x32,0x39,0xea,0xf6,0x54,0x5e,0xf9,0xf6,0x0f,0x9a,0xf7,0x1b,0x10,0x68,0xf4,0x17,0x0b,0x0d,0xee,0x0f,0x30,0x37,0xe1,0xa6,
    0x12,0x49,0x61,0xff,0x29,0x2a,0xc9,0x66,0x0b,0x27,0x3a,0xff,0x00,0xff,0xf5,0x03,0x11,0x18,0x11,0x18,0x81,0x11,0x0b,0xb0,
    0x11,0xf1,0x84,0x22,0x22,0x4b,0xb3,0x3d,0xa0,0x14,0x20,0x00,0x00,0x07,0x33,0x3d,0x81,0x40,0x02,0x00,0x00,0x27,0x63,0x6a,
    0x18,0x20,0x5e,0xc0,0x0c,0xe0,0x33,0xb1,0x14,0x00,0x52,0x50,0x05,0x25,0x00,0x0a,0xa2,0x20,0x50,0x00,0x00,0x00,0x00,0x41,
    0x12,0x50,0x62,0x00,0x00,0x00,0x20,0x21,0x97,0x33,0x63,0x20,0x02,0x5c,0x50,0x41,0x07,0x63,0x30,0xe0,0xe0,0xc2,0x00,0x41,
    0x97,0x36,0x62,0x02,0x20,0x07,0x20,0x81,0x1a,0x03,0x30,0x00,0x02,0x77,0x33,0xa1,0x91,0xf4,0x00,0x00,0x02,0x33,0x33,0x61,
    0x19,0x11,0x04,0x22,0x22,0x33,0x36,0xd1,0x11,0xf0,0x11,0x98,0x99,0x03,0xbd,0x1a,0x11,0x11,0x11,0x11,0x11,0x11,0x11,0x11,
};
static const lv_image_dsc_t emoji_1f970 = {
    .header = {.magic = LV_IMAGE_HEADER_MAGIC, .cf = LV_COLOR_FORMAT_I4, .w = 16, .h = 16, .stride = 8},
    .data_size = sizeof(emoji_1f970_pixels), .data = emoji_1f970_pixels,
};
static const uint8_t emoji_1f971_pixels[] = {
    0x00,0x00,0x00,0x00,0x2d,0xd4,0xfc,0xfd,0x26,0xae,0xe6,0xf2,0x51,0xd4,0xf8,0xfe,0x1c,0xa7,0xf3,0xa9,0x17,0xa1,0xf1,0x62,
    0x0a,0x9b,0xf3,0x15,0x00,0xff,0xff,0x01,0x15,0x56,0x72,0xff,0x24,0x74,0xa8,0xff,0x4a,0xb7,0xe5,0xff,0x1e,0x83,0xa2,0xff,
    0x00,0x74,0xf4,0x07,0x00,0x00,0xff,0x01,0x55,0xaa,0xff,0x03,0x14,0x75,0xd5,0x4a,0x00,0x06,0x00,0x00,0x00,0x00,0x60,0x00,
    0x00,0x70,0x65,0x42,0x24,0x56,0x07,0x00,0x06,0x05,0x21,0x11,0x11,0x12,0x50,0x60,0xe0,0x51,0x11,0x11,0x11,0x11,0x15,0x0e,
    0x06,0x21,0x28,0xb1,0x1b,0x82,0x12,0x60,0x04,0x12,0x82,0x11,0x11,0x28,0x21,0x40,0x04,0x11,0x11,0x11,0x11,0x11,0x11,0x40,
    0x02,0x11,0x12,0x82,0x9b,0x11,0x11,0x20,0x02,0x11,0x39,0x83,0x2a,0x91,0x11,0x20,0x04,0x11,0x3a,0x33,0x32,0x22,0x11,0x40,
    0x05,0x12,0x33,0x33,0xa3,0x92,0x12,0x50,0x70,0x42,0x13,0x33,0x32,0x22,0x14,0x07,0x77,0x64,0x11,0x11,0x12,0x21,0x4c,0xc7,
    0x0d,0x00,0x51,0x11,0x22,0x25,0x00,0xd0,0x00,0x70,0x06,0x5f,0x56,0x00,0x07,0x00,0x00,0x00,0x00,0x00,0x00,0x00,0x00,0x00,
};
static const lv_image_dsc_t emoji_1f971 = {
    .header = {.magic = LV_IMAGE_HEADER_MAGIC, .cf = LV_COLOR_FORMAT_I4, .w = 16, .h = 16, .stride = 8},
    .data_size = sizeof(emoji_1f971_pixels), .data = emoji_1f971_pixels,
};
static const uint8_t emoji_1f972_pixels[] = {
    0x2d,0xd3,0xf9,0xfe,0x00,0x00,0x00,0x00,0x22,0xb5,0xf5,0xe6,0x18,0xa6,0xf4,0x9a,0x10,0x9c,0xf5,0x21,0x00,0xff,0xff,0x01,
    0x00,0x00,0xf5,0x02,0x09,0x6f,0xf5,0x11,0x1b,0x74,0x8e,0xff,0x56,0xcf,0xdc,0xfe,0xef,0xa9,0x25,0xfd,0x21,0x90,0xaa,0xff,
    0x17,0xa3,0xf7,0x40,0x10,0x33,0x4d,0xff,0x00,0xaa,0xaa,0x03,0xfb,0xc9,0x50,0xfe,0x11,0x15,0x11,0x74,0x47,0x11,0x51,0x11,
    0x11,0x51,0xc3,0x22,0x22,0x3c,0x15,0x11,0x55,0x63,0x00,0x00,0x00,0x00,0x36,0xe6,0x41,0x30,0x00,0x00,0x00,0x00,0x03,0x10,
    0x14,0x20,0x00,0x00,0x00,0x00,0x02,0x41,0x13,0x00,0x0d,0x80,0x0b,0xd0,0x00,0x31,0x12,0x00,0x0d,0x80,0x08,0x00,0x00,0x31,
    0x12,0x00,0x90,0x00,0x00,0x00,0x00,0x21,0x12,0x00,0x00,0x00,0x00,0x00,0x00,0x31,0x13,0x00,0xfa,0x20,0x0b,0xb0,0x00,0x31,
    0x14,0x20,0xfa,0x00,0x08,0x00,0x02,0x41,0x41,0x39,0xaa,0x90,0x00,0x00,0x03,0x14,0x65,0x63,0x09,0x00,0x00,0x02,0x31,0xe6,
    0x11,0x51,0xc3,0x22,0x22,0x34,0x15,0x11,0x11,0x10,0x11,0x67,0x76,0x11,0x51,0x11,0x11,0x11,0x11,0x11,0x11,0x11,0x11,0x11,
};
static const lv_image_dsc_t emoji_1f972 = {
    .header = {.magic = LV_IMAGE_HEADER_MAGIC, .cf = LV_COLOR_FORMAT_I4, .w = 16, .h = 16, .stride = 8},
    .data_size = sizeof(emoji_1f972_pixels), .data = emoji_1f972_pixels,
};
static const uint8_t emoji_1f973_pixels[] = {
    0x00,0x00,0x00,0x00,0x2d,0xd7,0xfc,0xfe,0x28,0xaa,0xe9,0xf6,0x76,0x73,0xfe,0xfc,0x69,0x65,0xff,0x0f,0x17,0xa6,0xf5,0x56,
    0x58,0x9e,0xf5,0xf6,0x15,0xa3,0xee,0x9d,0x0c,0x0c,0xeb,0x08,0x16,0x65,0x87,0xff,0x65,0xa0,0xa3,0xfd,0x13,0x94,0xeb,0x20,
    0x17,0x58,0x71,0xff,0xff,0x00,0xff,0x01,0x00,0x6d,0xf6,0x0c,0xad,0x9b,0x70,0xe1,0x00,0x00,0x04,0xe0,0x00,0x04,0x08,0x08,
    0xd0,0x00,0xb0,0x00,0x00,0x00,0x00,0x04,0xd0,0x00,0x00,0x00,0x00,0x40,0x33,0x00,0x00,0x00,0x52,0x21,0x26,0x33,0x30,0x04,
    0x00,0xd7,0x11,0x11,0x16,0x33,0x30,0x04,0x00,0x51,0x11,0x11,0x11,0x06,0x34,0x04,0x8b,0x21,0x2c,0x01,0x1c,0x92,0x20,0x0d,
    0x05,0x22,0x99,0x91,0x2c,0xc2,0x17,0x00,0x05,0x22,0x21,0x11,0x11,0x11,0xaf,0x00,0x05,0x0a,0x21,0x10,0x91,0x11,0x0f,0x00,
    0x0b,0x66,0x11,0x11,0x00,0xaa,0xaf,0x00,0x80,0x01,0x11,0x12,0xc6,0x22,0x2b,0x00,0xe0,0x02,0x11,0x12,0x21,0x16,0x70,0x00,
    0x00,0x0b,0x21,0x11,0x11,0x20,0x00,0x80,0x00,0x00,0x85,0x77,0x75,0xe0,0x00,0x00,0x00,0x00,0x00,0x00,0x00,0x00,0x00,0x00,
};
static const lv_image_dsc_t emoji_1f973 = {
    .header = {.magic = LV_IMAGE_HEADER_MAGIC, .cf = LV_COLOR_FORMAT_I4, .w = 16, .h = 16, .stride = 8},
    .data_size = sizeof(emoji_1f973_pixels), .data = emoji_1f973_pixels,
};
static const uint8_t emoji_1f974_pixels[] = {
    0x27,0xaf,0xf1,0xf3,0x2e,0xd5,0xfd,0xfe,0x1b,0xa4,0xf2,0x9b,0x00,0xff,0xff,0x01,0x13,0x9b,0xf7,0x1f,0x20,0x90,0xad,0xfe,
    0x1a,0x6c,0x8d,0xfe,0x15,0x52,0x6f,0xfe,0x00,0x69,0xe8,0x0f,0x14,0x98,0xf0,0x47,0x00,0x0f,0xf9,0x04,0x00,0xaa,0xaa,0x03,
    0x55,0xaa,0xff,0x03,0x0a,0x1d,0x32,0xff,0x00,0x00,0x00,0x00,0x2f,0xd6,0xfc,0xfe,0xee,0xa3,0xee,0x44,0x44,0xee,0x3e,0xee,
    0xea,0xee,0x92,0x00,0x00,0x29,0xe3,0xee,0x33,0x82,0x1f,0x1f,0xff,0xf1,0x28,0x33,0xce,0x21,0x1f,0xff,0xff,0x0f,0xf2,0xe4,
    0xe4,0x01,0xf0,0x01,0xf1,0x55,0x10,0x4e,0xe2,0x1f,0x56,0x01,0x10,0x05,0x0f,0x2e,0xe0,0x11,0x07,0x7f,0x17,0xd0,0x01,0x0e,
    0xe0,0x00,0x06,0x51,0x15,0x60,0x00,0x0e,0xe0,0x00,0x00,0xf1,0xff,0x00,0x00,0x0e,0xe2,0x00,0x70,0x1f,0x11,0xf7,0x61,0x2e,
    0xe4,0x00,0x66,0x67,0x65,0x77,0x10,0x4e,0x4e,0x2f,0x15,0x0f,0x57,0x61,0x12,0xeb,0x3b,0xa2,0x11,0xff,0x11,0xf0,0x28,0x33,
    0xee,0x3e,0x92,0x00,0x00,0x29,0xe3,0xee,0xee,0xe3,0xee,0xa8,0x88,0xee,0x3e,0xee,0xee,0xee,0xee,0xee,0xee,0xee,0xee,0xee,
};
static const lv_image_dsc_t emoji_1f974 = {
    .header = {.magic = LV_IMAGE_HEADER_MAGIC, .cf = LV_COLOR_FORMAT_I4, .w = 16, .h = 16, .stride = 8},
    .data_size = sizeof(emoji_1f974_pixels), .data = emoji_1f974_pixels,
};
static const uint8_t emoji_1f975_pixels[] = {
    0x00,0x00,0x00,0x00,0x1d,0x94,0xf6,0xfe,0x0d,0x6e,0xf1,0xf3,0x16,0x66,0xa5,0xfe,0x00,0x5f,0xfe,0x0e,0x05,0x0d,0xf3,0x0a,
    0x0a,0x51,0xee,0x65,0x05,0x56,0xf8,0xa5,0x0f,0x2c,0x46,0xff,0xfd,0xd2,0x63,0xf6,0xf7,0xad,0x1c,0xfb,0x8c,0x43,0xff,0xfe,
    0x68,0x38,0xd3,0xfd,0x0a,0x25,0x36,0xff,0x4c,0x33,0xb1,0xff,0x72,0x39,0xff,0x1e,0x00,0x55,0x00,0x46,0x64,0x50,0x05,0x00,
    0x05,0x00,0x62,0x22,0x22,0x26,0x50,0x50,0x54,0x47,0x22,0x21,0x12,0x22,0x24,0x54,0x40,0x72,0x12,0x11,0x11,0x21,0x22,0x04,
    0x04,0x22,0x33,0x11,0x11,0x33,0x22,0x60,0x07,0x22,0x21,0x11,0x11,0x12,0x22,0x70,0x07,0x01,0x12,0x31,0x11,0x31,0x12,0x20,
    0x07,0x00,0x18,0x81,0x10,0xd1,0x11,0x20,0x00,0x0a,0x13,0x31,0x13,0x31,0x11,0x20,0x00,0x9a,0x01,0x13,0x31,0x11,0x11,0x70,
    0x09,0x9a,0x03,0xd8,0x8d,0x31,0x12,0x50,0x00,0x9a,0x02,0xce,0xec,0x31,0x26,0x04,0x00,0x00,0x21,0xbc,0xcb,0x12,0x60,0x00,
    0x00,0x00,0x56,0x0b,0xb0,0x65,0x04,0x00,0x00,0x00,0x00,0x0f,0x0f,0x00,0x40,0x00,0x00,0x00,0x00,0x00,0x00,0x00,0x00,0x00,
};
static const lv_image_dsc_t emoji_1f975 = {
    .header = {.magic = LV_IMAGE_HEADER_MAGIC, .cf = LV_COLOR_FORMAT_I4, .w = 16, .h = 16, .stride = 8},
    .data_size = sizeof(emoji_1f975_pixels), .data = emoji_1f975_pixels,
};
static const uint8_t emoji_1f976_pixels[] = {
    0x00,0x00,0x00,0x00,0xf6,0xd1,0x63,0xfd,0xf7,0xdf,0x9f,0xfe,0xec,0xa2,0x30,0xea,0xe7,0xe7,0xdf,0xfe,0xeb,0x75,0x13,0x13,
    0xe7,0x95,0x2b,0xa4,0xe3,0xa8,0x5b,0xff,0xdc,0xb5,0x94,0xff,0xed,0x14,0x00,0x05,0xe6,0x91,0x2b,0x66,0xea,0x92,0x26,0x18,
    0xd8,0x70,0x15,0x68,0xd3,0x72,0x27,0xf5,0x7f,0x7f,0x00,0x02,0xda,0x78,0x1f,0xa6,0x00,0x50,0x05,0xa6,0x6a,0x50,0x05,0x00,
    0x05,0x05,0x63,0x33,0x33,0x36,0x50,0x50,0x50,0xb3,0x33,0x11,0x11,0x73,0x3b,0x05,0xeb,0x33,0x11,0x11,0x11,0x11,0x13,0xbe,
    0x0a,0x01,0x17,0x71,0x17,0x31,0x11,0xa0,0x06,0x11,0x10,0xd2,0x2d,0x01,0x11,0x60,0x93,0x12,0x27,0x24,0x42,0x82,0x21,0x39,
    0x93,0x12,0x22,0x22,0x22,0x22,0x22,0x30,0x03,0x22,0x78,0x82,0x28,0x27,0x22,0x60,0x03,0x11,0x84,0x44,0x44,0x48,0x11,0xc0,
    0x0f,0x31,0x24,0x44,0x44,0x42,0x13,0x50,0x05,0x33,0x24,0x21,0x22,0x21,0x3f,0x00,0x50,0xac,0x62,0x11,0x01,0x13,0x09,0x50,
    0x0e,0x90,0x00,0xcd,0xf0,0x0c,0x00,0x00,0x00,0x00,0x00,0x05,0x00,0x00,0x09,0x00,0x00,0x00,0x00,0x00,0x00,0x00,0x00,0x00,
};
static const lv_image_dsc_t emoji_1f976 = {
    .header = {.magic = LV_IMAGE_HEADER_MAGIC, .cf = LV_COLOR_FORMAT_I4, .w = 16, .h = 16, .stride = 8},
    .data_size = sizeof(emoji_1f976_pixels), .data = emoji_1f976_pixels,
};
static const uint8_t emoji_1f977_pixels[] = {
    0x00,0x00,0x00,0x00,0x2d,0x2c,0x2c,0xf8,0x51,0x55,0x56,0xf7,0x69,0x69,0x6a,0x0c,0x2d,0xac,0xd9,0xfe,0x5b,0x5d,0x5e,0x98,
    0x35,0x4e,0x56,0xf6,0x5e,0x63,0x65,0x69,0x2c,0x2c,0x2c,0x9b,0x2a,0xcc,0xf9,0xfe,0x42,0x3b,0x39,0xfe,0xa4,0xa4,0xa4,0x10,
    0x38,0x93,0xb2,0xf3,0xff,0xff,0xff,0x04,0x5d,0x1f,0x0f,0x1e,0x08,0x95,0xe7,0x61,0x00,0x00,0x00,0x37,0x57,0x30,0x30,0x00,
    0x00,0x03,0x05,0x22,0x22,0x27,0x03,0x00,0x00,0x30,0x76,0x11,0x11,0x12,0x30,0x30,0x00,0x0d,0x11,0xa6,0x66,0x11,0x50,0x30,
    0x00,0x03,0x16,0x44,0x44,0x46,0x1d,0x00,0x00,0x0e,0x64,0x44,0x94,0x4c,0x1b,0x00,0x00,0xf0,0x64,0x69,0x94,0x64,0x10,0x00,
    0x0f,0x45,0x69,0x00,0x22,0x04,0x80,0x30,0x00,0x0c,0x02,0x2a,0xaa,0x22,0x00,0x30,0x00,0x7c,0x71,0x11,0x11,0x18,0x30,0x00,
    0x00,0x00,0x6e,0x81,0x11,0x80,0x00,0x00,0x03,0x00,0x65,0x21,0x11,0x25,0x53,0x03,0x30,0xb2,0x11,0x02,0x12,0x21,0x15,0xb3,
    0x30,0x22,0x11,0x22,0x22,0x11,0x20,0x70,0x00,0x75,0x58,0x85,0x58,0x88,0x55,0x70,0x00,0x00,0x00,0x00,0x00,0x00,0x00,0x00,
};
static const lv_image_dsc_t emoji_1f977 = {
    .header = {.magic = LV_IMAGE_HEADER_MAGIC, .cf = LV_COLOR_FORMAT_I4, .w = 16, .h = 16, .stride = 8},
    .data_size = sizeof(emoji_1f977_pixels), .data = emoji_1f977_pixels,
};
static const uint8_t emoji_1f978_pixels[] = {
    0x00,0x00,0x00,0x00,0x24,0xb2,0xe9,0xef,0x2d,0xcf,0xfa,0xfe,0x24,0x27,0x28,0xfd,0x31,0x5e,0x68,0xfe,0xf9,0xe5,0xa7,0xfe,
    0x05,0xfb,0xff,0x0b,0x13,0x9e,0xef,0x95,0x6c,0x67,0x62,0x0a,0x2c,0x8c,0xa9,0xfd,0x0f,0x9d,0xf6,0x20,0x00,0x00,0xff,0x01,
    0x57,0x61,0x51,0xfe,0xf8,0xf3,0xda,0xfe,0x12,0x6a,0xde,0x11,0x30,0x75,0x9d,0x92,0x00,0x00,0x00,0xea,0xae,0x00,0x80,0x00,
    0x00,0x00,0x00,0x11,0x11,0x00,0x00,0x00,0xb0,0x6f,0x40,0x22,0x22,0x94,0xf6,0x0b,0x80,0xf3,0x33,0x92,0x29,0x33,0x0f,0x08,
    0x06,0x00,0x00,0x42,0x24,0x00,0x00,0x60,0x80,0xcd,0x50,0x04,0x40,0xd5,0x00,0x08,0x80,0x05,0xd5,0x09,0x90,0x5d,0x50,0x08,
    0x01,0x40,0x55,0xc1,0x2c,0x05,0x54,0x10,0x01,0x14,0xc4,0x12,0x21,0x4c,0x41,0x10,0x07,0x22,0x12,0x12,0x21,0x21,0x22,0x70,
    0x0a,0x12,0x43,0x31,0x13,0x34,0x21,0xa0,0xa0,0x72,0x93,0x33,0x33,0x39,0x27,0x0a,0xb6,0xb7,0x22,0x12,0x21,0x21,0x70,0x0b,
    0x00,0x60,0x07,0x11,0x11,0x7a,0x06,0x00,0x00,0x06,0x00,0x0e,0xe0,0x00,0x60,0x00,0x00,0x00,0x00,0x00,0x00,0x00,0x00,0x00,
};
static const lv_image_dsc_t emoji_1f978 = {
    .header = {.magic = LV_IMAGE_HEADER_MAGIC, .cf = LV_COLOR_FORMAT_I4, .w = 16, .h = 16, .stride = 8},
    .data_size = sizeof(emoji_1f978_pixels), .data = emoji_1f978_pixels,
};
static const uint8_t emoji_1f979_pixels[] = {
    0x00,0x00,0x00,0x00,0x2d,0xd3,0xfb,0xfe,0x24,0xb4,0xe8,0xef,0x1b,0xa5,0xf2,0x9a,0x00,0xff,0xff,0x01,0x0e,0x9c,0xf5,0x21,
    0x19,0x4b,0x61,0xfe,0x00,0x00,0xf2,0x03,0x1f,0x92,0xb0,0xfe,0x0d,0x70,0xe9,0x0e,0xd6,0xdc,0xde,0xff,0xa1,0xd3,0x92,0xff,
    0x19,0x9f,0xf1,0x40,0x5f,0xa8,0xad,0xfc,0x95,0x68,0x14,0xff,0x52,0xb9,0xcd,0xff,0x00,0x04,0x00,0x95,0x59,0x00,0x40,0x00,
    0x00,0x40,0xc3,0x22,0x22,0x3c,0x04,0x00,0x44,0x93,0x11,0x11,0x11,0x11,0x37,0x07,0x50,0x31,0x12,0x11,0x11,0x21,0x13,0x00,
    0x05,0x12,0x88,0x11,0x11,0x80,0x21,0x50,0x03,0x12,0x82,0x11,0x11,0x28,0x21,0x30,0x02,0x11,0xaa,0x61,0x1a,0xa6,0x11,0x30,
    0x02,0x1d,0x00,0x0f,0xf0,0x00,0xd1,0x20,0x02,0x10,0xe0,0x00,0x0e,0x00,0xd1,0x30,0x03,0x11,0xb0,0xb1,0x1b,0x0b,0x11,0x30,
    0x05,0x21,0x12,0x21,0x12,0x21,0x12,0x50,0x50,0x31,0x11,0x66,0x66,0x21,0x13,0x05,0x74,0x03,0x11,0x12,0x21,0x12,0x30,0x07,
    0x00,0x40,0xc3,0x22,0x22,0x35,0x04,0x00,0x00,0x04,0x00,0x79,0x97,0x00,0x40,0x00,0x00,0x00,0x00,0x00,0x00,0x00,0x00,0x00,
};
static const lv_image_dsc_t emoji_1f979 = {
    .header = {.magic = LV_IMAGE_HEADER_MAGIC, .cf = LV_COLOR_FORMAT_I4, .w = 16, .h = 16, .stride = 8},
    .data_size = sizeof(emoji_1f979_pixels), .data = emoji_1f979_pixels,
};
static const uint8_t emoji_1f97a_pixels[] = {
    0x00,0x00,0x00,0x00,0x2e,0xd4,0xfb,0xfe,0x25,0xb4,0xea,0xeb,0x1a,0xa4,0xf2,0x95,0x0f,0x9c,0xf4,0x21,0x00,0xff,0xff,0x01,
    0x00,0x00,0xf2,0x03,0x8c,0xd6,0xe7,0xff,0x0d,0x74,0xed,0x0e,0x65,0xd2,0xe9,0xfd,0x16,0x26,0x3c,0xff,0x20,0x97,0xb4,0xff,
    0xd3,0xd9,0xdd,0xff,0x19,0x45,0x5d,0xfe,0x90,0xb6,0xc2,0xff,0x19,0x9f,0xf1,0x40,0x00,0x05,0x00,0x84,0x48,0x00,0x50,0x00,
    0x00,0x50,0xf3,0x22,0x22,0x3f,0x05,0x00,0x55,0x83,0x11,0x11,0x11,0x11,0x36,0x06,0x40,0x31,0x12,0x11,0x11,0x21,0x13,0x00,
    0x04,0x12,0x0b,0x11,0x11,0xb0,0x22,0x40,0x03,0x12,0xb2,0x11,0x11,0x2b,0x21,0x30,0x02,0x11,0xcc,0xd1,0x1c,0xcd,0x11,0x20,
    0x02,0x10,0x0e,0xa0,0x00,0x7a,0x01,0x20,0x02,0x19,0x0a,0x09,0x90,0xa0,0x91,0x20,0x03,0x11,0x7e,0x71,0x17,0xe7,0x11,0x30,
    0x04,0x21,0x11,0x12,0x21,0x11,0x12,0x40,0x40,0x31,0x11,0x2d,0xd2,0x11,0x13,0x04,0x65,0x03,0x11,0x11,0x11,0x12,0x30,0x06,
    0x00,0x50,0xf3,0x22,0x22,0x34,0x05,0x00,0x00,0x00,0x00,0x68,0x86,0x00,0x50,0x00,0x00,0x00,0x00,0x00,0x00,0x00,0x00,0x00,
};
static const lv_image_dsc_t emoji_1f97a = {
    .header = {.magic = LV_IMAGE_HEADER_MAGIC, .cf = LV_COLOR_FORMAT_I4, .w = 16, .h = 16, .stride = 8},
    .data_size = sizeof(emoji_1f97a_pixels), .data = emoji_1f97a_pixels,
};
static const uint8_t emoji_1f97b_pixels[] = {
    0x00,0x00,0x00,0x00,0x95,0xa1,0x1f,0xf9,0x9e,0xdb,0xb3,0xfd,0x6b,0x76,0x05,0xf4,0x04,0xec,0xff,0x0e,0x6d,0x87,0x1e,0xfd,
    0x67,0xa3,0x65,0xfe,0x8d,0xb8,0x59,0xfa,0xd2,0xdb,0x6b,0xfc,0xa3,0xe6,0xc6,0xfe,0x6a,0x71,0xff,0x06,0x2a,0x2b,0xd1,0xfe,
    0x50,0x64,0xe9,0xef,0xce,0xe6,0x91,0xfe,0x5b,0xb8,0x97,0xeb,0x7f,0x7f,0x15,0x03,0x00,0x0a,0x00,0x00,0x00,0x00,0x00,0x00,
    0x00,0x00,0x0b,0xc0,0x0d,0x20,0x00,0x00,0x0a,0x00,0xbb,0xb0,0xdd,0x9c,0x00,0x00,0x00,0x00,0xc0,0x08,0x82,0x2c,0x00,0xa0,
    0x00,0x00,0xa0,0x88,0x29,0x63,0x00,0x00,0x00,0x00,0x00,0x80,0x92,0x53,0x00,0xf0,0x00,0x00,0x01,0x02,0x96,0x13,0x34,0xf0,
    0x00,0x00,0x07,0x22,0x23,0x15,0x50,0x00,0x00,0x00,0x02,0x22,0x53,0x15,0x60,0x00,0x00,0x00,0x02,0x25,0x15,0x16,0x00,0x04,
    0x00,0x00,0x06,0x31,0x15,0x10,0x00,0x00,0x00,0xf0,0x01,0x31,0x11,0x70,0x00,0x00,0x00,0x00,0x07,0x31,0x71,0x71,0x00,0x00,
    0x00,0x00,0x0e,0x67,0x06,0xee,0x40,0x40,0x00,0x00,0x44,0x00,0x00,0x44,0x00,0x00,0x00,0x00,0x00,0x00,0x00,0x00,0x00,0x00,
};
static const lv_image_dsc_t emoji_1f97b = {
    .header = {.magic = LV_IMAGE_HEADER_MAGIC, .cf = LV_COLOR_FORMAT_I4, .w = 16, .h = 16, .stride = 8},
    .data_size = sizeof(emoji_1f97b_pixels), .data = emoji_1f97b_pixels,
};
static const uint8_t emoji_1f97c_pixels[] = {
    0xf7,0xf3,0xea,0xf8,0x00,0x00,0x00,0x00,0xf8,0xf6,0xf1,0x0b,0xee,0xe3,0xcd,0x96,0xe5,0xd2,0xaa,0x22,0xec,0xe1,0xcb,0x6f,
    0xdc,0xca,0xa6,0xff,0xba,0x9f,0x62,0x27,0xff,0xaa,0xaa,0x03,0xde,0xcd,0xab,0x51,0xb7,0x9c,0x65,0xfb,0xce,0xba,0x93,0xff,
    0xff,0x00,0x00,0x01,0xe8,0xda,0xbf,0x99,0x7f,0x3f,0x00,0x04,0xc3,0xab,0x7b,0xff,0x11,0x11,0x21,0x43,0x34,0x12,0x11,0x11,
    0x11,0x12,0x14,0x06,0x60,0x41,0x21,0x11,0x11,0x21,0x50,0x0a,0xa0,0x05,0x12,0x11,0x12,0x15,0x00,0x0f,0xb0,0x00,0x21,0x81,
    0x12,0xc0,0x00,0x0b,0x60,0x00,0x31,0x21,0x21,0x40,0x00,0x06,0x60,0x00,0x00,0x1c,0x41,0x50,0x00,0x00,0x00,0x00,0x04,0x12,
    0x21,0x30,0x00,0x00,0x00,0x00,0x05,0x12,0x21,0x00,0x00,0x00,0x00,0x00,0x03,0x12,0x10,0x00,0x30,0x00,0x00,0x00,0x00,0xe1,
    0x12,0x00,0xd0,0x00,0x00,0x0d,0x00,0x21,0x19,0x03,0x30,0x00,0x00,0x03,0x50,0x91,0x11,0x77,0x00,0x00,0x00,0x03,0x77,0x11,
    0x11,0x11,0x00,0x00,0x00,0x03,0x11,0x11,0x11,0x80,0x45,0x33,0x55,0x94,0x08,0x11,0x11,0x11,0x11,0x11,0x11,0x11,0x11,0x11,
};
static const lv_image_dsc_t emoji_1f97c = {
    .header = {.magic = LV_IMAGE_HEADER_MAGIC, .cf = LV_COLOR_FORMAT_I4, .w = 16, .h = 16, .stride = 8},
    .data_size = sizeof(emoji_1f97c_pixels), .data = emoji_1f97c_pixels,
};
static const uint8_t emoji_1f97d_pixels[] = {
    0x04,0x03,0x02,0x01,0xe0,0xde,0xd7,0xf4,0xf8,0xf9,0xfc,0x0d,0xb5,0xb2,0xa9,0xf0,0xdc,0xcf,0x9a,0xc9,0x75,0x73,0x18,0x0c,
    0xe5,0xd5,0x93,0xba,0xaa,0xaa,0xaa,0x9f,0x96,0x8c,0x6b,0xe5,0x56,0x4d,0x38,0xe3,0x57,0x4e,0x37,0x9b,0xb2,0xb2,0xb2,0x03,
    0x76,0x76,0x76,0x02,0x87,0x76,0x2b,0xd3,0xcd,0xcc,0xce,0x99,0xa6,0xa7,0xa7,0x65,0x00,0x05,0xc5,0x00,0x0c,0x00,0x55,0x00,
    0x00,0x50,0x00,0x00,0x00,0x00,0x00,0x50,0x00,0x00,0x50,0x55,0x05,0xaa,0xa0,0x00,0x05,0x09,0x99,0x99,0x99,0xaa,0xad,0x00,
    0x00,0xd0,0x00,0x00,0x00,0x00,0x00,0xd0,0x5d,0x07,0x77,0xff,0xff,0x77,0x70,0xdc,0x08,0x31,0x13,0x33,0x33,0x01,0x03,0x00,
    0x00,0x11,0x11,0x11,0x11,0x11,0x11,0x00,0x00,0x14,0x44,0x46,0x64,0x44,0x41,0x80,0x02,0x16,0x44,0x68,0x86,0x44,0x61,0x00,
    0x02,0x40,0x66,0x37,0x73,0x66,0x64,0x20,0xb0,0xe3,0x88,0x32,0x03,0x88,0x3e,0x02,0x2c,0x20,0x30,0x20,0x02,0xe3,0xe2,0x22,
    0x00,0x00,0x00,0x02,0x20,0x00,0x00,0x00,0x00,0x2b,0xcb,0xb0,0x02,0x05,0xb2,0x00,0x00,0x00,0x00,0x00,0x00,0x00,0x00,0x00,
};
static const lv_image_dsc_t emoji_1f97d = {
    .header = {.magic = LV_IMAGE_HEADER_MAGIC, .cf = LV_COLOR_FORMAT_I4, .w = 16, .h = 16, .stride = 8},
    .data_size = sizeof(emoji_1f97d_pixels), .data = emoji_1f97d_pixels,
};
static const uint8_t emoji_1f97e_pixels[] = {
    0x00,0x00,0x00,0x00,0x30,0x4b,0x74,0xfb,0x32,0x58,0x93,0xf9,0x12,0xa1,0xdd,0xf1,0x0d,0xab,0xe8,0x20,0x5f,0x6e,0x95,0xfe,
    0x01,0xf3,0xff,0x06,0x17,0x69,0x7b,0x15,0x5a,0x6a,0x77,0xfe,0x0d,0xac,0xe9,0x65,0x2f,0x5a,0x93,0x59,0x32,0x4e,0x79,0x92,
    0x0a,0x74,0xff,0x03,0x2f,0x2f,0x7f,0x03,0x0c,0xaf,0xee,0xa3,0x2f,0x3e,0xc6,0xeb,0x00,0x00,0x00,0x0d,0x70,0x00,0x00,0x00,
    0x00,0x0a,0xa7,0x00,0x00,0x00,0x00,0x00,0x00,0x80,0x01,0x20,0x00,0xd0,0x00,0x00,0x00,0x21,0x05,0x22,0xb0,0xd0,0x00,0x00,
    0x0b,0x11,0x12,0x22,0xa0,0xd0,0x00,0x00,0x00,0x11,0x15,0x22,0x00,0x00,0x00,0x00,0x07,0x11,0x18,0x5f,0xfc,0x07,0x00,0x00,
    0x00,0x22,0x18,0x52,0xf0,0x00,0x00,0x00,0x0b,0x52,0x11,0x85,0x20,0x07,0x00,0xc0,0x62,0x11,0x11,0x18,0x50,0x21,0x1b,0x00,
    0x43,0x32,0x11,0x11,0x81,0x12,0x11,0xa6,0x64,0xe3,0x32,0x11,0x12,0x22,0x12,0x36,0x00,0x04,0x4e,0x32,0x21,0x22,0x03,0x90,
    0x0c,0x70,0x00,0x93,0x33,0x33,0xe9,0x06,0x00,0x0c,0x64,0x04,0x49,0x44,0x00,0x60,0x00,0x00,0x00,0x00,0x00,0x00,0x00,0x00,
};
static const lv_image_dsc_t emoji_1f97e = {
    .header = {.magic = LV_IMAGE_HEADER_MAGIC, .cf = LV_COLOR_FORMAT_I4, .w = 16, .h = 16, .stride = 8},
    .data_size = sizeof(emoji_1f97e_pixels), .data = emoji_1f97e_pixels,
};
static const uint8_t emoji_1f97f_pixels[] = {
    0x00,0x00,0x00,0x00,0xd1,0x94,0x04,0xf8,0xdb,0x98,0x02,0x18,0x92,0x6f,0x1f,0xf5,0xb6,0x89,0x1f,0xff,0x0f,0x3a,0xaf,0x2b,
    0xab,0x63,0x0b,0x09,0x6c,0x65,0x57,0xec,0xff,0xff,0x00,0x01,0x70,0x4e,0x13,0xb6,0x5e,0x4a,0x1e,0xff,0x2f,0x49,0x8d,0x66,
    0xce,0x92,0x00,0xa0,0x00,0x15,0xe6,0x17,0x4f,0x3e,0x20,0xff,0xae,0x6f,0x03,0x4c,0x00,0x00,0x00,0x00,0x00,0x00,0x00,0x00,
    0x00,0x00,0x00,0x00,0x00,0x00,0x00,0x00,0x00,0x00,0x00,0x00,0x00,0x00,0x00,0x00,0x00,0x00,0x00,0x00,0x00,0x00,0x00,0x00,
    0x00,0x80,0x00,0x00,0x00,0x00,0x00,0x00,0x00,0x00,0x60,0x00,0x00,0x00,0x00,0x00,0x00,0x20,0x00,0x60,0x00,0x00,0x00,0x00,
    0x00,0x19,0xf0,0x00,0x60,0x00,0x00,0x00,0x21,0x13,0xe9,0x20,0x00,0x00,0x28,0x00,0x21,0x11,0x3a,0xe9,0xf2,0x00,0x00,0x00,
    0x21,0x11,0x11,0x3a,0xa3,0x0c,0xc6,0x08,0x07,0x04,0x11,0x11,0x11,0x11,0x11,0x20,0x05,0x00,0x77,0x41,0x11,0x11,0x11,0x12,
    0x00,0x05,0x55,0xb0,0x73,0x41,0x44,0x36,0x00,0x00,0x00,0x00,0xd5,0xb0,0x0b,0xd0,0x00,0x00,0x00,0x00,0x00,0x00,0x00,0x00,
};
static const lv_image_dsc_t emoji_1f97f = {
    .header = {.magic = LV_IMAGE_HEADER_MAGIC, .cf = LV_COLOR_FORMAT_I4, .w = 16, .h = 16, .stride = 8},
    .data_size = sizeof(emoji_1f97f_pixels), .data = emoji_1f97f_pixels,
};
static const uint8_t emoji_1f980_pixels[] = {
    0x00,0x00,0x00,0x00,0x03,0x5c,0xf9,0xf1,0x00,0x67,0xfe,0x0b,0x03,0x5b,0xf8,0xa6,0x02,0x5c,0xfa,0x58,0x00,0x12,0xff,0x04,
    0x0f,0x3b,0xe4,0xed,0x12,0x71,0xb3,0x5f,0x16,0x2d,0xee,0x9f,0x00,0xff,0xff,0x01,0x14,0x62,0xaa,0xd1,0x0a,0x62,0xaf,0x1f,
    0x19,0x62,0x96,0xb2,0x24,0x0d,0xf8,0x70,0x00,0x84,0xff,0xff,0x14,0x31,0xb4,0x3e,0x00,0x00,0x52,0x55,0x55,0x55,0x00,0x00,
    0x00,0x05,0x00,0x00,0x00,0x00,0x00,0x00,0x00,0x50,0x54,0x32,0x53,0x42,0x05,0x00,0x05,0x92,0x11,0x14,0x41,0x13,0x22,0x50,
    0x02,0x04,0xe1,0x12,0x51,0x11,0x45,0x50,0x02,0x54,0x11,0xab,0x73,0x11,0x30,0x20,0x00,0x0d,0x60,0xa7,0x7c,0x01,0x82,0x00,
    0x22,0x33,0x14,0x13,0x31,0x31,0x33,0x40,0x03,0x31,0x11,0x11,0x11,0x16,0x63,0x32,0x43,0x36,0x11,0x11,0x11,0x16,0x14,0x44,
    0x22,0x31,0x61,0x11,0x11,0x11,0x31,0x42,0x03,0x43,0x61,0x11,0x11,0x18,0x14,0x32,0x22,0x44,0x0f,0x31,0x13,0x40,0x44,0x22,
    0x00,0x20,0x00,0x02,0x20,0x02,0x00,0x00,0x02,0x05,0x0b,0x20,0x02,0x20,0x90,0x50,0x00,0x00,0x00,0x00,0x00,0x00,0x00,0x00,
};
static const lv_image_dsc_t emoji_1f980 = {
    .header = {.magic = LV_IMAGE_HEADER_MAGIC, .cf = LV_COLOR_FORMAT_I4, .w = 16, .h = 16, .stride = 8},
    .data_size = sizeof(emoji_1f980_pixels), .data = emoji_1f980_pixels,
};
static const uint8_t emoji_1f981_pixels[] = {
    0x00,0x00,0x00,0x00,0x51,0x60,0x8a,0xf5,0x12,0xa4,0xe0,0xfe,0x07,0xc8,0xfe,0xfe,0x4f,0x5d,0x87,0x5d,0x4e,0x5c,0x90,0x1f,
    0x67,0x65,0x70,0x07,0x55,0x58,0x7d,0xf2,0x00,0x00,0xff,0x01,0x4f,0x5d,0x88,0x95,0x3f,0x3f,0x7f,0x04,0x32,0x81,0xb4,0xfc,
    0x6d,0xcb,0xee,0xff,0x93,0xd0,0xf1,0xfe,0x28,0x77,0x9f,0xfe,0x2e,0x5d,0x5d,0x05,0x00,0x08,0xf4,0x56,0x54,0x45,0x00,0x00,
    0x05,0x04,0x91,0x11,0x11,0x14,0x45,0x80,0x60,0x41,0x11,0x11,0x11,0x17,0x75,0x06,0x60,0x92,0xb1,0x11,0x11,0x12,0xb0,0x06,
    0x06,0x12,0x22,0x32,0x23,0x32,0x21,0x60,0x04,0x12,0x32,0xe3,0x3e,0x23,0xe1,0x58,0x05,0x7b,0x32,0x23,0x32,0x23,0x17,0x58,
    0x04,0x1e,0x33,0x30,0x02,0x32,0x11,0x58,0x05,0x11,0x23,0xc0,0x0c,0x32,0x19,0x0a,0xa0,0x91,0x12,0xc1,0x7c,0xb7,0x19,0x0a,
    0x08,0x41,0x17,0x0d,0xd0,0x71,0x16,0x80,0x05,0x04,0x11,0x1d,0xd1,0x11,0x40,0xa0,0x00,0x60,0x41,0x11,0x11,0x14,0xf6,0x00,
    0x00,0x06,0x05,0x41,0x14,0x50,0x00,0x00,0x00,0x00,0xa0,0x05,0x50,0x06,0x00,0x00,0x00,0x00,0x00,0x00,0x00,0x00,0x00,0x00,
};
static const lv_image_dsc_t emoji_1f981 = {
    .header = {.magic = LV_IMAGE_HEADER_MAGIC, .cf = LV_COLOR_FORMAT_I4, .w = 16, .h = 16, .stride = 8},
    .data_size = sizeof(emoji_1f981_pixels), .data = emoji_1f981_pixels,
};
static const uint8_t emoji_1f982_pixels[] = {
    0x00,0x00,0x00,0x00,0x5a,0x9e,0xe7,0xef,0x58,0xa2,0xf3,0x20,0x57,0x99,0xe1,0x60,0x59,0x9c,0xe5,0xa7,0x00,0xff,0xff,0x01,
    0x54,0x86,0xb7,0x5f,0x7f,0x7f,0xff,0x02,0x00,0x00,0xff,0x01,0x54,0x8e,0xb6,0x18,0x55,0x87,0xb8,0x9e,0x49,0x77,0xad,0xfd,
    0x63,0x6c,0xb1,0x05,0x7f,0xff,0xff,0x02,0x3f,0xbf,0xff,0x04,0x1f,0x7f,0xff,0x03,0x00,0x00,0x00,0x04,0x11,0x30,0x70,0x00,
    0x00,0x00,0x20,0x31,0x11,0x12,0x57,0x00,0x00,0x00,0x70,0x11,0x22,0x13,0x0f,0x00,0x00,0x00,0x78,0x24,0x23,0x12,0x52,0x00,
    0x00,0x00,0xc0,0x00,0x31,0x10,0x08,0x00,0x00,0x00,0x09,0x63,0x11,0x16,0x98,0x00,0x05,0x22,0x34,0xa1,0x11,0x10,0x60,0x50,
    0x09,0x06,0x46,0x11,0x11,0x1a,0x69,0x78,0xd0,0x31,0x14,0x1b,0x11,0x1a,0xa6,0xc5,0x02,0x11,0x11,0x1b,0xb1,0x1a,0x66,0xc0,
    0x03,0x14,0x20,0x24,0x14,0x41,0x39,0x20,0x02,0x14,0xe5,0x00,0xd0,0x31,0x40,0xf0,0x52,0x11,0x28,0x20,0x02,0x11,0x45,0xe0,
    0x70,0x23,0x25,0x07,0x53,0x11,0x28,0xd0,0x08,0x00,0x00,0x07,0x03,0x42,0x05,0x00,0x00,0x00,0x00,0x00,0x00,0x00,0x00,0x00,
};
static const lv_image_dsc_t emoji_1f982 = {
    .header = {.magic = LV_IMAGE_HEADER_MAGIC, .cf = LV_COLOR_FORMAT_I4, .w = 16, .h = 16, .stride = 8},
    .data_size = sizeof(emoji_1f982_pixels), .data = emoji_1f982_pixels,
};
static const uint8_t emoji_1f983_pixels[] = {
    0x00,0x00,0x00,0x00,0x54,0x56,0x5e,0xfd,0x5d,0x68,0x8f,0xf6,0xf9,0xff,0xff,0x10,0x70,0x88,0xaa,0xfd,0xcf,0xf2,0xfc,0x5e,
    0x5c,0x61,0x8e,0x1a,0x8e,0x9c,0xa2,0xe6,0x70,0x76,0x78,0x09,0x1d,0x28,0xeb,0xfb,0x87,0x87,0x86,0x98,0xa6,0xa6,0xa7,0x0d,
    0x9f,0xb7,0xca,0xf3,0x62,0x5e,0xdb,0xeb,0x2c,0x2b,0x29,0xff,0x12,0x0e,0xff,0x06,0x03,0x00,0x00,0x03,0x55,0x53,0x00,0x00,
    0x00,0x02,0xdf,0x3c,0x11,0x1c,0x53,0xb0,0xf0,0x21,0x20,0x71,0x22,0x11,0x70,0x0b,0x06,0x0d,0xd0,0x22,0x44,0x02,0x17,0x30,
    0x00,0x99,0x00,0x21,0x11,0x24,0x21,0x50,0x00,0x99,0x01,0x11,0x11,0x12,0x41,0x00,0x00,0x92,0x11,0xe1,0x11,0x01,0x41,0x00,
    0x08,0x21,0x11,0xee,0x17,0x11,0x21,0x50,0x06,0x22,0x11,0x14,0x22,0xcc,0x17,0x00,0x60,0x02,0x42,0x42,0x11,0x20,0x70,0x88,
    0xf0,0x62,0x24,0x22,0x22,0x20,0x50,0x00,0x00,0x08,0x02,0x22,0x22,0x20,0x3b,0x30,0x00,0x30,0x0a,0x22,0x06,0x00,0x00,0x00,
    0x00,0x80,0x6a,0xa7,0xa0,0x00,0x30,0x00,0x00,0x00,0x00,0x0b,0x68,0x00,0x00,0x00,0x00,0x00,0x00,0x00,0x00,0x00,0x00,0x00,
};
static const lv_image_dsc_t emoji_1f983 = {
    .header = {.magic = LV_IMAGE_HEADER_MAGIC, .cf = LV_COLOR_FORMAT_I4, .w = 16, .h = 16, .stride = 8},
    .data_size = sizeof(emoji_1f983_pixels), .data = emoji_1f983_pixels,
};
static const uint8_t emoji_1f984_pixels[] = {
    0x00,0x00,0x00,0x00,0xe2,0xe1,0xe2,0xf8,0x97,0x5a,0xed,0xf5,0xf5,0xf7,0xf4,0x09,0xdf,0xdc,0xe0,0x66,0x99,0x51,0xf2,0x13,
    0xd4,0xd4,0xd4,0x92,0xff,0x00,0xff,0x01,0x91,0x4f,0xe9,0x69,0x74,0x74,0xff,0x02,0x00,0x00,0xff,0x01,0x8c,0x4d,0xe6,0xa4,
    0xa7,0x9a,0xdf,0xff,0x6a,0x6a,0xb4,0x03,0x83,0x3c,0xe7,0x4f,0xc0,0xa8,0xe0,0xff,0x00,0x00,0x0d,0x00,0x0a,0x50,0x00,0x00,
    0x00,0x00,0x00,0x33,0x90,0x00,0x00,0x00,0x00,0x00,0x00,0x41,0x08,0xb7,0x90,0x00,0x09,0xa8,0xc0,0xc1,0xb2,0x20,0x0d,0x00,
    0xa0,0x02,0x20,0x01,0x22,0x2b,0x50,0x70,0x07,0x3e,0x01,0x11,0x22,0x22,0x85,0x97,0x03,0x30,0x11,0x01,0xf2,0x22,0x22,0xa3,
    0x33,0x01,0x11,0x01,0x1f,0x22,0x28,0x05,0x30,0x61,0x11,0x11,0x11,0x22,0x22,0x57,0x04,0x11,0x11,0x11,0x01,0x22,0x22,0x80,
    0x06,0x11,0x66,0x61,0x11,0xc2,0x22,0x80,0x00,0x60,0x00,0x01,0x11,0x12,0x22,0x50,0x00,0x00,0x33,0x41,0x11,0x11,0x2b,0x05,
    0x03,0x03,0x30,0x61,0x11,0x11,0x1e,0x70,0x00,0x00,0x30,0x34,0x44,0x44,0x33,0x00,0x00,0x00,0x00,0x00,0x00,0x00,0x00,0x00,
};
static const lv_image_dsc_t emoji_1f984 = {
    .header = {.magic = LV_IMAGE_HEADER_MAGIC, .cf = LV_COLOR_FORMAT_I4, .w = 16, .h = 16, .stride = 8},
    .data_size = sizeof(emoji_1f984_pixels), .data = emoji_1f984_pixels,
};
static const uint8_t emoji_1f985_pixels[] = {
    0x00,0x00,0x00,0x00,0x4c,0x53,0x71,0xf4,0x5e,0x5f,0x6c,0x0c,0x36,0x3a,0x4f,0xee,0x1f,0x21,0x6c,0x10,0x4a,0x55,0x71,0x5f,
    0xce,0xef,0xf9,0xf9,0x36,0x3a,0x4e,0x59,0x10,0xaf,0xfa,0x22,0x1e,0x70,0x76,0x0b,0x07,0xaa,0xff,0x9c,0x00,0x00,0xff,0x01,
    0x3b,0x41,0x56,0xfe,0x36,0x3a,0x4f,0xa8,0xaa,0xc9,0xe0,0xfd,0x1b,0x9b,0xd9,0xe1,0x02,0x04,0x70,0x20,0x00,0x00,0xb2,0x40,
    0x40,0x43,0x77,0x44,0x20,0x00,0x00,0x00,0x04,0x33,0x3d,0x00,0x00,0x22,0x22,0x20,0x0d,0xc3,0x33,0x40,0x51,0x11,0x11,0x50,
    0x0d,0x33,0x3c,0x72,0x11,0x11,0x15,0x04,0x07,0x3c,0x13,0x35,0x11,0x11,0x12,0x02,0x29,0x0e,0x60,0x31,0x11,0x11,0x50,0x20,
    0x00,0x00,0xe6,0x01,0x11,0x15,0x04,0x00,0x80,0xaa,0x66,0xe1,0x11,0x14,0x20,0x00,0xb0,0x80,0x06,0x01,0x11,0x50,0x20,0x00,
    0x00,0x02,0x00,0x11,0x14,0x02,0x00,0x00,0x00,0x90,0x01,0x11,0x10,0x09,0x00,0x00,0x00,0xb8,0xf0,0x51,0x06,0x00,0x00,0x00,
    0x00,0x08,0xa8,0xaf,0x00,0x90,0xb0,0x00,0x00,0x00,0x00,0x00,0x00,0x00,0x00,0x00,0x00,0x00,0x00,0x00,0x00,0x00,0x00,0x00,
};
static const lv_image_dsc_t emoji_1f985 = {
    .header = {.magic = LV_IMAGE_HEADER_MAGIC, .cf = LV_COLOR_FORMAT_I4, .w = 16, .h = 16, .stride = 8},
    .data_size = sizeof(emoji_1f985_pixels), .data = emoji_1f985_pixels,
};
static const uint8_t emoji_1f986_pixels[] = {
    0x01,0x00,0x00,0x00,0x59,0x65,0x91,0xf8,0x77,0x92,0xb7,0xfc,0x0b,0x5c,0xfd,0x56,0x48,0xa5,0x10,0xf3,0x6c,0x6c,0x70,0x0f,
    0x00,0x0c,0xff,0x01,0x15,0x5f,0xe9,0x04,0x6c,0x97,0xb2,0x27,0x12,0x64,0xfd,0xd2,0x47,0x57,0x91,0xa0,0x60,0x6c,0x68,0xfd,
    0xa3,0xae,0xc7,0xfc,0x11,0xee,0xee,0x02,0x64,0x64,0x68,0x6f,0x4a,0xa0,0x01,0x21,0x0d,0xd0,0xf0,0x0f,0x00,0x00,0x00,0x00,
    0x00,0x00,0x44,0x44,0xf0,0x00,0x00,0x00,0x00,0x00,0x00,0x44,0x00,0x00,0x00,0x00,0x60,0x00,0x04,0x40,0x08,0x0d,0x05,0x00,
    0x00,0x00,0x00,0x00,0x00,0x00,0x00,0x00,0x07,0x00,0x00,0xb0,0x88,0x80,0xe0,0x05,0x06,0x05,0x1c,0xcc,0x22,0x22,0x1b,0x00,
    0x00,0x00,0x10,0x12,0x22,0x21,0x00,0x00,0x00,0x00,0x11,0x12,0x22,0x21,0x10,0x00,0x00,0x00,0x11,0x11,0x22,0x11,0x1e,0x00,
    0x00,0x50,0xa1,0x11,0x11,0x1b,0x00,0x50,0x00,0x00,0x05,0xa1,0x1a,0xe5,0x00,0x00,0x00,0x06,0x73,0x03,0x33,0x00,0x50,0x00,
    0x00,0x06,0x60,0x93,0x93,0x07,0x00,0x00,0x00,0x00,0x00,0x03,0x93,0x07,0x00,0x00,0x00,0x00,0x00,0x00,0x00,0x00,0x00,0x00,
};
static const lv_image_dsc_t emoji_1f986 = {
    .header = {.magic = LV_IMAGE_HEADER_MAGIC, .cf = LV_COLOR_FORMAT_I4, .w = 16, .h = 16, .stride = 8},
    .data_size = sizeof(emoji_1f986_pixels), .data = emoji_1f986_pixels,
};
static const uint8_t emoji_1f987_pixels[] = {
    0x00,0x00,0x00,0x00,0x47,0x51,0x75,0xf6,0x55,0x60,0x89,0xf8,0x29,0x30,0x63,0x1e,0x39,0x44,0x64,0xf0,0x69,0x6c,0x72,0x07,
    0x25,0x67,0x79,0x08,0x4c,0x54,0x7a,0xa8,0x71,0x89,0xb3,0xfb,0x4a,0x53,0x78,0x56,0x59,0x66,0x8f,0x70,0x00,0x00,0xff,0x01,
    0x33,0x3f,0x5b,0x9a,0x55,0x5b,0x98,0x1d,0x32,0x3d,0x58,0x66,0x8e,0xab,0xd8,0xf3,0x00,0x00,0x00,0x00,0x00,0x00,0x00,0x00,
    0x00,0x00,0x00,0xb5,0x05,0x05,0xb0,0x00,0x00,0x0d,0x00,0x00,0x00,0x00,0x00,0x00,0x00,0x50,0x99,0x0d,0x03,0x05,0x5b,0x60,
    0x00,0x5a,0x23,0x00,0x0f,0x07,0xa0,0x00,0x56,0x72,0x29,0xf8,0x20,0x07,0x20,0x65,0x09,0x21,0x27,0xa1,0x10,0xa2,0x22,0x70,
    0x61,0x11,0x12,0x12,0x27,0x12,0x11,0x16,0x34,0x41,0x11,0x28,0x82,0x11,0x14,0x40,0xe4,0x04,0x44,0x18,0x81,0x44,0x44,0x4e,
    0x30,0x33,0x3c,0xc2,0x20,0xc0,0x33,0x33,0x00,0x00,0x00,0x04,0x4d,0x00,0x00,0x00,0x00,0x50,0x03,0x03,0xe0,0x30,0x63,0x03,
    0x00,0x00,0x00,0x00,0x0b,0x00,0x00,0x00,0x00,0x00,0x00,0x03,0x50,0x00,0x00,0x00,0x00,0x00,0x00,0x00,0x00,0x00,0x00,0x00,
};
static const lv_image_dsc_t emoji_1f987 = {
    .header = {.magic = LV_IMAGE_HEADER_MAGIC, .cf = LV_COLOR_FORMAT_I4, .w = 16, .h = 16, .stride = 8},
    .data_size = sizeof(emoji_1f987_pixels), .data = emoji_1f987_pixels,
};
static const uint8_t emoji_1f988_pixels[] = {
    0xa4,0xa4,0xa3,0xf1,0xde,0xde,0xde,0xfa,0xa5,0xa5,0xa5,0x10,0x7c,0x7c,0x7c,0x02,0x9a,0x9a,0x9a,0x5b,0x9d,0x9d,0x9d,0x9c,
    0xff,0xff,0xff,0x01,0xdc,0xdc,0xdc,0xa5,0xad,0xb0,0xed,0xfc,0xe6,0xe6,0xe5,0x72,0x38,0x55,0xe2,0x09,0x7f,0x7f,0x81,0xff,
    0x75,0x79,0xfb,0xc7,0x79,0x79,0x71,0xfb,0x00,0x00,0x00,0x00,0x99,0x99,0x98,0xf2,0xee,0xe3,0x23,0xee,0xee,0x24,0x2e,0x6e,
    0xee,0x2e,0xee,0x22,0x24,0x0f,0x22,0x3e,0xe3,0xe2,0x50,0x0f,0xff,0x00,0x2e,0x3e,0xee,0x4f,0xb0,0x0f,0x00,0xff,0xf4,0xe3,
    0x25,0x00,0xd8,0x10,0x00,0xf0,0x00,0x4e,0x2f,0x11,0x88,0x11,0x11,0x0f,0x11,0x5e,0xe2,0x9c,0x81,0x11,0x11,0x10,0x11,0x0e,
    0xee,0xea,0x97,0x71,0x17,0x71,0x11,0x0e,0xe6,0x2e,0xee,0xee,0x52,0xe1,0x11,0x4e,0xee,0x32,0x45,0x54,0x44,0x51,0x15,0x33,
    0x66,0x25,0xff,0x00,0x00,0x05,0x4e,0xee,0xee,0xee,0xe3,0x40,0x5e,0xee,0xe6,0xee,0xee,0xe3,0x3e,0x20,0x4e,0x22,0x2e,0xee,
    0xee,0xee,0x3e,0x25,0x23,0xee,0xee,0xee,0xee,0xee,0xee,0x22,0xe6,0xee,0xee,0xee,0xee,0xee,0xee,0xee,0xee,0xee,0xee,0xee,
};
static const lv_image_dsc_t emoji_1f988 = {
    .header = {.magic = LV_IMAGE_HEADER_MAGIC, .cf = LV_COLOR_FORMAT_I4, .w = 16, .h = 16, .stride = 8},
    .data_size = sizeof(emoji_1f988_pixels), .data = emoji_1f988_pixels,
};
static const uint8_t emoji_1f989_pixels[] = {
    0x00,0x00,0x00,0x00,0x62,0x97,0xdd,0xfe,0x8e,0xb1,0xe6,0xfe,0x57,0x5e,0x6e,0x15,0x60,0x6d,0x90,0xfa,0x48,0x51,0x6e,0xf6,
    0x43,0x4c,0x69,0x5f,0x9a,0xc9,0xf6,0xfe,0x16,0x16,0x70,0x06,0x49,0x6a,0x98,0x65,0x8c,0x91,0xa6,0xfb,0x55,0x55,0xaa,0x03,
    0x22,0x61,0x6e,0x12,0x42,0x4b,0x69,0xa0,0x91,0x90,0x8a,0x67,0x3f,0x7f,0xbf,0x04,0x00,0x00,0x30,0x00,0x00,0x00,0x00,0x00,
    0x00,0x06,0x56,0x36,0x66,0x0d,0x6c,0x80,0x0b,0x0d,0x54,0x55,0x55,0x44,0x58,0x00,0x03,0x00,0x11,0x15,0x51,0x11,0x60,0xb0,
    0x00,0x09,0x1a,0x51,0x15,0xa1,0x90,0xf0,0x0f,0x09,0x1a,0xa0,0x10,0xa1,0x90,0xf0,0x0b,0x03,0x11,0x15,0x01,0x11,0x30,0xb0,
    0x08,0x3d,0x47,0x71,0x17,0x24,0x60,0xc0,0x00,0x35,0x07,0x27,0x72,0x74,0x53,0x00,0x08,0x35,0x12,0x22,0x22,0x20,0xd0,0x30,
    0x03,0x0c,0x42,0x22,0x22,0x24,0x80,0x80,0x00,0xb0,0x02,0x22,0x22,0x29,0x00,0x00,0x00,0xc0,0x84,0x11,0x11,0x4c,0x03,0x00,
    0x00,0x30,0x04,0x44,0x44,0x40,0x03,0x00,0x00,0x00,0x30,0xe0,0x0e,0xe3,0x00,0x00,0x00,0x00,0x00,0x00,0x00,0x00,0x00,0x00,
};
static const lv_image_dsc_t emoji_1f989 = {
    .header = {.magic = LV_IMAGE_HEADER_MAGIC, .cf = LV_COLOR_FORMAT_I4, .w = 16, .h = 16, .stride = 8},
    .data_size = sizeof(emoji_1f989_pixels), .data = emoji_1f989_pixels,
};
static const uint8_t emoji_1f98a_pixels[] = {
    0x00,0x00,0x00,0x00,0x11,0x61,0xf8,0xfa,0xf7,0xf7,0xf7,0x0d,0xeb,0xec,0xeb,0xf6,0x06,0x6b,0xff,0x0d,0x17,0x93,0xf4,0xfd,
    0x04,0x09,0xfa,0x02,0x5c,0x8f,0xf3,0xfa,0x2c,0x62,0xae,0xf2,0x13,0x57,0xf3,0x60,0xe4,0xe4,0xe5,0xaf,0x58,0x5d,0x5d,0xa9,
    0xb4,0xcc,0xe9,0xfe,0x60,0x5e,0x6c,0x12,0x86,0x95,0xa2,0xe6,0xaa,0xaa,0xaa,0x03,0x00,0x00,0x00,0x40,0x00,0x00,0x00,0x00,
    0x0d,0x00,0x00,0x00,0x00,0x0b,0xb0,0xd0,0x00,0x0b,0x58,0x90,0x00,0x05,0x80,0x00,0x00,0x08,0x55,0x14,0x49,0x15,0x1d,0x00,
    0x00,0x01,0x51,0x11,0x11,0x15,0x14,0x04,0x04,0x60,0x11,0x11,0x11,0x11,0x16,0x06,0x04,0x00,0x11,0x11,0x11,0x11,0x14,0x66,
    0x42,0x41,0x11,0x11,0x11,0x11,0x19,0x24,0x40,0x91,0x18,0x01,0x10,0x01,0x11,0x04,0x60,0x77,0x71,0x11,0x11,0x17,0x77,0x00,
    0x23,0x33,0x33,0x11,0x11,0xc3,0x33,0x32,0x20,0xa3,0x33,0xc1,0x80,0x33,0x3a,0x22,0x00,0x02,0xa3,0x30,0x0c,0x3a,0x00,0x00,
    0x0f,0x20,0x02,0x0e,0xe0,0x20,0x02,0x20,0x00,0x02,0x20,0x02,0x20,0x02,0xf0,0x00,0x00,0x00,0x00,0x00,0x00,0x00,0x00,0x00,
};
static const lv_image_dsc_t emoji_1f98a = {
    .header = {.magic = LV_IMAGE_HEADER_MAGIC, .cf = LV_COLOR_FORMAT_I4, .w = 16, .h = 16, .stride = 8},
    .data_size = sizeof(emoji_1f98a_pixels), .data = emoji_1f98a_pixels,
};
static const uint8_t emoji_1f98b_pixels[] = {
    0x05,0x04,0x04,0x02,0xfc,0xcc,0x29,0xfc,0x69,0x68,0x67,0x10,0xe1,0xab,0x1d,0xfe,0x5e,0x5e,0x5d,0xee,0xb5,0x91,0x30,0xfb,
    0x5e,0x5d,0x5a,0x5c,0x18,0x1e,0x4e,0x24,0x62,0x55,0x34,0xf3,0xce,0xaf,0x44,0xfe,0x9c,0x8a,0x5a,0xfe,0x6b,0x68,0x61,0x99,
    0xfb,0xd0,0x41,0xfe,0x8e,0x75,0x2f,0xeb,0xff,0xff,0xff,0x01,0x78,0x73,0x3b,0x09,0x00,0x00,0x00,0xe0,0x00,0x20,0x2f,0x00,
    0x00,0x00,0x22,0x0e,0x06,0x20,0x00,0x00,0x00,0x00,0x26,0x20,0x62,0x00,0x70,0x02,0x00,0x00,0x00,0x62,0x20,0x7b,0x33,0x40,
    0x00,0x76,0x77,0x0b,0xb0,0xdc,0x15,0x40,0x04,0x33,0x95,0x04,0x48,0x31,0x1a,0x00,0x04,0xa1,0x11,0x38,0x05,0x1c,0x1a,0x20,
    0x00,0x45,0x1c,0x15,0x05,0xc1,0x34,0x2e,0x20,0x04,0x31,0x19,0x85,0x95,0xd0,0x02,0x00,0x06,0x4d,0x91,0x88,0x11,0x30,0x0f,
    0x00,0x00,0x05,0x11,0x84,0x11,0x9b,0x02,0x00,0x22,0x00,0x33,0x80,0x03,0xa0,0x02,0x00,0x00,0x0b,0xa8,0x7f,0x76,0x60,0x00,
    0x00,0x00,0x00,0x67,0x00,0x00,0x00,0x00,0x00,0x00,0x00,0x00,0x00,0x00,0x20,0x00,0x00,0x00,0x00,0x00,0x00,0x00,0x00,0x00,
};
static const lv_image_dsc_t emoji_1f98b = {
    .header = {.magic = LV_IMAGE_HEADER_MAGIC, .cf = LV_COLOR_FORMAT_I4, .w = 16, .h = 16, .stride = 8},
    .data_size = sizeof(emoji_1f98b_pixels), .data = emoji_1f98b_pixels,
};
static const uint8_t emoji_1f98c_pixels[] = {
    0x00,0x00,0x00,0x00,0x56,0x78,0xd2,0xf4,0x61,0x76,0xdd,0x19,0x61,0x96,0xe5,0x15,0x55,0x77,0xd2,0x68,0x55,0x78,0xd1,0xae,
    0x67,0x89,0xd9,0xed,0x59,0x59,0xa6,0x05,0x76,0x8e,0xb8,0x64,0x3f,0x7f,0xbf,0x04,0x68,0x9e,0xb3,0x0e,0x4f,0x54,0x7c,0x4b,
    0x76,0x97,0xd6,0x66,0x89,0xad,0xe4,0xdc,0x74,0x94,0xd5,0x9d,0xff,0xff,0xff,0x02,0x00,0x3c,0xa0,0x03,0x30,0x00,0x00,0x00,
    0x00,0x30,0x87,0xa0,0x80,0xa0,0x00,0x00,0x07,0x0e,0x00,0x86,0xc2,0x00,0x00,0x00,0x0a,0x0c,0xd4,0x60,0xd7,0x00,0x00,0x00,
    0x00,0x00,0x60,0x6d,0x20,0x2f,0x00,0x00,0x00,0x00,0x01,0x10,0x00,0x00,0x00,0x00,0x00,0x20,0x86,0x53,0x45,0x23,0x00,0x00,
    0x00,0x90,0x41,0x11,0x66,0x1e,0xf0,0x00,0x00,0x70,0x21,0x11,0x11,0x13,0x07,0x00,0x00,0x02,0x25,0x11,0x15,0x12,0x02,0x00,
    0x00,0x09,0x04,0x14,0x0b,0x54,0x03,0x00,0x00,0x09,0x04,0x13,0xb0,0x35,0x09,0x00,0x00,0x03,0x04,0x13,0x00,0x35,0x03,0x00,
    0x00,0x00,0x25,0x10,0x0b,0x25,0x03,0x00,0x00,0x00,0x22,0x43,0x70,0x24,0x02,0x00,0x00,0x00,0x00,0x00,0x00,0x00,0x00,0x00,
};
static const lv_image_dsc_t emoji_1f98c = {
    .header = {.magic = LV_IMAGE_HEADER_MAGIC, .cf = LV_COLOR_FORMAT_I4, .w = 16, .h = 16, .stride = 8},
    .data_size = sizeof(emoji_1f98c_pixels), .data = emoji_1f98c_pixels,
};
static const uint8_t emoji_1f98d_pixels[] = {
    0x00,0x00,0x00,0x00,0x61,0x5e,0x5a,0xf4,0x6b,0x68,0x66,0x12,0x98,0x97,0x96,0xf2,0x5c,0x5a,0x55,0x62,0x62,0x5e,0x5a,0x9f,
    0xa6,0xa6,0xa6,0x07,0x3a,0x39,0x38,0xfa,0xff,0xff,0xff,0x01,0x9c,0x9b,0x9b,0x6d,0x43,0x41,0x3e,0xeb,0x6d,0x6d,0x3f,0x0a,
    0x80,0x7e,0x7b,0xc6,0x3d,0x3d,0x3b,0x85,0x8d,0x8d,0x71,0x09,0x89,0x87,0x84,0x8d,0x00,0x20,0x4f,0x20,0x20,0x00,0x00,0x00,
    0x00,0x02,0x11,0x14,0x8b,0x00,0x00,0x00,0x00,0x21,0x11,0x15,0x00,0x00,0x00,0x00,0x00,0x61,0x33,0x11,0x12,0x22,0x00,0x00,
    0x20,0x43,0x31,0x11,0x11,0x02,0x60,0x00,0x00,0xa1,0x31,0x11,0x11,0x90,0x00,0x00,0x00,0x17,0x11,0x11,0x11,0x33,0x96,0x80,
    0x20,0x57,0x11,0x11,0x11,0x33,0x39,0x06,0xb0,0x51,0x71,0x11,0x11,0x13,0x33,0x02,0x0e,0x1a,0x04,0x11,0x11,0x11,0x33,0x00,
    0x06,0x1a,0x14,0x11,0x11,0x11,0x3c,0x08,0x00,0x11,0x1b,0x51,0x17,0xd1,0x11,0x20,0x20,0x51,0x40,0x41,0x11,0x22,0x11,0x40,
    0x20,0x41,0x50,0x51,0x11,0x42,0x11,0x40,0x00,0x24,0x40,0x45,0x42,0x02,0x54,0x20,0x00,0x00,0x00,0x00,0x00,0x00,0x00,0x00,
};
static const lv_image_dsc_t emoji_1f98d = {
    .header = {.magic = LV_IMAGE_HEADER_MAGIC, .cf = LV_COLOR_FORMAT_I4, .w = 16, .h = 16, .stride = 8},
    .data_size = sizeof(emoji_1f98d_pixels), .data = emoji_1f98d_pixels,
};
static const uint8_t emoji_1f98e_pixels[] = {
    0x00,0x00,0x00,0x00,0x4b,0xab,0x00,0x17,0x48,0xae,0x0f,0xe8,0x0a,0xf4,0x03,0x01,0x48,0xaf,0x0a,0x9c,0x35,0x98,0x01,0xe3,
    0x49,0xae,0x02,0x67,0x12,0x7d,0x01,0x11,0x50,0xc7,0x94,0xfd,0x2e,0x92,0x01,0x95,0x4f,0xc2,0x5a,0xfe,0x7f,0xff,0x00,0x04,
    0x4c,0xb6,0x68,0xf2,0x33,0xa2,0x03,0x0d,0x7f,0x7f,0x00,0x02,0x51,0xc6,0x18,0xff,0x00,0x00,0x61,0x0b,0xd0,0x00,0x00,0x00,
    0x01,0x06,0xf4,0x10,0x00,0x00,0x00,0x00,0x00,0x00,0x50,0x01,0x61,0x07,0xb0,0x00,0x30,0xb5,0x22,0x64,0x21,0x30,0x00,0x00,
    0x01,0x04,0x2a,0x67,0x90,0x71,0x10,0x00,0x03,0x07,0x48,0xc5,0x90,0x14,0x21,0x0e,0x00,0x14,0x62,0x8c,0x24,0x05,0x61,0x10,
    0x30,0x12,0x55,0xa0,0x0a,0x5d,0x00,0x00,0x00,0x01,0x97,0x62,0x80,0xc1,0x07,0x00,0x00,0x00,0x00,0x05,0x58,0x86,0x33,0x00,
    0x00,0x03,0x7d,0x45,0x94,0x84,0x00,0x30,0x00,0x00,0x73,0x42,0x11,0xf4,0x11,0x00,0x00,0x00,0x30,0x31,0x30,0x22,0x12,0x10,
    0x00,0x00,0x00,0x00,0xe3,0x12,0x42,0x10,0x00,0x00,0x00,0x01,0x03,0x01,0x46,0x03,0x00,0x00,0x00,0x00,0x00,0x00,0x00,0x00,
};
static const lv_image_dsc_t emoji_1f98e = {
    .header = {.magic = LV_IMAGE_HEADER_MAGIC, .cf = LV_COLOR_FORMAT_I4, .w = 16, .h = 16, .stride = 8},
    .data_size = sizeof(emoji_1f98e_pixels), .data = emoji_1f98e_pixels,
};
static const uint8_t emoji_1f98f_pixels[] = {
    0x00,0x00,0x00,0x00,0xab,0x9f,0x69,0xf5,0xae,0xa2,0x6a,0x17,0xab,0xa0,0x6a,0x5d,0xf8,0xf8,0xf0,0x09,0xa5,0x9a,0x65,0xaa,
    0x7f,0x7f,0x7f,0x02,0x76,0x6d,0x3b,0xd8,0x75,0x6d,0x3a,0x9b,0xc2,0xb5,0x78,0xfe,0xb8,0x71,0x71,0x03,0x79,0x71,0x4b,0xf3,
    0x63,0x63,0x00,0x04,0xff,0xff,0x00,0x01,0x81,0x77,0x45,0xea,0xcf,0xc8,0x9b,0xf0,0x00,0x00,0x00,0x00,0x00,0x00,0x00,0x00,
    0x00,0x00,0x46,0xd6,0x64,0x02,0xa0,0x00,0x00,0x00,0x00,0x00,0x00,0x40,0x00,0x40,0x00,0xa0,0x33,0x23,0x22,0x03,0x30,0x0d,
    0x00,0x00,0x21,0x51,0x11,0x11,0x11,0x26,0x23,0x24,0x31,0x11,0x11,0x11,0x19,0x50,0x21,0x35,0x11,0x11,0x11,0x11,0x11,0x12,
    0x21,0x51,0x11,0x11,0x11,0x11,0x11,0x12,0x00,0x11,0x1b,0x11,0x11,0x11,0x11,0x12,0x03,0x11,0x19,0x11,0x11,0x11,0x11,0x12,
    0x02,0x11,0x15,0xee,0x51,0x11,0xb1,0x10,0x00,0x20,0xc0,0x87,0x19,0x57,0x11,0x10,0x00,0x00,0x02,0x71,0x11,0x38,0x1f,0x02,
    0x00,0x62,0xc4,0x85,0xf0,0x20,0x44,0x00,0x00,0x00,0x00,0x00,0x44,0x0a,0x00,0x00,0x00,0x00,0x00,0x00,0x00,0x00,0x00,0x00,
};
static const lv_image_dsc_t emoji_1f98f = {
    .header = {.magic = LV_IMAGE_HEADER_MAGIC, .cf = LV_COLOR_FORMAT_I4, .w = 16, .h = 16, .stride = 8},
    .data_size = sizeof(emoji_1f98f_pixels), .data = emoji_1f98f_pixels,
};
static const uint8_t emoji_1f990_pixels[] = {
    0x12,0x60,0xfd,0x1a,0x13,0x6c,0xfa,0xea,0x16,0x63,0xfd,0x98,0x09,0x84,0xfd,0xed,0x01,0x9a,0xff,0x1a,0x00,0xff,0xff,0x01,
    0x18,0x5d,0xff,0x52,0x05,0x8d,0xff,0x84,0x26,0x40,0x80,0xd3,0x00,0x3f,0xbf,0x04,0x00,0x00,0x00,0x00,0x16,0x66,0xfe,0xfa,
    0x16,0x62,0xfd,0x6d,0x01,0x7e,0xff,0x03,0x00,0x00,0xff,0x01,0x16,0x62,0xfe,0x53,0xaa,0xaa,0xad,0x0d,0xea,0xaa,0xaa,0xaa,
    0xad,0xa5,0xaa,0xaa,0xaa,0xad,0x0d,0xaa,0xaa,0xea,0x00,0xfc,0xcc,0xff,0xf0,0xea,0xd0,0xa0,0xcc,0xcc,0xff,0xff,0xf0,0xae,
    0x02,0x2c,0xc0,0x0a,0xaa,0xaa,0xa5,0xaa,0x0f,0xbb,0x81,0x12,0x0a,0x00,0x0a,0xda,0xed,0xcb,0x1b,0xbb,0xb2,0x1b,0x12,0xa0,
    0xad,0xa4,0x33,0x33,0xbb,0x1b,0xb1,0xca,0xee,0xf2,0x11,0x33,0xbb,0xb1,0x11,0xb4,0xa9,0x0c,0x11,0x1b,0xb2,0x33,0x71,0x1d,
    0xea,0x0c,0xcc,0x2f,0x0a,0x4a,0xa2,0x1e,0xea,0x00,0x20,0x2a,0xad,0xa0,0x1b,0x2a,0xaa,0xa0,0x00,0xc0,0x00,0xdc,0xbb,0x6a,
    0xaa,0xea,0xad,0x0a,0xae,0xa0,0x20,0xa5,0xaa,0xaa,0xda,0xaa,0xaa,0xaa,0xaa,0xda,0xaa,0xaa,0xaa,0xaa,0xaa,0xaa,0xaa,0xaa,
};
static const lv_image_dsc_t emoji_1f990 = {
    .header = {.magic = LV_IMAGE_HEADER_MAGIC, .cf = LV_COLOR_FORMAT_I4, .w = 16, .h = 16, .stride = 8},
    .data_size = sizeof(emoji_1f990_pixels), .data = emoji_1f990_pixels,
};
static const uint8_t emoji_1f991_pixels[] = {
    0x00,0x00,0x00,0x00,0xb2,0x84,0xf4,0xf8,0xad,0x7b,0xe9,0x18,0xb0,0x79,0xde,0xe8,0xab,0x7b,0xe6,0x61,0xad,0x79,0xe0,0x9d,
    0xad,0x81,0xf4,0xa0,0xaf,0x60,0xab,0x11,0xac,0x90,0xf9,0x1b,0xac,0x82,0xf4,0x57,0xff,0xff,0xff,0x01,0xff,0x7f,0xff,0x02,
    0x7f,0x7f,0xff,0x02,0x95,0x5e,0x9b,0xe9,0xb0,0x68,0xaf,0xa8,0xa5,0x66,0xae,0x5c,0x00,0x00,0x00,0x82,0x00,0x00,0x00,0x00,
    0x00,0x00,0xa0,0x34,0x29,0x94,0x22,0x00,0x00,0x0b,0x77,0x36,0x21,0x13,0x16,0x02,0x00,0x07,0x02,0x19,0x23,0x11,0x15,0x0b,
    0x0c,0x20,0x41,0x92,0x11,0x11,0x33,0x80,0x00,0x0f,0x39,0x21,0x13,0x11,0x13,0x80,0x02,0x4e,0x40,0x61,0x11,0x13,0x55,0x2a,
    0x04,0x63,0xe0,0xd1,0x11,0x12,0x00,0x00,0xa2,0x45,0x30,0xd3,0x11,0x48,0x13,0x5c,0x04,0x52,0x11,0x30,0xf2,0x23,0x3e,0xf8,
    0xa2,0x56,0x31,0x3d,0x00,0x3f,0x00,0x00,0x00,0x08,0x45,0x65,0xd3,0xe0,0x2b,0x70,0x0a,0x20,0x44,0x26,0x57,0x0c,0x00,0x00,
    0x00,0x0c,0x25,0x62,0x60,0xb0,0x00,0x00,0x00,0x00,0x00,0x22,0x27,0x00,0x00,0x00,0x00,0x00,0x00,0x00,0x00,0x00,0x00,0x00,
};
static const lv_image_dsc_t emoji_1f991 = {
    .header = {.magic = LV_IMAGE_HEADER_MAGIC, .cf = LV_COLOR_FORMAT_I4, .w = 16, .h = 16, .stride = 8},
    .data_size = sizeof(emoji_1f991_pixels), .data = emoji_1f991_pixels,
};
static const uint8_t emoji_1f992_pixels[] = {
    0x00,0x00,0x00,0x00,0x2d,0x9b,0xf0,0xef,0x00,0xf7,0xff,0x05,0x17,0xa4,0xf7,0x18,0x10,0x7e,0xfe,0x05,0x0f,0xaa,0xf9,0x54,
    0x12,0x9e,0xf9,0xa9,0x65,0x72,0xda,0x14,0x1d,0x7b,0xf8,0x9b,0x00,0x00,0xff,0x01,0x48,0x8f,0xe4,0xff,0x52,0x77,0xd5,0x69,
    0x56,0x5b,0xad,0x07,0x49,0x85,0xd9,0x28,0x50,0x70,0xcb,0xaf,0x8d,0x71,0xe2,0x09,0x00,0xc2,0x00,0x00,0x20,0x00,0x00,0x00,
    0x09,0x00,0x01,0x53,0x22,0x00,0x00,0x00,0x97,0xce,0xa1,0x1d,0x0c,0x00,0x00,0x00,0x70,0x7e,0x61,0xb0,0x30,0x00,0x00,0x00,
    0x00,0x00,0x21,0x17,0x03,0x40,0x00,0x00,0x00,0x07,0x06,0x11,0x70,0x02,0x00,0x00,0x00,0x04,0x92,0x11,0x15,0x30,0x20,0x00,
    0x00,0x09,0x0f,0x11,0x1a,0x15,0x04,0x00,0x00,0x02,0x03,0x1a,0x11,0xa1,0x20,0x20,0x00,0x00,0x40,0x61,0x16,0x16,0x5d,0x49,
    0x00,0x00,0x40,0x61,0x32,0x15,0xbb,0x04,0x00,0x00,0x40,0x81,0x53,0x16,0x77,0x02,0x00,0x00,0x40,0x86,0x53,0x68,0x30,0x00,
    0x00,0x00,0x03,0x86,0x55,0x68,0x30,0x00,0x00,0x00,0x04,0x45,0x35,0x34,0x20,0x00,0x00,0x00,0x00,0x00,0x00,0x00,0x00,0x00,
};
static const lv_image_dsc_t emoji_1f992 = {
    .header = {.magic = LV_IMAGE_HEADER_MAGIC, .cf = LV_COLOR_FORMAT_I4, .w = 16, .h = 16, .stride = 8},
    .data_size = sizeof(emoji_1f992_pixels), .data = emoji_1f992_pixels,
};
static const uint8_t emoji_1f993_pixels[] = {
    0x03,0x03,0x03,0x01,0x6a,0x6a,0x69,0xf1,0x8f,0x8f,0x8e,0xf1,0x6b,0x6b,0x68,0x0a,0x59,0x58,0x54,0xa5,0xff,0xff,0xff,0x01,
    0x9a,0x98,0x97,0x5b,0x57,0x57,0x56,0x5c,0x37,0x37,0x34,0xa5,0x32,0x31,0x2c,0x56,0x83,0x81,0x7e,0xeb,0x44,0x43,0x3e,0x95,
    0x80,0x7e,0x7e,0xf1,0x9b,0x9b,0x9a,0xa3,0x8e,0x8e,0x8e,0x16,0x48,0x46,0x36,0x24,0x00,0x06,0x60,0x05,0x00,0x00,0x00,0x00,
    0x03,0x01,0x22,0xd0,0x50,0x00,0x00,0x00,0x30,0xe1,0x21,0x26,0x03,0x35,0x30,0x00,0x33,0x4c,0x21,0x12,0x50,0x00,0x00,0x00,
    0x00,0x11,0x11,0x11,0x07,0xb2,0x80,0x00,0x08,0x09,0x81,0x21,0x11,0x21,0x21,0x30,0x00,0x00,0x01,0x11,0x21,0x21,0x11,0x60,
    0x00,0x00,0x04,0x21,0x22,0x21,0x12,0x00,0x00,0x00,0x07,0x12,0x21,0x11,0x12,0x40,0x00,0x00,0x00,0x12,0x24,0x71,0x1c,0x40,
    0x00,0x00,0x00,0x12,0x2f,0x01,0x12,0x70,0x00,0x00,0x00,0x12,0x23,0xea,0xd2,0x50,0x00,0x00,0x03,0x12,0x20,0x34,0x1a,0x05,
    0x00,0x03,0x03,0x11,0x10,0x30,0x99,0x00,0x00,0x00,0x00,0x0b,0xf0,0x33,0x00,0x00,0x00,0x00,0x00,0x00,0x00,0x00,0x00,0x00,
};
static const lv_image_dsc_t emoji_1f993 = {
    .header = {.magic = LV_IMAGE_HEADER_MAGIC, .cf = LV_COLOR_FORMAT_I4, .w = 16, .h = 16, .stride = 8},
    .data_size = sizeof(emoji_1f993_pixels), .data = emoji_1f993_pixels,
};
static const uint8_t emoji_1f994_pixels[] = {
    0x00,0x00,0x00,0x00,0x58,0x65,0x92,0xfb,0xb0,0xd1,0xfc,0xf8,0x97,0xad,0xdf,0xf8,0x4b,0x55,0x7a,0xea,0x47,0x53,0x7b,0xa7,
    0x59,0x59,0xa5,0x03,0x50,0x55,0x65,0x11,0x48,0x54,0x7d,0x4f,0xea,0xfc,0xff,0x0a,0xc5,0xe4,0xff,0xf3,0x1a,0x1a,0x6c,0x04,
    0x4d,0x5b,0x85,0xa0,0xa0,0xa4,0xf8,0x1d,0x26,0x5d,0x75,0x13,0x9d,0xa0,0xf5,0x7b,0x00,0x00,0x00,0x00,0x00,0x00,0x00,0x00,
    0x00,0x00,0x00,0x00,0x66,0x60,0x00,0x00,0x00,0x0e,0x00,0x00,0x00,0x09,0x60,0x00,0x00,0x00,0x00,0x00,0x08,0x80,0x06,0x00,
    0x00,0xbe,0x01,0x55,0x11,0x1c,0xc0,0x00,0x06,0x04,0x11,0x11,0x11,0x41,0x10,0xb0,0x07,0x44,0x41,0x11,0x11,0x11,0x11,0x70,
    0x00,0xc3,0x01,0x31,0x11,0x11,0x41,0x5b,0x70,0xa2,0x13,0x31,0x11,0x11,0x11,0x50,0x04,0x22,0x02,0x10,0x11,0x11,0x11,0x50,
    0x00,0x32,0xa2,0x31,0x11,0x11,0x11,0x80,0x90,0x90,0x22,0x2a,0x23,0x11,0x15,0xe7,0x00,0x0f,0x32,0x20,0x22,0xa1,0x58,0x07,
    0x00,0x0d,0xd0,0x00,0x0f,0x09,0x00,0x00,0x00,0x00,0x00,0x0d,0x00,0x00,0x0b,0x00,0x00,0x00,0x00,0x00,0x00,0x00,0x00,0x00,
};
static const lv_image_dsc_t emoji_1f994 = {
    .header = {.magic = LV_IMAGE_HEADER_MAGIC, .cf = LV_COLOR_FORMAT_I4, .w = 16, .h = 16, .stride = 8},
    .data_size = sizeof(emoji_1f994_pixels), .data = emoji_1f994_pixels,
};
static const uint8_t emoji_1f995_pixels[] = {
    0x00,0x00,0x00,0x00,0x4a,0xaf,0x0c,0xf3,0x4a,0xab,0x06,0x19,0x48,0xac,0x04,0x5e,0x06,0x7c,0x03,0x09,0x00,0xff,0x00,0x01,
    0x49,0xd0,0xa6,0xf9,0x62,0xeb,0xec,0x1f,0x47,0xce,0xa7,0x59,0x2d,0xb0,0x07,0x09,0x0f,0xf7,0xff,0x04,0x55,0xaa,0xaa,0x03,
    0x29,0x90,0x07,0xf2,0x53,0xc4,0x20,0xff,0x47,0xbc,0x55,0xed,0x4b,0xc5,0x51,0xfd,0x05,0x03,0x30,0x40,0x00,0x00,0x00,0x00,
    0x4a,0x31,0x12,0x05,0x00,0x00,0x00,0x00,0x03,0xde,0x60,0x00,0x00,0x00,0x00,0x00,0x01,0x60,0x80,0x05,0x00,0x00,0x00,0x00,
    0x0e,0x60,0x00,0x00,0x00,0x00,0x00,0x00,0x00,0x62,0x79,0x22,0x40,0x00,0x45,0x00,0x08,0x61,0x20,0x00,0x05,0x00,0x00,0x20,
    0xa0,0x0f,0x13,0x32,0x20,0x09,0x22,0x00,0xb0,0x76,0x11,0x11,0x11,0x22,0x01,0x30,0x0b,0x00,0xf1,0x11,0x1d,0x12,0x03,0x12,
    0x04,0x04,0x01,0x11,0x11,0x11,0x30,0x10,0x04,0x04,0xc1,0x11,0x11,0x11,0xde,0x80,0x09,0x00,0xc1,0x00,0x01,0x18,0x7a,0x05,
    0x50,0x4c,0x11,0x30,0x01,0x12,0x00,0x00,0x00,0x59,0x33,0x27,0x03,0x32,0xb0,0x00,0x00,0x00,0x00,0x00,0x00,0x00,0x00,0x00,
};
static const lv_image_dsc_t emoji_1f995 = {
    .header = {.magic = LV_IMAGE_HEADER_MAGIC, .cf = LV_COLOR_FORMAT_I4, .w = 16, .h = 16, .stride = 8},
    .data_size = sizeof(emoji_1f995_pixels), .data = emoji_1f995_pixels,
};
static const uint8_t emoji_1f996_pixels[] = {
    0x00,0x00,0x00,0x00,0x20,0xa5,0x94,0xf5,0x18,0xa8,0x9b,0x13,0x08,0x72,0x6c,0x0f,0x19,0x87,0x77,0xeb,0x1d,0xa2,0x8f,0xa3,
    0x18,0x70,0x64,0xed,0x13,0x61,0x55,0x5d,0x00,0xff,0xff,0x01,0x24,0xa4,0x74,0x0d,0x21,0xa0,0x90,0x70,0x00,0x7f,0x1f,0x03,
    0x15,0x6c,0x60,0xa2,0x1e,0x87,0x79,0xb6,0x5a,0xb7,0xd3,0xe1,0x86,0xd0,0xc2,0x4c,0x03,0x29,0x33,0x00,0x00,0x00,0x00,0x00,
    0x00,0x00,0x00,0x80,0x00,0x03,0x33,0x00,0x25,0x5a,0xd2,0x03,0x30,0x00,0x00,0x80,0x30,0xe1,0x11,0x20,0x00,0x22,0x20,0x00,
    0x00,0x00,0x11,0x50,0x29,0x00,0xd4,0x58,0x8f,0xe1,0x14,0x14,0x64,0xc3,0x94,0x12,0x0a,0x14,0x44,0x11,0x44,0x14,0x10,0x12,
    0x00,0x30,0x71,0x11,0x11,0x11,0x15,0x20,0x0b,0x07,0x66,0x11,0x11,0x15,0x20,0x00,0x03,0x37,0x77,0x11,0x11,0x12,0x02,0x80,
    0x00,0x00,0x07,0x66,0xa1,0x50,0x20,0x00,0x00,0x0b,0xb0,0x36,0x71,0x58,0x90,0x00,0x00,0x00,0x03,0x36,0x75,0x10,0x90,0x00,
    0x00,0x0b,0x0c,0x6c,0x51,0x1a,0x02,0x00,0x00,0x00,0x00,0x30,0x02,0x22,0x00,0x00,0x00,0x00,0x00,0x00,0x00,0x00,0x00,0x00,
};
static const lv_image_dsc_t emoji_1f996 = {
    .header = {.magic = LV_IMAGE_HEADER_MAGIC, .cf = LV_COLOR_FORMAT_I4, .w = 16, .h = 16, .stride = 8},
    .data_size = sizeof(emoji_1f996_pixels), .data = emoji_1f996_pixels,
};
static const uint8_t emoji_1f997_pixels[] = {
    0x00,0x00,0x00,0x00,0x64,0x74,0x9e,0x12,0x78,0x95,0xb7,0x1d,0x75,0x8a,0xad,0xf2,0x46,0x52,0x71,0xf5,0x63,0x74,0x97,0xeb,
    0x79,0x79,0x79,0x02,0x7a,0x92,0xb5,0x56,0xff,0xff,0xff,0x01,0x62,0x73,0x97,0xa2,0x7c,0x92,0xb6,0x9a,0x83,0x9a,0xbc,0xce,
    0x81,0x98,0xbb,0xa3,0x85,0x9c,0xc2,0x67,0x5e,0x70,0x9a,0x5e,0x00,0x00,0xff,0x01,0x8f,0x00,0x00,0x00,0x00,0x00,0x00,0x00,
    0x00,0x00,0x00,0x00,0x00,0x00,0x00,0x00,0x22,0x02,0x00,0x00,0x06,0x00,0x00,0x00,0x27,0x27,0x08,0x00,0x60,0x0f,0x80,0x00,
    0x02,0x22,0x00,0x08,0x01,0x00,0x00,0x00,0x20,0x77,0x20,0x10,0x13,0xe0,0x00,0x00,0x80,0x0a,0x20,0x01,0x55,0x9b,0x00,0x00,
    0x00,0x70,0xbe,0x09,0x51,0x3b,0xa0,0x00,0x00,0x30,0x45,0x04,0x43,0x31,0xb0,0x0f,0x06,0xc5,0x54,0x04,0x33,0x40,0x39,0x00,
    0x60,0x10,0x33,0x53,0x34,0x44,0x5a,0x01,0x02,0xd7,0xad,0x09,0x54,0x40,0xec,0x00,0x00,0xdd,0xc0,0x00,0x19,0x10,0x0a,0xc2,
    0x60,0x70,0x20,0x61,0x0e,0x91,0x60,0x01,0x08,0x00,0x00,0x00,0x60,0x11,0x08,0x00,0x00,0x00,0x00,0x00,0x00,0x00,0x00,0x00,
};
static const lv_image_dsc_t emoji_1f997 = {
    .header = {.magic = LV_IMAGE_HEADER_MAGIC, .cf = LV_COLOR_FORMAT_I4, .w = 16, .h = 16, .stride = 8},
    .data_size = sizeof(emoji_1f997_pixels), .data = emoji_1f997_pixels,
};
static const uint8_t emoji_1f998_pixels[] = {
    0x00,0x00,0x00,0x00,0x57,0x77,0xcf,0xf0,0x61,0x78,0xe6,0x15,0x51,0x68,0xb0,0x12,0x56,0x78,0xd0,0x9f,0x56,0x79,0xd7,0x62,
    0x52,0x67,0xa6,0xe7,0x5e,0x81,0xe0,0xff,0x00,0x00,0xff,0x01,0x00,0xff,0xff,0x01,0x50,0x52,0x5f,0x1a,0x35,0x6b,0xb3,0x06,
    0x56,0x9f,0xff,0x0c,0x6b,0x8f,0xe3,0x5e,0x51,0x5c,0x8e,0x56,0x50,0x58,0x81,0x9f,0x00,0x00,0x00,0x00,0x00,0x00,0x00,0x00,
    0x09,0xc2,0x5b,0x83,0x0b,0x80,0x00,0x00,0x03,0x04,0x70,0x30,0x00,0x09,0x00,0x00,0x00,0x51,0x0d,0x05,0x55,0x30,0x90,0x00,
    0x04,0x61,0x40,0x41,0x77,0x12,0x92,0x00,0x06,0x11,0x11,0x11,0x11,0x71,0x82,0x00,0x00,0x22,0x77,0x11,0x11,0x11,0x22,0x20,
    0x00,0x00,0x51,0x16,0x61,0x16,0x40,0xb9,0x00,0x8b,0x0f,0x13,0x67,0x4e,0x1d,0x00,0x00,0x0a,0x3a,0x4c,0xa6,0x15,0xe1,0x43,
    0x00,0x00,0x00,0x00,0x0f,0x12,0x00,0x33,0x00,0x00,0x00,0x30,0x01,0x50,0x20,0x00,0x00,0x00,0x08,0x0a,0x64,0x0c,0x00,0x80,
    0x00,0x00,0x00,0x0a,0x32,0x09,0x00,0x00,0x00,0x00,0x00,0x00,0x00,0x00,0x00,0x00,0x00,0x00,0x00,0x00,0x00,0x00,0x00,0x00,
};
static const lv_image_dsc_t emoji_1f998 = {
    .header = {.magic = LV_IMAGE_HEADER_MAGIC, .cf = LV_COLOR_FORMAT_I4, .w = 16, .h = 16, .stride = 8},
    .data_size = sizeof(emoji_1f998_pixels), .data = emoji_1f998_pixels,
};
static const uint8_t emoji_1f999_pixels[] = {
    0x00,0x00,0x00,0x00,0xee,0xef,0xf2,0xf9,0xfc,0xfc,0xff,0x02,0x55,0x6f,0x98,0x19,0x7f,0x7f,0x7f,0x02,0x6e,0x95,0xa8,0x14,
    0x59,0x75,0x98,0x9e,0xb3,0xe3,0xff,0x13,0x9f,0xb5,0xd7,0xe1,0xa4,0xac,0xf5,0x0c,0xb5,0xc3,0xd6,0xed,0x75,0x8b,0xa8,0x6c,
    0x94,0xad,0xd8,0x5f,0xac,0xbd,0xd2,0xab,0xc8,0xd0,0xda,0xa1,0x8a,0x9c,0xb0,0x29,0x09,0x77,0x72,0x00,0x00,0x00,0x00,0x00,
    0x90,0xc8,0xc0,0x00,0x00,0x00,0x00,0x00,0x09,0xd8,0x8f,0x24,0x00,0x00,0x00,0x00,0x0b,0x8a,0x10,0x22,0x22,0x75,0x34,0x00,
    0x50,0xb1,0x11,0x00,0x00,0x00,0x00,0x00,0x40,0x01,0x11,0xde,0xee,0x05,0x03,0x00,0x02,0x01,0x11,0x11,0x11,0x11,0x00,0x30,
    0x09,0x2c,0x11,0x11,0x11,0x11,0x10,0x00,0x00,0x20,0xd1,0x11,0x11,0x11,0x16,0x34,0x00,0x22,0x51,0x11,0x11,0x11,0x10,0x04,
    0x00,0x07,0x00,0x11,0x1a,0xa1,0x80,0x20,0x00,0x04,0x23,0x1a,0x60,0x01,0x00,0x20,0x00,0x00,0x40,0x00,0x00,0x50,0x63,0x00,
    0x00,0x00,0x40,0x06,0x30,0xf0,0x63,0x00,0x00,0x00,0x05,0xb5,0x00,0xfb,0x30,0x00,0x00,0x00,0x00,0x00,0x00,0x00,0x00,0x00,
};
static const lv_image_dsc_t emoji_1f999 = {
    .header = {.magic = LV_IMAGE_HEADER_MAGIC, .cf = LV_COLOR_FORMAT_I4, .w = 16, .h = 16, .stride = 8},
    .data_size = sizeof(emoji_1f999_pixels), .data = emoji_1f999_pixels,
};
static const uint8_t emoji_1f99a_pixels[] = {
    0x00,0x00,0x00,0x00,0x5c,0xaa,0x2d,0xf6,0x69,0xb3,0x48,0xfb,0xab,0x5c,0x0b,0xfd,0x64,0xc8,0x53,0xfb,0x77,0x7b,0x00,0x13,
    0x63,0xa2,0x0c,0x10,0x58,0xa2,0x1c,0x6a,0x56,0xa8,0x2b,0x98,0x90,0x68,0x0c,0x1b,0x2e,0xd4,0xad,0xfe,0x00,0xff,0x00,0x01,
    0xff,0x00,0x00,0x03,0x96,0x84,0x31,0xfe,0x93,0xd0,0x92,0x15,0x6a,0xb4,0x6a,0x03,0x00,0x00,0xb0,0x00,0x00,0x66,0x00,0x00,
    0x00,0x00,0x00,0x50,0x59,0x00,0x00,0x00,0x00,0x60,0x67,0x11,0x11,0x86,0xc6,0x00,0x0f,0x07,0x11,0x10,0x01,0x11,0x00,0x50,
    0xb5,0x61,0x12,0x0d,0x01,0x11,0x17,0x90,0x09,0x11,0x14,0x00,0x0a,0x41,0x11,0x90,0x07,0x12,0x22,0xa3,0x00,0x04,0x11,0x70,
    0x01,0x11,0x12,0xd3,0xa0,0x41,0x21,0x1c,0xb8,0x42,0x12,0x33,0x0a,0x22,0x11,0x10,0x08,0x12,0x42,0x33,0x3a,0x22,0x21,0x10,
    0x55,0x14,0x22,0x33,0x3d,0x44,0x14,0x70,0x50,0x58,0x0e,0x03,0x30,0x02,0x48,0x00,0x05,0x00,0x00,0x00,0x00,0x00,0x6c,0x00,
    0x00,0x56,0xfe,0x90,0x00,0xe0,0x00,0x00,0x00,0x00,0x00,0x00,0x00,0x00,0xb0,0x00,0x00,0x00,0x00,0x00,0x00,0x00,0x00,0x00,
};
static const lv_image_dsc_t emoji_1f99a = {
    .header = {.magic = LV_IMAGE_HEADER_MAGIC, .cf = LV_COLOR_FORMAT_I4, .w = 16, .h = 16, .stride = 8},
    .data_size = sizeof(emoji_1f99a_pixels), .data = emoji_1f99a_pixels,
};
static const uint8_t emoji_1f99b_pixels[] = {
    0x00,0x00,0x00,0x00,0x58,0x6b,0x94,0xf9,0x71,0x88,0xb1,0xf3,0x59,0x69,0x9b,0x1d,0x75,0x75,0x75,0x02,0x6d,0x96,0xb4,0x1e,
    0x59,0x6b,0x96,0xa3,0x85,0x99,0xcc,0xff,0x5a,0x6d,0x94,0x60,0x47,0x56,0x78,0xf7,0x3b,0x3d,0x77,0x07,0x71,0x89,0xb3,0xa7,
    0x1c,0x68,0x79,0x06,0x7f,0x7f,0xff,0x02,0x6d,0x85,0xab,0x72,0x7e,0x91,0xc2,0xfd,0x00,0x00,0x00,0x00,0x00,0x00,0x00,0x00,
    0x00,0x00,0x00,0x00,0x00,0x00,0x00,0x00,0x00,0x00,0x50,0x40,0x0a,0xaa,0x40,0x00,0x00,0x04,0x00,0x00,0x00,0x00,0x04,0x00,
    0x00,0x30,0xe5,0x50,0xc8,0x66,0x30,0x40,0x04,0x05,0x16,0x21,0x91,0x11,0x18,0x04,0x45,0x81,0x12,0x21,0x11,0x11,0x11,0x3c,
    0xa0,0x01,0x19,0x21,0x11,0x11,0x11,0x63,0x03,0x21,0x21,0x72,0x11,0x11,0x12,0x80,0x39,0x99,0x11,0x72,0x22,0x22,0x22,0x30,
    0x31,0x19,0x12,0x77,0xf7,0x7f,0x22,0x30,0x05,0xb6,0x86,0x2b,0x20,0x22,0xb7,0x50,0x00,0x00,0x0b,0x28,0x23,0xa3,0x8e,0xd0,
    0x0d,0x3c,0xc6,0xb1,0x25,0x00,0x00,0x00,0x00,0x00,0x00,0x03,0x30,0x40,0x33,0x00,0x00,0x00,0x00,0x00,0x00,0x00,0x00,0x00,
};
static const lv_image_dsc_t emoji_1f99b = {
    .header = {.magic = LV_IMAGE_HEADER_MAGIC, .cf = LV_COLOR_FORMAT_I4, .w = 16, .h = 16, .stride = 8},
    .data_size = sizeof(emoji_1f99b_pixels), .data = emoji_1f99b_pixels,
};
static const uint8_t emoji_1f99c_pixels[] = {
    0x00,0x00,0x00,0x00,0x1b,0xd0,0xb3,0xf8,0x4b,0xb1,0x0f,0xf6,0x55,0xac,0x0d,0x10,0x8a,0xdc,0x75,0xf7,0x00,0xff,0x00,0x01,
    0x18,0xdc,0xcd,0xfe,0x14,0xea,0xf8,0x0e,0x6e,0xce,0x55,0xfe,0x14,0xb3,0xfa,0xde,0x00,0xb1,0xff,0x1c,0x04,0xbb,0xfa,0x5e,
    0x14,0x1b,0xf9,0x15,0x26,0x2d,0xfb,0xf5,0x5b,0xc6,0x33,0xfe,0x1f,0xcd,0xac,0x5b,0x0c,0x0c,0x00,0xc0,0x00,0x00,0x00,0x00,
    0xc0,0x0d,0xdd,0x00,0x03,0x00,0x00,0x00,0x07,0x00,0x00,0x22,0x30,0x50,0x00,0x00,0x07,0x69,0x00,0x22,0x30,0x30,0x00,0x00,
    0x07,0x90,0x22,0x22,0x00,0x30,0x00,0x00,0x00,0x02,0x22,0x21,0x00,0x00,0x00,0x00,0x00,0x0e,0x22,0x16,0x6f,0x07,0x00,0x00,
    0x30,0x08,0xe8,0x11,0x11,0x07,0x70,0x00,0x00,0x08,0x88,0x11,0x16,0xf5,0x00,0x00,0x00,0x04,0x44,0x01,0x16,0x10,0x00,0x00,
    0x00,0x00,0x04,0x41,0x11,0x10,0x30,0x00,0x00,0x00,0x00,0x44,0x01,0x6e,0x20,0x35,0x00,0x00,0xa9,0x00,0x00,0xf0,0x22,0x35,
    0x0a,0x0b,0x00,0x00,0x9a,0x00,0x00,0x00,0x00,0x0a,0x00,0xbb,0x0b,0x00,0x05,0x50,0x00,0x00,0x00,0x00,0x00,0x00,0x00,0x00,
};
static const lv_image_dsc_t emoji_1f99c = {
    .header = {.magic = LV_IMAGE_HEADER_MAGIC, .cf = LV_COLOR_FORMAT_I4, .w = 16, .h = 16, .stride = 8},
    .data_size = sizeof(emoji_1f99c_pixels), .data = emoji_1f99c_pixels,
};
static const uint8_t emoji_1f99d_pixels[] = {
    0x00,0x00,0x00,0x00,0x9d,0x9c,0x9c,0xf9,0x6e,0x6c,0x69,0x10,0x70,0x6c,0x68,0xf1,0xa2,0xa1,0xa0,0xa4,0x61,0x5c,0x57,0x65,
    0x5e,0x58,0x52,0xac,0x9e,0x9e,0x9f,0x1e,0x9b,0x9b,0x9a,0x5b,0xf1,0xf1,0xf1,0x08,0x48,0x36,0x36,0x0e,0xaa,0xaa,0x55,0x03,
    0xaa,0x55,0x55,0x03,0x7f,0x7f,0x80,0xea,0xff,0xff,0x00,0x01,0x4a,0x43,0x3e,0xea,0x00,0x00,0x00,0x00,0x00,0x00,0x00,0x00,
    0x00,0x00,0x00,0x00,0x00,0x00,0x00,0x00,0x00,0x00,0x00,0x00,0x00,0x00,0x00,0x00,0x00,0x00,0x00,0x00,0x27,0x20,0x00,0x00,
    0x00,0x0b,0x20,0x22,0x00,0x09,0x00,0x00,0x00,0x00,0x02,0x00,0x78,0x70,0x20,0x00,0x02,0x08,0x80,0x74,0x11,0x18,0x07,0x00,
    0x00,0x41,0x14,0x11,0x11,0x11,0x80,0x90,0x09,0x11,0x11,0x11,0x11,0x11,0x15,0x00,0x04,0x11,0x11,0x11,0x13,0x11,0x13,0x40,
    0x05,0x44,0x11,0x11,0x33,0x11,0xd3,0x12,0x00,0x07,0x14,0x36,0x26,0x31,0x16,0xf2,0xc2,0x51,0x80,0x35,0x06,0x62,0x32,0x20,
    0xe0,0x52,0x02,0x5a,0x25,0x22,0x60,0x00,0x00,0x00,0x20,0x00,0x00,0x00,0x00,0x20,0x00,0x00,0x00,0x00,0x00,0x00,0x00,0x00,
};
static const lv_image_dsc_t emoji_1f99d = {
    .header = {.magic = LV_IMAGE_HEADER_MAGIC, .cf = LV_COLOR_FORMAT_I4, .w = 16, .h = 16, .stride = 8},
    .data_size = sizeof(emoji_1f99d_pixels), .data = emoji_1f99d_pixels,
};
static const uint8_t emoji_1f99e_pixels[] = {
    0x00,0x00,0x00,0x00,0x0c,0x0c,0xfb,0x11,0x1d,0x23,0xf7,0xf3,0x1d,0x1b,0xfb,0x5b,0x14,0x54,0xfd,0xee,0x69,0x6c,0xff,0x13,
    0x1b,0x1c,0xf6,0x9b,0x00,0x71,0xff,0x0a,0x58,0x5d,0xff,0x65,0x5f,0x61,0xff,0x9b,0x4d,0x4b,0xfe,0xc9,0x08,0x4c,0xff,0x68,
    0x30,0x6f,0xfe,0x8c,0x89,0x89,0xff,0x0d,0xff,0xff,0xff,0x01,0x00,0x00,0xaa,0x03,0x00,0x00,0x00,0x10,0x11,0x13,0x01,0x00,
    0x01,0x03,0x31,0x61,0x36,0x12,0x11,0xf0,0x11,0x12,0x63,0x13,0x31,0x32,0x60,0x10,0x10,0x12,0x21,0x03,0x30,0x62,0x21,0x01,
    0x10,0x32,0x23,0x13,0x31,0x32,0x21,0x01,0x10,0x12,0x23,0x06,0x60,0x72,0x21,0x01,0x01,0x06,0x23,0x12,0x21,0x32,0x10,0x00,
    0x01,0x5d,0x9a,0x42,0x22,0xa8,0x51,0x10,0x01,0x75,0x89,0x42,0x22,0x95,0x5e,0x00,0x00,0x70,0x89,0x42,0x24,0x98,0x05,0x00,
    0x00,0x57,0x89,0xc4,0x4c,0x88,0x55,0x00,0x00,0x11,0x55,0x04,0x47,0x57,0x00,0x00,0x00,0x00,0x00,0x34,0x46,0x07,0x00,0x00,
    0x00,0x01,0x11,0x24,0x42,0x30,0x10,0x00,0x00,0x01,0x01,0x3b,0xb3,0x10,0x10,0x00,0x00,0x00,0x00,0x00,0x00,0x00,0x00,0x00,
};
static const lv_image_dsc_t emoji_1f99e = {
    .header = {.magic = LV_IMAGE_HEADER_MAGIC, .cf = LV_COLOR_FORMAT_I4, .w = 16, .h = 16, .stride = 8},
    .data_size = sizeof(emoji_1f99e_pixels), .data = emoji_1f99e_pixels,
};
static const uint8_t emoji_1f99f_pixels[] = {
    0x00,0x00,0x00,0x00,0x76,0x76,0x75,0x0b,0x85,0x85,0x85,0x64,0x87,0x88,0x89,0x24,0x6e,0x6c,0x6c,0xe7,0x83,0x83,0x84,0x8a,
    0xff,0xff,0xff,0x01,0x6d,0x6b,0x68,0x9b,0x9b,0x96,0x65,0xa2,0xa5,0x9f,0x78,0x67,0xff,0xff,0x00,0x01,0x4c,0x4a,0x8c,0xe5,
    0x91,0x8d,0x6d,0xde,0x8b,0x89,0x6a,0x22,0x5c,0x5c,0x87,0xad,0x67,0x64,0x5e,0x5a,0x00,0x00,0x00,0x00,0x00,0x00,0x0a,0x00,
    0x00,0x00,0x00,0x00,0x00,0x00,0x00,0x00,0x00,0x00,0x00,0x00,0x06,0x09,0x9d,0x1a,0x00,0x00,0x00,0x01,0x10,0x98,0x8d,0x01,
    0x00,0x00,0x01,0x10,0x09,0x88,0x00,0x00,0x66,0x00,0x10,0x03,0x8c,0x44,0xbb,0xea,0x00,0x0a,0x02,0x5c,0xc4,0x4b,0xbe,0x10,
    0x3d,0x01,0x14,0x44,0x0e,0x71,0x00,0x00,0x25,0x22,0x70,0x40,0x50,0x53,0x00,0x10,0x01,0x3f,0x47,0x73,0x21,0x15,0x10,0x06,
    0x10,0xf7,0x02,0x20,0x21,0x03,0x52,0x10,0x01,0x70,0x29,0x26,0x22,0x00,0x12,0x23,0x01,0xf2,0x25,0x31,0x05,0x20,0x10,0x01,
    0x00,0x33,0x23,0x01,0x66,0x23,0x01,0x00,0x00,0x00,0x10,0x10,0x00,0x03,0x00,0x00,0x00,0x00,0x00,0x00,0x00,0x00,0x00,0x00,
};
static const lv_image_dsc_t emoji_1f99f = {
    .header = {.magic = LV_IMAGE_HEADER_MAGIC, .cf = LV_COLOR_FORMAT_I4, .w = 16, .h = 16, .stride = 8},
    .data_size = sizeof(emoji_1f99f_pixels), .data = emoji_1f99f_pixels,
};
static const uint8_t emoji_1f9a0_pixels[] = {
    0x00,0x00,0x00,0x00,0x8a,0xdb,0x6d,0xfe,0x76,0xcf,0x52,0xfd,0x53,0xb6,0x19,0xe0,0x77,0xe6,0x6c,0x0b,0x8b,0xdc,0x6e,0x1f,
    0x49,0xaf,0x0e,0xa0,0x9c,0xe8,0x99,0x2b,0x4f,0xaf,0x0f,0x1d,0x00,0xff,0x00,0x01,0x2d,0xa0,0x00,0x13,0x39,0xa1,0x00,0x56,
    0x68,0xc7,0x34,0xfb,0x4b,0xae,0x0e,0x62,0x95,0xe3,0x90,0x56,0x92,0xdf,0x8a,0xfc,0x00,0x40,0x80,0x0a,0x80,0x90,0x00,0x00,
    0x00,0x7e,0x06,0x0b,0xa0,0x80,0x00,0x00,0x9a,0xd3,0xc2,0xc0,0x57,0x05,0x00,0x00,0x07,0x6c,0xf0,0xf2,0x64,0xa0,0x00,0x00,
    0x05,0x31,0x00,0x0f,0xc0,0x85,0x04,0x00,0xab,0x31,0x00,0x00,0x16,0xe4,0x80,0x90,0xa4,0x6c,0x10,0x02,0x21,0x6b,0x85,0x09,
    0x05,0xe6,0x31,0x12,0x22,0x26,0xe7,0x84,0x90,0x0d,0x83,0x31,0x13,0xf2,0x3b,0xa0,0x09,0x40,0x77,0xb3,0x12,0x1f,0x26,0x74,
    0x00,0x09,0x0a,0xdd,0xc2,0x2c,0x13,0x54,0x00,0x00,0x40,0x70,0x31,0xf1,0x26,0xb0,0x00,0x00,0x00,0x9b,0xd3,0x33,0x6e,0x54,
    0x00,0x00,0x00,0x74,0xe0,0xd0,0xb5,0x50,0x00,0x00,0x00,0x09,0x5a,0x87,0x80,0x00,0x00,0x00,0x00,0x00,0x00,0x00,0x00,0x00,
};
static const lv_image_dsc_t emoji_1f9a0 = {
    .header = {.magic = LV_IMAGE_HEADER_MAGIC, .cf = LV_COLOR_FORMAT_I4, .w = 16, .h = 16, .stride = 8},
    .data_size = sizeof(emoji_1f9a0_pixels), .data = emoji_1f9a0_pixels,
};
static const uint8_t emoji_1f9a1_pixels[] = {
    0x00,0x00,0x00,0x00,0xa9,0xa9,0xa9,0xfb,0xf7,0xf7,0xf7,0x08,0x62,0x60,0x5e,0xf2,0xb4,0xb4,0xb4,0x10,0x6d,0x6d,0x6c,0x0e,
    0xac,0xac,0xac,0x5c,0x74,0x74,0x72,0x97,0x5a,0x5a,0x57,0x69,0xa8,0xa8,0xa8,0xa6,0xd9,0xd9,0xd8,0xf3,0xe2,0xe2,0xe2,0x53,
    0x1e,0x1e,0x1d,0xd5,0xd4,0xd4,0xd4,0x82,0xc0,0xc0,0xbf,0xff,0x81,0x81,0x7e,0xf7,0x00,0x00,0x00,0x00,0x00,0x00,0x00,0x00,
    0x00,0x00,0x00,0x00,0x00,0x00,0x00,0x00,0x00,0x00,0x00,0x00,0x00,0x00,0x00,0x00,0x00,0x00,0x00,0x00,0x00,0x00,0x00,0x00,
    0x00,0x02,0x42,0x00,0x24,0x45,0x00,0x00,0x00,0x20,0x00,0x42,0x00,0x00,0x20,0x00,0x00,0x02,0xb2,0x00,0x46,0x64,0x00,0x00,
    0x00,0xd1,0x37,0x69,0x11,0x11,0x92,0x20,0x0b,0x13,0x13,0x11,0x11,0x11,0x16,0x04,0x8a,0xea,0xa1,0x01,0x11,0x11,0x11,0x00,
    0x56,0xd9,0x33,0x31,0x11,0x11,0x11,0x92,0x00,0x00,0x03,0x33,0x31,0x11,0xf7,0xab,0x04,0x25,0x40,0x33,0x05,0xcc,0x38,0x00,
    0x00,0x50,0x43,0x38,0x02,0x87,0x75,0x25,0x00,0x00,0x02,0x50,0x50,0x00,0x00,0x20,0x00,0x00,0x00,0x00,0x00,0x00,0x00,0x00,
};
static const lv_image_dsc_t emoji_1f9a1 = {
    .header = {.magic = LV_IMAGE_HEADER_MAGIC, .cf = LV_COLOR_FORMAT_I4, .w = 16, .h = 16, .stride = 8},
    .data_size = sizeof(emoji_1f9a1_pixels), .data = emoji_1f9a1_pixels,
};
static const uint8_t emoji_1f9a2_pixels[] = {
    0x00,0x00,0x00,0x00,0xf6,0xef,0xdd,0xf5,0xf9,0xf5,0xec,0x0f,0xf6,0xef,0xde,0xa1,0xd7,0xcf,0xb0,0xf6,0xf5,0xee,0xdd,0x5d,
    0xae,0xae,0xf1,0x15,0xaa,0xaa,0xaa,0x03,0xff,0xff,0x7f,0x02,0xff,0xff,0xbf,0x04,0xa2,0xa4,0xf8,0xa8,0x00,0x00,0xff,0x01,
    0xd0,0xb9,0x73,0x0b,0xff,0xaa,0xaa,0x03,0x70,0x6d,0x7a,0xff,0x7f,0x7f,0x7f,0x02,0x00,0x00,0x00,0x00,0x00,0x00,0x00,0x00,
    0x20,0x23,0x32,0x08,0x00,0x00,0x00,0x00,0x29,0x41,0x11,0x22,0x00,0x00,0x00,0x00,0x06,0xe4,0x11,0x20,0xf0,0x00,0x00,0x00,
    0x6a,0xac,0x11,0x22,0x27,0x72,0x20,0x00,0x66,0x03,0x15,0x22,0x00,0x00,0x07,0x20,0x20,0x51,0x30,0x02,0x22,0x22,0x20,0x00,
    0xb2,0x11,0x22,0x31,0x11,0x11,0x13,0x22,0x03,0x13,0x31,0x11,0x11,0x41,0x11,0x12,0x91,0x11,0x11,0x11,0x14,0x11,0x41,0x12,
    0x21,0x11,0x44,0x44,0x41,0x14,0x11,0x30,0x03,0x11,0x14,0x41,0x11,0x41,0x11,0x22,0x22,0x11,0x11,0x11,0x11,0x11,0x15,0x02,
    0x20,0x25,0x33,0x11,0x13,0x35,0x20,0x80,0x08,0x00,0x00,0x00,0x00,0x00,0x0d,0x00,0x00,0x00,0x00,0x00,0x00,0x00,0x00,0x00,
};
static const lv_image_dsc_t emoji_1f9a2 = {
    .header = {.magic = LV_IMAGE_HEADER_MAGIC, .cf = LV_COLOR_FORMAT_I4, .w = 16, .h = 16, .stride = 8},
    .data_size = sizeof(emoji_1f9a2_pixels), .data = emoji_1f9a2_pixels,
};
static const uint8_t emoji_1f9a3_pixels[] = {
    0x55,0x67,0x98,0xf8,0x00,0x00,0x00,0x00,0x56,0x68,0x99,0xa3,0x59,0x68,0x9c,0x1e,0x79,0x79,0x79,0x02,0x57,0x69,0x9a,0x66,
    0x44,0x4f,0x7a,0xfe,0xf3,0xfc,0xf8,0x09,0x72,0x72,0xe5,0x03,0x99,0xbd,0xdf,0xf7,0x9c,0xac,0xc9,0x96,0x7d,0x9f,0xcb,0xeb,
    0x72,0x89,0xb4,0xf4,0x8f,0x96,0xaa,0x59,0x72,0x96,0xcd,0x1a,0x00,0xff,0xff,0x01,0x11,0x11,0x13,0x41,0x11,0x41,0x11,0x11,
    0x14,0x05,0x20,0x03,0x31,0x14,0x11,0x11,0x14,0x82,0x00,0x00,0x02,0x31,0x84,0x11,0x01,0x30,0x00,0x00,0x00,0x2e,0x11,0xf1,
    0x01,0x50,0x00,0x00,0x06,0x00,0x0e,0x17,0x81,0x20,0x00,0x00,0x06,0x00,0x00,0x3f,0x07,0x20,0x00,0x00,0x60,0x00,0x00,0x21,
    0xe0,0xc0,0x00,0x06,0x00,0x00,0x00,0x01,0x00,0x90,0x09,0xc6,0x00,0x00,0x00,0x03,0x7b,0xb0,0x90,0x00,0x00,0x00,0x00,0x53,
    0x13,0x0a,0x0b,0x02,0x00,0x00,0x20,0x31,0x80,0x05,0x00,0x25,0x00,0x02,0x20,0x51,0x41,0x32,0x20,0x02,0x00,0xd3,0x00,0x01,
    0x11,0x11,0xda,0x52,0xc0,0x11,0x77,0x11,0x11,0x43,0x11,0x10,0xad,0x30,0x11,0x11,0x11,0x11,0x11,0x11,0x11,0x11,0x11,0x11,
};
static const lv_image_dsc_t emoji_1f9a3 = {
    .header = {.magic = LV_IMAGE_HEADER_MAGIC, .cf = LV_COLOR_FORMAT_I4, .w = 16, .h = 16, .stride = 8},
    .data_size = sizeof(emoji_1f9a3_pixels), .data = emoji_1f9a3_pixels,
};
static const uint8_t emoji_1f9a4_pixels[] = {
    0x00,0x00,0x00,0x00,0xab,0xa0,0x76,0xfb,0xdf,0xdf,0xde,0xf7,0xf8,0xf7,0xf8,0x0f,0xac,0xa2,0x76,0x5c,0xb5,0xb0,0x89,0xfc,
    0x30,0xa6,0xe8,0x99,0xac,0xa1,0x74,0x9f,0xac,0xa6,0x7c,0x1e,0xaa,0xae,0xa6,0x06,0xd8,0xd8,0xd7,0xa4,0xff,0xff,0x00,0x01,
    0x33,0xa7,0xec,0x13,0x34,0xad,0xf0,0x5d,0x00,0xff,0xff,0x01,0x7f,0x7f,0x7f,0x02,0x0c,0xd0,0x30,0x40,0x30,0x00,0x00,0x00,
    0x06,0x00,0x00,0x18,0x0f,0x00,0x00,0x00,0xe0,0x00,0x20,0x14,0x08,0x03,0x93,0x30,0x00,0x0b,0x05,0x70,0x00,0x00,0x00,0x00,
    0xf0,0x41,0x11,0x47,0x48,0x03,0x00,0x30,0x08,0x11,0x11,0x15,0x51,0x72,0x22,0xa0,0x08,0x11,0x11,0x11,0x11,0x15,0x22,0xa0,
    0x00,0x71,0x11,0x11,0x11,0x11,0x22,0xa0,0xbb,0x81,0x11,0x11,0x11,0x12,0x22,0xa0,0x09,0x04,0x51,0x11,0x11,0x15,0x00,0x33,
    0x00,0x00,0x41,0x11,0x11,0x51,0x70,0x00,0x00,0x0f,0x09,0x41,0x11,0x74,0x03,0x30,0x00,0x00,0x00,0x00,0x54,0x00,0xb0,0x00,
    0x00,0x00,0xcd,0xd0,0x60,0x09,0x00,0x00,0x00,0xe0,0xc6,0x66,0x60,0x0e,0x00,0x00,0x00,0x00,0x00,0x00,0x00,0x00,0x00,0x00,
};
static const lv_image_dsc_t emoji_1f9a4 = {
    .header = {.magic = LV_IMAGE_HEADER_MAGIC, .cf = LV_COLOR_FORMAT_I4, .w = 16, .h = 16, .stride = 8},
    .data_size = sizeof(emoji_1f9a4_pixels), .data = emoji_1f9a4_pixels,
};
static const uint8_t emoji_1f9a5_pixels[] = {
    0x00,0x00,0x00,0x00,0x85,0x9b,0xb3,0xf9,0x78,0x8f,0xa6,0xf5,0x93,0xae,0xc7,0xf9,0x61,0x6c,0x90,0xf5,0x33,0x70,0x6f,0x17,
    0x62,0x6e,0x93,0xab,0x76,0x75,0x7e,0x08,0x7a,0x92,0xa8,0x5f,0xa8,0xcd,0xe0,0xff,0xff,0xff,0xff,0x01,0x7b,0x8c,0xa7,0xa8,
    0x81,0x96,0xaf,0x60,0x6f,0x9e,0xa7,0x0b,0x39,0x6a,0x68,0xe2,0x69,0x68,0x94,0x1d,0x05,0x00,0xbf,0x00,0x00,0x00,0x0a,0x00,
    0x00,0x09,0x9e,0x08,0x0c,0x00,0x70,0x00,0x05,0x50,0x00,0xe2,0x13,0x20,0x30,0x50,0x00,0x0f,0x04,0x61,0x21,0x2e,0x21,0x00,
    0xaf,0x39,0x33,0x41,0x42,0x10,0x45,0xd7,0x00,0x11,0x11,0x31,0x66,0x32,0x40,0xa5,0x0b,0x10,0xe0,0x41,0x60,0x11,0x46,0x05,
    0x0b,0x00,0x09,0x21,0x60,0x21,0x24,0x00,0x0b,0x13,0x92,0x21,0x24,0x21,0x21,0x10,0x08,0x12,0x42,0x11,0x11,0x11,0x21,0x80,
    0x00,0x11,0x22,0x11,0x22,0x12,0x12,0xa7,0x70,0x83,0x11,0x21,0x11,0x21,0x1c,0x00,0x00,0xdb,0x13,0x11,0x11,0x13,0x00,0xd0,
    0x00,0xa0,0xc1,0x11,0x11,0x1c,0x70,0x00,0x00,0x07,0x0d,0x0c,0x8d,0xf0,0x00,0x00,0x00,0x00,0x00,0x00,0x00,0x00,0x00,0x00,
};
static const lv_image_dsc_t emoji_1f9a5 = {
    .header = {.magic = LV_IMAGE_HEADER_MAGIC, .cf = LV_COLOR_FORMAT_I4, .w = 16, .h = 16, .stride = 8},
    .data_size = sizeof(emoji_1f9a5_pixels), .data = emoji_1f9a5_pixels,
};
static const uint8_t emoji_1f9a6_pixels[] = {
    0x00,0x00,0x00,0x00,0x54,0x63,0x8e,0xf4,0x72,0x72,0x79,0x03,0x47,0x52,0x76,0xf9,0x55,0x60,0x96,0x1d,0x51,0x5f,0x8b,0xa4,
    0x21,0x29,0x6b,0x0d,0x4f,0x5d,0x8b,0x5b,0x75,0x89,0xae,0xfd,0x90,0x9b,0xb4,0xfe,0x3c,0x47,0x69,0xf3,0x2d,0x6f,0x75,0x05,
    0x00,0x00,0xff,0x01,0xa5,0xb2,0xcb,0xfd,0x43,0x4e,0x73,0xbb,0x45,0x51,0x77,0x6a,0x00,0x00,0x00,0x00,0x00,0x00,0x00,0x00,
    0x00,0x2b,0x24,0x00,0x00,0x02,0x40,0x00,0x0c,0x00,0x00,0x00,0x00,0x00,0x0c,0x00,0xb0,0x65,0x55,0x60,0x06,0x04,0x70,0x00,
    0x06,0x1d,0x98,0x76,0xb2,0x64,0x15,0x22,0x65,0x98,0x0d,0x00,0x00,0x00,0x71,0x70,0xb1,0x99,0x3d,0x17,0x44,0xfa,0x01,0x12,
    0x06,0x19,0x99,0x31,0xf0,0xe3,0xa1,0x14,0xb0,0x71,0x3a,0x11,0x10,0x33,0x11,0x14,0x2c,0x41,0x13,0x18,0x80,0x81,0x3a,0xe0,
    0x02,0x05,0x13,0x18,0x88,0x13,0xa3,0x00,0x02,0xc4,0x11,0x11,0x11,0x31,0x3a,0x00,0x00,0x20,0x41,0x11,0x11,0x11,0x56,0x00,
    0x00,0x02,0x00,0x75,0x51,0x57,0x00,0x20,0x00,0x00,0x20,0x00,0x00,0x00,0x60,0x00,0x00,0x00,0x00,0x00,0x00,0x00,0x00,0x00,
};
static const lv_image_dsc_t emoji_1f9a6 = {
    .header = {.magic = LV_IMAGE_HEADER_MAGIC, .cf = LV_COLOR_FORMAT_I4, .w = 16, .h = 16, .stride = 8},
    .data_size = sizeof(emoji_1f9a6_pixels), .data = emoji_1f9a6_pixels,
};
static const uint8_t emoji_1f9a7_pixels[] = {
    0x01,0x01,0x01,0x00,0x4e,0x60,0x95,0xfb,0x2e,0x69,0xe8,0xf4,0x4d,0x75,0xd9,0xee,0x17,0x6a,0xf5,0x13,0x6d,0x7c,0xeb,0x0f,
    0x45,0x50,0x71,0xef,0x66,0x66,0x74,0x0f,0x52,0x77,0xd6,0x9a,0x54,0x59,0xa0,0x0f,0x2a,0x35,0x52,0xfe,0x00,0x7f,0x7f,0x02,
    0x00,0x00,0xff,0x01,0x62,0x88,0xee,0xfc,0x32,0x53,0xa4,0xfd,0x24,0x26,0x5d,0x1b,0x00,0x00,0x00,0xc0,0x00,0x44,0x00,0x00,
    0x00,0x00,0x0f,0xb7,0x22,0x22,0x20,0x4c,0x00,0x00,0x04,0x00,0x22,0x33,0x32,0x80,0x00,0x00,0xb0,0xf1,0x11,0x00,0x22,0x00,
    0x00,0x04,0x94,0x11,0x61,0x1e,0x23,0x50,0x00,0x04,0x00,0xe1,0x11,0x1e,0x38,0x07,0x00,0x00,0x42,0x2e,0x22,0xa1,0xd9,0x00,
    0x05,0x04,0x22,0x2a,0x0a,0xa1,0x00,0x50,0xb0,0x42,0x22,0x10,0xaa,0x01,0x99,0x90,0x45,0x33,0x20,0x11,0x11,0x11,0x00,0x70,
    0x08,0xd8,0x83,0x31,0x11,0x11,0x30,0x05,0x76,0x10,0x8d,0x16,0x61,0x33,0xd3,0x00,0xcf,0x00,0x58,0x06,0x61,0x33,0x85,0xcb,
    0x00,0x00,0x00,0x00,0x66,0x95,0x00,0x00,0x0b,0x70,0x70,0x97,0x07,0x00,0x05,0x00,0x00,0x00,0x00,0x00,0x00,0x00,0x00,0x00,
};
static const lv_image_dsc_t emoji_1f9a7 = {
    .header = {.magic = LV_IMAGE_HEADER_MAGIC, .cf = LV_COLOR_FORMAT_I4, .w = 16, .h = 16, .stride = 8},
    .data_size = sizeof(emoji_1f9a7_pixels), .data = emoji_1f9a7_pixels,
};
static const uint8_t emoji_1f9a8_pixels[] = {
    0x05,0x05,0x05,0x01,0x54,0x54,0x54,0xf6,0x64,0x64,0x65,0x11,0xda,0xda,0xda,0xfc,0x9c,0x9c,0x9c,0xfb,0x4a,0x4a,0x4a,0x60,
    0x4d,0x4d,0x4d,0x88,0xf4,0xf4,0xf4,0x11,0xd5,0xd5,0xd5,0x61,0x3a,0x3a,0x3a,0x68,0x34,0x34,0x34,0xfb,0xaa,0xaa,0xaa,0x03,
    0x34,0x34,0x36,0x8d,0xaf,0xaf,0xaf,0x76,0x85,0x85,0x85,0x91,0x6c,0x6c,0x8a,0xf5,0x00,0x00,0x00,0x00,0x05,0xd8,0x70,0x20,
    0x00,0x00,0x02,0x09,0x13,0x33,0x38,0x07,0x00,0x00,0x20,0x01,0x33,0x41,0x11,0x20,0x00,0x00,0x00,0x53,0x33,0x11,0x11,0x60,
    0x00,0x00,0x0b,0x53,0x34,0x16,0x61,0x50,0x00,0x00,0x20,0x04,0x31,0x90,0x21,0x20,0x00,0x07,0x08,0x14,0x31,0x02,0x22,0x00,
    0x00,0x70,0x74,0x43,0x44,0x20,0x20,0x00,0x20,0xce,0x03,0x31,0xa1,0x60,0x00,0x00,0x00,0x13,0x44,0x41,0x11,0x60,0x00,0x00,
    0x00,0x11,0xa1,0x11,0x11,0x50,0x00,0x00,0x02,0xf1,0x11,0x11,0x61,0x20,0x20,0x00,0x00,0x06,0x11,0x15,0x05,0x00,0x00,0x00,
    0x00,0x05,0x11,0x12,0x00,0x00,0x00,0x00,0x00,0x22,0x25,0x20,0x20,0x00,0x00,0x00,0x00,0x00,0x00,0x00,0x00,0x00,0x00,0x00,
};
static const lv_image_dsc_t emoji_1f9a8 = {
    .header = {.magic = LV_IMAGE_HEADER_MAGIC, .cf = LV_COLOR_FORMAT_I4, .w = 16, .h = 16, .stride = 8},
    .data_size = sizeof(emoji_1f9a8_pixels), .data = emoji_1f9a8_pixels,
};
static const uint8_t emoji_1f9a9_pixels[] = {
    0x00,0x00,0x00,0x00,0xa6,0x6d,0xf5,0x19,0x9f,0x65,0xf4,0x9f,0xab,0x86,0xfa,0xf9,0xa4,0x6f,0xf5,0x59,0x9e,0x6c,0xf6,0xec,
    0xff,0xff,0xff,0x01,0x6a,0x6b,0x69,0x06,0x7f,0x7f,0xff,0x02,0xaa,0x84,0xf7,0x69,0x00,0x00,0xff,0x01,0xb0,0x9d,0xff,0x05,
    0xc2,0x8c,0xff,0xff,0x55,0x55,0xaa,0x03,0x78,0x57,0x9a,0xef,0x75,0x5f,0x85,0x43,0x00,0x07,0xf4,0x91,0x0a,0x00,0x00,0x00,
    0x07,0x70,0xe5,0x39,0x01,0x00,0x00,0x00,0x00,0x70,0x74,0xc4,0x1b,0x60,0x00,0x00,0x00,0x00,0x02,0x50,0x00,0x0d,0x00,0x00,
    0x00,0x87,0x13,0x14,0x09,0x10,0x80,0x00,0x00,0x10,0x25,0x13,0x33,0x39,0x08,0x00,0x00,0x80,0x23,0x23,0x33,0x35,0x40,0x80,
    0x00,0xb0,0x43,0xc3,0x55,0x55,0x20,0x00,0x00,0x06,0x01,0x94,0x25,0x22,0x10,0xa0,0x00,0x00,0x60,0x00,0x24,0x21,0x07,0x00,
    0x00,0x00,0x01,0x02,0x54,0x11,0x00,0x00,0x00,0x00,0x00,0xd2,0x20,0x00,0x00,0x00,0x00,0x00,0x00,0x60,0x41,0x0a,0x00,0x00,
    0x00,0x00,0x0a,0x82,0x21,0x60,0x00,0x00,0x00,0x00,0x06,0x04,0x10,0x60,0x00,0x00,0x00,0x00,0x00,0x00,0x00,0x00,0x00,0x00,
};
static const lv_image_dsc_t emoji_1f9a9 = {
    .header = {.magic = LV_IMAGE_HEADER_MAGIC, .cf = LV_COLOR_FORMAT_I4, .w = 16, .h = 16, .stride = 8},
    .data_size = sizeof(emoji_1f9a9_pixels), .data = emoji_1f9a9_pixels,
};
static const uint8_t emoji_1f9aa_pixels[] = {
    0x00,0x00,0x00,0x00,0xde,0xde,0xe1,0xfd,0x95,0x98,0xa4,0xf8,0xb0,0xd1,0xfb,0xfe,0x6a,0x6c,0x76,0x0e,0x6a,0x71,0x88,0xf3,
    0x70,0x75,0x93,0x1a,0x74,0xae,0xf1,0xfe,0x69,0x6f,0x87,0x6a,0x91,0xb3,0xdc,0xfe,0x6a,0x6f,0x85,0x9c,0xff,0xff,0xff,0x01,
    0xa1,0xae,0xae,0x04,0x28,0x33,0x64,0x11,0x5d,0x62,0x7d,0x4c,0x63,0x66,0x7c,0xf4,0x00,0x00,0x00,0x4c,0x00,0xc6,0x88,0x60,
    0x00,0x00,0x06,0x00,0x4a,0x55,0x55,0xa4,0x00,0x00,0x40,0x6a,0x22,0x92,0xf5,0x56,0x00,0xbb,0x08,0xf2,0x11,0x13,0x95,0x56,
    0x00,0x00,0xa2,0x21,0x11,0x13,0x35,0xa0,0x40,0xd2,0x11,0x31,0x11,0x13,0x75,0x80,0xc0,0x01,0x13,0x33,0x33,0x37,0x05,0x60,
    0x0a,0x11,0x13,0x33,0x33,0x79,0x25,0x60,0x02,0x11,0x33,0x33,0x37,0x91,0x25,0x60,0xd2,0x11,0x77,0x97,0x79,0x11,0x25,0x60,
    0x0e,0x21,0x19,0x79,0x31,0x11,0x2e,0x04,0x40,0x02,0x11,0x11,0x11,0x11,0xa0,0x40,0x44,0x42,0x11,0x21,0x12,0x22,0x44,0x40,
    0x04,0x08,0x22,0x52,0x25,0x84,0x00,0x00,0x00,0xb0,0xd4,0x68,0x84,0x00,0xb0,0x00,0x00,0x00,0x00,0x00,0x00,0x00,0x00,0x00,
};
static const lv_image_dsc_t emoji_1f9aa = {
    .header = {.magic = LV_IMAGE_HEADER_MAGIC, .cf = LV_COLOR_FORMAT_I4, .w = 16, .h = 16, .stride = 8},
    .data_size = sizeof(emoji_1f9aa_pixels), .data = emoji_1f9aa_pixels,
};
static const uint8_t emoji_1f9ab_pixels[] = {
    0x00,0x00,0x01,0x00,0x6d,0x8a,0xb3,0xfb,0x5e,0x73,0x99,0xfc,0x5a,0x62,0x73,0x14,0x6b,0x87,0xb0,0xa1,0x4a,0x57,0x72,0xf7,
    0x76,0x96,0xc2,0xfe,0x68,0x8f,0xb3,0x23,0x14,0x75,0x79,0x0a,0x6c,0x76,0xac,0x08,0x5a,0x70,0x94,0x95,0x45,0x51,0x6e,0x5d,
    0x3c,0x3c,0x6b,0x0a,0x00,0x00,0xff,0x01,0x47,0x55,0x72,0xa9,0xff,0xff,0xff,0x01,0xd0,0x74,0x07,0x00,0x00,0x00,0x00,0x00,
    0x08,0x26,0x11,0xa3,0xd0,0x00,0x00,0x00,0x04,0x52,0x21,0x1c,0x03,0x00,0x00,0x00,0xf1,0x55,0x11,0x14,0x90,0x00,0x00,0x00,
    0x04,0x01,0x11,0x26,0x49,0x7d,0x88,0xc0,0x72,0x22,0x22,0x11,0x64,0x09,0x00,0x00,0x72,0x22,0x11,0x11,0x11,0x70,0x30,0xe3,
    0x04,0x61,0x21,0x21,0x11,0x4b,0x52,0x23,0x00,0x61,0x12,0x21,0x11,0x12,0x52,0xe0,0x00,0x11,0x11,0x11,0x11,0x15,0x5e,0xc0,
    0x39,0x41,0x11,0x11,0x16,0xa0,0x30,0x00,0x30,0x91,0x61,0x11,0x14,0xf0,0x0f,0x00,0x03,0x55,0xa4,0x22,0xa0,0x8c,0x30,0x00,
    0x03,0x3b,0x00,0x50,0x03,0x80,0x00,0x00,0x00,0x00,0x3b,0xb3,0x08,0x00,0x00,0x00,0x00,0x00,0x00,0x00,0x00,0x00,0x00,0x00,
};
static const lv_image_dsc_t emoji_1f9ab = {
    .header = {.magic = LV_IMAGE_HEADER_MAGIC, .cf = LV_COLOR_FORMAT_I4, .w = 16, .h = 16, .stride = 8},
    .data_size = sizeof(emoji_1f9ab_pixels), .data = emoji_1f9ab_pixels,
};
static const uint8_t emoji_1f9ac_pixels[] = {
    0x00,0x00,0x00,0x00,0x5d,0x6a,0x8f,0xf9,0x48,0x52,0x76,0xf8,0x3c,0x44,0x67,0xfd,0x59,0x65,0x8c,0x98,0x5d,0x68,0x9a,0x1d,
    0x5a,0x66,0x90,0x64,0x6d,0x70,0x73,0x04,0x32,0x38,0x55,0xfe,0x7e,0x99,0xc2,0x55,0x00,0x00,0xff,0x01,0x8d,0xa8,0xcb,0x0d,
    0x26,0x26,0x76,0x03,0x1f,0x7f,0x7f,0x03,0x7a,0x9a,0xc6,0x9c,0xa6,0xcc,0xeb,0xfd,0x00,0x00,0x00,0x00,0x00,0x00,0x00,0x00,
    0x00,0x05,0x64,0x44,0x60,0x77,0x00,0x00,0xb0,0x42,0x22,0x10,0x24,0x00,0xc5,0x00,0x00,0x33,0x33,0x2f,0x23,0x45,0x00,0x00,
    0x0e,0x23,0x28,0x1f,0x33,0x11,0x46,0x0a,0x06,0x13,0x33,0x21,0x23,0x21,0x11,0x60,0xd5,0x22,0x23,0x18,0x33,0x21,0x11,0x40,
    0x70,0x41,0x11,0x28,0x32,0x11,0x11,0x40,0x5a,0x42,0x11,0x83,0x31,0x11,0x11,0x15,0x7a,0x52,0x13,0x32,0x21,0x11,0x11,0x65,
    0x07,0x05,0x23,0x04,0x14,0x10,0x41,0x70,0x00,0x50,0x21,0x04,0x15,0x16,0x51,0x50,0x00,0xd0,0x61,0xc6,0x15,0x0b,0x41,0x50,
    0x00,0x00,0x61,0x04,0x05,0x00,0x09,0x07,0x00,0x00,0x90,0x09,0xeb,0xc0,0x00,0x00,0x00,0x00,0x00,0x00,0x00,0x00,0x00,0x00,
};
static const lv_image_dsc_t emoji_1f9ac = {
    .header = {.magic = LV_IMAGE_HEADER_MAGIC, .cf = LV_COLOR_FORMAT_I4, .w = 16, .h = 16, .stride = 8},
    .data_size = sizeof(emoji_1f9ac_pixels), .data = emoji_1f9ac_pixels,
};
static const uint8_t emoji_1f9ad_pixels[] = {
    0x00,0x00,0x00,0x00,0xde,0xd8,0xc9,0xf9,0xce,0xc7,0xb4,0xf9,0xee,0xed,0xe7,0x10,0xab,0xa6,0x9b,0xfc,0xb0,0xb0,0xb0,0x03,
    0xd2,0xca,0xb5,0xa3,0x7f,0x7a,0x76,0x03,0xdf,0xda,0xcb,0xa2,0xd8,0xd2,0xb5,0x19,0xc2,0xba,0xa6,0x96,0xe8,0xe2,0xd4,0x5b,
    0xc4,0xbc,0xa8,0xfe,0xee,0xb8,0xb1,0x0e,0xb0,0xa8,0x98,0xa8,0xff,0x7f,0x7f,0x02,0x00,0x00,0x00,0x03,0x00,0x00,0x00,0x00,
    0x30,0xfb,0x88,0xb0,0x30,0x05,0x00,0x30,0x35,0x84,0x21,0x23,0x0d,0x00,0x00,0x00,0x0b,0x24,0x44,0x48,0x0f,0x3a,0x70,0x03,
    0x31,0x12,0x44,0x4e,0x30,0x31,0xea,0x29,0x31,0x11,0x11,0x16,0x05,0x31,0x21,0xb0,0x31,0x11,0x11,0x11,0x30,0x31,0x11,0x03,
    0x31,0x11,0x11,0x12,0x18,0x11,0x16,0x39,0x31,0x12,0x11,0x12,0x11,0x11,0x10,0x0d,0x08,0x11,0xc1,0x22,0x12,0x12,0x29,0x00,
    0x03,0x11,0x1c,0x22,0x22,0x21,0x60,0x50,0x50,0xa1,0x12,0x2c,0x42,0x12,0x97,0x70,0x05,0x0a,0x22,0x21,0x12,0x2d,0x07,0x00,
    0x00,0x30,0x96,0x66,0x60,0x00,0x70,0x00,0x00,0x05,0x00,0x00,0x00,0x07,0x00,0x00,0x00,0x00,0x00,0x00,0x00,0x00,0x00,0x00,
};
static const lv_image_dsc_t emoji_1f9ad = {
    .header = {.magic = LV_IMAGE_HEADER_MAGIC, .cf = LV_COLOR_FORMAT_I4, .w = 16, .h = 16, .stride = 8},
    .data_size = sizeof(emoji_1f9ad_pixels), .data = emoji_1f9ad_pixels,
};
static const uint8_t emoji_1f9ae_pixels[] = {
    0x00,0x00,0x00,0x00,0x0f,0xad,0xf1,0xfa,0x05,0xb4,0xfb,0x1a,0x00,0xec,0xff,0x09,0x05,0xc5,0xfc,0xfa,0x0d,0xb1,0xf6,0xa2,
    0x1a,0xac,0xef,0x60,0x5c,0x76,0xd1,0xe6,0xb0,0xaf,0xab,0x5e,0x32,0x7f,0xbf,0x04,0x5d,0x73,0xce,0x62,0x5f,0x74,0xd3,0x1b,
    0x0a,0x7f,0xf4,0x03,0xb3,0xb7,0xbb,0x09,0x7a,0x76,0x72,0x0d,0x5f,0x6f,0x91,0xfd,0xe0,0x03,0x00,0x00,0x00,0xdd,0x00,0x33,
    0x00,0x54,0x52,0x30,0x0d,0x88,0xe0,0x00,0xe5,0x11,0x45,0x30,0xd8,0x88,0x00,0x22,0x01,0x41,0x11,0x00,0x80,0x00,0x33,0x12,
    0x36,0x01,0x00,0x00,0x00,0x62,0x05,0x10,0x00,0x00,0x04,0x1f,0x04,0x11,0x51,0x50,0x0c,0x00,0x11,0xff,0x11,0x11,0x45,0x2c,
    0x09,0x00,0x11,0x10,0x14,0x11,0x40,0x02,0x0c,0x03,0x44,0x41,0x11,0x11,0x46,0xc2,0x00,0x90,0x61,0x11,0x56,0x71,0x45,0x02,
    0x00,0x93,0xa7,0x61,0x20,0x70,0x51,0x20,0x00,0x90,0xa7,0x21,0x20,0x7a,0x31,0x20,0x00,0x90,0x07,0x31,0x3b,0x7b,0x31,0x60,
    0x00,0xe0,0xaa,0x01,0x3b,0xb0,0x25,0x20,0x00,0x00,0x00,0x22,0x00,0x00,0x00,0x00,0x00,0x00,0x00,0x00,0x00,0x00,0x00,0x00,
};
static const lv_image_dsc_t emoji_1f9ae = {
    .header = {.magic = LV_IMAGE_HEADER_MAGIC, .cf = LV_COLOR_FORMAT_I4, .w = 16, .h = 16, .stride = 8},
    .data_size = sizeof(emoji_1f9ae_pixels), .data = emoji_1f9ae_pixels,
};
static const uint8_t emoji_1f9af_pixels[] = {
    0x00,0x00,0x00,0x00,0x7c,0x7b,0x7a,0x05,0xe5,0xdf,0xda,0xed,0xaf,0xaa,0xa4,0x09,0xff,0xff,0xff,0x01,0xb2,0xa8,0x92,0x64,
    0xe9,0xe9,0xe9,0xb4,0xee,0xe3,0xa8,0x07,0x53,0x55,0xdc,0xe8,0x67,0x66,0x63,0xf5,0x66,0x57,0x95,0x15,0xfc,0xf0,0x7f,0x0b,
    0xcb,0xb3,0x8f,0x1b,0x7f,0x7f,0xff,0x02,0xe0,0xd2,0xb3,0x5d,0x6a,0x6a,0x69,0xb0,0x00,0x00,0x00,0x00,0x00,0x01,0x00,0x00,
    0x00,0x00,0x00,0x00,0x00,0x44,0x0f,0x90,0x00,0x00,0x00,0x00,0x04,0x00,0xf9,0x07,0x00,0x00,0x00,0x00,0x11,0x00,0x90,0x53,
    0x00,0x00,0x00,0x01,0xb0,0x62,0x15,0x53,0x00,0x00,0x00,0x14,0x06,0x2c,0x05,0x50,0x00,0x00,0x01,0x10,0x62,0x00,0x10,0x00,
    0x00,0x00,0xd0,0x06,0x20,0x00,0x01,0x10,0x00,0x01,0xb0,0x62,0xc0,0x70,0x00,0x00,0x00,0x04,0x00,0x0b,0x07,0x00,0x00,0x00,
    0x03,0x00,0x08,0x00,0x30,0x00,0x00,0x00,0x00,0x00,0x8a,0x03,0x00,0x00,0x00,0x00,0x00,0x28,0xa0,0xa0,0x00,0x00,0x00,0x00,
    0x72,0x2e,0x03,0x00,0x00,0x00,0x00,0x00,0x0e,0x0c,0xd4,0x00,0x00,0x00,0x00,0x00,0x00,0x00,0x00,0x00,0x00,0x00,0x00,0x00,
};
static const lv_image_dsc_t emoji_1f9af = {
    .header = {.magic = LV_IMAGE_HEADER_MAGIC, .cf = LV_COLOR_FORMAT_I4, .w = 16, .h = 16, .stride = 8},
    .data_size = sizeof(emoji_1f9af_pixels), .data = emoji_1f9af_pixels,
};
static const uint8_t emoji_1f9d0_pixels[] = {
    0x00,0x00,0x00,0x00,0x2d,0xd3,0xfa,0xfd,0x28,0xb2,0xe4,0xf0,0x1d,0xa8,0xf5,0x98,0x5e,0x97,0xa3,0xfe,0x10,0x9e,0xf8,0x23,
    0x00,0xff,0xff,0x01,0x29,0x8f,0xa8,0xfe,0x00,0x00,0xf2,0x03,0x1f,0x5e,0x75,0xfe,0x1b,0x73,0x91,0xfc,0x09,0x6f,0xec,0x11,
    0xa1,0xd8,0xe1,0xff,0x18,0x9c,0xed,0x40,0x7e,0xc8,0xd5,0xff,0x00,0x00,0x7f,0x02,0x00,0x06,0x00,0xb5,0x5b,0x00,0x60,0x00,
    0x00,0x60,0xd3,0x22,0x21,0x0d,0x06,0x00,0x66,0xf3,0x11,0x11,0x11,0x21,0x38,0x08,0x50,0x32,0xaa,0x21,0x29,0x0a,0x13,0x00,
    0x05,0x12,0x7a,0x22,0x0c,0xc4,0x21,0x50,0x03,0x11,0x90,0x14,0xc4,0x4c,0x71,0x30,0x02,0x11,0xa9,0x14,0xe0,0x4e,0x02,0x30,
    0x02,0x11,0x11,0x17,0x40,0xe4,0x72,0x20,0x02,0x11,0x11,0x11,0x24,0x41,0x22,0x20,0x03,0x11,0x17,0x99,0x71,0x11,0x22,0x30,
    0x05,0x21,0x11,0x11,0x72,0x11,0x22,0x50,0x50,0x31,0x11,0x11,0x11,0x11,0x20,0x00,0x86,0xf3,0x11,0x11,0x11,0x12,0x00,0x80,
    0x00,0x60,0xd3,0x22,0x22,0x35,0x00,0x00,0x00,0x00,0x00,0x8b,0xb8,0x00,0x00,0x00,0x00,0x00,0x00,0x00,0x00,0x00,0x00,0x00,
};
static const lv_image_dsc_t emoji_1f9d0 = {
    .header = {.magic = LV_IMAGE_HEADER_MAGIC, .cf = LV_COLOR_FORMAT_I4, .w = 16, .h = 16, .stride = 8},
    .data_size = sizeof(emoji_1f9d0_pixels), .data = emoji_1f9d0_pixels,
};
static const uint8_t emoji_1fae0_pixels[] = {
    0x00,0x00,0x00,0x00,0x2c,0xd0,0xfc,0xfd,0x24,0xb1,0xed,0xf3,0x15,0xa1,0xf3,0x15,0x1b,0xaa,0xf3,0xa5,0x1e,0xa7,0xf0,0x61,
    0x07,0x79,0xe6,0x0d,0x15,0x51,0x71,0xff,0x20,0x8d,0xad,0xff,0x00,0xff,0xff,0x01,0x1b,0x72,0x98,0xfd,0x10,0x39,0x54,0xff,
    0x00,0x00,0xff,0x01,0x7f,0xff,0xff,0x0a,0x08,0x0a,0x21,0xff,0x00,0x00,0xaa,0x03,0x00,0x06,0x00,0x00,0x00,0x00,0x00,0x00,
    0x00,0x90,0x65,0x44,0x45,0x30,0x90,0x00,0x06,0x03,0x21,0x11,0x11,0x15,0x03,0x00,0x99,0x32,0x11,0x11,0x11,0x11,0x50,0x30,
    0x30,0x41,0x11,0x78,0x11,0x11,0x13,0x09,0x03,0x11,0x12,0xe8,0x11,0x11,0x14,0x03,0x05,0x11,0x21,0x81,0x12,0x81,0x12,0x09,
    0x05,0x11,0x8a,0x11,0x17,0x71,0x12,0x60,0x05,0x12,0x1b,0xa1,0x17,0x81,0x12,0x00,0x32,0x22,0x22,0xb7,0x22,0x12,0x21,0x46,
    0x64,0x22,0x22,0x2a,0x77,0xa2,0x24,0x53,0x00,0x34,0x12,0x12,0x22,0xa2,0x10,0xd0,0x33,0x51,0x21,0x11,0x21,0x11,0x21,0x50,
    0xc0,0x63,0x35,0x44,0x22,0x45,0x66,0xf0,0x00,0x00,0x00,0x00,0x00,0x00,0x00,0x00,0x00,0x00,0x00,0x00,0x00,0x00,0x00,0x00,
};
static const lv_image_dsc_t emoji_1fae0 = {
    .header = {.magic = LV_IMAGE_HEADER_MAGIC, .cf = LV_COLOR_FORMAT_I4, .w = 16, .h = 16, .stride = 8},
    .data_size = sizeof(emoji_1fae0_pixels), .data = emoji_1fae0_pixels,
};
static const uint8_t emoji_1fae1_pixels[] = {
    0x2e,0xd5,0xfb,0xfe,0x00,0x00,0x00,0x00,0x23,0xb0,0xe8,0xf2,0x54,0xd6,0xf8,0xf8,0x1f,0xa6,0xf1,0xa7,0x16,0x9a,0xed,0x66,
    0x0e,0x98,0xf2,0x1e,0x02,0x74,0xea,0x14,0x13,0x4b,0x62,0xff,0x00,0xff,0xff,0x01,0x00,0x1e,0xb9,0x08,0x47,0xb9,0xed,0xee,
    0x1f,0x89,0xa5,0xff,0x00,0x00,0xff,0x01,0x17,0x73,0xcf,0x40,0x7f,0x7f,0xff,0x02,0x17,0x11,0x1a,0x75,0x50,0x11,0x61,0x11,
    0xd1,0x17,0x4b,0xb3,0x34,0x56,0x19,0x11,0x1e,0xb3,0x3b,0xb3,0x20,0x02,0x51,0x61,0x03,0x33,0x33,0x22,0x00,0x00,0x05,0x16,
    0x63,0x33,0x30,0x22,0x00,0x00,0x02,0x61,0x03,0x30,0x02,0x20,0x00,0x20,0x00,0x41,0x14,0x22,0x20,0x80,0x0c,0x02,0x00,0x21,
    0x14,0x00,0x08,0xc0,0x02,0x80,0x00,0x2a,0x14,0x00,0x00,0x00,0x00,0x00,0x00,0x2d,0x14,0x00,0x00,0x00,0x00,0x00,0x00,0x41,
    0x16,0x00,0x0c,0x88,0x88,0xc0,0x00,0x51,0x01,0x40,0x00,0x22,0x22,0x00,0x02,0xaf,0x97,0x74,0x00,0x00,0x00,0x00,0x27,0x97,
    0x1d,0x11,0x52,0x22,0x22,0x25,0xa1,0x91,0x11,0x91,0x11,0x65,0x56,0xa1,0x19,0x11,0x11,0x11,0x11,0x11,0x11,0x11,0x11,0x11,
};
static const lv_image_dsc_t emoji_1fae1 = {
    .header = {.magic = LV_IMAGE_HEADER_MAGIC, .cf = LV_COLOR_FORMAT_I4, .w = 16, .h = 16, .stride = 8},
    .data_size = sizeof(emoji_1fae1_pixels), .data = emoji_1fae1_pixels,
};
static const uint8_t emoji_1fae2_pixels[] = {
    0x2d,0xd3,0xfb,0xfd,0x00,0x00,0x00,0x00,0x28,0xb2,0xee,0xf1,0x16,0x9f,0xf1,0x5f,0x0d,0x9f,0xf7,0x12,0x54,0xd7,0xf7,0xfe,
    0x1e,0xa7,0xf2,0xa9,0x00,0xff,0xff,0x01,0x46,0xb6,0xea,0xff,0x00,0x00,0xff,0x01,0x1b,0x6f,0x8a,0xff,0x1f,0x88,0xa2,0xff,
    0x12,0x42,0x58,0xff,0x00,0x7f,0xee,0x10,0x55,0xaa,0xff,0x03,0x0d,0x21,0x3a,0xff,0x11,0x71,0x11,0x43,0x34,0x11,0x17,0x11,
    0x17,0x19,0x32,0x20,0x00,0x23,0x91,0x71,0x70,0x46,0x00,0x00,0x00,0x00,0x64,0xd7,0x71,0x60,0x00,0x00,0x00,0x00,0x06,0x10,
    0x13,0x00,0x02,0x00,0x00,0x20,0x00,0x31,0x16,0x00,0x20,0xa0,0x0a,0xf2,0x00,0x61,0x12,0x00,0x0c,0xb0,0x0b,0xc0,0x00,0x21,
    0x12,0x00,0x00,0x00,0x20,0x00,0x00,0x21,0x16,0x00,0x08,0x00,0x82,0x80,0x00,0x61,0x16,0x00,0x05,0x25,0x85,0x22,0x00,0x61,
    0x14,0x20,0x25,0x55,0x58,0x22,0x02,0x41,0xe1,0x30,0x25,0x55,0x55,0x22,0x23,0x14,0x14,0x13,0x20,0x00,0x00,0x22,0x31,0x41,
    0x11,0x71,0xd0,0x00,0x06,0x34,0x17,0x11,0x11,0x14,0x19,0x33,0x01,0x11,0x41,0x11,0x11,0x11,0x11,0x11,0x11,0x11,0x11,0x11,
};
static const lv_image_dsc_t emoji_1fae2 = {
    .header = {.magic = LV_IMAGE_HEADER_MAGIC, .cf = LV_COLOR_FORMAT_I4, .w = 16, .h = 16, .stride = 8},
    .data_size = sizeof(emoji_1fae2_pixels), .data = emoji_1fae2_pixels,
};
static const uint8_t emoji_1fae3_pixels[] = {
    0x57,0xda,0xf8,0xfd,0x00,0x00,0x00,0x00,0x2e,0xd1,0xfb,0xfa,0x2a,0xaf,0xef,0xef,0x1a,0xa3,0xf6,0x1f,0x20,0x97,0xe6,0x65,
    0x4e,0xb8,0xe9,0xff,0x08,0x6e,0xe6,0x0e,0x06,0xf8,0xff,0x03,0x1a,0x99,0xe7,0x96,0x00,0x11,0xe8,0x05,0x00,0x1e,0xac,0x13,
    0xd6,0xec,0xf6,0xff,0x25,0x5b,0x83,0xfe,0x43,0xce,0xf7,0xaa,0x7f,0xff,0xff,0x02,0x11,0x71,0x11,0x44,0x44,0x11,0x41,0x11,
    0x17,0x17,0x53,0x33,0x33,0x94,0x18,0x11,0x71,0x43,0x22,0x22,0x22,0x22,0x51,0x41,0x74,0x32,0x22,0x22,0x22,0x22,0x25,0x10,
    0x15,0x22,0x33,0x32,0x20,0x33,0x23,0x7f,0x13,0x23,0x60,0x62,0xcc,0x06,0x32,0x51,0x53,0x30,0x00,0x06,0xcd,0x00,0x03,0x35,
    0x50,0x30,0x00,0x06,0x00,0x60,0x03,0x05,0xb0,0x00,0x00,0x06,0x00,0x60,0x00,0x0b,0x72,0x00,0x00,0x06,0x60,0x00,0x00,0xe1,
    0x72,0x00,0x00,0x03,0x00,0x00,0x00,0xea,0x12,0x22,0x00,0x2d,0x00,0x00,0x00,0x01,0x84,0x22,0x22,0x32,0x23,0x22,0x22,0x88,
    0x81,0x79,0x99,0x33,0x39,0x99,0x5b,0x18,0x18,0x11,0x11,0x1a,0xa1,0x11,0x11,0x81,0x11,0x11,0x11,0x11,0x11,0x11,0x11,0x11,
};
static const lv_image_dsc_t emoji_1fae3 = {
    .header = {.magic = LV_IMAGE_HEADER_MAGIC, .cf = LV_COLOR_FORMAT_I4, .w = 16, .h = 16, .stride = 8},
    .data_size = sizeof(emoji_1fae3_pixels), .data = emoji_1fae3_pixels,
};
static const uint8_t emoji_1fae4_pixels[] = {
    0x2e,0xd6,0xfb,0xfd,0x00,0x00,0x00,0x00,0x24,0xb7,0xf1,0xea,0x1a,0xa5,0xf2,0x9a,0x00,0xff,0xff,0x01,0x14,0xa1,0xf7,0x24,
    0x22,0x96,0xb2,0xfe,0x00,0x00,0xf2,0x03,0x00,0x74,0xf4,0x14,0x19,0x68,0x83,0xfe,0x14,0x52,0x6a,0xff,0x00,0xaa,0xaa,0x03,
    0x0a,0x12,0x2a,0xff,0x55,0xaa,0xff,0x03,0x07,0x8f,0xeb,0x40,0x10,0x3b,0x52,0xff,0x11,0x14,0x11,0x85,0x58,0x11,0x41,0x11,
    0x11,0x41,0x53,0x22,0x22,0x35,0x14,0x11,0x44,0x83,0x00,0x00,0x00,0x00,0x37,0xb4,0x51,0x30,0x00,0x00,0x00,0x00,0x03,0x1d,
    0x15,0x20,0x00,0x00,0x00,0x00,0x02,0x51,0x13,0x00,0x06,0x20,0x00,0x60,0x00,0x31,0x12,0x00,0x2c,0xa0,0x09,0xc2,0x00,0x31,
    0x12,0x00,0x09,0x60,0x06,0x90,0x00,0x21,0x12,0x00,0x00,0x00,0x00,0x00,0x00,0x31,0x13,0x00,0x00,0x00,0x69,0xf6,0x00,0x31,
    0x15,0x20,0x06,0xaa,0xa6,0x20,0x02,0x81,0x51,0x30,0x09,0x60,0x00,0x00,0x03,0x15,0x74,0x73,0x00,0x00,0x00,0x02,0x31,0xb7,
    0x11,0x41,0xe3,0x22,0x22,0x35,0x14,0x11,0x11,0x14,0x11,0x78,0x87,0x11,0x41,0x11,0x11,0x11,0x11,0x11,0x11,0x11,0x11,0x11,
};
static const lv_image_dsc_t emoji_1fae4 = {
    .header = {.magic = LV_IMAGE_HEADER_MAGIC, .cf = LV_COLOR_FORMAT_I4, .w = 16, .h = 16, .stride = 8},
    .data_size = sizeof(emoji_1fae4_pixels), .data = emoji_1fae4_pixels,
};
static const uint8_t emoji_1fae5_pixels[] = {
    0x00,0x00,0x00,0x00,0x11,0xa0,0xed,0x15,0x1a,0xe7,0xfd,0x0c,0x13,0xa1,0xf1,0x5b,0x00,0x54,0xa2,0x17,0x4d,0xd6,0xfe,0x18,
    0x00,0x00,0xff,0x01,0x00,0x7c,0xf2,0x03,0x06,0x5a,0xa3,0x9d,0x49,0xd0,0xfd,0x67,0x00,0x3d,0x81,0x61,0x00,0x3d,0x82,0xad,
    0x14,0xa2,0xf0,0x8f,0x0a,0x6d,0xbb,0xf6,0x00,0x41,0x89,0x62,0x00,0x3e,0x84,0x3c,0x00,0x60,0x00,0x55,0x55,0x10,0x02,0x00,
    0x02,0x05,0x95,0x59,0x59,0x95,0x00,0x60,0x60,0x55,0x92,0x00,0x00,0x15,0x02,0x72,0x72,0x02,0x00,0x05,0x00,0x00,0x22,0x02,
    0x05,0x20,0x04,0x40,0x04,0x40,0x03,0x30,0x23,0x02,0x40,0x80,0x08,0xd4,0x01,0x30,0x1c,0x10,0x4d,0x80,0x08,0xd4,0x00,0x11,
    0x12,0x00,0x04,0x40,0x04,0x40,0x72,0xc1,0x13,0x16,0x00,0x00,0x00,0x00,0x00,0x11,0x23,0x06,0xf8,0xbb,0xbb,0x8f,0x71,0x30,
    0x07,0x10,0x4e,0xaa,0xaa,0xe4,0x03,0x30,0x71,0xc1,0x00,0x00,0x00,0x00,0x11,0x06,0x60,0x71,0x31,0x00,0x00,0x41,0xc1,0x76,
    0x06,0x01,0x31,0x13,0x13,0x37,0x00,0x00,0x00,0x60,0x00,0x13,0x11,0x10,0x06,0x00,0x00,0x00,0x00,0x00,0x00,0x00,0x00,0x00,
};
static const lv_image_dsc_t emoji_1fae5 = {
    .header = {.magic = LV_IMAGE_HEADER_MAGIC, .cf = LV_COLOR_FORMAT_I4, .w = 16, .h = 16, .stride = 8},
    .data_size = sizeof(emoji_1fae5_pixels), .data = emoji_1fae5_pixels,
};
static const uint8_t emoji_1fae6_pixels[] = {
    0x00,0x00,0x00,0x00,0x93,0x51,0xf2,0xf3,0x98,0x4f,0xf2,0x0f,0x7f,0x7b,0xfb,0x02,0x90,0x4e,0xf1,0xa5,0x92,0x4e,0xf2,0x5d,
    0xf8,0xf5,0xfa,0xff,0xb3,0x8a,0xee,0xfd,0x7c,0x3d,0xe6,0x06,0x00,0x00,0xff,0x01,0xff,0x00,0xff,0x01,0xc6,0xa9,0xef,0xfe,
    0x7f,0x3f,0xbf,0x04,0x72,0x5f,0x9c,0xfa,0x5e,0x37,0xa6,0xfb,0x9f,0x94,0xba,0xff,0x00,0x00,0x00,0x00,0x00,0x00,0x00,0x00,
    0x00,0x00,0x00,0x00,0x00,0x00,0x00,0x00,0x00,0x00,0x23,0x02,0xc0,0xa8,0x90,0x00,0x00,0xa0,0x00,0x00,0x00,0x00,0x03,0x00,
    0x03,0x00,0x54,0x14,0x41,0x15,0x80,0x30,0x30,0x24,0x11,0x11,0x11,0x11,0x12,0x03,0x02,0x11,0x11,0x17,0x71,0x11,0x11,0x20,
    0x34,0x1d,0xb6,0x66,0x66,0x66,0x11,0x48,0x21,0x10,0x11,0x7b,0xbf,0xd0,0x00,0x12,0x08,0x54,0x11,0x11,0x11,0xee,0x11,0x50,
    0x00,0x00,0x25,0x11,0x17,0x71,0x14,0x03,0x09,0x2c,0x00,0x02,0x54,0x14,0x50,0x30,0x00,0x00,0xa2,0x90,0x00,0x00,0x03,0x00,
    0x00,0x00,0x00,0x03,0x82,0x3c,0x20,0x00,0x00,0x00,0x00,0x00,0x00,0x00,0x00,0x00,0x00,0x00,0x00,0x00,0x00,0x00,0x00,0x00,
};
static const lv_image_dsc_t emoji_1fae6 = {
    .header = {.magic = LV_IMAGE_HEADER_MAGIC, .cf = LV_COLOR_FORMAT_I4, .w = 16, .h = 16, .stride = 8},
    .data_size = sizeof(emoji_1fae6_pixels), .data = emoji_1fae6_pixels,
};
static const uint8_t emoji_1fae7_pixels[] = {
    0x00,0x00,0x00,0x00,0xe0,0xcc,0x4d,0x68,0xe1,0xcb,0x53,0x94,0xee,0xdd,0x62,0x13,0xed,0xe4,0x9f,0x9c,0xdb,0xc5,0x32,0x62,
    0xe8,0xb4,0x51,0x0a,0xd8,0xb1,0x1c,0x1d,0xf0,0xe4,0xa6,0xca,0xf7,0xf3,0xd5,0xb5,0xf9,0xf6,0xe2,0xd6,0xff,0xff,0x00,0x01,
    0xda,0xba,0x24,0x58,0xff,0x00,0x00,0x01,0xe5,0xcf,0x64,0xc5,0xde,0xc7,0x3e,0x9c,0x00,0x06,0x51,0xc7,0x00,0x00,0x00,0x00,
    0x30,0x12,0x42,0x8e,0x10,0x30,0x00,0x00,0x01,0xe9,0xa4,0x94,0xf1,0x06,0x66,0xd0,0x62,0x9a,0x41,0x55,0x12,0x60,0x00,0x00,
    0x32,0x94,0x51,0x11,0x12,0x30,0x51,0x60,0x32,0x11,0x11,0x11,0x12,0xc4,0x82,0x23,0x62,0x11,0x11,0x15,0xa4,0xca,0x41,0x87,
    0x01,0x21,0x11,0x19,0xa5,0x32,0x54,0x87,0x06,0x22,0x54,0xa8,0x27,0x7c,0x22,0x10,0xd0,0x31,0x22,0x2c,0x72,0x24,0x27,0x0b,
    0x0b,0x00,0x03,0x30,0x58,0x94,0x21,0x30,0x00,0xd6,0x00,0x06,0x21,0x15,0x51,0xd0,0x00,0x00,0x00,0x0b,0x21,0x11,0x42,0x03,
    0x00,0x00,0x00,0x30,0x32,0x14,0x87,0x03,0x00,0x00,0x00,0x0b,0x03,0x11,0x70,0xb0,0x00,0x00,0x00,0x00,0x00,0x00,0x00,0x00,
};
static const lv_image_dsc_t emoji_1fae7 = {
    .header = {.magic = LV_IMAGE_HEADER_MAGIC, .cf = LV_COLOR_FORMAT_I4, .w = 16, .h = 16, .stride = 8},
    .data_size = sizeof(emoji_1fae7_pixels), .data = emoji_1fae7_pixels,
};
static const uint8_t emoji_1fae8_pixels[] = {
    0x00,0x00,0x00,0x00,0x2e,0xd4,0xfb,0xfd,0x26,0xb2,0xeb,0xed,0x4c,0xb9,0xec,0x61,0x24,0xac,0xf2,0xa4,0x4b,0xb5,0xf0,0x24,
    0x49,0xb7,0xed,0x8c,0x1f,0xa6,0xf2,0x21,0x00,0x71,0xec,0x0d,0x75,0xe2,0xf6,0x09,0x00,0xff,0xff,0x01,0x29,0xaa,0xf1,0x67,
    0x1e,0x6f,0x8c,0xfe,0x26,0x8c,0xaf,0xff,0x16,0x52,0x6d,0xfe,0x0e,0x30,0x48,0xfe,0x00,0x00,0x8a,0x00,0x00,0x95,0x50,0x00,
    0x00,0x0a,0x00,0x7b,0x4b,0xb3,0x35,0x09,0x00,0xa0,0x74,0x11,0x11,0x22,0x66,0x50,0x00,0x07,0x11,0x11,0x12,0x21,0x26,0x37,
    0xa0,0x72,0x11,0x11,0xec,0xd1,0x14,0x33,0x05,0x41,0x11,0x11,0xcf,0xd1,0x12,0x39,0x03,0x41,0x2e,0xc1,0x1d,0x11,0x12,0x49,
    0x03,0x22,0xce,0x01,0x11,0x11,0x12,0xb9,0x53,0x41,0x2d,0x21,0x2e,0xd1,0x12,0x80,0x76,0x41,0x11,0x11,0xc0,0xf1,0x14,0x05,
    0x03,0x62,0x11,0x11,0x2f,0xe1,0x28,0xa8,0xa5,0x66,0x21,0x11,0x11,0x12,0x70,0x80,0x90,0x56,0x64,0x22,0x22,0x48,0x00,0x00,
    0x09,0x05,0x33,0xbb,0x78,0x00,0x80,0x00,0x00,0xa0,0x00,0x90,0x00,0x70,0x00,0x00,0x00,0x00,0x00,0x00,0x00,0x00,0x00,0x00,
};
static const lv_image_dsc_t emoji_1fae8 = {
    .header = {.magic = LV_IMAGE_HEADER_MAGIC, .cf = LV_COLOR_FORMAT_I4, .w = 16, .h = 16, .stride = 8},
    .data_size = sizeof(emoji_1fae8_pixels), .data = emoji_1fae8_pixels,
};
static const struct { uint32_t codepoint; const lv_image_dsc_t *image; } color_glyphs[] = {
    {0x2600, &emoji_2600},
    {0x2601, &emoji_2601},
    {0x2602, &emoji_2602},
    {0x2603, &emoji_2603},
    {0x2604, &emoji_2604},
    {0x2614, &emoji_2614},
    {0x2615, &emoji_2615},
    {0x2639, &emoji_2639},
    {0x263a, &emoji_263a},
    {0x2764, &emoji_2764},
    {0x1f389, &emoji_1f389},
    {0x1f38a, &emoji_1f38a},
    {0x1f400, &emoji_1f400},
    {0x1f401, &emoji_1f401},
    {0x1f402, &emoji_1f402},
    {0x1f403, &emoji_1f403},
    {0x1f404, &emoji_1f404},
    {0x1f405, &emoji_1f405},
    {0x1f406, &emoji_1f406},
    {0x1f407, &emoji_1f407},
    {0x1f408, &emoji_1f408},
    {0x1f409, &emoji_1f409},
    {0x1f40a, &emoji_1f40a},
    {0x1f40b, &emoji_1f40b},
    {0x1f40c, &emoji_1f40c},
    {0x1f40d, &emoji_1f40d},
    {0x1f40e, &emoji_1f40e},
    {0x1f40f, &emoji_1f40f},
    {0x1f410, &emoji_1f410},
    {0x1f411, &emoji_1f411},
    {0x1f412, &emoji_1f412},
    {0x1f413, &emoji_1f413},
    {0x1f414, &emoji_1f414},
    {0x1f415, &emoji_1f415},
    {0x1f416, &emoji_1f416},
    {0x1f417, &emoji_1f417},
    {0x1f418, &emoji_1f418},
    {0x1f419, &emoji_1f419},
    {0x1f41a, &emoji_1f41a},
    {0x1f41b, &emoji_1f41b},
    {0x1f41c, &emoji_1f41c},
    {0x1f41d, &emoji_1f41d},
    {0x1f41e, &emoji_1f41e},
    {0x1f41f, &emoji_1f41f},
    {0x1f420, &emoji_1f420},
    {0x1f421, &emoji_1f421},
    {0x1f422, &emoji_1f422},
    {0x1f423, &emoji_1f423},
    {0x1f424, &emoji_1f424},
    {0x1f425, &emoji_1f425},
    {0x1f426, &emoji_1f426},
    {0x1f427, &emoji_1f427},
    {0x1f428, &emoji_1f428},
    {0x1f429, &emoji_1f429},
    {0x1f42a, &emoji_1f42a},
    {0x1f42b, &emoji_1f42b},
    {0x1f42c, &emoji_1f42c},
    {0x1f42d, &emoji_1f42d},
    {0x1f42e, &emoji_1f42e},
    {0x1f42f, &emoji_1f42f},
    {0x1f430, &emoji_1f430},
    {0x1f431, &emoji_1f431},
    {0x1f432, &emoji_1f432},
    {0x1f433, &emoji_1f433},
    {0x1f434, &emoji_1f434},
    {0x1f435, &emoji_1f435},
    {0x1f436, &emoji_1f436},
    {0x1f437, &emoji_1f437},
    {0x1f438, &emoji_1f438},
    {0x1f439, &emoji_1f439},
    {0x1f43a, &emoji_1f43a},
    {0x1f43b, &emoji_1f43b},
    {0x1f43c, &emoji_1f43c},
    {0x1f43d, &emoji_1f43d},
    {0x1f43e, &emoji_1f43e},
    {0x1f43f, &emoji_1f43f},
    {0x1f44a, &emoji_1f44a},
    {0x1f44b, &emoji_1f44b},
    {0x1f44c, &emoji_1f44c},
    {0x1f44d, &emoji_1f44d},
    {0x1f44e, &emoji_1f44e},
    {0x1f44f, &emoji_1f44f},
    {0x1f450, &emoji_1f450},
    {0x1f493, &emoji_1f493},
    {0x1f494, &emoji_1f494},
    {0x1f495, &emoji_1f495},
    {0x1f496, &emoji_1f496},
    {0x1f497, &emoji_1f497},
    {0x1f498, &emoji_1f498},
    {0x1f499, &emoji_1f499},
    {0x1f49a, &emoji_1f49a},
    {0x1f49b, &emoji_1f49b},
    {0x1f49c, &emoji_1f49c},
    {0x1f49d, &emoji_1f49d},
    {0x1f49e, &emoji_1f49e},
    {0x1f49f, &emoji_1f49f},
    {0x1f4a9, &emoji_1f4a9},
    {0x1f525, &emoji_1f525},
    {0x1f600, &emoji_1f600},
    {0x1f601, &emoji_1f601},
    {0x1f602, &emoji_1f602},
    {0x1f603, &emoji_1f603},
    {0x1f604, &emoji_1f604},
    {0x1f605, &emoji_1f605},
    {0x1f606, &emoji_1f606},
    {0x1f607, &emoji_1f607},
    {0x1f608, &emoji_1f608},
    {0x1f609, &emoji_1f609},
    {0x1f60a, &emoji_1f60a},
    {0x1f60b, &emoji_1f60b},
    {0x1f60c, &emoji_1f60c},
    {0x1f60d, &emoji_1f60d},
    {0x1f60e, &emoji_1f60e},
    {0x1f60f, &emoji_1f60f},
    {0x1f610, &emoji_1f610},
    {0x1f611, &emoji_1f611},
    {0x1f612, &emoji_1f612},
    {0x1f613, &emoji_1f613},
    {0x1f614, &emoji_1f614},
    {0x1f615, &emoji_1f615},
    {0x1f616, &emoji_1f616},
    {0x1f617, &emoji_1f617},
    {0x1f618, &emoji_1f618},
    {0x1f619, &emoji_1f619},
    {0x1f61a, &emoji_1f61a},
    {0x1f61b, &emoji_1f61b},
    {0x1f61c, &emoji_1f61c},
    {0x1f61d, &emoji_1f61d},
    {0x1f61e, &emoji_1f61e},
    {0x1f61f, &emoji_1f61f},
    {0x1f620, &emoji_1f620},
    {0x1f621, &emoji_1f621},
    {0x1f622, &emoji_1f622},
    {0x1f623, &emoji_1f623},
    {0x1f624, &emoji_1f624},
    {0x1f625, &emoji_1f625},
    {0x1f626, &emoji_1f626},
    {0x1f627, &emoji_1f627},
    {0x1f628, &emoji_1f628},
    {0x1f629, &emoji_1f629},
    {0x1f62a, &emoji_1f62a},
    {0x1f62b, &emoji_1f62b},
    {0x1f62c, &emoji_1f62c},
    {0x1f62d, &emoji_1f62d},
    {0x1f62e, &emoji_1f62e},
    {0x1f62f, &emoji_1f62f},
    {0x1f630, &emoji_1f630},
    {0x1f631, &emoji_1f631},
    {0x1f632, &emoji_1f632},
    {0x1f633, &emoji_1f633},
    {0x1f634, &emoji_1f634},
    {0x1f635, &emoji_1f635},
    {0x1f636, &emoji_1f636},
    {0x1f637, &emoji_1f637},
    {0x1f638, &emoji_1f638},
    {0x1f639, &emoji_1f639},
    {0x1f63a, &emoji_1f63a},
    {0x1f63b, &emoji_1f63b},
    {0x1f63c, &emoji_1f63c},
    {0x1f63d, &emoji_1f63d},
    {0x1f63e, &emoji_1f63e},
    {0x1f63f, &emoji_1f63f},
    {0x1f640, &emoji_1f640},
    {0x1f641, &emoji_1f641},
    {0x1f642, &emoji_1f642},
    {0x1f643, &emoji_1f643},
    {0x1f644, &emoji_1f644},
    {0x1f645, &emoji_1f645},
    {0x1f646, &emoji_1f646},
    {0x1f647, &emoji_1f647},
    {0x1f648, &emoji_1f648},
    {0x1f649, &emoji_1f649},
    {0x1f64a, &emoji_1f64a},
    {0x1f64b, &emoji_1f64b},
    {0x1f64c, &emoji_1f64c},
    {0x1f64d, &emoji_1f64d},
    {0x1f64e, &emoji_1f64e},
    {0x1f64f, &emoji_1f64f},
    {0x1f910, &emoji_1f910},
    {0x1f911, &emoji_1f911},
    {0x1f912, &emoji_1f912},
    {0x1f913, &emoji_1f913},
    {0x1f914, &emoji_1f914},
    {0x1f915, &emoji_1f915},
    {0x1f916, &emoji_1f916},
    {0x1f917, &emoji_1f917},
    {0x1f918, &emoji_1f918},
    {0x1f919, &emoji_1f919},
    {0x1f91a, &emoji_1f91a},
    {0x1f91b, &emoji_1f91b},
    {0x1f91c, &emoji_1f91c},
    {0x1f91d, &emoji_1f91d},
    {0x1f91e, &emoji_1f91e},
    {0x1f91f, &emoji_1f91f},
    {0x1f920, &emoji_1f920},
    {0x1f921, &emoji_1f921},
    {0x1f922, &emoji_1f922},
    {0x1f923, &emoji_1f923},
    {0x1f924, &emoji_1f924},
    {0x1f925, &emoji_1f925},
    {0x1f926, &emoji_1f926},
    {0x1f927, &emoji_1f927},
    {0x1f928, &emoji_1f928},
    {0x1f929, &emoji_1f929},
    {0x1f92a, &emoji_1f92a},
    {0x1f92b, &emoji_1f92b},
    {0x1f92c, &emoji_1f92c},
    {0x1f92d, &emoji_1f92d},
    {0x1f92e, &emoji_1f92e},
    {0x1f92f, &emoji_1f92f},
    {0x1f970, &emoji_1f970},
    {0x1f971, &emoji_1f971},
    {0x1f972, &emoji_1f972},
    {0x1f973, &emoji_1f973},
    {0x1f974, &emoji_1f974},
    {0x1f975, &emoji_1f975},
    {0x1f976, &emoji_1f976},
    {0x1f977, &emoji_1f977},
    {0x1f978, &emoji_1f978},
    {0x1f979, &emoji_1f979},
    {0x1f97a, &emoji_1f97a},
    {0x1f97b, &emoji_1f97b},
    {0x1f97c, &emoji_1f97c},
    {0x1f97d, &emoji_1f97d},
    {0x1f97e, &emoji_1f97e},
    {0x1f97f, &emoji_1f97f},
    {0x1f980, &emoji_1f980},
    {0x1f981, &emoji_1f981},
    {0x1f982, &emoji_1f982},
    {0x1f983, &emoji_1f983},
    {0x1f984, &emoji_1f984},
    {0x1f985, &emoji_1f985},
    {0x1f986, &emoji_1f986},
    {0x1f987, &emoji_1f987},
    {0x1f988, &emoji_1f988},
    {0x1f989, &emoji_1f989},
    {0x1f98a, &emoji_1f98a},
    {0x1f98b, &emoji_1f98b},
    {0x1f98c, &emoji_1f98c},
    {0x1f98d, &emoji_1f98d},
    {0x1f98e, &emoji_1f98e},
    {0x1f98f, &emoji_1f98f},
    {0x1f990, &emoji_1f990},
    {0x1f991, &emoji_1f991},
    {0x1f992, &emoji_1f992},
    {0x1f993, &emoji_1f993},
    {0x1f994, &emoji_1f994},
    {0x1f995, &emoji_1f995},
    {0x1f996, &emoji_1f996},
    {0x1f997, &emoji_1f997},
    {0x1f998, &emoji_1f998},
    {0x1f999, &emoji_1f999},
    {0x1f99a, &emoji_1f99a},
    {0x1f99b, &emoji_1f99b},
    {0x1f99c, &emoji_1f99c},
    {0x1f99d, &emoji_1f99d},
    {0x1f99e, &emoji_1f99e},
    {0x1f99f, &emoji_1f99f},
    {0x1f9a0, &emoji_1f9a0},
    {0x1f9a1, &emoji_1f9a1},
    {0x1f9a2, &emoji_1f9a2},
    {0x1f9a3, &emoji_1f9a3},
    {0x1f9a4, &emoji_1f9a4},
    {0x1f9a5, &emoji_1f9a5},
    {0x1f9a6, &emoji_1f9a6},
    {0x1f9a7, &emoji_1f9a7},
    {0x1f9a8, &emoji_1f9a8},
    {0x1f9a9, &emoji_1f9a9},
    {0x1f9aa, &emoji_1f9aa},
    {0x1f9ab, &emoji_1f9ab},
    {0x1f9ac, &emoji_1f9ac},
    {0x1f9ad, &emoji_1f9ad},
    {0x1f9ae, &emoji_1f9ae},
    {0x1f9af, &emoji_1f9af},
    {0x1f9d0, &emoji_1f9d0},
    {0x1fae0, &emoji_1fae0},
    {0x1fae1, &emoji_1fae1},
    {0x1fae2, &emoji_1fae2},
    {0x1fae3, &emoji_1fae3},
    {0x1fae4, &emoji_1fae4},
    {0x1fae5, &emoji_1fae5},
    {0x1fae6, &emoji_1fae6},
    {0x1fae7, &emoji_1fae7},
    {0x1fae8, &emoji_1fae8},
};
